model,condition,run,lemma,target_tag,correct,total,accuracy
10L_90NL_1_1,10L_90NL,1,i n f ɾ i n ç ˈi ɾ,V;IND;PRS;1;PL,55,55,100.0
10L_90NL_1_2,10L_90NL,1,i n f ɾ i n ç ˈi ɾ,V;IND;PRS;1;PL,55,55,100.0
10L_90NL_1_3,10L_90NL,1,i n f ɾ i n ç ˈi ɾ,V;IND;PRS;1;PL,7,55,12.73
10L_90NL_1_4,10L_90NL,1,i n f ɾ i n ç ˈi ɾ,V;IND;PRS;1;PL,55,55,100.0
10L_90NL_1_1,10L_90NL,1,i n f ɾ i n ç ˈi ɾ,V;IND;PRS;1;SG,55,55,100.0
10L_90NL_1_2,10L_90NL,1,i n f ɾ i n ç ˈi ɾ,V;IND;PRS;1;SG,55,55,100.0
10L_90NL_1_3,10L_90NL,1,i n f ɾ i n ç ˈi ɾ,V;IND;PRS;1;SG,48,55,87.27
10L_90NL_1_4,10L_90NL,1,i n f ɾ i n ç ˈi ɾ,V;IND;PRS;1;SG,34,55,61.82
10L_90NL_1_1,10L_90NL,1,i n f ɾ i n ç ˈi ɾ,V;IND;PRS;2;PL,54,55,98.18
10L_90NL_1_2,10L_90NL,1,i n f ɾ i n ç ˈi ɾ,V;IND;PRS;2;PL,55,55,100.0
10L_90NL_1_3,10L_90NL,1,i n f ɾ i n ç ˈi ɾ,V;IND;PRS;2;PL,4,55,7.27
10L_90NL_1_4,10L_90NL,1,i n f ɾ i n ç ˈi ɾ,V;IND;PRS;2;PL,55,55,100.0
10L_90NL_1_1,10L_90NL,1,i n f ɾ i n ç ˈi ɾ,V;IND;PRS;2;SG,55,55,100.0
10L_90NL_1_2,10L_90NL,1,i n f ɾ i n ç ˈi ɾ,V;IND;PRS;2;SG,55,55,100.0
10L_90NL_1_3,10L_90NL,1,i n f ɾ i n ç ˈi ɾ,V;IND;PRS;2;SG,6,55,10.91
10L_90NL_1_4,10L_90NL,1,i n f ɾ i n ç ˈi ɾ,V;IND;PRS;2;SG,49,55,89.09
10L_90NL_1_1,10L_90NL,1,i n f ɾ i n ç ˈi ɾ,V;IND;PRS;3;PL,55,55,100.0
10L_90NL_1_2,10L_90NL,1,i n f ɾ i n ç ˈi ɾ,V;IND;PRS;3;PL,55,55,100.0
10L_90NL_1_3,10L_90NL,1,i n f ɾ i n ç ˈi ɾ,V;IND;PRS;3;PL,5,55,9.09
10L_90NL_1_4,10L_90NL,1,i n f ɾ i n ç ˈi ɾ,V;IND;PRS;3;PL,46,55,83.64
10L_90NL_1_1,10L_90NL,1,i n f ɾ i n ç ˈi ɾ,V;IND;PRS;3;SG,55,55,100.0
10L_90NL_1_2,10L_90NL,1,i n f ɾ i n ç ˈi ɾ,V;IND;PRS;3;SG,55,55,100.0
10L_90NL_1_3,10L_90NL,1,i n f ɾ i n ç ˈi ɾ,V;IND;PRS;3;SG,2,55,3.64
10L_90NL_1_4,10L_90NL,1,i n f ɾ i n ç ˈi ɾ,V;IND;PRS;3;SG,44,55,80.0
10L_90NL_1_1,10L_90NL,1,i n f ɾ i n ç ˈi ɾ,V;SBJV;PRS;1;PL,55,55,100.0
10L_90NL_1_2,10L_90NL,1,i n f ɾ i n ç ˈi ɾ,V;SBJV;PRS;1;PL,55,55,100.0
10L_90NL_1_3,10L_90NL,1,i n f ɾ i n ç ˈi ɾ,V;SBJV;PRS;1;PL,45,55,81.82
10L_90NL_1_4,10L_90NL,1,i n f ɾ i n ç ˈi ɾ,V;SBJV;PRS;1;PL,55,55,100.0
10L_90NL_1_1,10L_90NL,1,i n f ɾ i n ç ˈi ɾ,V;SBJV;PRS;1;SG,55,55,100.0
10L_90NL_1_2,10L_90NL,1,i n f ɾ i n ç ˈi ɾ,V;SBJV;PRS;1;SG,55,55,100.0
10L_90NL_1_3,10L_90NL,1,i n f ɾ i n ç ˈi ɾ,V;SBJV;PRS;1;SG,48,55,87.27
10L_90NL_1_4,10L_90NL,1,i n f ɾ i n ç ˈi ɾ,V;SBJV;PRS;1;SG,53,55,96.36
10L_90NL_1_1,10L_90NL,1,i n f ɾ i n ç ˈi ɾ,V;SBJV;PRS;2;PL,55,55,100.0
10L_90NL_1_2,10L_90NL,1,i n f ɾ i n ç ˈi ɾ,V;SBJV;PRS;2;PL,55,55,100.0
10L_90NL_1_3,10L_90NL,1,i n f ɾ i n ç ˈi ɾ,V;SBJV;PRS;2;PL,45,55,81.82
10L_90NL_1_4,10L_90NL,1,i n f ɾ i n ç ˈi ɾ,V;SBJV;PRS;2;PL,55,55,100.0
10L_90NL_1_1,10L_90NL,1,i n f ɾ i n ç ˈi ɾ,V;SBJV;PRS;2;SG,55,55,100.0
10L_90NL_1_2,10L_90NL,1,i n f ɾ i n ç ˈi ɾ,V;SBJV;PRS;2;SG,55,55,100.0
10L_90NL_1_3,10L_90NL,1,i n f ɾ i n ç ˈi ɾ,V;SBJV;PRS;2;SG,49,55,89.09
10L_90NL_1_4,10L_90NL,1,i n f ɾ i n ç ˈi ɾ,V;SBJV;PRS;2;SG,50,55,90.91
10L_90NL_1_1,10L_90NL,1,i n f ɾ i n ç ˈi ɾ,V;SBJV;PRS;3;PL,55,55,100.0
10L_90NL_1_2,10L_90NL,1,i n f ɾ i n ç ˈi ɾ,V;SBJV;PRS;3;PL,55,55,100.0
10L_90NL_1_3,10L_90NL,1,i n f ɾ i n ç ˈi ɾ,V;SBJV;PRS;3;PL,49,55,89.09
10L_90NL_1_4,10L_90NL,1,i n f ɾ i n ç ˈi ɾ,V;SBJV;PRS;3;PL,51,55,92.73
10L_90NL_1_1,10L_90NL,1,i n f ɾ i n ç ˈi ɾ,V;SBJV;PRS;3;SG,55,55,100.0
10L_90NL_1_2,10L_90NL,1,i n f ɾ i n ç ˈi ɾ,V;SBJV;PRS;3;SG,55,55,100.0
10L_90NL_1_3,10L_90NL,1,i n f ɾ i n ç ˈi ɾ,V;SBJV;PRS;3;SG,48,55,87.27
10L_90NL_1_4,10L_90NL,1,i n f ɾ i n ç ˈi ɾ,V;SBJV;PRS;3;SG,52,55,94.55
10L_90NL_1_1,10L_90NL,1,k o m p a d e s ˈe ɾ,V;IND;PRS;1;PL,55,55,100.0
10L_90NL_1_2,10L_90NL,1,k o m p a d e s ˈe ɾ,V;IND;PRS;1;PL,55,55,100.0
10L_90NL_1_3,10L_90NL,1,k o m p a d e s ˈe ɾ,V;IND;PRS;1;PL,30,55,54.55
10L_90NL_1_4,10L_90NL,1,k o m p a d e s ˈe ɾ,V;IND;PRS;1;PL,0,55,0.0
10L_90NL_1_1,10L_90NL,1,k o m p a d e s ˈe ɾ,V;IND;PRS;1;SG,55,55,100.0
10L_90NL_1_2,10L_90NL,1,k o m p a d e s ˈe ɾ,V;IND;PRS;1;SG,55,55,100.0
10L_90NL_1_3,10L_90NL,1,k o m p a d e s ˈe ɾ,V;IND;PRS;1;SG,40,55,72.73
10L_90NL_1_4,10L_90NL,1,k o m p a d e s ˈe ɾ,V;IND;PRS;1;SG,41,55,74.55
10L_90NL_1_1,10L_90NL,1,k o m p a d e s ˈe ɾ,V;IND;PRS;2;PL,55,55,100.0
10L_90NL_1_2,10L_90NL,1,k o m p a d e s ˈe ɾ,V;IND;PRS;2;PL,55,55,100.0
10L_90NL_1_3,10L_90NL,1,k o m p a d e s ˈe ɾ,V;IND;PRS;2;PL,34,55,61.82
10L_90NL_1_4,10L_90NL,1,k o m p a d e s ˈe ɾ,V;IND;PRS;2;PL,0,55,0.0
10L_90NL_1_1,10L_90NL,1,k o m p a d e s ˈe ɾ,V;IND;PRS;2;SG,55,55,100.0
10L_90NL_1_2,10L_90NL,1,k o m p a d e s ˈe ɾ,V;IND;PRS;2;SG,55,55,100.0
10L_90NL_1_3,10L_90NL,1,k o m p a d e s ˈe ɾ,V;IND;PRS;2;SG,25,55,45.45
10L_90NL_1_4,10L_90NL,1,k o m p a d e s ˈe ɾ,V;IND;PRS;2;SG,22,55,40.0
10L_90NL_1_1,10L_90NL,1,k o m p a d e s ˈe ɾ,V;IND;PRS;3;PL,55,55,100.0
10L_90NL_1_2,10L_90NL,1,k o m p a d e s ˈe ɾ,V;IND;PRS;3;PL,55,55,100.0
10L_90NL_1_3,10L_90NL,1,k o m p a d e s ˈe ɾ,V;IND;PRS;3;PL,24,55,43.64
10L_90NL_1_4,10L_90NL,1,k o m p a d e s ˈe ɾ,V;IND;PRS;3;PL,20,55,36.36
10L_90NL_1_1,10L_90NL,1,k o m p a d e s ˈe ɾ,V;IND;PRS;3;SG,55,55,100.0
10L_90NL_1_2,10L_90NL,1,k o m p a d e s ˈe ɾ,V;IND;PRS;3;SG,55,55,100.0
10L_90NL_1_3,10L_90NL,1,k o m p a d e s ˈe ɾ,V;IND;PRS;3;SG,19,55,34.55
10L_90NL_1_4,10L_90NL,1,k o m p a d e s ˈe ɾ,V;IND;PRS;3;SG,38,55,69.09
10L_90NL_1_1,10L_90NL,1,k o m p a d e s ˈe ɾ,V;SBJV;PRS;1;PL,55,55,100.0
10L_90NL_1_2,10L_90NL,1,k o m p a d e s ˈe ɾ,V;SBJV;PRS;1;PL,55,55,100.0
10L_90NL_1_3,10L_90NL,1,k o m p a d e s ˈe ɾ,V;SBJV;PRS;1;PL,27,55,49.09
10L_90NL_1_4,10L_90NL,1,k o m p a d e s ˈe ɾ,V;SBJV;PRS;1;PL,23,55,41.82
10L_90NL_1_1,10L_90NL,1,k o m p a d e s ˈe ɾ,V;SBJV;PRS;1;SG,55,55,100.0
10L_90NL_1_2,10L_90NL,1,k o m p a d e s ˈe ɾ,V;SBJV;PRS;1;SG,55,55,100.0
10L_90NL_1_3,10L_90NL,1,k o m p a d e s ˈe ɾ,V;SBJV;PRS;1;SG,29,55,52.73
10L_90NL_1_4,10L_90NL,1,k o m p a d e s ˈe ɾ,V;SBJV;PRS;1;SG,40,55,72.73
10L_90NL_1_1,10L_90NL,1,k o m p a d e s ˈe ɾ,V;SBJV;PRS;2;PL,55,55,100.0
10L_90NL_1_2,10L_90NL,1,k o m p a d e s ˈe ɾ,V;SBJV;PRS;2;PL,55,55,100.0
10L_90NL_1_3,10L_90NL,1,k o m p a d e s ˈe ɾ,V;SBJV;PRS;2;PL,22,55,40.0
10L_90NL_1_4,10L_90NL,1,k o m p a d e s ˈe ɾ,V;SBJV;PRS;2;PL,19,55,34.55
10L_90NL_1_1,10L_90NL,1,k o m p a d e s ˈe ɾ,V;SBJV;PRS;2;SG,55,55,100.0
10L_90NL_1_2,10L_90NL,1,k o m p a d e s ˈe ɾ,V;SBJV;PRS;2;SG,55,55,100.0
10L_90NL_1_3,10L_90NL,1,k o m p a d e s ˈe ɾ,V;SBJV;PRS;2;SG,25,55,45.45
10L_90NL_1_4,10L_90NL,1,k o m p a d e s ˈe ɾ,V;SBJV;PRS;2;SG,34,55,61.82
10L_90NL_1_1,10L_90NL,1,k o m p a d e s ˈe ɾ,V;SBJV;PRS;3;PL,55,55,100.0
10L_90NL_1_2,10L_90NL,1,k o m p a d e s ˈe ɾ,V;SBJV;PRS;3;PL,55,55,100.0
10L_90NL_1_3,10L_90NL,1,k o m p a d e s ˈe ɾ,V;SBJV;PRS;3;PL,19,55,34.55
10L_90NL_1_4,10L_90NL,1,k o m p a d e s ˈe ɾ,V;SBJV;PRS;3;PL,28,55,50.91
10L_90NL_1_1,10L_90NL,1,k o m p a d e s ˈe ɾ,V;SBJV;PRS;3;SG,55,55,100.0
10L_90NL_1_2,10L_90NL,1,k o m p a d e s ˈe ɾ,V;SBJV;PRS;3;SG,55,55,100.0
10L_90NL_1_3,10L_90NL,1,k o m p a d e s ˈe ɾ,V;SBJV;PRS;3;SG,29,55,52.73
10L_90NL_1_4,10L_90NL,1,k o m p a d e s ˈe ɾ,V;SBJV;PRS;3;SG,39,55,70.91
10L_90NL_1_1,10L_90NL,1,k o n o s ˈe ɾ,V;IND;PRS;1;PL,16,55,29.09
10L_90NL_1_2,10L_90NL,1,k o n o s ˈe ɾ,V;IND;PRS;1;PL,27,55,49.09
10L_90NL_1_3,10L_90NL,1,k o n o s ˈe ɾ,V;IND;PRS;1;PL,30,55,54.55
10L_90NL_1_4,10L_90NL,1,k o n o s ˈe ɾ,V;IND;PRS;1;PL,34,55,61.82
10L_90NL_1_1,10L_90NL,1,k o n o s ˈe ɾ,V;IND;PRS;1;SG,22,55,40.0
10L_90NL_1_2,10L_90NL,1,k o n o s ˈe ɾ,V;IND;PRS;1;SG,25,55,45.45
10L_90NL_1_3,10L_90NL,1,k o n o s ˈe ɾ,V;IND;PRS;1;SG,28,55,50.91
10L_90NL_1_4,10L_90NL,1,k o n o s ˈe ɾ,V;IND;PRS;1;SG,28,55,50.91
10L_90NL_1_1,10L_90NL,1,k o n o s ˈe ɾ,V;IND;PRS;2;PL,15,55,27.27
10L_90NL_1_2,10L_90NL,1,k o n o s ˈe ɾ,V;IND;PRS;2;PL,23,55,41.82
10L_90NL_1_3,10L_90NL,1,k o n o s ˈe ɾ,V;IND;PRS;2;PL,27,55,49.09
10L_90NL_1_4,10L_90NL,1,k o n o s ˈe ɾ,V;IND;PRS;2;PL,34,55,61.82
10L_90NL_1_1,10L_90NL,1,k o n o s ˈe ɾ,V;IND;PRS;2;SG,20,55,36.36
10L_90NL_1_2,10L_90NL,1,k o n o s ˈe ɾ,V;IND;PRS;2;SG,17,55,30.91
10L_90NL_1_3,10L_90NL,1,k o n o s ˈe ɾ,V;IND;PRS;2;SG,21,55,38.18
10L_90NL_1_4,10L_90NL,1,k o n o s ˈe ɾ,V;IND;PRS;2;SG,34,55,61.82
10L_90NL_1_1,10L_90NL,1,k o n o s ˈe ɾ,V;IND;PRS;3;PL,20,55,36.36
10L_90NL_1_2,10L_90NL,1,k o n o s ˈe ɾ,V;IND;PRS;3;PL,17,55,30.91
10L_90NL_1_3,10L_90NL,1,k o n o s ˈe ɾ,V;IND;PRS;3;PL,19,55,34.55
10L_90NL_1_4,10L_90NL,1,k o n o s ˈe ɾ,V;IND;PRS;3;PL,33,55,60.0
10L_90NL_1_1,10L_90NL,1,k o n o s ˈe ɾ,V;IND;PRS;3;SG,19,55,34.55
10L_90NL_1_2,10L_90NL,1,k o n o s ˈe ɾ,V;IND;PRS;3;SG,14,55,25.45
10L_90NL_1_3,10L_90NL,1,k o n o s ˈe ɾ,V;IND;PRS;3;SG,16,55,29.09
10L_90NL_1_4,10L_90NL,1,k o n o s ˈe ɾ,V;IND;PRS;3;SG,30,55,54.55
10L_90NL_1_1,10L_90NL,1,k o n o s ˈe ɾ,V;SBJV;PRS;1;PL,38,55,69.09
10L_90NL_1_2,10L_90NL,1,k o n o s ˈe ɾ,V;SBJV;PRS;1;PL,36,55,65.45
10L_90NL_1_3,10L_90NL,1,k o n o s ˈe ɾ,V;SBJV;PRS;1;PL,27,55,49.09
10L_90NL_1_4,10L_90NL,1,k o n o s ˈe ɾ,V;SBJV;PRS;1;PL,22,55,40.0
10L_90NL_1_1,10L_90NL,1,k o n o s ˈe ɾ,V;SBJV;PRS;1;SG,20,55,36.36
10L_90NL_1_2,10L_90NL,1,k o n o s ˈe ɾ,V;SBJV;PRS;1;SG,30,55,54.55
10L_90NL_1_3,10L_90NL,1,k o n o s ˈe ɾ,V;SBJV;PRS;1;SG,28,55,50.91
10L_90NL_1_4,10L_90NL,1,k o n o s ˈe ɾ,V;SBJV;PRS;1;SG,33,55,60.0
10L_90NL_1_1,10L_90NL,1,k o n o s ˈe ɾ,V;SBJV;PRS;2;PL,37,55,67.27
10L_90NL_1_2,10L_90NL,1,k o n o s ˈe ɾ,V;SBJV;PRS;2;PL,9,55,16.36
10L_90NL_1_3,10L_90NL,1,k o n o s ˈe ɾ,V;SBJV;PRS;2;PL,24,55,43.64
10L_90NL_1_4,10L_90NL,1,k o n o s ˈe ɾ,V;SBJV;PRS;2;PL,26,55,47.27
10L_90NL_1_1,10L_90NL,1,k o n o s ˈe ɾ,V;SBJV;PRS;2;SG,23,55,41.82
10L_90NL_1_2,10L_90NL,1,k o n o s ˈe ɾ,V;SBJV;PRS;2;SG,26,55,47.27
10L_90NL_1_3,10L_90NL,1,k o n o s ˈe ɾ,V;SBJV;PRS;2;SG,28,55,50.91
10L_90NL_1_4,10L_90NL,1,k o n o s ˈe ɾ,V;SBJV;PRS;2;SG,28,55,50.91
10L_90NL_1_1,10L_90NL,1,k o n o s ˈe ɾ,V;SBJV;PRS;3;PL,20,55,36.36
10L_90NL_1_2,10L_90NL,1,k o n o s ˈe ɾ,V;SBJV;PRS;3;PL,29,55,52.73
10L_90NL_1_3,10L_90NL,1,k o n o s ˈe ɾ,V;SBJV;PRS;3;PL,30,55,54.55
10L_90NL_1_4,10L_90NL,1,k o n o s ˈe ɾ,V;SBJV;PRS;3;PL,28,55,50.91
10L_90NL_1_1,10L_90NL,1,k o n o s ˈe ɾ,V;SBJV;PRS;3;SG,20,55,36.36
10L_90NL_1_2,10L_90NL,1,k o n o s ˈe ɾ,V;SBJV;PRS;3;SG,30,55,54.55
10L_90NL_1_3,10L_90NL,1,k o n o s ˈe ɾ,V;SBJV;PRS;3;SG,28,55,50.91
10L_90NL_1_4,10L_90NL,1,k o n o s ˈe ɾ,V;SBJV;PRS;3;SG,32,55,58.18
10L_90NL_1_1,10L_90NL,1,m e ɾ e s ˈe ɾ,V;IND;PRS;1;PL,21,55,38.18
10L_90NL_1_2,10L_90NL,1,m e ɾ e s ˈe ɾ,V;IND;PRS;1;PL,38,55,69.09
10L_90NL_1_3,10L_90NL,1,m e ɾ e s ˈe ɾ,V;IND;PRS;1;PL,2,55,3.64
10L_90NL_1_4,10L_90NL,1,m e ɾ e s ˈe ɾ,V;IND;PRS;1;PL,24,55,43.64
10L_90NL_1_1,10L_90NL,1,m e ɾ e s ˈe ɾ,V;IND;PRS;1;SG,25,55,45.45
10L_90NL_1_2,10L_90NL,1,m e ɾ e s ˈe ɾ,V;IND;PRS;1;SG,46,55,83.64
10L_90NL_1_3,10L_90NL,1,m e ɾ e s ˈe ɾ,V;IND;PRS;1;SG,18,55,32.73
10L_90NL_1_4,10L_90NL,1,m e ɾ e s ˈe ɾ,V;IND;PRS;1;SG,17,55,30.91
10L_90NL_1_1,10L_90NL,1,m e ɾ e s ˈe ɾ,V;IND;PRS;2;PL,20,55,36.36
10L_90NL_1_2,10L_90NL,1,m e ɾ e s ˈe ɾ,V;IND;PRS;2;PL,34,55,61.82
10L_90NL_1_3,10L_90NL,1,m e ɾ e s ˈe ɾ,V;IND;PRS;2;PL,5,55,9.09
10L_90NL_1_4,10L_90NL,1,m e ɾ e s ˈe ɾ,V;IND;PRS;2;PL,20,55,36.36
10L_90NL_1_1,10L_90NL,1,m e ɾ e s ˈe ɾ,V;IND;PRS;2;SG,31,55,56.36
10L_90NL_1_2,10L_90NL,1,m e ɾ e s ˈe ɾ,V;IND;PRS;2;SG,39,55,70.91
10L_90NL_1_3,10L_90NL,1,m e ɾ e s ˈe ɾ,V;IND;PRS;2;SG,10,55,18.18
10L_90NL_1_4,10L_90NL,1,m e ɾ e s ˈe ɾ,V;IND;PRS;2;SG,34,55,61.82
10L_90NL_1_1,10L_90NL,1,m e ɾ e s ˈe ɾ,V;IND;PRS;3;PL,30,55,54.55
10L_90NL_1_2,10L_90NL,1,m e ɾ e s ˈe ɾ,V;IND;PRS;3;PL,34,55,61.82
10L_90NL_1_3,10L_90NL,1,m e ɾ e s ˈe ɾ,V;IND;PRS;3;PL,10,55,18.18
10L_90NL_1_4,10L_90NL,1,m e ɾ e s ˈe ɾ,V;IND;PRS;3;PL,34,55,61.82
10L_90NL_1_1,10L_90NL,1,m e ɾ e s ˈe ɾ,V;IND;PRS;3;SG,26,55,47.27
10L_90NL_1_2,10L_90NL,1,m e ɾ e s ˈe ɾ,V;IND;PRS;3;SG,33,55,60.0
10L_90NL_1_3,10L_90NL,1,m e ɾ e s ˈe ɾ,V;IND;PRS;3;SG,5,55,9.09
10L_90NL_1_4,10L_90NL,1,m e ɾ e s ˈe ɾ,V;IND;PRS;3;SG,30,55,54.55
10L_90NL_1_1,10L_90NL,1,m e ɾ e s ˈe ɾ,V;SBJV;PRS;1;PL,37,55,67.27
10L_90NL_1_2,10L_90NL,1,m e ɾ e s ˈe ɾ,V;SBJV;PRS;1;PL,46,55,83.64
10L_90NL_1_3,10L_90NL,1,m e ɾ e s ˈe ɾ,V;SBJV;PRS;1;PL,12,55,21.82
10L_90NL_1_4,10L_90NL,1,m e ɾ e s ˈe ɾ,V;SBJV;PRS;1;PL,29,55,52.73
10L_90NL_1_1,10L_90NL,1,m e ɾ e s ˈe ɾ,V;SBJV;PRS;1;SG,28,55,50.91
10L_90NL_1_2,10L_90NL,1,m e ɾ e s ˈe ɾ,V;SBJV;PRS;1;SG,50,55,90.91
10L_90NL_1_3,10L_90NL,1,m e ɾ e s ˈe ɾ,V;SBJV;PRS;1;SG,26,55,47.27
10L_90NL_1_4,10L_90NL,1,m e ɾ e s ˈe ɾ,V;SBJV;PRS;1;SG,20,55,36.36
10L_90NL_1_1,10L_90NL,1,m e ɾ e s ˈe ɾ,V;SBJV;PRS;2;PL,35,55,63.64
10L_90NL_1_2,10L_90NL,1,m e ɾ e s ˈe ɾ,V;SBJV;PRS;2;PL,47,55,85.45
10L_90NL_1_3,10L_90NL,1,m e ɾ e s ˈe ɾ,V;SBJV;PRS;2;PL,18,55,32.73
10L_90NL_1_4,10L_90NL,1,m e ɾ e s ˈe ɾ,V;SBJV;PRS;2;PL,29,55,52.73
10L_90NL_1_1,10L_90NL,1,m e ɾ e s ˈe ɾ,V;SBJV;PRS;2;SG,32,55,58.18
10L_90NL_1_2,10L_90NL,1,m e ɾ e s ˈe ɾ,V;SBJV;PRS;2;SG,51,55,92.73
10L_90NL_1_3,10L_90NL,1,m e ɾ e s ˈe ɾ,V;SBJV;PRS;2;SG,26,55,47.27
10L_90NL_1_4,10L_90NL,1,m e ɾ e s ˈe ɾ,V;SBJV;PRS;2;SG,15,55,27.27
10L_90NL_1_1,10L_90NL,1,m e ɾ e s ˈe ɾ,V;SBJV;PRS;3;PL,34,55,61.82
10L_90NL_1_2,10L_90NL,1,m e ɾ e s ˈe ɾ,V;SBJV;PRS;3;PL,51,55,92.73
10L_90NL_1_3,10L_90NL,1,m e ɾ e s ˈe ɾ,V;SBJV;PRS;3;PL,24,55,43.64
10L_90NL_1_4,10L_90NL,1,m e ɾ e s ˈe ɾ,V;SBJV;PRS;3;PL,23,55,41.82
10L_90NL_1_1,10L_90NL,1,m e ɾ e s ˈe ɾ,V;SBJV;PRS;3;SG,29,55,52.73
10L_90NL_1_2,10L_90NL,1,m e ɾ e s ˈe ɾ,V;SBJV;PRS;3;SG,49,55,89.09
10L_90NL_1_3,10L_90NL,1,m e ɾ e s ˈe ɾ,V;SBJV;PRS;3;SG,26,55,47.27
10L_90NL_1_4,10L_90NL,1,m e ɾ e s ˈe ɾ,V;SBJV;PRS;3;SG,21,55,38.18
10L_90NL_1_1,10L_90NL,1,m u l ç ˈe ɾ,V;IND;PRS;1;PL,0,55,0.0
10L_90NL_1_2,10L_90NL,1,m u l ç ˈe ɾ,V;IND;PRS;1;PL,0,55,0.0
10L_90NL_1_3,10L_90NL,1,m u l ç ˈe ɾ,V;IND;PRS;1;PL,0,55,0.0
10L_90NL_1_4,10L_90NL,1,m u l ç ˈe ɾ,V;IND;PRS;1;PL,55,55,100.0
10L_90NL_1_1,10L_90NL,1,m u l ç ˈe ɾ,V;IND;PRS;1;SG,0,55,0.0
10L_90NL_1_2,10L_90NL,1,m u l ç ˈe ɾ,V;IND;PRS;1;SG,46,55,83.64
10L_90NL_1_3,10L_90NL,1,m u l ç ˈe ɾ,V;IND;PRS;1;SG,0,55,0.0
10L_90NL_1_4,10L_90NL,1,m u l ç ˈe ɾ,V;IND;PRS;1;SG,9,55,16.36
10L_90NL_1_1,10L_90NL,1,m u l ç ˈe ɾ,V;IND;PRS;2;PL,0,55,0.0
10L_90NL_1_2,10L_90NL,1,m u l ç ˈe ɾ,V;IND;PRS;2;PL,0,55,0.0
10L_90NL_1_3,10L_90NL,1,m u l ç ˈe ɾ,V;IND;PRS;2;PL,0,55,0.0
10L_90NL_1_4,10L_90NL,1,m u l ç ˈe ɾ,V;IND;PRS;2;PL,55,55,100.0
10L_90NL_1_1,10L_90NL,1,m u l ç ˈe ɾ,V;IND;PRS;2;SG,0,55,0.0
10L_90NL_1_2,10L_90NL,1,m u l ç ˈe ɾ,V;IND;PRS;2;SG,49,55,89.09
10L_90NL_1_3,10L_90NL,1,m u l ç ˈe ɾ,V;IND;PRS;2;SG,0,55,0.0
10L_90NL_1_4,10L_90NL,1,m u l ç ˈe ɾ,V;IND;PRS;2;SG,35,55,63.64
10L_90NL_1_1,10L_90NL,1,m u l ç ˈe ɾ,V;IND;PRS;3;PL,0,55,0.0
10L_90NL_1_2,10L_90NL,1,m u l ç ˈe ɾ,V;IND;PRS;3;PL,51,55,92.73
10L_90NL_1_3,10L_90NL,1,m u l ç ˈe ɾ,V;IND;PRS;3;PL,0,55,0.0
10L_90NL_1_4,10L_90NL,1,m u l ç ˈe ɾ,V;IND;PRS;3;PL,32,55,58.18
10L_90NL_1_1,10L_90NL,1,m u l ç ˈe ɾ,V;IND;PRS;3;SG,0,55,0.0
10L_90NL_1_2,10L_90NL,1,m u l ç ˈe ɾ,V;IND;PRS;3;SG,50,55,90.91
10L_90NL_1_3,10L_90NL,1,m u l ç ˈe ɾ,V;IND;PRS;3;SG,0,55,0.0
10L_90NL_1_4,10L_90NL,1,m u l ç ˈe ɾ,V;IND;PRS;3;SG,36,55,65.45
10L_90NL_1_1,10L_90NL,1,m u l ç ˈe ɾ,V;SBJV;PRS;1;PL,0,55,0.0
10L_90NL_1_2,10L_90NL,1,m u l ç ˈe ɾ,V;SBJV;PRS;1;PL,0,55,0.0
10L_90NL_1_3,10L_90NL,1,m u l ç ˈe ɾ,V;SBJV;PRS;1;PL,0,55,0.0
10L_90NL_1_4,10L_90NL,1,m u l ç ˈe ɾ,V;SBJV;PRS;1;PL,55,55,100.0
10L_90NL_1_1,10L_90NL,1,m u l ç ˈe ɾ,V;SBJV;PRS;1;SG,0,55,0.0
10L_90NL_1_2,10L_90NL,1,m u l ç ˈe ɾ,V;SBJV;PRS;1;SG,49,55,89.09
10L_90NL_1_3,10L_90NL,1,m u l ç ˈe ɾ,V;SBJV;PRS;1;SG,4,55,7.27
10L_90NL_1_4,10L_90NL,1,m u l ç ˈe ɾ,V;SBJV;PRS;1;SG,51,55,92.73
10L_90NL_1_1,10L_90NL,1,m u l ç ˈe ɾ,V;SBJV;PRS;2;PL,0,55,0.0
10L_90NL_1_2,10L_90NL,1,m u l ç ˈe ɾ,V;SBJV;PRS;2;PL,0,55,0.0
10L_90NL_1_3,10L_90NL,1,m u l ç ˈe ɾ,V;SBJV;PRS;2;PL,2,55,3.64
10L_90NL_1_4,10L_90NL,1,m u l ç ˈe ɾ,V;SBJV;PRS;2;PL,54,55,98.18
10L_90NL_1_1,10L_90NL,1,m u l ç ˈe ɾ,V;SBJV;PRS;2;SG,2,55,3.64
10L_90NL_1_2,10L_90NL,1,m u l ç ˈe ɾ,V;SBJV;PRS;2;SG,51,55,92.73
10L_90NL_1_3,10L_90NL,1,m u l ç ˈe ɾ,V;SBJV;PRS;2;SG,4,55,7.27
10L_90NL_1_4,10L_90NL,1,m u l ç ˈe ɾ,V;SBJV;PRS;2;SG,50,55,90.91
10L_90NL_1_1,10L_90NL,1,m u l ç ˈe ɾ,V;SBJV;PRS;3;PL,3,55,5.45
10L_90NL_1_2,10L_90NL,1,m u l ç ˈe ɾ,V;SBJV;PRS;3;PL,53,55,96.36
10L_90NL_1_3,10L_90NL,1,m u l ç ˈe ɾ,V;SBJV;PRS;3;PL,1,55,1.82
10L_90NL_1_4,10L_90NL,1,m u l ç ˈe ɾ,V;SBJV;PRS;3;PL,52,55,94.55
10L_90NL_1_1,10L_90NL,1,m u l ç ˈe ɾ,V;SBJV;PRS;3;SG,0,55,0.0
10L_90NL_1_2,10L_90NL,1,m u l ç ˈe ɾ,V;SBJV;PRS;3;SG,49,55,89.09
10L_90NL_1_3,10L_90NL,1,m u l ç ˈe ɾ,V;SBJV;PRS;3;SG,3,55,5.45
10L_90NL_1_4,10L_90NL,1,m u l ç ˈe ɾ,V;SBJV;PRS;3;SG,51,55,92.73
10L_90NL_1_1,10L_90NL,1,o b t e n ˈe ɾ,V;IND;PRS;1;PL,41,55,74.55
10L_90NL_1_2,10L_90NL,1,o b t e n ˈe ɾ,V;IND;PRS;1;PL,55,55,100.0
10L_90NL_1_3,10L_90NL,1,o b t e n ˈe ɾ,V;IND;PRS;1;PL,12,55,21.82
10L_90NL_1_4,10L_90NL,1,o b t e n ˈe ɾ,V;IND;PRS;1;PL,48,55,87.27
10L_90NL_1_1,10L_90NL,1,o b t e n ˈe ɾ,V;IND;PRS;1;SG,55,55,100.0
10L_90NL_1_2,10L_90NL,1,o b t e n ˈe ɾ,V;IND;PRS;1;SG,55,55,100.0
10L_90NL_1_3,10L_90NL,1,o b t e n ˈe ɾ,V;IND;PRS;1;SG,41,55,74.55
10L_90NL_1_4,10L_90NL,1,o b t e n ˈe ɾ,V;IND;PRS;1;SG,52,55,94.55
10L_90NL_1_1,10L_90NL,1,o b t e n ˈe ɾ,V;IND;PRS;2;PL,41,55,74.55
10L_90NL_1_2,10L_90NL,1,o b t e n ˈe ɾ,V;IND;PRS;2;PL,55,55,100.0
10L_90NL_1_3,10L_90NL,1,o b t e n ˈe ɾ,V;IND;PRS;2;PL,6,55,10.91
10L_90NL_1_4,10L_90NL,1,o b t e n ˈe ɾ,V;IND;PRS;2;PL,52,55,94.55
10L_90NL_1_1,10L_90NL,1,o b t e n ˈe ɾ,V;IND;PRS;2;SG,0,55,0.0
10L_90NL_1_2,10L_90NL,1,o b t e n ˈe ɾ,V;IND;PRS;2;SG,51,55,92.73
10L_90NL_1_3,10L_90NL,1,o b t e n ˈe ɾ,V;IND;PRS;2;SG,0,55,0.0
10L_90NL_1_4,10L_90NL,1,o b t e n ˈe ɾ,V;IND;PRS;2;SG,0,55,0.0
10L_90NL_1_1,10L_90NL,1,o b t e n ˈe ɾ,V;IND;PRS;3;PL,0,55,0.0
10L_90NL_1_2,10L_90NL,1,o b t e n ˈe ɾ,V;IND;PRS;3;PL,51,55,92.73
10L_90NL_1_3,10L_90NL,1,o b t e n ˈe ɾ,V;IND;PRS;3;PL,0,55,0.0
10L_90NL_1_4,10L_90NL,1,o b t e n ˈe ɾ,V;IND;PRS;3;PL,0,55,0.0
10L_90NL_1_1,10L_90NL,1,o b t e n ˈe ɾ,V;IND;PRS;3;SG,0,55,0.0
10L_90NL_1_2,10L_90NL,1,o b t e n ˈe ɾ,V;IND;PRS;3;SG,52,55,94.55
10L_90NL_1_3,10L_90NL,1,o b t e n ˈe ɾ,V;IND;PRS;3;SG,0,55,0.0
10L_90NL_1_4,10L_90NL,1,o b t e n ˈe ɾ,V;IND;PRS;3;SG,0,55,0.0
10L_90NL_1_1,10L_90NL,1,o b t e n ˈe ɾ,V;SBJV;PRS;1;PL,54,55,98.18
10L_90NL_1_2,10L_90NL,1,o b t e n ˈe ɾ,V;SBJV;PRS;1;PL,54,55,98.18
10L_90NL_1_3,10L_90NL,1,o b t e n ˈe ɾ,V;SBJV;PRS;1;PL,39,55,70.91
10L_90NL_1_4,10L_90NL,1,o b t e n ˈe ɾ,V;SBJV;PRS;1;PL,55,55,100.0
10L_90NL_1_1,10L_90NL,1,o b t e n ˈe ɾ,V;SBJV;PRS;1;SG,55,55,100.0
10L_90NL_1_2,10L_90NL,1,o b t e n ˈe ɾ,V;SBJV;PRS;1;SG,55,55,100.0
10L_90NL_1_3,10L_90NL,1,o b t e n ˈe ɾ,V;SBJV;PRS;1;SG,40,55,72.73
10L_90NL_1_4,10L_90NL,1,o b t e n ˈe ɾ,V;SBJV;PRS;1;SG,55,55,100.0
10L_90NL_1_1,10L_90NL,1,o b t e n ˈe ɾ,V;SBJV;PRS;2;PL,55,55,100.0
10L_90NL_1_2,10L_90NL,1,o b t e n ˈe ɾ,V;SBJV;PRS;2;PL,55,55,100.0
10L_90NL_1_3,10L_90NL,1,o b t e n ˈe ɾ,V;SBJV;PRS;2;PL,40,55,72.73
10L_90NL_1_4,10L_90NL,1,o b t e n ˈe ɾ,V;SBJV;PRS;2;PL,55,55,100.0
10L_90NL_1_1,10L_90NL,1,o b t e n ˈe ɾ,V;SBJV;PRS;2;SG,55,55,100.0
10L_90NL_1_2,10L_90NL,1,o b t e n ˈe ɾ,V;SBJV;PRS;2;SG,55,55,100.0
10L_90NL_1_3,10L_90NL,1,o b t e n ˈe ɾ,V;SBJV;PRS;2;SG,38,55,69.09
10L_90NL_1_4,10L_90NL,1,o b t e n ˈe ɾ,V;SBJV;PRS;2;SG,55,55,100.0
10L_90NL_1_1,10L_90NL,1,o b t e n ˈe ɾ,V;SBJV;PRS;3;PL,55,55,100.0
10L_90NL_1_2,10L_90NL,1,o b t e n ˈe ɾ,V;SBJV;PRS;3;PL,55,55,100.0
10L_90NL_1_3,10L_90NL,1,o b t e n ˈe ɾ,V;SBJV;PRS;3;PL,38,55,69.09
10L_90NL_1_4,10L_90NL,1,o b t e n ˈe ɾ,V;SBJV;PRS;3;PL,55,55,100.0
10L_90NL_1_1,10L_90NL,1,o b t e n ˈe ɾ,V;SBJV;PRS;3;SG,55,55,100.0
10L_90NL_1_2,10L_90NL,1,o b t e n ˈe ɾ,V;SBJV;PRS;3;SG,55,55,100.0
10L_90NL_1_3,10L_90NL,1,o b t e n ˈe ɾ,V;SBJV;PRS;3;SG,40,55,72.73
10L_90NL_1_4,10L_90NL,1,o b t e n ˈe ɾ,V;SBJV;PRS;3;SG,55,55,100.0
10L_90NL_1_1,10L_90NL,1,s u p e ɾ b e n ˈi ɾ,V;IND;PRS;1;PL,42,55,76.36
10L_90NL_1_2,10L_90NL,1,s u p e ɾ b e n ˈi ɾ,V;IND;PRS;1;PL,52,55,94.55
10L_90NL_1_3,10L_90NL,1,s u p e ɾ b e n ˈi ɾ,V;IND;PRS;1;PL,1,55,1.82
10L_90NL_1_4,10L_90NL,1,s u p e ɾ b e n ˈi ɾ,V;IND;PRS;1;PL,30,55,54.55
10L_90NL_1_1,10L_90NL,1,s u p e ɾ b e n ˈi ɾ,V;IND;PRS;1;SG,36,55,65.45
10L_90NL_1_2,10L_90NL,1,s u p e ɾ b e n ˈi ɾ,V;IND;PRS;1;SG,51,55,92.73
10L_90NL_1_3,10L_90NL,1,s u p e ɾ b e n ˈi ɾ,V;IND;PRS;1;SG,37,55,67.27
10L_90NL_1_4,10L_90NL,1,s u p e ɾ b e n ˈi ɾ,V;IND;PRS;1;SG,48,55,87.27
10L_90NL_1_1,10L_90NL,1,s u p e ɾ b e n ˈi ɾ,V;IND;PRS;2;PL,35,55,63.64
10L_90NL_1_2,10L_90NL,1,s u p e ɾ b e n ˈi ɾ,V;IND;PRS;2;PL,51,55,92.73
10L_90NL_1_3,10L_90NL,1,s u p e ɾ b e n ˈi ɾ,V;IND;PRS;2;PL,8,55,14.55
10L_90NL_1_4,10L_90NL,1,s u p e ɾ b e n ˈi ɾ,V;IND;PRS;2;PL,31,55,56.36
10L_90NL_1_1,10L_90NL,1,s u p e ɾ b e n ˈi ɾ,V;IND;PRS;2;SG,8,55,14.55
10L_90NL_1_2,10L_90NL,1,s u p e ɾ b e n ˈi ɾ,V;IND;PRS;2;SG,1,55,1.82
10L_90NL_1_3,10L_90NL,1,s u p e ɾ b e n ˈi ɾ,V;IND;PRS;2;SG,1,55,1.82
10L_90NL_1_4,10L_90NL,1,s u p e ɾ b e n ˈi ɾ,V;IND;PRS;2;SG,1,55,1.82
10L_90NL_1_1,10L_90NL,1,s u p e ɾ b e n ˈi ɾ,V;IND;PRS;3;PL,5,55,9.09
10L_90NL_1_2,10L_90NL,1,s u p e ɾ b e n ˈi ɾ,V;IND;PRS;3;PL,1,55,1.82
10L_90NL_1_3,10L_90NL,1,s u p e ɾ b e n ˈi ɾ,V;IND;PRS;3;PL,1,55,1.82
10L_90NL_1_4,10L_90NL,1,s u p e ɾ b e n ˈi ɾ,V;IND;PRS;3;PL,1,55,1.82
10L_90NL_1_1,10L_90NL,1,s u p e ɾ b e n ˈi ɾ,V;IND;PRS;3;SG,6,55,10.91
10L_90NL_1_2,10L_90NL,1,s u p e ɾ b e n ˈi ɾ,V;IND;PRS;3;SG,1,55,1.82
10L_90NL_1_3,10L_90NL,1,s u p e ɾ b e n ˈi ɾ,V;IND;PRS;3;SG,1,55,1.82
10L_90NL_1_4,10L_90NL,1,s u p e ɾ b e n ˈi ɾ,V;IND;PRS;3;SG,1,55,1.82
10L_90NL_1_1,10L_90NL,1,s u p e ɾ b e n ˈi ɾ,V;SBJV;PRS;1;PL,27,55,49.09
10L_90NL_1_2,10L_90NL,1,s u p e ɾ b e n ˈi ɾ,V;SBJV;PRS;1;PL,52,55,94.55
10L_90NL_1_3,10L_90NL,1,s u p e ɾ b e n ˈi ɾ,V;SBJV;PRS;1;PL,28,55,50.91
10L_90NL_1_4,10L_90NL,1,s u p e ɾ b e n ˈi ɾ,V;SBJV;PRS;1;PL,27,55,49.09
10L_90NL_1_1,10L_90NL,1,s u p e ɾ b e n ˈi ɾ,V;SBJV;PRS;1;SG,35,55,63.64
10L_90NL_1_2,10L_90NL,1,s u p e ɾ b e n ˈi ɾ,V;SBJV;PRS;1;SG,52,55,94.55
10L_90NL_1_3,10L_90NL,1,s u p e ɾ b e n ˈi ɾ,V;SBJV;PRS;1;SG,35,55,63.64
10L_90NL_1_4,10L_90NL,1,s u p e ɾ b e n ˈi ɾ,V;SBJV;PRS;1;SG,31,55,56.36
10L_90NL_1_1,10L_90NL,1,s u p e ɾ b e n ˈi ɾ,V;SBJV;PRS;2;PL,32,55,58.18
10L_90NL_1_2,10L_90NL,1,s u p e ɾ b e n ˈi ɾ,V;SBJV;PRS;2;PL,51,55,92.73
10L_90NL_1_3,10L_90NL,1,s u p e ɾ b e n ˈi ɾ,V;SBJV;PRS;2;PL,36,55,65.45
10L_90NL_1_4,10L_90NL,1,s u p e ɾ b e n ˈi ɾ,V;SBJV;PRS;2;PL,19,55,34.55
10L_90NL_1_1,10L_90NL,1,s u p e ɾ b e n ˈi ɾ,V;SBJV;PRS;2;SG,38,55,69.09
10L_90NL_1_2,10L_90NL,1,s u p e ɾ b e n ˈi ɾ,V;SBJV;PRS;2;SG,52,55,94.55
10L_90NL_1_3,10L_90NL,1,s u p e ɾ b e n ˈi ɾ,V;SBJV;PRS;2;SG,30,55,54.55
10L_90NL_1_4,10L_90NL,1,s u p e ɾ b e n ˈi ɾ,V;SBJV;PRS;2;SG,30,55,54.55
10L_90NL_1_1,10L_90NL,1,s u p e ɾ b e n ˈi ɾ,V;SBJV;PRS;3;PL,41,55,74.55
10L_90NL_1_2,10L_90NL,1,s u p e ɾ b e n ˈi ɾ,V;SBJV;PRS;3;PL,52,55,94.55
10L_90NL_1_3,10L_90NL,1,s u p e ɾ b e n ˈi ɾ,V;SBJV;PRS;3;PL,34,55,61.82
10L_90NL_1_4,10L_90NL,1,s u p e ɾ b e n ˈi ɾ,V;SBJV;PRS;3;PL,30,55,54.55
10L_90NL_1_1,10L_90NL,1,s u p e ɾ b e n ˈi ɾ,V;SBJV;PRS;3;SG,35,55,63.64
10L_90NL_1_2,10L_90NL,1,s u p e ɾ b e n ˈi ɾ,V;SBJV;PRS;3;SG,52,55,94.55
10L_90NL_1_3,10L_90NL,1,s u p e ɾ b e n ˈi ɾ,V;SBJV;PRS;3;SG,35,55,63.64
10L_90NL_1_4,10L_90NL,1,s u p e ɾ b e n ˈi ɾ,V;SBJV;PRS;3;SG,31,55,56.36
10L_90NL_2_1,10L_90NL,2,b e n d e s ˈi ɾ,V;IND;PRS;1;PL,10,55,18.18
10L_90NL_2_2,10L_90NL,2,b e n d e s ˈi ɾ,V;IND;PRS;1;PL,10,55,18.18
10L_90NL_2_3,10L_90NL,2,b e n d e s ˈi ɾ,V;IND;PRS;1;PL,10,55,18.18
10L_90NL_2_4,10L_90NL,2,b e n d e s ˈi ɾ,V;IND;PRS;1;PL,10,55,18.18
10L_90NL_2_1,10L_90NL,2,b e n d e s ˈi ɾ,V;IND;PRS;1;SG,15,55,27.27
10L_90NL_2_2,10L_90NL,2,b e n d e s ˈi ɾ,V;IND;PRS;1;SG,15,55,27.27
10L_90NL_2_3,10L_90NL,2,b e n d e s ˈi ɾ,V;IND;PRS;1;SG,15,55,27.27
10L_90NL_2_4,10L_90NL,2,b e n d e s ˈi ɾ,V;IND;PRS;1;SG,15,55,27.27
10L_90NL_2_1,10L_90NL,2,b e n d e s ˈi ɾ,V;IND;PRS;2;PL,10,55,18.18
10L_90NL_2_2,10L_90NL,2,b e n d e s ˈi ɾ,V;IND;PRS;2;PL,10,55,18.18
10L_90NL_2_3,10L_90NL,2,b e n d e s ˈi ɾ,V;IND;PRS;2;PL,10,55,18.18
10L_90NL_2_4,10L_90NL,2,b e n d e s ˈi ɾ,V;IND;PRS;2;PL,8,55,14.55
10L_90NL_2_1,10L_90NL,2,b e n d e s ˈi ɾ,V;IND;PRS;2;SG,15,55,27.27
10L_90NL_2_2,10L_90NL,2,b e n d e s ˈi ɾ,V;IND;PRS;2;SG,16,55,29.09
10L_90NL_2_3,10L_90NL,2,b e n d e s ˈi ɾ,V;IND;PRS;2;SG,15,55,27.27
10L_90NL_2_4,10L_90NL,2,b e n d e s ˈi ɾ,V;IND;PRS;2;SG,15,55,27.27
10L_90NL_2_1,10L_90NL,2,b e n d e s ˈi ɾ,V;IND;PRS;3;PL,15,55,27.27
10L_90NL_2_2,10L_90NL,2,b e n d e s ˈi ɾ,V;IND;PRS;3;PL,18,55,32.73
10L_90NL_2_3,10L_90NL,2,b e n d e s ˈi ɾ,V;IND;PRS;3;PL,15,55,27.27
10L_90NL_2_4,10L_90NL,2,b e n d e s ˈi ɾ,V;IND;PRS;3;PL,15,55,27.27
10L_90NL_2_1,10L_90NL,2,b e n d e s ˈi ɾ,V;IND;PRS;3;SG,15,55,27.27
10L_90NL_2_2,10L_90NL,2,b e n d e s ˈi ɾ,V;IND;PRS;3;SG,17,55,30.91
10L_90NL_2_3,10L_90NL,2,b e n d e s ˈi ɾ,V;IND;PRS;3;SG,15,55,27.27
10L_90NL_2_4,10L_90NL,2,b e n d e s ˈi ɾ,V;IND;PRS;3;SG,15,55,27.27
10L_90NL_2_1,10L_90NL,2,b e n d e s ˈi ɾ,V;SBJV;PRS;1;PL,15,55,27.27
10L_90NL_2_2,10L_90NL,2,b e n d e s ˈi ɾ,V;SBJV;PRS;1;PL,15,55,27.27
10L_90NL_2_3,10L_90NL,2,b e n d e s ˈi ɾ,V;SBJV;PRS;1;PL,15,55,27.27
10L_90NL_2_4,10L_90NL,2,b e n d e s ˈi ɾ,V;SBJV;PRS;1;PL,15,55,27.27
10L_90NL_2_1,10L_90NL,2,b e n d e s ˈi ɾ,V;SBJV;PRS;1;SG,15,55,27.27
10L_90NL_2_2,10L_90NL,2,b e n d e s ˈi ɾ,V;SBJV;PRS;1;SG,15,55,27.27
10L_90NL_2_3,10L_90NL,2,b e n d e s ˈi ɾ,V;SBJV;PRS;1;SG,15,55,27.27
10L_90NL_2_4,10L_90NL,2,b e n d e s ˈi ɾ,V;SBJV;PRS;1;SG,15,55,27.27
10L_90NL_2_1,10L_90NL,2,b e n d e s ˈi ɾ,V;SBJV;PRS;2;PL,0,55,0.0
10L_90NL_2_2,10L_90NL,2,b e n d e s ˈi ɾ,V;SBJV;PRS;2;PL,0,55,0.0
10L_90NL_2_3,10L_90NL,2,b e n d e s ˈi ɾ,V;SBJV;PRS;2;PL,0,55,0.0
10L_90NL_2_4,10L_90NL,2,b e n d e s ˈi ɾ,V;SBJV;PRS;2;PL,0,55,0.0
10L_90NL_2_1,10L_90NL,2,b e n d e s ˈi ɾ,V;SBJV;PRS;2;SG,15,55,27.27
10L_90NL_2_2,10L_90NL,2,b e n d e s ˈi ɾ,V;SBJV;PRS;2;SG,15,55,27.27
10L_90NL_2_3,10L_90NL,2,b e n d e s ˈi ɾ,V;SBJV;PRS;2;SG,15,55,27.27
10L_90NL_2_4,10L_90NL,2,b e n d e s ˈi ɾ,V;SBJV;PRS;2;SG,15,55,27.27
10L_90NL_2_1,10L_90NL,2,b e n d e s ˈi ɾ,V;SBJV;PRS;3;PL,15,55,27.27
10L_90NL_2_2,10L_90NL,2,b e n d e s ˈi ɾ,V;SBJV;PRS;3;PL,15,55,27.27
10L_90NL_2_3,10L_90NL,2,b e n d e s ˈi ɾ,V;SBJV;PRS;3;PL,15,55,27.27
10L_90NL_2_4,10L_90NL,2,b e n d e s ˈi ɾ,V;SBJV;PRS;3;PL,15,55,27.27
10L_90NL_2_1,10L_90NL,2,b e n d e s ˈi ɾ,V;SBJV;PRS;3;SG,15,55,27.27
10L_90NL_2_2,10L_90NL,2,b e n d e s ˈi ɾ,V;SBJV;PRS;3;SG,15,55,27.27
10L_90NL_2_3,10L_90NL,2,b e n d e s ˈi ɾ,V;SBJV;PRS;3;SG,15,55,27.27
10L_90NL_2_4,10L_90NL,2,b e n d e s ˈi ɾ,V;SBJV;PRS;3;SG,15,55,27.27
10L_90NL_2_1,10L_90NL,2,d e b e n ˈi ɾ,V;IND;PRS;1;PL,6,55,10.91
10L_90NL_2_2,10L_90NL,2,d e b e n ˈi ɾ,V;IND;PRS;1;PL,6,55,10.91
10L_90NL_2_3,10L_90NL,2,d e b e n ˈi ɾ,V;IND;PRS;1;PL,6,55,10.91
10L_90NL_2_4,10L_90NL,2,d e b e n ˈi ɾ,V;IND;PRS;1;PL,55,55,100.0
10L_90NL_2_1,10L_90NL,2,d e b e n ˈi ɾ,V;IND;PRS;1;SG,53,55,96.36
10L_90NL_2_2,10L_90NL,2,d e b e n ˈi ɾ,V;IND;PRS;1;SG,54,55,98.18
10L_90NL_2_3,10L_90NL,2,d e b e n ˈi ɾ,V;IND;PRS;1;SG,55,55,100.0
10L_90NL_2_4,10L_90NL,2,d e b e n ˈi ɾ,V;IND;PRS;1;SG,46,55,83.64
10L_90NL_2_1,10L_90NL,2,d e b e n ˈi ɾ,V;IND;PRS;2;PL,9,55,16.36
10L_90NL_2_2,10L_90NL,2,d e b e n ˈi ɾ,V;IND;PRS;2;PL,7,55,12.73
10L_90NL_2_3,10L_90NL,2,d e b e n ˈi ɾ,V;IND;PRS;2;PL,6,55,10.91
10L_90NL_2_4,10L_90NL,2,d e b e n ˈi ɾ,V;IND;PRS;2;PL,55,55,100.0
10L_90NL_2_1,10L_90NL,2,d e b e n ˈi ɾ,V;IND;PRS;2;SG,1,55,1.82
10L_90NL_2_2,10L_90NL,2,d e b e n ˈi ɾ,V;IND;PRS;2;SG,0,55,0.0
10L_90NL_2_3,10L_90NL,2,d e b e n ˈi ɾ,V;IND;PRS;2;SG,0,55,0.0
10L_90NL_2_4,10L_90NL,2,d e b e n ˈi ɾ,V;IND;PRS;2;SG,0,55,0.0
10L_90NL_2_1,10L_90NL,2,d e b e n ˈi ɾ,V;IND;PRS;3;PL,1,55,1.82
10L_90NL_2_2,10L_90NL,2,d e b e n ˈi ɾ,V;IND;PRS;3;PL,0,55,0.0
10L_90NL_2_3,10L_90NL,2,d e b e n ˈi ɾ,V;IND;PRS;3;PL,0,55,0.0
10L_90NL_2_4,10L_90NL,2,d e b e n ˈi ɾ,V;IND;PRS;3;PL,0,55,0.0
10L_90NL_2_1,10L_90NL,2,d e b e n ˈi ɾ,V;IND;PRS;3;SG,1,55,1.82
10L_90NL_2_2,10L_90NL,2,d e b e n ˈi ɾ,V;IND;PRS;3;SG,0,55,0.0
10L_90NL_2_3,10L_90NL,2,d e b e n ˈi ɾ,V;IND;PRS;3;SG,0,55,0.0
10L_90NL_2_4,10L_90NL,2,d e b e n ˈi ɾ,V;IND;PRS;3;SG,1,55,1.82
10L_90NL_2_1,10L_90NL,2,d e b e n ˈi ɾ,V;SBJV;PRS;1;PL,54,55,98.18
10L_90NL_2_2,10L_90NL,2,d e b e n ˈi ɾ,V;SBJV;PRS;1;PL,52,55,94.55
10L_90NL_2_3,10L_90NL,2,d e b e n ˈi ɾ,V;SBJV;PRS;1;PL,47,55,85.45
10L_90NL_2_4,10L_90NL,2,d e b e n ˈi ɾ,V;SBJV;PRS;1;PL,53,55,96.36
10L_90NL_2_1,10L_90NL,2,d e b e n ˈi ɾ,V;SBJV;PRS;1;SG,51,55,92.73
10L_90NL_2_2,10L_90NL,2,d e b e n ˈi ɾ,V;SBJV;PRS;1;SG,52,55,94.55
10L_90NL_2_3,10L_90NL,2,d e b e n ˈi ɾ,V;SBJV;PRS;1;SG,55,55,100.0
10L_90NL_2_4,10L_90NL,2,d e b e n ˈi ɾ,V;SBJV;PRS;1;SG,54,55,98.18
10L_90NL_2_1,10L_90NL,2,d e b e n ˈi ɾ,V;SBJV;PRS;2;PL,12,55,21.82
10L_90NL_2_2,10L_90NL,2,d e b e n ˈi ɾ,V;SBJV;PRS;2;PL,49,55,89.09
10L_90NL_2_3,10L_90NL,2,d e b e n ˈi ɾ,V;SBJV;PRS;2;PL,36,55,65.45
10L_90NL_2_4,10L_90NL,2,d e b e n ˈi ɾ,V;SBJV;PRS;2;PL,49,55,89.09
10L_90NL_2_1,10L_90NL,2,d e b e n ˈi ɾ,V;SBJV;PRS;2;SG,52,55,94.55
10L_90NL_2_2,10L_90NL,2,d e b e n ˈi ɾ,V;SBJV;PRS;2;SG,54,55,98.18
10L_90NL_2_3,10L_90NL,2,d e b e n ˈi ɾ,V;SBJV;PRS;2;SG,55,55,100.0
10L_90NL_2_4,10L_90NL,2,d e b e n ˈi ɾ,V;SBJV;PRS;2;SG,52,55,94.55
10L_90NL_2_1,10L_90NL,2,d e b e n ˈi ɾ,V;SBJV;PRS;3;PL,52,55,94.55
10L_90NL_2_2,10L_90NL,2,d e b e n ˈi ɾ,V;SBJV;PRS;3;PL,54,55,98.18
10L_90NL_2_3,10L_90NL,2,d e b e n ˈi ɾ,V;SBJV;PRS;3;PL,55,55,100.0
10L_90NL_2_4,10L_90NL,2,d e b e n ˈi ɾ,V;SBJV;PRS;3;PL,52,55,94.55
10L_90NL_2_1,10L_90NL,2,d e b e n ˈi ɾ,V;SBJV;PRS;3;SG,51,55,92.73
10L_90NL_2_2,10L_90NL,2,d e b e n ˈi ɾ,V;SBJV;PRS;3;SG,52,55,94.55
10L_90NL_2_3,10L_90NL,2,d e b e n ˈi ɾ,V;SBJV;PRS;3;SG,55,55,100.0
10L_90NL_2_4,10L_90NL,2,d e b e n ˈi ɾ,V;SBJV;PRS;3;SG,54,55,98.18
10L_90NL_2_1,10L_90NL,2,e m u n ç ˈe ɾ,V;IND;PRS;1;PL,55,55,100.0
10L_90NL_2_2,10L_90NL,2,e m u n ç ˈe ɾ,V;IND;PRS;1;PL,26,55,47.27
10L_90NL_2_3,10L_90NL,2,e m u n ç ˈe ɾ,V;IND;PRS;1;PL,48,55,87.27
10L_90NL_2_4,10L_90NL,2,e m u n ç ˈe ɾ,V;IND;PRS;1;PL,54,55,98.18
10L_90NL_2_1,10L_90NL,2,e m u n ç ˈe ɾ,V;IND;PRS;1;SG,55,55,100.0
10L_90NL_2_2,10L_90NL,2,e m u n ç ˈe ɾ,V;IND;PRS;1;SG,55,55,100.0
10L_90NL_2_3,10L_90NL,2,e m u n ç ˈe ɾ,V;IND;PRS;1;SG,55,55,100.0
10L_90NL_2_4,10L_90NL,2,e m u n ç ˈe ɾ,V;IND;PRS;1;SG,55,55,100.0
10L_90NL_2_1,10L_90NL,2,e m u n ç ˈe ɾ,V;IND;PRS;2;PL,55,55,100.0
10L_90NL_2_2,10L_90NL,2,e m u n ç ˈe ɾ,V;IND;PRS;2;PL,49,55,89.09
10L_90NL_2_3,10L_90NL,2,e m u n ç ˈe ɾ,V;IND;PRS;2;PL,45,55,81.82
10L_90NL_2_4,10L_90NL,2,e m u n ç ˈe ɾ,V;IND;PRS;2;PL,55,55,100.0
10L_90NL_2_1,10L_90NL,2,e m u n ç ˈe ɾ,V;IND;PRS;2;SG,55,55,100.0
10L_90NL_2_2,10L_90NL,2,e m u n ç ˈe ɾ,V;IND;PRS;2;SG,55,55,100.0
10L_90NL_2_3,10L_90NL,2,e m u n ç ˈe ɾ,V;IND;PRS;2;SG,54,55,98.18
10L_90NL_2_4,10L_90NL,2,e m u n ç ˈe ɾ,V;IND;PRS;2;SG,55,55,100.0
10L_90NL_2_1,10L_90NL,2,e m u n ç ˈe ɾ,V;IND;PRS;3;PL,55,55,100.0
10L_90NL_2_2,10L_90NL,2,e m u n ç ˈe ɾ,V;IND;PRS;3;PL,54,55,98.18
10L_90NL_2_3,10L_90NL,2,e m u n ç ˈe ɾ,V;IND;PRS;3;PL,55,55,100.0
10L_90NL_2_4,10L_90NL,2,e m u n ç ˈe ɾ,V;IND;PRS;3;PL,54,55,98.18
10L_90NL_2_1,10L_90NL,2,e m u n ç ˈe ɾ,V;IND;PRS;3;SG,55,55,100.0
10L_90NL_2_2,10L_90NL,2,e m u n ç ˈe ɾ,V;IND;PRS;3;SG,55,55,100.0
10L_90NL_2_3,10L_90NL,2,e m u n ç ˈe ɾ,V;IND;PRS;3;SG,55,55,100.0
10L_90NL_2_4,10L_90NL,2,e m u n ç ˈe ɾ,V;IND;PRS;3;SG,55,55,100.0
10L_90NL_2_1,10L_90NL,2,e m u n ç ˈe ɾ,V;SBJV;PRS;1;PL,55,55,100.0
10L_90NL_2_2,10L_90NL,2,e m u n ç ˈe ɾ,V;SBJV;PRS;1;PL,55,55,100.0
10L_90NL_2_3,10L_90NL,2,e m u n ç ˈe ɾ,V;SBJV;PRS;1;PL,55,55,100.0
10L_90NL_2_4,10L_90NL,2,e m u n ç ˈe ɾ,V;SBJV;PRS;1;PL,55,55,100.0
10L_90NL_2_1,10L_90NL,2,e m u n ç ˈe ɾ,V;SBJV;PRS;1;SG,55,55,100.0
10L_90NL_2_2,10L_90NL,2,e m u n ç ˈe ɾ,V;SBJV;PRS;1;SG,55,55,100.0
10L_90NL_2_3,10L_90NL,2,e m u n ç ˈe ɾ,V;SBJV;PRS;1;SG,55,55,100.0
10L_90NL_2_4,10L_90NL,2,e m u n ç ˈe ɾ,V;SBJV;PRS;1;SG,55,55,100.0
10L_90NL_2_1,10L_90NL,2,e m u n ç ˈe ɾ,V;SBJV;PRS;2;PL,55,55,100.0
10L_90NL_2_2,10L_90NL,2,e m u n ç ˈe ɾ,V;SBJV;PRS;2;PL,55,55,100.0
10L_90NL_2_3,10L_90NL,2,e m u n ç ˈe ɾ,V;SBJV;PRS;2;PL,55,55,100.0
10L_90NL_2_4,10L_90NL,2,e m u n ç ˈe ɾ,V;SBJV;PRS;2;PL,55,55,100.0
10L_90NL_2_1,10L_90NL,2,e m u n ç ˈe ɾ,V;SBJV;PRS;2;SG,55,55,100.0
10L_90NL_2_2,10L_90NL,2,e m u n ç ˈe ɾ,V;SBJV;PRS;2;SG,55,55,100.0
10L_90NL_2_3,10L_90NL,2,e m u n ç ˈe ɾ,V;SBJV;PRS;2;SG,55,55,100.0
10L_90NL_2_4,10L_90NL,2,e m u n ç ˈe ɾ,V;SBJV;PRS;2;SG,55,55,100.0
10L_90NL_2_1,10L_90NL,2,e m u n ç ˈe ɾ,V;SBJV;PRS;3;PL,55,55,100.0
10L_90NL_2_2,10L_90NL,2,e m u n ç ˈe ɾ,V;SBJV;PRS;3;PL,55,55,100.0
10L_90NL_2_3,10L_90NL,2,e m u n ç ˈe ɾ,V;SBJV;PRS;3;PL,55,55,100.0
10L_90NL_2_4,10L_90NL,2,e m u n ç ˈe ɾ,V;SBJV;PRS;3;PL,55,55,100.0
10L_90NL_2_1,10L_90NL,2,e m u n ç ˈe ɾ,V;SBJV;PRS;3;SG,55,55,100.0
10L_90NL_2_2,10L_90NL,2,e m u n ç ˈe ɾ,V;SBJV;PRS;3;SG,55,55,100.0
10L_90NL_2_3,10L_90NL,2,e m u n ç ˈe ɾ,V;SBJV;PRS;3;SG,55,55,100.0
10L_90NL_2_4,10L_90NL,2,e m u n ç ˈe ɾ,V;SBJV;PRS;3;SG,55,55,100.0
10L_90NL_2_1,10L_90NL,2,e n k a n e s ˈe ɾ,V;IND;PRS;1;PL,55,55,100.0
10L_90NL_2_2,10L_90NL,2,e n k a n e s ˈe ɾ,V;IND;PRS;1;PL,55,55,100.0
10L_90NL_2_3,10L_90NL,2,e n k a n e s ˈe ɾ,V;IND;PRS;1;PL,55,55,100.0
10L_90NL_2_4,10L_90NL,2,e n k a n e s ˈe ɾ,V;IND;PRS;1;PL,55,55,100.0
10L_90NL_2_1,10L_90NL,2,e n k a n e s ˈe ɾ,V;IND;PRS;1;SG,55,55,100.0
10L_90NL_2_2,10L_90NL,2,e n k a n e s ˈe ɾ,V;IND;PRS;1;SG,55,55,100.0
10L_90NL_2_3,10L_90NL,2,e n k a n e s ˈe ɾ,V;IND;PRS;1;SG,55,55,100.0
10L_90NL_2_4,10L_90NL,2,e n k a n e s ˈe ɾ,V;IND;PRS;1;SG,55,55,100.0
10L_90NL_2_1,10L_90NL,2,e n k a n e s ˈe ɾ,V;IND;PRS;2;PL,55,55,100.0
10L_90NL_2_2,10L_90NL,2,e n k a n e s ˈe ɾ,V;IND;PRS;2;PL,55,55,100.0
10L_90NL_2_3,10L_90NL,2,e n k a n e s ˈe ɾ,V;IND;PRS;2;PL,55,55,100.0
10L_90NL_2_4,10L_90NL,2,e n k a n e s ˈe ɾ,V;IND;PRS;2;PL,55,55,100.0
10L_90NL_2_1,10L_90NL,2,e n k a n e s ˈe ɾ,V;IND;PRS;2;SG,55,55,100.0
10L_90NL_2_2,10L_90NL,2,e n k a n e s ˈe ɾ,V;IND;PRS;2;SG,42,55,76.36
10L_90NL_2_3,10L_90NL,2,e n k a n e s ˈe ɾ,V;IND;PRS;2;SG,55,55,100.0
10L_90NL_2_4,10L_90NL,2,e n k a n e s ˈe ɾ,V;IND;PRS;2;SG,51,55,92.73
10L_90NL_2_1,10L_90NL,2,e n k a n e s ˈe ɾ,V;IND;PRS;3;PL,55,55,100.0
10L_90NL_2_2,10L_90NL,2,e n k a n e s ˈe ɾ,V;IND;PRS;3;PL,50,55,90.91
10L_90NL_2_3,10L_90NL,2,e n k a n e s ˈe ɾ,V;IND;PRS;3;PL,55,55,100.0
10L_90NL_2_4,10L_90NL,2,e n k a n e s ˈe ɾ,V;IND;PRS;3;PL,45,55,81.82
10L_90NL_2_1,10L_90NL,2,e n k a n e s ˈe ɾ,V;IND;PRS;3;SG,55,55,100.0
10L_90NL_2_2,10L_90NL,2,e n k a n e s ˈe ɾ,V;IND;PRS;3;SG,55,55,100.0
10L_90NL_2_3,10L_90NL,2,e n k a n e s ˈe ɾ,V;IND;PRS;3;SG,55,55,100.0
10L_90NL_2_4,10L_90NL,2,e n k a n e s ˈe ɾ,V;IND;PRS;3;SG,48,55,87.27
10L_90NL_2_1,10L_90NL,2,e n k a n e s ˈe ɾ,V;SBJV;PRS;1;PL,55,55,100.0
10L_90NL_2_2,10L_90NL,2,e n k a n e s ˈe ɾ,V;SBJV;PRS;1;PL,55,55,100.0
10L_90NL_2_3,10L_90NL,2,e n k a n e s ˈe ɾ,V;SBJV;PRS;1;PL,55,55,100.0
10L_90NL_2_4,10L_90NL,2,e n k a n e s ˈe ɾ,V;SBJV;PRS;1;PL,55,55,100.0
10L_90NL_2_1,10L_90NL,2,e n k a n e s ˈe ɾ,V;SBJV;PRS;1;SG,55,55,100.0
10L_90NL_2_2,10L_90NL,2,e n k a n e s ˈe ɾ,V;SBJV;PRS;1;SG,55,55,100.0
10L_90NL_2_3,10L_90NL,2,e n k a n e s ˈe ɾ,V;SBJV;PRS;1;SG,55,55,100.0
10L_90NL_2_4,10L_90NL,2,e n k a n e s ˈe ɾ,V;SBJV;PRS;1;SG,55,55,100.0
10L_90NL_2_1,10L_90NL,2,e n k a n e s ˈe ɾ,V;SBJV;PRS;2;PL,55,55,100.0
10L_90NL_2_2,10L_90NL,2,e n k a n e s ˈe ɾ,V;SBJV;PRS;2;PL,55,55,100.0
10L_90NL_2_3,10L_90NL,2,e n k a n e s ˈe ɾ,V;SBJV;PRS;2;PL,55,55,100.0
10L_90NL_2_4,10L_90NL,2,e n k a n e s ˈe ɾ,V;SBJV;PRS;2;PL,55,55,100.0
10L_90NL_2_1,10L_90NL,2,e n k a n e s ˈe ɾ,V;SBJV;PRS;2;SG,55,55,100.0
10L_90NL_2_2,10L_90NL,2,e n k a n e s ˈe ɾ,V;SBJV;PRS;2;SG,55,55,100.0
10L_90NL_2_3,10L_90NL,2,e n k a n e s ˈe ɾ,V;SBJV;PRS;2;SG,55,55,100.0
10L_90NL_2_4,10L_90NL,2,e n k a n e s ˈe ɾ,V;SBJV;PRS;2;SG,52,55,94.55
10L_90NL_2_1,10L_90NL,2,e n k a n e s ˈe ɾ,V;SBJV;PRS;3;PL,55,55,100.0
10L_90NL_2_2,10L_90NL,2,e n k a n e s ˈe ɾ,V;SBJV;PRS;3;PL,55,55,100.0
10L_90NL_2_3,10L_90NL,2,e n k a n e s ˈe ɾ,V;SBJV;PRS;3;PL,55,55,100.0
10L_90NL_2_4,10L_90NL,2,e n k a n e s ˈe ɾ,V;SBJV;PRS;3;PL,52,55,94.55
10L_90NL_2_1,10L_90NL,2,e n k a n e s ˈe ɾ,V;SBJV;PRS;3;SG,55,55,100.0
10L_90NL_2_2,10L_90NL,2,e n k a n e s ˈe ɾ,V;SBJV;PRS;3;SG,55,55,100.0
10L_90NL_2_3,10L_90NL,2,e n k a n e s ˈe ɾ,V;SBJV;PRS;3;SG,55,55,100.0
10L_90NL_2_4,10L_90NL,2,e n k a n e s ˈe ɾ,V;SBJV;PRS;3;SG,55,55,100.0
10L_90NL_2_1,10L_90NL,2,e n s o ɾ d e s ˈe ɾ,V;IND;PRS;1;PL,55,55,100.0
10L_90NL_2_2,10L_90NL,2,e n s o ɾ d e s ˈe ɾ,V;IND;PRS;1;PL,53,55,96.36
10L_90NL_2_3,10L_90NL,2,e n s o ɾ d e s ˈe ɾ,V;IND;PRS;1;PL,55,55,100.0
10L_90NL_2_4,10L_90NL,2,e n s o ɾ d e s ˈe ɾ,V;IND;PRS;1;PL,55,55,100.0
10L_90NL_2_1,10L_90NL,2,e n s o ɾ d e s ˈe ɾ,V;IND;PRS;1;SG,55,55,100.0
10L_90NL_2_2,10L_90NL,2,e n s o ɾ d e s ˈe ɾ,V;IND;PRS;1;SG,55,55,100.0
10L_90NL_2_3,10L_90NL,2,e n s o ɾ d e s ˈe ɾ,V;IND;PRS;1;SG,55,55,100.0
10L_90NL_2_4,10L_90NL,2,e n s o ɾ d e s ˈe ɾ,V;IND;PRS;1;SG,55,55,100.0
10L_90NL_2_1,10L_90NL,2,e n s o ɾ d e s ˈe ɾ,V;IND;PRS;2;PL,55,55,100.0
10L_90NL_2_2,10L_90NL,2,e n s o ɾ d e s ˈe ɾ,V;IND;PRS;2;PL,52,55,94.55
10L_90NL_2_3,10L_90NL,2,e n s o ɾ d e s ˈe ɾ,V;IND;PRS;2;PL,55,55,100.0
10L_90NL_2_4,10L_90NL,2,e n s o ɾ d e s ˈe ɾ,V;IND;PRS;2;PL,55,55,100.0
10L_90NL_2_1,10L_90NL,2,e n s o ɾ d e s ˈe ɾ,V;IND;PRS;2;SG,55,55,100.0
10L_90NL_2_2,10L_90NL,2,e n s o ɾ d e s ˈe ɾ,V;IND;PRS;2;SG,55,55,100.0
10L_90NL_2_3,10L_90NL,2,e n s o ɾ d e s ˈe ɾ,V;IND;PRS;2;SG,55,55,100.0
10L_90NL_2_4,10L_90NL,2,e n s o ɾ d e s ˈe ɾ,V;IND;PRS;2;SG,55,55,100.0
10L_90NL_2_1,10L_90NL,2,e n s o ɾ d e s ˈe ɾ,V;IND;PRS;3;PL,55,55,100.0
10L_90NL_2_2,10L_90NL,2,e n s o ɾ d e s ˈe ɾ,V;IND;PRS;3;PL,55,55,100.0
10L_90NL_2_3,10L_90NL,2,e n s o ɾ d e s ˈe ɾ,V;IND;PRS;3;PL,55,55,100.0
10L_90NL_2_4,10L_90NL,2,e n s o ɾ d e s ˈe ɾ,V;IND;PRS;3;PL,55,55,100.0
10L_90NL_2_1,10L_90NL,2,e n s o ɾ d e s ˈe ɾ,V;IND;PRS;3;SG,55,55,100.0
10L_90NL_2_2,10L_90NL,2,e n s o ɾ d e s ˈe ɾ,V;IND;PRS;3;SG,55,55,100.0
10L_90NL_2_3,10L_90NL,2,e n s o ɾ d e s ˈe ɾ,V;IND;PRS;3;SG,55,55,100.0
10L_90NL_2_4,10L_90NL,2,e n s o ɾ d e s ˈe ɾ,V;IND;PRS;3;SG,55,55,100.0
10L_90NL_2_1,10L_90NL,2,e n s o ɾ d e s ˈe ɾ,V;SBJV;PRS;1;PL,55,55,100.0
10L_90NL_2_2,10L_90NL,2,e n s o ɾ d e s ˈe ɾ,V;SBJV;PRS;1;PL,42,55,76.36
10L_90NL_2_3,10L_90NL,2,e n s o ɾ d e s ˈe ɾ,V;SBJV;PRS;1;PL,55,55,100.0
10L_90NL_2_4,10L_90NL,2,e n s o ɾ d e s ˈe ɾ,V;SBJV;PRS;1;PL,53,55,96.36
10L_90NL_2_1,10L_90NL,2,e n s o ɾ d e s ˈe ɾ,V;SBJV;PRS;1;SG,55,55,100.0
10L_90NL_2_2,10L_90NL,2,e n s o ɾ d e s ˈe ɾ,V;SBJV;PRS;1;SG,53,55,96.36
10L_90NL_2_3,10L_90NL,2,e n s o ɾ d e s ˈe ɾ,V;SBJV;PRS;1;SG,55,55,100.0
10L_90NL_2_4,10L_90NL,2,e n s o ɾ d e s ˈe ɾ,V;SBJV;PRS;1;SG,55,55,100.0
10L_90NL_2_1,10L_90NL,2,e n s o ɾ d e s ˈe ɾ,V;SBJV;PRS;2;PL,55,55,100.0
10L_90NL_2_2,10L_90NL,2,e n s o ɾ d e s ˈe ɾ,V;SBJV;PRS;2;PL,38,55,69.09
10L_90NL_2_3,10L_90NL,2,e n s o ɾ d e s ˈe ɾ,V;SBJV;PRS;2;PL,55,55,100.0
10L_90NL_2_4,10L_90NL,2,e n s o ɾ d e s ˈe ɾ,V;SBJV;PRS;2;PL,55,55,100.0
10L_90NL_2_1,10L_90NL,2,e n s o ɾ d e s ˈe ɾ,V;SBJV;PRS;2;SG,55,55,100.0
10L_90NL_2_2,10L_90NL,2,e n s o ɾ d e s ˈe ɾ,V;SBJV;PRS;2;SG,53,55,96.36
10L_90NL_2_3,10L_90NL,2,e n s o ɾ d e s ˈe ɾ,V;SBJV;PRS;2;SG,55,55,100.0
10L_90NL_2_4,10L_90NL,2,e n s o ɾ d e s ˈe ɾ,V;SBJV;PRS;2;SG,55,55,100.0
10L_90NL_2_1,10L_90NL,2,e n s o ɾ d e s ˈe ɾ,V;SBJV;PRS;3;PL,55,55,100.0
10L_90NL_2_2,10L_90NL,2,e n s o ɾ d e s ˈe ɾ,V;SBJV;PRS;3;PL,49,55,89.09
10L_90NL_2_3,10L_90NL,2,e n s o ɾ d e s ˈe ɾ,V;SBJV;PRS;3;PL,55,55,100.0
10L_90NL_2_4,10L_90NL,2,e n s o ɾ d e s ˈe ɾ,V;SBJV;PRS;3;PL,55,55,100.0
10L_90NL_2_1,10L_90NL,2,e n s o ɾ d e s ˈe ɾ,V;SBJV;PRS;3;SG,55,55,100.0
10L_90NL_2_2,10L_90NL,2,e n s o ɾ d e s ˈe ɾ,V;SBJV;PRS;3;SG,53,55,96.36
10L_90NL_2_3,10L_90NL,2,e n s o ɾ d e s ˈe ɾ,V;SBJV;PRS;3;SG,55,55,100.0
10L_90NL_2_4,10L_90NL,2,e n s o ɾ d e s ˈe ɾ,V;SBJV;PRS;3;SG,55,55,100.0
10L_90NL_2_1,10L_90NL,2,k o n b e n s ˈe ɾ,V;IND;PRS;1;PL,47,55,85.45
10L_90NL_2_2,10L_90NL,2,k o n b e n s ˈe ɾ,V;IND;PRS;1;PL,55,55,100.0
10L_90NL_2_3,10L_90NL,2,k o n b e n s ˈe ɾ,V;IND;PRS;1;PL,12,55,21.82
10L_90NL_2_4,10L_90NL,2,k o n b e n s ˈe ɾ,V;IND;PRS;1;PL,41,55,74.55
10L_90NL_2_1,10L_90NL,2,k o n b e n s ˈe ɾ,V;IND;PRS;1;SG,55,55,100.0
10L_90NL_2_2,10L_90NL,2,k o n b e n s ˈe ɾ,V;IND;PRS;1;SG,46,55,83.64
10L_90NL_2_3,10L_90NL,2,k o n b e n s ˈe ɾ,V;IND;PRS;1;SG,19,55,34.55
10L_90NL_2_4,10L_90NL,2,k o n b e n s ˈe ɾ,V;IND;PRS;1;SG,37,55,67.27
10L_90NL_2_1,10L_90NL,2,k o n b e n s ˈe ɾ,V;IND;PRS;2;PL,44,55,80.0
10L_90NL_2_2,10L_90NL,2,k o n b e n s ˈe ɾ,V;IND;PRS;2;PL,55,55,100.0
10L_90NL_2_3,10L_90NL,2,k o n b e n s ˈe ɾ,V;IND;PRS;2;PL,11,55,20.0
10L_90NL_2_4,10L_90NL,2,k o n b e n s ˈe ɾ,V;IND;PRS;2;PL,19,55,34.55
10L_90NL_2_1,10L_90NL,2,k o n b e n s ˈe ɾ,V;IND;PRS;2;SG,2,55,3.64
10L_90NL_2_2,10L_90NL,2,k o n b e n s ˈe ɾ,V;IND;PRS;2;SG,42,55,76.36
10L_90NL_2_3,10L_90NL,2,k o n b e n s ˈe ɾ,V;IND;PRS;2;SG,55,55,100.0
10L_90NL_2_4,10L_90NL,2,k o n b e n s ˈe ɾ,V;IND;PRS;2;SG,0,55,0.0
10L_90NL_2_1,10L_90NL,2,k o n b e n s ˈe ɾ,V;IND;PRS;3;PL,1,55,1.82
10L_90NL_2_2,10L_90NL,2,k o n b e n s ˈe ɾ,V;IND;PRS;3;PL,47,55,85.45
10L_90NL_2_3,10L_90NL,2,k o n b e n s ˈe ɾ,V;IND;PRS;3;PL,54,55,98.18
10L_90NL_2_4,10L_90NL,2,k o n b e n s ˈe ɾ,V;IND;PRS;3;PL,0,55,0.0
10L_90NL_2_1,10L_90NL,2,k o n b e n s ˈe ɾ,V;IND;PRS;3;SG,1,55,1.82
10L_90NL_2_2,10L_90NL,2,k o n b e n s ˈe ɾ,V;IND;PRS;3;SG,48,55,87.27
10L_90NL_2_3,10L_90NL,2,k o n b e n s ˈe ɾ,V;IND;PRS;3;SG,55,55,100.0
10L_90NL_2_4,10L_90NL,2,k o n b e n s ˈe ɾ,V;IND;PRS;3;SG,0,55,0.0
10L_90NL_2_1,10L_90NL,2,k o n b e n s ˈe ɾ,V;SBJV;PRS;1;PL,54,55,98.18
10L_90NL_2_2,10L_90NL,2,k o n b e n s ˈe ɾ,V;SBJV;PRS;1;PL,49,55,89.09
10L_90NL_2_3,10L_90NL,2,k o n b e n s ˈe ɾ,V;SBJV;PRS;1;PL,2,55,3.64
10L_90NL_2_4,10L_90NL,2,k o n b e n s ˈe ɾ,V;SBJV;PRS;1;PL,2,55,3.64
10L_90NL_2_1,10L_90NL,2,k o n b e n s ˈe ɾ,V;SBJV;PRS;1;SG,55,55,100.0
10L_90NL_2_2,10L_90NL,2,k o n b e n s ˈe ɾ,V;SBJV;PRS;1;SG,35,55,63.64
10L_90NL_2_3,10L_90NL,2,k o n b e n s ˈe ɾ,V;SBJV;PRS;1;SG,44,55,80.0
10L_90NL_2_4,10L_90NL,2,k o n b e n s ˈe ɾ,V;SBJV;PRS;1;SG,29,55,52.73
10L_90NL_2_1,10L_90NL,2,k o n b e n s ˈe ɾ,V;SBJV;PRS;2;PL,52,55,94.55
10L_90NL_2_2,10L_90NL,2,k o n b e n s ˈe ɾ,V;SBJV;PRS;2;PL,50,55,90.91
10L_90NL_2_3,10L_90NL,2,k o n b e n s ˈe ɾ,V;SBJV;PRS;2;PL,0,55,0.0
10L_90NL_2_4,10L_90NL,2,k o n b e n s ˈe ɾ,V;SBJV;PRS;2;PL,0,55,0.0
10L_90NL_2_1,10L_90NL,2,k o n b e n s ˈe ɾ,V;SBJV;PRS;2;SG,55,55,100.0
10L_90NL_2_2,10L_90NL,2,k o n b e n s ˈe ɾ,V;SBJV;PRS;2;SG,38,55,69.09
10L_90NL_2_3,10L_90NL,2,k o n b e n s ˈe ɾ,V;SBJV;PRS;2;SG,37,55,67.27
10L_90NL_2_4,10L_90NL,2,k o n b e n s ˈe ɾ,V;SBJV;PRS;2;SG,38,55,69.09
10L_90NL_2_1,10L_90NL,2,k o n b e n s ˈe ɾ,V;SBJV;PRS;3;PL,55,55,100.0
10L_90NL_2_2,10L_90NL,2,k o n b e n s ˈe ɾ,V;SBJV;PRS;3;PL,29,55,52.73
10L_90NL_2_3,10L_90NL,2,k o n b e n s ˈe ɾ,V;SBJV;PRS;3;PL,34,55,61.82
10L_90NL_2_4,10L_90NL,2,k o n b e n s ˈe ɾ,V;SBJV;PRS;3;PL,34,55,61.82
10L_90NL_2_1,10L_90NL,2,k o n b e n s ˈe ɾ,V;SBJV;PRS;3;SG,55,55,100.0
10L_90NL_2_2,10L_90NL,2,k o n b e n s ˈe ɾ,V;SBJV;PRS;3;SG,32,55,58.18
10L_90NL_2_3,10L_90NL,2,k o n b e n s ˈe ɾ,V;SBJV;PRS;3;SG,47,55,85.45
10L_90NL_2_4,10L_90NL,2,k o n b e n s ˈe ɾ,V;SBJV;PRS;3;SG,30,55,54.55
10L_90NL_2_1,10L_90NL,2,o f ɾ e s ˈe ɾ,V;IND;PRS;1;PL,53,55,96.36
10L_90NL_2_2,10L_90NL,2,o f ɾ e s ˈe ɾ,V;IND;PRS;1;PL,38,55,69.09
10L_90NL_2_3,10L_90NL,2,o f ɾ e s ˈe ɾ,V;IND;PRS;1;PL,53,55,96.36
10L_90NL_2_4,10L_90NL,2,o f ɾ e s ˈe ɾ,V;IND;PRS;1;PL,34,55,61.82
10L_90NL_2_1,10L_90NL,2,o f ɾ e s ˈe ɾ,V;IND;PRS;1;SG,55,55,100.0
10L_90NL_2_2,10L_90NL,2,o f ɾ e s ˈe ɾ,V;IND;PRS;1;SG,55,55,100.0
10L_90NL_2_3,10L_90NL,2,o f ɾ e s ˈe ɾ,V;IND;PRS;1;SG,55,55,100.0
10L_90NL_2_4,10L_90NL,2,o f ɾ e s ˈe ɾ,V;IND;PRS;1;SG,42,55,76.36
10L_90NL_2_1,10L_90NL,2,o f ɾ e s ˈe ɾ,V;IND;PRS;2;PL,55,55,100.0
10L_90NL_2_2,10L_90NL,2,o f ɾ e s ˈe ɾ,V;IND;PRS;2;PL,38,55,69.09
10L_90NL_2_3,10L_90NL,2,o f ɾ e s ˈe ɾ,V;IND;PRS;2;PL,55,55,100.0
10L_90NL_2_4,10L_90NL,2,o f ɾ e s ˈe ɾ,V;IND;PRS;2;PL,29,55,52.73
10L_90NL_2_1,10L_90NL,2,o f ɾ e s ˈe ɾ,V;IND;PRS;2;SG,52,55,94.55
10L_90NL_2_2,10L_90NL,2,o f ɾ e s ˈe ɾ,V;IND;PRS;2;SG,11,55,20.0
10L_90NL_2_3,10L_90NL,2,o f ɾ e s ˈe ɾ,V;IND;PRS;2;SG,46,55,83.64
10L_90NL_2_4,10L_90NL,2,o f ɾ e s ˈe ɾ,V;IND;PRS;2;SG,18,55,32.73
10L_90NL_2_1,10L_90NL,2,o f ɾ e s ˈe ɾ,V;IND;PRS;3;PL,54,55,98.18
10L_90NL_2_2,10L_90NL,2,o f ɾ e s ˈe ɾ,V;IND;PRS;3;PL,15,55,27.27
10L_90NL_2_3,10L_90NL,2,o f ɾ e s ˈe ɾ,V;IND;PRS;3;PL,50,55,90.91
10L_90NL_2_4,10L_90NL,2,o f ɾ e s ˈe ɾ,V;IND;PRS;3;PL,14,55,25.45
10L_90NL_2_1,10L_90NL,2,o f ɾ e s ˈe ɾ,V;IND;PRS;3;SG,52,55,94.55
10L_90NL_2_2,10L_90NL,2,o f ɾ e s ˈe ɾ,V;IND;PRS;3;SG,12,55,21.82
10L_90NL_2_3,10L_90NL,2,o f ɾ e s ˈe ɾ,V;IND;PRS;3;SG,50,55,90.91
10L_90NL_2_4,10L_90NL,2,o f ɾ e s ˈe ɾ,V;IND;PRS;3;SG,12,55,21.82
10L_90NL_2_1,10L_90NL,2,o f ɾ e s ˈe ɾ,V;SBJV;PRS;1;PL,55,55,100.0
10L_90NL_2_2,10L_90NL,2,o f ɾ e s ˈe ɾ,V;SBJV;PRS;1;PL,50,55,90.91
10L_90NL_2_3,10L_90NL,2,o f ɾ e s ˈe ɾ,V;SBJV;PRS;1;PL,55,55,100.0
10L_90NL_2_4,10L_90NL,2,o f ɾ e s ˈe ɾ,V;SBJV;PRS;1;PL,55,55,100.0
10L_90NL_2_1,10L_90NL,2,o f ɾ e s ˈe ɾ,V;SBJV;PRS;1;SG,55,55,100.0
10L_90NL_2_2,10L_90NL,2,o f ɾ e s ˈe ɾ,V;SBJV;PRS;1;SG,53,55,96.36
10L_90NL_2_3,10L_90NL,2,o f ɾ e s ˈe ɾ,V;SBJV;PRS;1;SG,55,55,100.0
10L_90NL_2_4,10L_90NL,2,o f ɾ e s ˈe ɾ,V;SBJV;PRS;1;SG,42,55,76.36
10L_90NL_2_1,10L_90NL,2,o f ɾ e s ˈe ɾ,V;SBJV;PRS;2;PL,48,55,87.27
10L_90NL_2_2,10L_90NL,2,o f ɾ e s ˈe ɾ,V;SBJV;PRS;2;PL,47,55,85.45
10L_90NL_2_3,10L_90NL,2,o f ɾ e s ˈe ɾ,V;SBJV;PRS;2;PL,55,55,100.0
10L_90NL_2_4,10L_90NL,2,o f ɾ e s ˈe ɾ,V;SBJV;PRS;2;PL,40,55,72.73
10L_90NL_2_1,10L_90NL,2,o f ɾ e s ˈe ɾ,V;SBJV;PRS;2;SG,55,55,100.0
10L_90NL_2_2,10L_90NL,2,o f ɾ e s ˈe ɾ,V;SBJV;PRS;2;SG,53,55,96.36
10L_90NL_2_3,10L_90NL,2,o f ɾ e s ˈe ɾ,V;SBJV;PRS;2;SG,55,55,100.0
10L_90NL_2_4,10L_90NL,2,o f ɾ e s ˈe ɾ,V;SBJV;PRS;2;SG,40,55,72.73
10L_90NL_2_1,10L_90NL,2,o f ɾ e s ˈe ɾ,V;SBJV;PRS;3;PL,55,55,100.0
10L_90NL_2_2,10L_90NL,2,o f ɾ e s ˈe ɾ,V;SBJV;PRS;3;PL,54,55,98.18
10L_90NL_2_3,10L_90NL,2,o f ɾ e s ˈe ɾ,V;SBJV;PRS;3;PL,55,55,100.0
10L_90NL_2_4,10L_90NL,2,o f ɾ e s ˈe ɾ,V;SBJV;PRS;3;PL,41,55,74.55
10L_90NL_2_1,10L_90NL,2,o f ɾ e s ˈe ɾ,V;SBJV;PRS;3;SG,55,55,100.0
10L_90NL_2_2,10L_90NL,2,o f ɾ e s ˈe ɾ,V;SBJV;PRS;3;SG,52,55,94.55
10L_90NL_2_3,10L_90NL,2,o f ɾ e s ˈe ɾ,V;SBJV;PRS;3;SG,55,55,100.0
10L_90NL_2_4,10L_90NL,2,o f ɾ e s ˈe ɾ,V;SBJV;PRS;3;SG,41,55,74.55
10L_90NL_3_1,10L_90NL,3,a n t e d e s ˈi ɾ,V;IND;PRS;1;PL,10,55,18.18
10L_90NL_3_2,10L_90NL,3,a n t e d e s ˈi ɾ,V;IND;PRS;1;PL,7,55,12.73
10L_90NL_3_3,10L_90NL,3,a n t e d e s ˈi ɾ,V;IND;PRS;1;PL,10,55,18.18
10L_90NL_3_4,10L_90NL,3,a n t e d e s ˈi ɾ,V;IND;PRS;1;PL,10,55,18.18
10L_90NL_3_1,10L_90NL,3,a n t e d e s ˈi ɾ,V;IND;PRS;1;SG,15,55,27.27
10L_90NL_3_2,10L_90NL,3,a n t e d e s ˈi ɾ,V;IND;PRS;1;SG,15,55,27.27
10L_90NL_3_3,10L_90NL,3,a n t e d e s ˈi ɾ,V;IND;PRS;1;SG,15,55,27.27
10L_90NL_3_4,10L_90NL,3,a n t e d e s ˈi ɾ,V;IND;PRS;1;SG,15,55,27.27
10L_90NL_3_1,10L_90NL,3,a n t e d e s ˈi ɾ,V;IND;PRS;2;PL,8,55,14.55
10L_90NL_3_2,10L_90NL,3,a n t e d e s ˈi ɾ,V;IND;PRS;2;PL,1,55,1.82
10L_90NL_3_3,10L_90NL,3,a n t e d e s ˈi ɾ,V;IND;PRS;2;PL,9,55,16.36
10L_90NL_3_4,10L_90NL,3,a n t e d e s ˈi ɾ,V;IND;PRS;2;PL,10,55,18.18
10L_90NL_3_1,10L_90NL,3,a n t e d e s ˈi ɾ,V;IND;PRS;2;SG,35,55,63.64
10L_90NL_3_2,10L_90NL,3,a n t e d e s ˈi ɾ,V;IND;PRS;2;SG,33,55,60.0
10L_90NL_3_3,10L_90NL,3,a n t e d e s ˈi ɾ,V;IND;PRS;2;SG,25,55,45.45
10L_90NL_3_4,10L_90NL,3,a n t e d e s ˈi ɾ,V;IND;PRS;2;SG,15,55,27.27
10L_90NL_3_1,10L_90NL,3,a n t e d e s ˈi ɾ,V;IND;PRS;3;PL,30,55,54.55
10L_90NL_3_2,10L_90NL,3,a n t e d e s ˈi ɾ,V;IND;PRS;3;PL,34,55,61.82
10L_90NL_3_3,10L_90NL,3,a n t e d e s ˈi ɾ,V;IND;PRS;3;PL,32,55,58.18
10L_90NL_3_4,10L_90NL,3,a n t e d e s ˈi ɾ,V;IND;PRS;3;PL,15,55,27.27
10L_90NL_3_1,10L_90NL,3,a n t e d e s ˈi ɾ,V;IND;PRS;3;SG,32,55,58.18
10L_90NL_3_2,10L_90NL,3,a n t e d e s ˈi ɾ,V;IND;PRS;3;SG,33,55,60.0
10L_90NL_3_3,10L_90NL,3,a n t e d e s ˈi ɾ,V;IND;PRS;3;SG,21,55,38.18
10L_90NL_3_4,10L_90NL,3,a n t e d e s ˈi ɾ,V;IND;PRS;3;SG,15,55,27.27
10L_90NL_3_1,10L_90NL,3,a n t e d e s ˈi ɾ,V;SBJV;PRS;1;PL,15,55,27.27
10L_90NL_3_2,10L_90NL,3,a n t e d e s ˈi ɾ,V;SBJV;PRS;1;PL,15,55,27.27
10L_90NL_3_3,10L_90NL,3,a n t e d e s ˈi ɾ,V;SBJV;PRS;1;PL,15,55,27.27
10L_90NL_3_4,10L_90NL,3,a n t e d e s ˈi ɾ,V;SBJV;PRS;1;PL,15,55,27.27
10L_90NL_3_1,10L_90NL,3,a n t e d e s ˈi ɾ,V;SBJV;PRS;1;SG,15,55,27.27
10L_90NL_3_2,10L_90NL,3,a n t e d e s ˈi ɾ,V;SBJV;PRS;1;SG,15,55,27.27
10L_90NL_3_3,10L_90NL,3,a n t e d e s ˈi ɾ,V;SBJV;PRS;1;SG,15,55,27.27
10L_90NL_3_4,10L_90NL,3,a n t e d e s ˈi ɾ,V;SBJV;PRS;1;SG,15,55,27.27
10L_90NL_3_1,10L_90NL,3,a n t e d e s ˈi ɾ,V;SBJV;PRS;2;PL,0,55,0.0
10L_90NL_3_2,10L_90NL,3,a n t e d e s ˈi ɾ,V;SBJV;PRS;2;PL,15,55,27.27
10L_90NL_3_3,10L_90NL,3,a n t e d e s ˈi ɾ,V;SBJV;PRS;2;PL,0,55,0.0
10L_90NL_3_4,10L_90NL,3,a n t e d e s ˈi ɾ,V;SBJV;PRS;2;PL,11,55,20.0
10L_90NL_3_1,10L_90NL,3,a n t e d e s ˈi ɾ,V;SBJV;PRS;2;SG,15,55,27.27
10L_90NL_3_2,10L_90NL,3,a n t e d e s ˈi ɾ,V;SBJV;PRS;2;SG,15,55,27.27
10L_90NL_3_3,10L_90NL,3,a n t e d e s ˈi ɾ,V;SBJV;PRS;2;SG,15,55,27.27
10L_90NL_3_4,10L_90NL,3,a n t e d e s ˈi ɾ,V;SBJV;PRS;2;SG,15,55,27.27
10L_90NL_3_1,10L_90NL,3,a n t e d e s ˈi ɾ,V;SBJV;PRS;3;PL,15,55,27.27
10L_90NL_3_2,10L_90NL,3,a n t e d e s ˈi ɾ,V;SBJV;PRS;3;PL,15,55,27.27
10L_90NL_3_3,10L_90NL,3,a n t e d e s ˈi ɾ,V;SBJV;PRS;3;PL,15,55,27.27
10L_90NL_3_4,10L_90NL,3,a n t e d e s ˈi ɾ,V;SBJV;PRS;3;PL,15,55,27.27
10L_90NL_3_1,10L_90NL,3,a n t e d e s ˈi ɾ,V;SBJV;PRS;3;SG,15,55,27.27
10L_90NL_3_2,10L_90NL,3,a n t e d e s ˈi ɾ,V;SBJV;PRS;3;SG,15,55,27.27
10L_90NL_3_3,10L_90NL,3,a n t e d e s ˈi ɾ,V;SBJV;PRS;3;SG,15,55,27.27
10L_90NL_3_4,10L_90NL,3,a n t e d e s ˈi ɾ,V;SBJV;PRS;3;SG,15,55,27.27
10L_90NL_3_1,10L_90NL,3,e n a l t e s ˈe ɾ,V;IND;PRS;1;PL,55,55,100.0
10L_90NL_3_2,10L_90NL,3,e n a l t e s ˈe ɾ,V;IND;PRS;1;PL,55,55,100.0
10L_90NL_3_3,10L_90NL,3,e n a l t e s ˈe ɾ,V;IND;PRS;1;PL,55,55,100.0
10L_90NL_3_4,10L_90NL,3,e n a l t e s ˈe ɾ,V;IND;PRS;1;PL,55,55,100.0
10L_90NL_3_1,10L_90NL,3,e n a l t e s ˈe ɾ,V;IND;PRS;1;SG,55,55,100.0
10L_90NL_3_2,10L_90NL,3,e n a l t e s ˈe ɾ,V;IND;PRS;1;SG,55,55,100.0
10L_90NL_3_3,10L_90NL,3,e n a l t e s ˈe ɾ,V;IND;PRS;1;SG,55,55,100.0
10L_90NL_3_4,10L_90NL,3,e n a l t e s ˈe ɾ,V;IND;PRS;1;SG,55,55,100.0
10L_90NL_3_1,10L_90NL,3,e n a l t e s ˈe ɾ,V;IND;PRS;2;PL,55,55,100.0
10L_90NL_3_2,10L_90NL,3,e n a l t e s ˈe ɾ,V;IND;PRS;2;PL,55,55,100.0
10L_90NL_3_3,10L_90NL,3,e n a l t e s ˈe ɾ,V;IND;PRS;2;PL,55,55,100.0
10L_90NL_3_4,10L_90NL,3,e n a l t e s ˈe ɾ,V;IND;PRS;2;PL,55,55,100.0
10L_90NL_3_1,10L_90NL,3,e n a l t e s ˈe ɾ,V;IND;PRS;2;SG,55,55,100.0
10L_90NL_3_2,10L_90NL,3,e n a l t e s ˈe ɾ,V;IND;PRS;2;SG,55,55,100.0
10L_90NL_3_3,10L_90NL,3,e n a l t e s ˈe ɾ,V;IND;PRS;2;SG,55,55,100.0
10L_90NL_3_4,10L_90NL,3,e n a l t e s ˈe ɾ,V;IND;PRS;2;SG,55,55,100.0
10L_90NL_3_1,10L_90NL,3,e n a l t e s ˈe ɾ,V;IND;PRS;3;PL,55,55,100.0
10L_90NL_3_2,10L_90NL,3,e n a l t e s ˈe ɾ,V;IND;PRS;3;PL,55,55,100.0
10L_90NL_3_3,10L_90NL,3,e n a l t e s ˈe ɾ,V;IND;PRS;3;PL,55,55,100.0
10L_90NL_3_4,10L_90NL,3,e n a l t e s ˈe ɾ,V;IND;PRS;3;PL,55,55,100.0
10L_90NL_3_1,10L_90NL,3,e n a l t e s ˈe ɾ,V;IND;PRS;3;SG,55,55,100.0
10L_90NL_3_2,10L_90NL,3,e n a l t e s ˈe ɾ,V;IND;PRS;3;SG,55,55,100.0
10L_90NL_3_3,10L_90NL,3,e n a l t e s ˈe ɾ,V;IND;PRS;3;SG,55,55,100.0
10L_90NL_3_4,10L_90NL,3,e n a l t e s ˈe ɾ,V;IND;PRS;3;SG,55,55,100.0
10L_90NL_3_1,10L_90NL,3,e n a l t e s ˈe ɾ,V;SBJV;PRS;1;PL,44,55,80.0
10L_90NL_3_2,10L_90NL,3,e n a l t e s ˈe ɾ,V;SBJV;PRS;1;PL,53,55,96.36
10L_90NL_3_3,10L_90NL,3,e n a l t e s ˈe ɾ,V;SBJV;PRS;1;PL,55,55,100.0
10L_90NL_3_4,10L_90NL,3,e n a l t e s ˈe ɾ,V;SBJV;PRS;1;PL,55,55,100.0
10L_90NL_3_1,10L_90NL,3,e n a l t e s ˈe ɾ,V;SBJV;PRS;1;SG,55,55,100.0
10L_90NL_3_2,10L_90NL,3,e n a l t e s ˈe ɾ,V;SBJV;PRS;1;SG,53,55,96.36
10L_90NL_3_3,10L_90NL,3,e n a l t e s ˈe ɾ,V;SBJV;PRS;1;SG,55,55,100.0
10L_90NL_3_4,10L_90NL,3,e n a l t e s ˈe ɾ,V;SBJV;PRS;1;SG,51,55,92.73
10L_90NL_3_1,10L_90NL,3,e n a l t e s ˈe ɾ,V;SBJV;PRS;2;PL,46,55,83.64
10L_90NL_3_2,10L_90NL,3,e n a l t e s ˈe ɾ,V;SBJV;PRS;2;PL,53,55,96.36
10L_90NL_3_3,10L_90NL,3,e n a l t e s ˈe ɾ,V;SBJV;PRS;2;PL,55,55,100.0
10L_90NL_3_4,10L_90NL,3,e n a l t e s ˈe ɾ,V;SBJV;PRS;2;PL,55,55,100.0
10L_90NL_3_1,10L_90NL,3,e n a l t e s ˈe ɾ,V;SBJV;PRS;2;SG,55,55,100.0
10L_90NL_3_2,10L_90NL,3,e n a l t e s ˈe ɾ,V;SBJV;PRS;2;SG,52,55,94.55
10L_90NL_3_3,10L_90NL,3,e n a l t e s ˈe ɾ,V;SBJV;PRS;2;SG,55,55,100.0
10L_90NL_3_4,10L_90NL,3,e n a l t e s ˈe ɾ,V;SBJV;PRS;2;SG,52,55,94.55
10L_90NL_3_1,10L_90NL,3,e n a l t e s ˈe ɾ,V;SBJV;PRS;3;PL,53,55,96.36
10L_90NL_3_2,10L_90NL,3,e n a l t e s ˈe ɾ,V;SBJV;PRS;3;PL,53,55,96.36
10L_90NL_3_3,10L_90NL,3,e n a l t e s ˈe ɾ,V;SBJV;PRS;3;PL,55,55,100.0
10L_90NL_3_4,10L_90NL,3,e n a l t e s ˈe ɾ,V;SBJV;PRS;3;PL,51,55,92.73
10L_90NL_3_1,10L_90NL,3,e n a l t e s ˈe ɾ,V;SBJV;PRS;3;SG,55,55,100.0
10L_90NL_3_2,10L_90NL,3,e n a l t e s ˈe ɾ,V;SBJV;PRS;3;SG,54,55,98.18
10L_90NL_3_3,10L_90NL,3,e n a l t e s ˈe ɾ,V;SBJV;PRS;3;SG,55,55,100.0
10L_90NL_3_4,10L_90NL,3,e n a l t e s ˈe ɾ,V;SBJV;PRS;3;SG,51,55,92.73
10L_90NL_3_1,10L_90NL,3,e n ɾ i k e s ˈe ɾ,V;IND;PRS;1;PL,55,55,100.0
10L_90NL_3_2,10L_90NL,3,e n ɾ i k e s ˈe ɾ,V;IND;PRS;1;PL,55,55,100.0
10L_90NL_3_3,10L_90NL,3,e n ɾ i k e s ˈe ɾ,V;IND;PRS;1;PL,55,55,100.0
10L_90NL_3_4,10L_90NL,3,e n ɾ i k e s ˈe ɾ,V;IND;PRS;1;PL,55,55,100.0
10L_90NL_3_1,10L_90NL,3,e n ɾ i k e s ˈe ɾ,V;IND;PRS;1;SG,55,55,100.0
10L_90NL_3_2,10L_90NL,3,e n ɾ i k e s ˈe ɾ,V;IND;PRS;1;SG,55,55,100.0
10L_90NL_3_3,10L_90NL,3,e n ɾ i k e s ˈe ɾ,V;IND;PRS;1;SG,55,55,100.0
10L_90NL_3_4,10L_90NL,3,e n ɾ i k e s ˈe ɾ,V;IND;PRS;1;SG,55,55,100.0
10L_90NL_3_1,10L_90NL,3,e n ɾ i k e s ˈe ɾ,V;IND;PRS;2;PL,55,55,100.0
10L_90NL_3_2,10L_90NL,3,e n ɾ i k e s ˈe ɾ,V;IND;PRS;2;PL,55,55,100.0
10L_90NL_3_3,10L_90NL,3,e n ɾ i k e s ˈe ɾ,V;IND;PRS;2;PL,55,55,100.0
10L_90NL_3_4,10L_90NL,3,e n ɾ i k e s ˈe ɾ,V;IND;PRS;2;PL,55,55,100.0
10L_90NL_3_1,10L_90NL,3,e n ɾ i k e s ˈe ɾ,V;IND;PRS;2;SG,55,55,100.0
10L_90NL_3_2,10L_90NL,3,e n ɾ i k e s ˈe ɾ,V;IND;PRS;2;SG,55,55,100.0
10L_90NL_3_3,10L_90NL,3,e n ɾ i k e s ˈe ɾ,V;IND;PRS;2;SG,55,55,100.0
10L_90NL_3_4,10L_90NL,3,e n ɾ i k e s ˈe ɾ,V;IND;PRS;2;SG,55,55,100.0
10L_90NL_3_1,10L_90NL,3,e n ɾ i k e s ˈe ɾ,V;IND;PRS;3;PL,55,55,100.0
10L_90NL_3_2,10L_90NL,3,e n ɾ i k e s ˈe ɾ,V;IND;PRS;3;PL,55,55,100.0
10L_90NL_3_3,10L_90NL,3,e n ɾ i k e s ˈe ɾ,V;IND;PRS;3;PL,55,55,100.0
10L_90NL_3_4,10L_90NL,3,e n ɾ i k e s ˈe ɾ,V;IND;PRS;3;PL,55,55,100.0
10L_90NL_3_1,10L_90NL,3,e n ɾ i k e s ˈe ɾ,V;IND;PRS;3;SG,55,55,100.0
10L_90NL_3_2,10L_90NL,3,e n ɾ i k e s ˈe ɾ,V;IND;PRS;3;SG,55,55,100.0
10L_90NL_3_3,10L_90NL,3,e n ɾ i k e s ˈe ɾ,V;IND;PRS;3;SG,55,55,100.0
10L_90NL_3_4,10L_90NL,3,e n ɾ i k e s ˈe ɾ,V;IND;PRS;3;SG,55,55,100.0
10L_90NL_3_1,10L_90NL,3,e n ɾ i k e s ˈe ɾ,V;SBJV;PRS;1;PL,55,55,100.0
10L_90NL_3_2,10L_90NL,3,e n ɾ i k e s ˈe ɾ,V;SBJV;PRS;1;PL,53,55,96.36
10L_90NL_3_3,10L_90NL,3,e n ɾ i k e s ˈe ɾ,V;SBJV;PRS;1;PL,55,55,100.0
10L_90NL_3_4,10L_90NL,3,e n ɾ i k e s ˈe ɾ,V;SBJV;PRS;1;PL,55,55,100.0
10L_90NL_3_1,10L_90NL,3,e n ɾ i k e s ˈe ɾ,V;SBJV;PRS;1;SG,55,55,100.0
10L_90NL_3_2,10L_90NL,3,e n ɾ i k e s ˈe ɾ,V;SBJV;PRS;1;SG,55,55,100.0
10L_90NL_3_3,10L_90NL,3,e n ɾ i k e s ˈe ɾ,V;SBJV;PRS;1;SG,55,55,100.0
10L_90NL_3_4,10L_90NL,3,e n ɾ i k e s ˈe ɾ,V;SBJV;PRS;1;SG,55,55,100.0
10L_90NL_3_1,10L_90NL,3,e n ɾ i k e s ˈe ɾ,V;SBJV;PRS;2;PL,55,55,100.0
10L_90NL_3_2,10L_90NL,3,e n ɾ i k e s ˈe ɾ,V;SBJV;PRS;2;PL,54,55,98.18
10L_90NL_3_3,10L_90NL,3,e n ɾ i k e s ˈe ɾ,V;SBJV;PRS;2;PL,55,55,100.0
10L_90NL_3_4,10L_90NL,3,e n ɾ i k e s ˈe ɾ,V;SBJV;PRS;2;PL,55,55,100.0
10L_90NL_3_1,10L_90NL,3,e n ɾ i k e s ˈe ɾ,V;SBJV;PRS;2;SG,55,55,100.0
10L_90NL_3_2,10L_90NL,3,e n ɾ i k e s ˈe ɾ,V;SBJV;PRS;2;SG,55,55,100.0
10L_90NL_3_3,10L_90NL,3,e n ɾ i k e s ˈe ɾ,V;SBJV;PRS;2;SG,55,55,100.0
10L_90NL_3_4,10L_90NL,3,e n ɾ i k e s ˈe ɾ,V;SBJV;PRS;2;SG,55,55,100.0
10L_90NL_3_1,10L_90NL,3,e n ɾ i k e s ˈe ɾ,V;SBJV;PRS;3;PL,55,55,100.0
10L_90NL_3_2,10L_90NL,3,e n ɾ i k e s ˈe ɾ,V;SBJV;PRS;3;PL,55,55,100.0
10L_90NL_3_3,10L_90NL,3,e n ɾ i k e s ˈe ɾ,V;SBJV;PRS;3;PL,55,55,100.0
10L_90NL_3_4,10L_90NL,3,e n ɾ i k e s ˈe ɾ,V;SBJV;PRS;3;PL,55,55,100.0
10L_90NL_3_1,10L_90NL,3,e n ɾ i k e s ˈe ɾ,V;SBJV;PRS;3;SG,55,55,100.0
10L_90NL_3_2,10L_90NL,3,e n ɾ i k e s ˈe ɾ,V;SBJV;PRS;3;SG,55,55,100.0
10L_90NL_3_3,10L_90NL,3,e n ɾ i k e s ˈe ɾ,V;SBJV;PRS;3;SG,55,55,100.0
10L_90NL_3_4,10L_90NL,3,e n ɾ i k e s ˈe ɾ,V;SBJV;PRS;3;SG,55,55,100.0
10L_90NL_3_1,10L_90NL,3,m a l d e s ˈi ɾ,V;IND;PRS;1;PL,10,55,18.18
10L_90NL_3_2,10L_90NL,3,m a l d e s ˈi ɾ,V;IND;PRS;1;PL,10,55,18.18
10L_90NL_3_3,10L_90NL,3,m a l d e s ˈi ɾ,V;IND;PRS;1;PL,10,55,18.18
10L_90NL_3_4,10L_90NL,3,m a l d e s ˈi ɾ,V;IND;PRS;1;PL,10,55,18.18
10L_90NL_3_1,10L_90NL,3,m a l d e s ˈi ɾ,V;IND;PRS;1;SG,15,55,27.27
10L_90NL_3_2,10L_90NL,3,m a l d e s ˈi ɾ,V;IND;PRS;1;SG,15,55,27.27
10L_90NL_3_3,10L_90NL,3,m a l d e s ˈi ɾ,V;IND;PRS;1;SG,15,55,27.27
10L_90NL_3_4,10L_90NL,3,m a l d e s ˈi ɾ,V;IND;PRS;1;SG,15,55,27.27
10L_90NL_3_1,10L_90NL,3,m a l d e s ˈi ɾ,V;IND;PRS;2;PL,10,55,18.18
10L_90NL_3_2,10L_90NL,3,m a l d e s ˈi ɾ,V;IND;PRS;2;PL,10,55,18.18
10L_90NL_3_3,10L_90NL,3,m a l d e s ˈi ɾ,V;IND;PRS;2;PL,10,55,18.18
10L_90NL_3_4,10L_90NL,3,m a l d e s ˈi ɾ,V;IND;PRS;2;PL,10,55,18.18
10L_90NL_3_1,10L_90NL,3,m a l d e s ˈi ɾ,V;IND;PRS;2;SG,19,55,34.55
10L_90NL_3_2,10L_90NL,3,m a l d e s ˈi ɾ,V;IND;PRS;2;SG,33,55,60.0
10L_90NL_3_3,10L_90NL,3,m a l d e s ˈi ɾ,V;IND;PRS;2;SG,19,55,34.55
10L_90NL_3_4,10L_90NL,3,m a l d e s ˈi ɾ,V;IND;PRS;2;SG,15,55,27.27
10L_90NL_3_1,10L_90NL,3,m a l d e s ˈi ɾ,V;IND;PRS;3;PL,24,55,43.64
10L_90NL_3_2,10L_90NL,3,m a l d e s ˈi ɾ,V;IND;PRS;3;PL,33,55,60.0
10L_90NL_3_3,10L_90NL,3,m a l d e s ˈi ɾ,V;IND;PRS;3;PL,25,55,45.45
10L_90NL_3_4,10L_90NL,3,m a l d e s ˈi ɾ,V;IND;PRS;3;PL,21,55,38.18
10L_90NL_3_1,10L_90NL,3,m a l d e s ˈi ɾ,V;IND;PRS;3;SG,22,55,40.0
10L_90NL_3_2,10L_90NL,3,m a l d e s ˈi ɾ,V;IND;PRS;3;SG,33,55,60.0
10L_90NL_3_3,10L_90NL,3,m a l d e s ˈi ɾ,V;IND;PRS;3;SG,17,55,30.91
10L_90NL_3_4,10L_90NL,3,m a l d e s ˈi ɾ,V;IND;PRS;3;SG,17,55,30.91
10L_90NL_3_1,10L_90NL,3,m a l d e s ˈi ɾ,V;SBJV;PRS;1;PL,15,55,27.27
10L_90NL_3_2,10L_90NL,3,m a l d e s ˈi ɾ,V;SBJV;PRS;1;PL,15,55,27.27
10L_90NL_3_3,10L_90NL,3,m a l d e s ˈi ɾ,V;SBJV;PRS;1;PL,15,55,27.27
10L_90NL_3_4,10L_90NL,3,m a l d e s ˈi ɾ,V;SBJV;PRS;1;PL,15,55,27.27
10L_90NL_3_1,10L_90NL,3,m a l d e s ˈi ɾ,V;SBJV;PRS;1;SG,15,55,27.27
10L_90NL_3_2,10L_90NL,3,m a l d e s ˈi ɾ,V;SBJV;PRS;1;SG,15,55,27.27
10L_90NL_3_3,10L_90NL,3,m a l d e s ˈi ɾ,V;SBJV;PRS;1;SG,15,55,27.27
10L_90NL_3_4,10L_90NL,3,m a l d e s ˈi ɾ,V;SBJV;PRS;1;SG,15,55,27.27
10L_90NL_3_1,10L_90NL,3,m a l d e s ˈi ɾ,V;SBJV;PRS;2;PL,0,55,0.0
10L_90NL_3_2,10L_90NL,3,m a l d e s ˈi ɾ,V;SBJV;PRS;2;PL,0,55,0.0
10L_90NL_3_3,10L_90NL,3,m a l d e s ˈi ɾ,V;SBJV;PRS;2;PL,0,55,0.0
10L_90NL_3_4,10L_90NL,3,m a l d e s ˈi ɾ,V;SBJV;PRS;2;PL,0,55,0.0
10L_90NL_3_1,10L_90NL,3,m a l d e s ˈi ɾ,V;SBJV;PRS;2;SG,15,55,27.27
10L_90NL_3_2,10L_90NL,3,m a l d e s ˈi ɾ,V;SBJV;PRS;2;SG,15,55,27.27
10L_90NL_3_3,10L_90NL,3,m a l d e s ˈi ɾ,V;SBJV;PRS;2;SG,15,55,27.27
10L_90NL_3_4,10L_90NL,3,m a l d e s ˈi ɾ,V;SBJV;PRS;2;SG,15,55,27.27
10L_90NL_3_1,10L_90NL,3,m a l d e s ˈi ɾ,V;SBJV;PRS;3;PL,15,55,27.27
10L_90NL_3_2,10L_90NL,3,m a l d e s ˈi ɾ,V;SBJV;PRS;3;PL,15,55,27.27
10L_90NL_3_3,10L_90NL,3,m a l d e s ˈi ɾ,V;SBJV;PRS;3;PL,15,55,27.27
10L_90NL_3_4,10L_90NL,3,m a l d e s ˈi ɾ,V;SBJV;PRS;3;PL,15,55,27.27
10L_90NL_3_1,10L_90NL,3,m a l d e s ˈi ɾ,V;SBJV;PRS;3;SG,15,55,27.27
10L_90NL_3_2,10L_90NL,3,m a l d e s ˈi ɾ,V;SBJV;PRS;3;SG,15,55,27.27
10L_90NL_3_3,10L_90NL,3,m a l d e s ˈi ɾ,V;SBJV;PRS;3;SG,15,55,27.27
10L_90NL_3_4,10L_90NL,3,m a l d e s ˈi ɾ,V;SBJV;PRS;3;SG,15,55,27.27
10L_90NL_3_1,10L_90NL,3,m u l s ˈe ɾ,V;IND;PRS;1;PL,55,55,100.0
10L_90NL_3_2,10L_90NL,3,m u l s ˈe ɾ,V;IND;PRS;1;PL,55,55,100.0
10L_90NL_3_3,10L_90NL,3,m u l s ˈe ɾ,V;IND;PRS;1;PL,55,55,100.0
10L_90NL_3_4,10L_90NL,3,m u l s ˈe ɾ,V;IND;PRS;1;PL,55,55,100.0
10L_90NL_3_1,10L_90NL,3,m u l s ˈe ɾ,V;IND;PRS;1;SG,55,55,100.0
10L_90NL_3_2,10L_90NL,3,m u l s ˈe ɾ,V;IND;PRS;1;SG,55,55,100.0
10L_90NL_3_3,10L_90NL,3,m u l s ˈe ɾ,V;IND;PRS;1;SG,55,55,100.0
10L_90NL_3_4,10L_90NL,3,m u l s ˈe ɾ,V;IND;PRS;1;SG,55,55,100.0
10L_90NL_3_1,10L_90NL,3,m u l s ˈe ɾ,V;IND;PRS;2;PL,55,55,100.0
10L_90NL_3_2,10L_90NL,3,m u l s ˈe ɾ,V;IND;PRS;2;PL,55,55,100.0
10L_90NL_3_3,10L_90NL,3,m u l s ˈe ɾ,V;IND;PRS;2;PL,55,55,100.0
10L_90NL_3_4,10L_90NL,3,m u l s ˈe ɾ,V;IND;PRS;2;PL,55,55,100.0
10L_90NL_3_1,10L_90NL,3,m u l s ˈe ɾ,V;IND;PRS;2;SG,55,55,100.0
10L_90NL_3_2,10L_90NL,3,m u l s ˈe ɾ,V;IND;PRS;2;SG,55,55,100.0
10L_90NL_3_3,10L_90NL,3,m u l s ˈe ɾ,V;IND;PRS;2;SG,55,55,100.0
10L_90NL_3_4,10L_90NL,3,m u l s ˈe ɾ,V;IND;PRS;2;SG,55,55,100.0
10L_90NL_3_1,10L_90NL,3,m u l s ˈe ɾ,V;IND;PRS;3;PL,55,55,100.0
10L_90NL_3_2,10L_90NL,3,m u l s ˈe ɾ,V;IND;PRS;3;PL,55,55,100.0
10L_90NL_3_3,10L_90NL,3,m u l s ˈe ɾ,V;IND;PRS;3;PL,55,55,100.0
10L_90NL_3_4,10L_90NL,3,m u l s ˈe ɾ,V;IND;PRS;3;PL,55,55,100.0
10L_90NL_3_1,10L_90NL,3,m u l s ˈe ɾ,V;IND;PRS;3;SG,55,55,100.0
10L_90NL_3_2,10L_90NL,3,m u l s ˈe ɾ,V;IND;PRS;3;SG,55,55,100.0
10L_90NL_3_3,10L_90NL,3,m u l s ˈe ɾ,V;IND;PRS;3;SG,55,55,100.0
10L_90NL_3_4,10L_90NL,3,m u l s ˈe ɾ,V;IND;PRS;3;SG,55,55,100.0
10L_90NL_3_1,10L_90NL,3,m u l s ˈe ɾ,V;SBJV;PRS;1;PL,55,55,100.0
10L_90NL_3_2,10L_90NL,3,m u l s ˈe ɾ,V;SBJV;PRS;1;PL,55,55,100.0
10L_90NL_3_3,10L_90NL,3,m u l s ˈe ɾ,V;SBJV;PRS;1;PL,55,55,100.0
10L_90NL_3_4,10L_90NL,3,m u l s ˈe ɾ,V;SBJV;PRS;1;PL,55,55,100.0
10L_90NL_3_1,10L_90NL,3,m u l s ˈe ɾ,V;SBJV;PRS;1;SG,55,55,100.0
10L_90NL_3_2,10L_90NL,3,m u l s ˈe ɾ,V;SBJV;PRS;1;SG,55,55,100.0
10L_90NL_3_3,10L_90NL,3,m u l s ˈe ɾ,V;SBJV;PRS;1;SG,55,55,100.0
10L_90NL_3_4,10L_90NL,3,m u l s ˈe ɾ,V;SBJV;PRS;1;SG,55,55,100.0
10L_90NL_3_1,10L_90NL,3,m u l s ˈe ɾ,V;SBJV;PRS;2;PL,55,55,100.0
10L_90NL_3_2,10L_90NL,3,m u l s ˈe ɾ,V;SBJV;PRS;2;PL,55,55,100.0
10L_90NL_3_3,10L_90NL,3,m u l s ˈe ɾ,V;SBJV;PRS;2;PL,55,55,100.0
10L_90NL_3_4,10L_90NL,3,m u l s ˈe ɾ,V;SBJV;PRS;2;PL,55,55,100.0
10L_90NL_3_1,10L_90NL,3,m u l s ˈe ɾ,V;SBJV;PRS;2;SG,55,55,100.0
10L_90NL_3_2,10L_90NL,3,m u l s ˈe ɾ,V;SBJV;PRS;2;SG,55,55,100.0
10L_90NL_3_3,10L_90NL,3,m u l s ˈe ɾ,V;SBJV;PRS;2;SG,55,55,100.0
10L_90NL_3_4,10L_90NL,3,m u l s ˈe ɾ,V;SBJV;PRS;2;SG,55,55,100.0
10L_90NL_3_1,10L_90NL,3,m u l s ˈe ɾ,V;SBJV;PRS;3;PL,55,55,100.0
10L_90NL_3_2,10L_90NL,3,m u l s ˈe ɾ,V;SBJV;PRS;3;PL,55,55,100.0
10L_90NL_3_3,10L_90NL,3,m u l s ˈe ɾ,V;SBJV;PRS;3;PL,55,55,100.0
10L_90NL_3_4,10L_90NL,3,m u l s ˈe ɾ,V;SBJV;PRS;3;PL,55,55,100.0
10L_90NL_3_1,10L_90NL,3,m u l s ˈe ɾ,V;SBJV;PRS;3;SG,55,55,100.0
10L_90NL_3_2,10L_90NL,3,m u l s ˈe ɾ,V;SBJV;PRS;3;SG,55,55,100.0
10L_90NL_3_3,10L_90NL,3,m u l s ˈe ɾ,V;SBJV;PRS;3;SG,55,55,100.0
10L_90NL_3_4,10L_90NL,3,m u l s ˈe ɾ,V;SBJV;PRS;3;SG,55,55,100.0
10L_90NL_3_1,10L_90NL,3,p a l i d e s ˈe ɾ,V;IND;PRS;1;PL,55,55,100.0
10L_90NL_3_2,10L_90NL,3,p a l i d e s ˈe ɾ,V;IND;PRS;1;PL,55,55,100.0
10L_90NL_3_3,10L_90NL,3,p a l i d e s ˈe ɾ,V;IND;PRS;1;PL,55,55,100.0
10L_90NL_3_4,10L_90NL,3,p a l i d e s ˈe ɾ,V;IND;PRS;1;PL,55,55,100.0
10L_90NL_3_1,10L_90NL,3,p a l i d e s ˈe ɾ,V;IND;PRS;1;SG,55,55,100.0
10L_90NL_3_2,10L_90NL,3,p a l i d e s ˈe ɾ,V;IND;PRS;1;SG,55,55,100.0
10L_90NL_3_3,10L_90NL,3,p a l i d e s ˈe ɾ,V;IND;PRS;1;SG,55,55,100.0
10L_90NL_3_4,10L_90NL,3,p a l i d e s ˈe ɾ,V;IND;PRS;1;SG,55,55,100.0
10L_90NL_3_1,10L_90NL,3,p a l i d e s ˈe ɾ,V;IND;PRS;2;PL,55,55,100.0
10L_90NL_3_2,10L_90NL,3,p a l i d e s ˈe ɾ,V;IND;PRS;2;PL,55,55,100.0
10L_90NL_3_3,10L_90NL,3,p a l i d e s ˈe ɾ,V;IND;PRS;2;PL,55,55,100.0
10L_90NL_3_4,10L_90NL,3,p a l i d e s ˈe ɾ,V;IND;PRS;2;PL,55,55,100.0
10L_90NL_3_1,10L_90NL,3,p a l i d e s ˈe ɾ,V;IND;PRS;2;SG,55,55,100.0
10L_90NL_3_2,10L_90NL,3,p a l i d e s ˈe ɾ,V;IND;PRS;2;SG,55,55,100.0
10L_90NL_3_3,10L_90NL,3,p a l i d e s ˈe ɾ,V;IND;PRS;2;SG,55,55,100.0
10L_90NL_3_4,10L_90NL,3,p a l i d e s ˈe ɾ,V;IND;PRS;2;SG,55,55,100.0
10L_90NL_3_1,10L_90NL,3,p a l i d e s ˈe ɾ,V;IND;PRS;3;PL,55,55,100.0
10L_90NL_3_2,10L_90NL,3,p a l i d e s ˈe ɾ,V;IND;PRS;3;PL,55,55,100.0
10L_90NL_3_3,10L_90NL,3,p a l i d e s ˈe ɾ,V;IND;PRS;3;PL,55,55,100.0
10L_90NL_3_4,10L_90NL,3,p a l i d e s ˈe ɾ,V;IND;PRS;3;PL,55,55,100.0
10L_90NL_3_1,10L_90NL,3,p a l i d e s ˈe ɾ,V;IND;PRS;3;SG,55,55,100.0
10L_90NL_3_2,10L_90NL,3,p a l i d e s ˈe ɾ,V;IND;PRS;3;SG,55,55,100.0
10L_90NL_3_3,10L_90NL,3,p a l i d e s ˈe ɾ,V;IND;PRS;3;SG,55,55,100.0
10L_90NL_3_4,10L_90NL,3,p a l i d e s ˈe ɾ,V;IND;PRS;3;SG,55,55,100.0
10L_90NL_3_1,10L_90NL,3,p a l i d e s ˈe ɾ,V;SBJV;PRS;1;PL,55,55,100.0
10L_90NL_3_2,10L_90NL,3,p a l i d e s ˈe ɾ,V;SBJV;PRS;1;PL,55,55,100.0
10L_90NL_3_3,10L_90NL,3,p a l i d e s ˈe ɾ,V;SBJV;PRS;1;PL,55,55,100.0
10L_90NL_3_4,10L_90NL,3,p a l i d e s ˈe ɾ,V;SBJV;PRS;1;PL,55,55,100.0
10L_90NL_3_1,10L_90NL,3,p a l i d e s ˈe ɾ,V;SBJV;PRS;1;SG,55,55,100.0
10L_90NL_3_2,10L_90NL,3,p a l i d e s ˈe ɾ,V;SBJV;PRS;1;SG,55,55,100.0
10L_90NL_3_3,10L_90NL,3,p a l i d e s ˈe ɾ,V;SBJV;PRS;1;SG,55,55,100.0
10L_90NL_3_4,10L_90NL,3,p a l i d e s ˈe ɾ,V;SBJV;PRS;1;SG,55,55,100.0
10L_90NL_3_1,10L_90NL,3,p a l i d e s ˈe ɾ,V;SBJV;PRS;2;PL,55,55,100.0
10L_90NL_3_2,10L_90NL,3,p a l i d e s ˈe ɾ,V;SBJV;PRS;2;PL,55,55,100.0
10L_90NL_3_3,10L_90NL,3,p a l i d e s ˈe ɾ,V;SBJV;PRS;2;PL,55,55,100.0
10L_90NL_3_4,10L_90NL,3,p a l i d e s ˈe ɾ,V;SBJV;PRS;2;PL,55,55,100.0
10L_90NL_3_1,10L_90NL,3,p a l i d e s ˈe ɾ,V;SBJV;PRS;2;SG,55,55,100.0
10L_90NL_3_2,10L_90NL,3,p a l i d e s ˈe ɾ,V;SBJV;PRS;2;SG,55,55,100.0
10L_90NL_3_3,10L_90NL,3,p a l i d e s ˈe ɾ,V;SBJV;PRS;2;SG,55,55,100.0
10L_90NL_3_4,10L_90NL,3,p a l i d e s ˈe ɾ,V;SBJV;PRS;2;SG,55,55,100.0
10L_90NL_3_1,10L_90NL,3,p a l i d e s ˈe ɾ,V;SBJV;PRS;3;PL,55,55,100.0
10L_90NL_3_2,10L_90NL,3,p a l i d e s ˈe ɾ,V;SBJV;PRS;3;PL,55,55,100.0
10L_90NL_3_3,10L_90NL,3,p a l i d e s ˈe ɾ,V;SBJV;PRS;3;PL,55,55,100.0
10L_90NL_3_4,10L_90NL,3,p a l i d e s ˈe ɾ,V;SBJV;PRS;3;PL,55,55,100.0
10L_90NL_3_1,10L_90NL,3,p a l i d e s ˈe ɾ,V;SBJV;PRS;3;SG,55,55,100.0
10L_90NL_3_2,10L_90NL,3,p a l i d e s ˈe ɾ,V;SBJV;PRS;3;SG,55,55,100.0
10L_90NL_3_3,10L_90NL,3,p a l i d e s ˈe ɾ,V;SBJV;PRS;3;SG,55,55,100.0
10L_90NL_3_4,10L_90NL,3,p a l i d e s ˈe ɾ,V;SBJV;PRS;3;SG,55,55,100.0
10L_90NL_3_1,10L_90NL,3,ɾ e a b a s t e s ˈe ɾ,V;IND;PRS;1;PL,55,55,100.0
10L_90NL_3_2,10L_90NL,3,ɾ e a b a s t e s ˈe ɾ,V;IND;PRS;1;PL,55,55,100.0
10L_90NL_3_3,10L_90NL,3,ɾ e a b a s t e s ˈe ɾ,V;IND;PRS;1;PL,55,55,100.0
10L_90NL_3_4,10L_90NL,3,ɾ e a b a s t e s ˈe ɾ,V;IND;PRS;1;PL,55,55,100.0
10L_90NL_3_1,10L_90NL,3,ɾ e a b a s t e s ˈe ɾ,V;IND;PRS;1;SG,50,55,90.91
10L_90NL_3_2,10L_90NL,3,ɾ e a b a s t e s ˈe ɾ,V;IND;PRS;1;SG,49,55,89.09
10L_90NL_3_3,10L_90NL,3,ɾ e a b a s t e s ˈe ɾ,V;IND;PRS;1;SG,55,55,100.0
10L_90NL_3_4,10L_90NL,3,ɾ e a b a s t e s ˈe ɾ,V;IND;PRS;1;SG,48,55,87.27
10L_90NL_3_1,10L_90NL,3,ɾ e a b a s t e s ˈe ɾ,V;IND;PRS;2;PL,55,55,100.0
10L_90NL_3_2,10L_90NL,3,ɾ e a b a s t e s ˈe ɾ,V;IND;PRS;2;PL,55,55,100.0
10L_90NL_3_3,10L_90NL,3,ɾ e a b a s t e s ˈe ɾ,V;IND;PRS;2;PL,55,55,100.0
10L_90NL_3_4,10L_90NL,3,ɾ e a b a s t e s ˈe ɾ,V;IND;PRS;2;PL,55,55,100.0
10L_90NL_3_1,10L_90NL,3,ɾ e a b a s t e s ˈe ɾ,V;IND;PRS;2;SG,55,55,100.0
10L_90NL_3_2,10L_90NL,3,ɾ e a b a s t e s ˈe ɾ,V;IND;PRS;2;SG,45,55,81.82
10L_90NL_3_3,10L_90NL,3,ɾ e a b a s t e s ˈe ɾ,V;IND;PRS;2;SG,55,55,100.0
10L_90NL_3_4,10L_90NL,3,ɾ e a b a s t e s ˈe ɾ,V;IND;PRS;2;SG,55,55,100.0
10L_90NL_3_1,10L_90NL,3,ɾ e a b a s t e s ˈe ɾ,V;IND;PRS;3;PL,55,55,100.0
10L_90NL_3_2,10L_90NL,3,ɾ e a b a s t e s ˈe ɾ,V;IND;PRS;3;PL,53,55,96.36
10L_90NL_3_3,10L_90NL,3,ɾ e a b a s t e s ˈe ɾ,V;IND;PRS;3;PL,55,55,100.0
10L_90NL_3_4,10L_90NL,3,ɾ e a b a s t e s ˈe ɾ,V;IND;PRS;3;PL,55,55,100.0
10L_90NL_3_1,10L_90NL,3,ɾ e a b a s t e s ˈe ɾ,V;IND;PRS;3;SG,55,55,100.0
10L_90NL_3_2,10L_90NL,3,ɾ e a b a s t e s ˈe ɾ,V;IND;PRS;3;SG,55,55,100.0
10L_90NL_3_3,10L_90NL,3,ɾ e a b a s t e s ˈe ɾ,V;IND;PRS;3;SG,55,55,100.0
10L_90NL_3_4,10L_90NL,3,ɾ e a b a s t e s ˈe ɾ,V;IND;PRS;3;SG,55,55,100.0
10L_90NL_3_1,10L_90NL,3,ɾ e a b a s t e s ˈe ɾ,V;SBJV;PRS;1;PL,55,55,100.0
10L_90NL_3_2,10L_90NL,3,ɾ e a b a s t e s ˈe ɾ,V;SBJV;PRS;1;PL,46,55,83.64
10L_90NL_3_3,10L_90NL,3,ɾ e a b a s t e s ˈe ɾ,V;SBJV;PRS;1;PL,55,55,100.0
10L_90NL_3_4,10L_90NL,3,ɾ e a b a s t e s ˈe ɾ,V;SBJV;PRS;1;PL,52,55,94.55
10L_90NL_3_1,10L_90NL,3,ɾ e a b a s t e s ˈe ɾ,V;SBJV;PRS;1;SG,52,55,94.55
10L_90NL_3_2,10L_90NL,3,ɾ e a b a s t e s ˈe ɾ,V;SBJV;PRS;1;SG,47,55,85.45
10L_90NL_3_3,10L_90NL,3,ɾ e a b a s t e s ˈe ɾ,V;SBJV;PRS;1;SG,55,55,100.0
10L_90NL_3_4,10L_90NL,3,ɾ e a b a s t e s ˈe ɾ,V;SBJV;PRS;1;SG,47,55,85.45
10L_90NL_3_1,10L_90NL,3,ɾ e a b a s t e s ˈe ɾ,V;SBJV;PRS;2;PL,55,55,100.0
10L_90NL_3_2,10L_90NL,3,ɾ e a b a s t e s ˈe ɾ,V;SBJV;PRS;2;PL,48,55,87.27
10L_90NL_3_3,10L_90NL,3,ɾ e a b a s t e s ˈe ɾ,V;SBJV;PRS;2;PL,55,55,100.0
10L_90NL_3_4,10L_90NL,3,ɾ e a b a s t e s ˈe ɾ,V;SBJV;PRS;2;PL,54,55,98.18
10L_90NL_3_1,10L_90NL,3,ɾ e a b a s t e s ˈe ɾ,V;SBJV;PRS;2;SG,55,55,100.0
10L_90NL_3_2,10L_90NL,3,ɾ e a b a s t e s ˈe ɾ,V;SBJV;PRS;2;SG,49,55,89.09
10L_90NL_3_3,10L_90NL,3,ɾ e a b a s t e s ˈe ɾ,V;SBJV;PRS;2;SG,53,55,96.36
10L_90NL_3_4,10L_90NL,3,ɾ e a b a s t e s ˈe ɾ,V;SBJV;PRS;2;SG,31,55,56.36
10L_90NL_3_1,10L_90NL,3,ɾ e a b a s t e s ˈe ɾ,V;SBJV;PRS;3;PL,55,55,100.0
10L_90NL_3_2,10L_90NL,3,ɾ e a b a s t e s ˈe ɾ,V;SBJV;PRS;3;PL,50,55,90.91
10L_90NL_3_3,10L_90NL,3,ɾ e a b a s t e s ˈe ɾ,V;SBJV;PRS;3;PL,53,55,96.36
10L_90NL_3_4,10L_90NL,3,ɾ e a b a s t e s ˈe ɾ,V;SBJV;PRS;3;PL,44,55,80.0
10L_90NL_3_1,10L_90NL,3,ɾ e a b a s t e s ˈe ɾ,V;SBJV;PRS;3;SG,51,55,92.73
10L_90NL_3_2,10L_90NL,3,ɾ e a b a s t e s ˈe ɾ,V;SBJV;PRS;3;SG,47,55,85.45
10L_90NL_3_3,10L_90NL,3,ɾ e a b a s t e s ˈe ɾ,V;SBJV;PRS;3;SG,55,55,100.0
10L_90NL_3_4,10L_90NL,3,ɾ e a b a s t e s ˈe ɾ,V;SBJV;PRS;3;SG,46,55,83.64
50L_50NL_1_1,50L_50NL,1,a b o r e s ˈe ɾ,V;IND;PRS;1;PL,55,55,100.0
50L_50NL_1_2,50L_50NL,1,a b o r e s ˈe ɾ,V;IND;PRS;1;PL,55,55,100.0
50L_50NL_1_3,50L_50NL,1,a b o r e s ˈe ɾ,V;IND;PRS;1;PL,55,55,100.0
50L_50NL_1_4,50L_50NL,1,a b o r e s ˈe ɾ,V;IND;PRS;1;PL,55,55,100.0
50L_50NL_1_1,50L_50NL,1,a b o r e s ˈe ɾ,V;IND;PRS;1;SG,55,55,100.0
50L_50NL_1_2,50L_50NL,1,a b o r e s ˈe ɾ,V;IND;PRS;1;SG,55,55,100.0
50L_50NL_1_3,50L_50NL,1,a b o r e s ˈe ɾ,V;IND;PRS;1;SG,55,55,100.0
50L_50NL_1_4,50L_50NL,1,a b o r e s ˈe ɾ,V;IND;PRS;1;SG,55,55,100.0
50L_50NL_1_1,50L_50NL,1,a b o r e s ˈe ɾ,V;IND;PRS;2;PL,55,55,100.0
50L_50NL_1_2,50L_50NL,1,a b o r e s ˈe ɾ,V;IND;PRS;2;PL,55,55,100.0
50L_50NL_1_3,50L_50NL,1,a b o r e s ˈe ɾ,V;IND;PRS;2;PL,55,55,100.0
50L_50NL_1_4,50L_50NL,1,a b o r e s ˈe ɾ,V;IND;PRS;2;PL,55,55,100.0
50L_50NL_1_1,50L_50NL,1,a b o r e s ˈe ɾ,V;IND;PRS;2;SG,55,55,100.0
50L_50NL_1_2,50L_50NL,1,a b o r e s ˈe ɾ,V;IND;PRS;2;SG,55,55,100.0
50L_50NL_1_3,50L_50NL,1,a b o r e s ˈe ɾ,V;IND;PRS;2;SG,55,55,100.0
50L_50NL_1_4,50L_50NL,1,a b o r e s ˈe ɾ,V;IND;PRS;2;SG,55,55,100.0
50L_50NL_1_1,50L_50NL,1,a b o r e s ˈe ɾ,V;IND;PRS;3;PL,55,55,100.0
50L_50NL_1_2,50L_50NL,1,a b o r e s ˈe ɾ,V;IND;PRS;3;PL,55,55,100.0
50L_50NL_1_3,50L_50NL,1,a b o r e s ˈe ɾ,V;IND;PRS;3;PL,55,55,100.0
50L_50NL_1_4,50L_50NL,1,a b o r e s ˈe ɾ,V;IND;PRS;3;PL,55,55,100.0
50L_50NL_1_1,50L_50NL,1,a b o r e s ˈe ɾ,V;IND;PRS;3;SG,55,55,100.0
50L_50NL_1_2,50L_50NL,1,a b o r e s ˈe ɾ,V;IND;PRS;3;SG,55,55,100.0
50L_50NL_1_3,50L_50NL,1,a b o r e s ˈe ɾ,V;IND;PRS;3;SG,55,55,100.0
50L_50NL_1_4,50L_50NL,1,a b o r e s ˈe ɾ,V;IND;PRS;3;SG,55,55,100.0
50L_50NL_1_1,50L_50NL,1,a b o r e s ˈe ɾ,V;SBJV;PRS;1;PL,55,55,100.0
50L_50NL_1_2,50L_50NL,1,a b o r e s ˈe ɾ,V;SBJV;PRS;1;PL,55,55,100.0
50L_50NL_1_3,50L_50NL,1,a b o r e s ˈe ɾ,V;SBJV;PRS;1;PL,55,55,100.0
50L_50NL_1_4,50L_50NL,1,a b o r e s ˈe ɾ,V;SBJV;PRS;1;PL,55,55,100.0
50L_50NL_1_1,50L_50NL,1,a b o r e s ˈe ɾ,V;SBJV;PRS;1;SG,55,55,100.0
50L_50NL_1_2,50L_50NL,1,a b o r e s ˈe ɾ,V;SBJV;PRS;1;SG,55,55,100.0
50L_50NL_1_3,50L_50NL,1,a b o r e s ˈe ɾ,V;SBJV;PRS;1;SG,55,55,100.0
50L_50NL_1_4,50L_50NL,1,a b o r e s ˈe ɾ,V;SBJV;PRS;1;SG,55,55,100.0
50L_50NL_1_1,50L_50NL,1,a b o r e s ˈe ɾ,V;SBJV;PRS;2;PL,55,55,100.0
50L_50NL_1_2,50L_50NL,1,a b o r e s ˈe ɾ,V;SBJV;PRS;2;PL,55,55,100.0
50L_50NL_1_3,50L_50NL,1,a b o r e s ˈe ɾ,V;SBJV;PRS;2;PL,55,55,100.0
50L_50NL_1_4,50L_50NL,1,a b o r e s ˈe ɾ,V;SBJV;PRS;2;PL,55,55,100.0
50L_50NL_1_1,50L_50NL,1,a b o r e s ˈe ɾ,V;SBJV;PRS;2;SG,55,55,100.0
50L_50NL_1_2,50L_50NL,1,a b o r e s ˈe ɾ,V;SBJV;PRS;2;SG,55,55,100.0
50L_50NL_1_3,50L_50NL,1,a b o r e s ˈe ɾ,V;SBJV;PRS;2;SG,55,55,100.0
50L_50NL_1_4,50L_50NL,1,a b o r e s ˈe ɾ,V;SBJV;PRS;2;SG,55,55,100.0
50L_50NL_1_1,50L_50NL,1,a b o r e s ˈe ɾ,V;SBJV;PRS;3;PL,55,55,100.0
50L_50NL_1_2,50L_50NL,1,a b o r e s ˈe ɾ,V;SBJV;PRS;3;PL,55,55,100.0
50L_50NL_1_3,50L_50NL,1,a b o r e s ˈe ɾ,V;SBJV;PRS;3;PL,55,55,100.0
50L_50NL_1_4,50L_50NL,1,a b o r e s ˈe ɾ,V;SBJV;PRS;3;PL,55,55,100.0
50L_50NL_1_1,50L_50NL,1,a b o r e s ˈe ɾ,V;SBJV;PRS;3;SG,55,55,100.0
50L_50NL_1_2,50L_50NL,1,a b o r e s ˈe ɾ,V;SBJV;PRS;3;SG,55,55,100.0
50L_50NL_1_3,50L_50NL,1,a b o r e s ˈe ɾ,V;SBJV;PRS;3;SG,55,55,100.0
50L_50NL_1_4,50L_50NL,1,a b o r e s ˈe ɾ,V;SBJV;PRS;3;SG,55,55,100.0
50L_50NL_1_1,50L_50NL,1,a n o ʧ e s ˈe ɾ,V;IND;PRS;1;PL,55,55,100.0
50L_50NL_1_2,50L_50NL,1,a n o ʧ e s ˈe ɾ,V;IND;PRS;1;PL,55,55,100.0
50L_50NL_1_3,50L_50NL,1,a n o ʧ e s ˈe ɾ,V;IND;PRS;1;PL,55,55,100.0
50L_50NL_1_4,50L_50NL,1,a n o ʧ e s ˈe ɾ,V;IND;PRS;1;PL,55,55,100.0
50L_50NL_1_1,50L_50NL,1,a n o ʧ e s ˈe ɾ,V;IND;PRS;1;SG,55,55,100.0
50L_50NL_1_2,50L_50NL,1,a n o ʧ e s ˈe ɾ,V;IND;PRS;1;SG,55,55,100.0
50L_50NL_1_3,50L_50NL,1,a n o ʧ e s ˈe ɾ,V;IND;PRS;1;SG,55,55,100.0
50L_50NL_1_4,50L_50NL,1,a n o ʧ e s ˈe ɾ,V;IND;PRS;1;SG,55,55,100.0
50L_50NL_1_1,50L_50NL,1,a n o ʧ e s ˈe ɾ,V;IND;PRS;2;PL,55,55,100.0
50L_50NL_1_2,50L_50NL,1,a n o ʧ e s ˈe ɾ,V;IND;PRS;2;PL,55,55,100.0
50L_50NL_1_3,50L_50NL,1,a n o ʧ e s ˈe ɾ,V;IND;PRS;2;PL,55,55,100.0
50L_50NL_1_4,50L_50NL,1,a n o ʧ e s ˈe ɾ,V;IND;PRS;2;PL,55,55,100.0
50L_50NL_1_1,50L_50NL,1,a n o ʧ e s ˈe ɾ,V;IND;PRS;2;SG,55,55,100.0
50L_50NL_1_2,50L_50NL,1,a n o ʧ e s ˈe ɾ,V;IND;PRS;2;SG,55,55,100.0
50L_50NL_1_3,50L_50NL,1,a n o ʧ e s ˈe ɾ,V;IND;PRS;2;SG,55,55,100.0
50L_50NL_1_4,50L_50NL,1,a n o ʧ e s ˈe ɾ,V;IND;PRS;2;SG,55,55,100.0
50L_50NL_1_1,50L_50NL,1,a n o ʧ e s ˈe ɾ,V;IND;PRS;3;PL,55,55,100.0
50L_50NL_1_2,50L_50NL,1,a n o ʧ e s ˈe ɾ,V;IND;PRS;3;PL,55,55,100.0
50L_50NL_1_3,50L_50NL,1,a n o ʧ e s ˈe ɾ,V;IND;PRS;3;PL,55,55,100.0
50L_50NL_1_4,50L_50NL,1,a n o ʧ e s ˈe ɾ,V;IND;PRS;3;PL,55,55,100.0
50L_50NL_1_1,50L_50NL,1,a n o ʧ e s ˈe ɾ,V;IND;PRS;3;SG,55,55,100.0
50L_50NL_1_2,50L_50NL,1,a n o ʧ e s ˈe ɾ,V;IND;PRS;3;SG,55,55,100.0
50L_50NL_1_3,50L_50NL,1,a n o ʧ e s ˈe ɾ,V;IND;PRS;3;SG,55,55,100.0
50L_50NL_1_4,50L_50NL,1,a n o ʧ e s ˈe ɾ,V;IND;PRS;3;SG,55,55,100.0
50L_50NL_1_1,50L_50NL,1,a n o ʧ e s ˈe ɾ,V;SBJV;PRS;1;PL,55,55,100.0
50L_50NL_1_2,50L_50NL,1,a n o ʧ e s ˈe ɾ,V;SBJV;PRS;1;PL,55,55,100.0
50L_50NL_1_3,50L_50NL,1,a n o ʧ e s ˈe ɾ,V;SBJV;PRS;1;PL,55,55,100.0
50L_50NL_1_4,50L_50NL,1,a n o ʧ e s ˈe ɾ,V;SBJV;PRS;1;PL,55,55,100.0
50L_50NL_1_1,50L_50NL,1,a n o ʧ e s ˈe ɾ,V;SBJV;PRS;1;SG,55,55,100.0
50L_50NL_1_2,50L_50NL,1,a n o ʧ e s ˈe ɾ,V;SBJV;PRS;1;SG,50,55,90.91
50L_50NL_1_3,50L_50NL,1,a n o ʧ e s ˈe ɾ,V;SBJV;PRS;1;SG,55,55,100.0
50L_50NL_1_4,50L_50NL,1,a n o ʧ e s ˈe ɾ,V;SBJV;PRS;1;SG,55,55,100.0
50L_50NL_1_1,50L_50NL,1,a n o ʧ e s ˈe ɾ,V;SBJV;PRS;2;PL,55,55,100.0
50L_50NL_1_2,50L_50NL,1,a n o ʧ e s ˈe ɾ,V;SBJV;PRS;2;PL,54,55,98.18
50L_50NL_1_3,50L_50NL,1,a n o ʧ e s ˈe ɾ,V;SBJV;PRS;2;PL,55,55,100.0
50L_50NL_1_4,50L_50NL,1,a n o ʧ e s ˈe ɾ,V;SBJV;PRS;2;PL,55,55,100.0
50L_50NL_1_1,50L_50NL,1,a n o ʧ e s ˈe ɾ,V;SBJV;PRS;2;SG,55,55,100.0
50L_50NL_1_2,50L_50NL,1,a n o ʧ e s ˈe ɾ,V;SBJV;PRS;2;SG,54,55,98.18
50L_50NL_1_3,50L_50NL,1,a n o ʧ e s ˈe ɾ,V;SBJV;PRS;2;SG,55,55,100.0
50L_50NL_1_4,50L_50NL,1,a n o ʧ e s ˈe ɾ,V;SBJV;PRS;2;SG,55,55,100.0
50L_50NL_1_1,50L_50NL,1,a n o ʧ e s ˈe ɾ,V;SBJV;PRS;3;PL,55,55,100.0
50L_50NL_1_2,50L_50NL,1,a n o ʧ e s ˈe ɾ,V;SBJV;PRS;3;PL,53,55,96.36
50L_50NL_1_3,50L_50NL,1,a n o ʧ e s ˈe ɾ,V;SBJV;PRS;3;PL,55,55,100.0
50L_50NL_1_4,50L_50NL,1,a n o ʧ e s ˈe ɾ,V;SBJV;PRS;3;PL,55,55,100.0
50L_50NL_1_1,50L_50NL,1,a n o ʧ e s ˈe ɾ,V;SBJV;PRS;3;SG,55,55,100.0
50L_50NL_1_2,50L_50NL,1,a n o ʧ e s ˈe ɾ,V;SBJV;PRS;3;SG,50,55,90.91
50L_50NL_1_3,50L_50NL,1,a n o ʧ e s ˈe ɾ,V;SBJV;PRS;3;SG,55,55,100.0
50L_50NL_1_4,50L_50NL,1,a n o ʧ e s ˈe ɾ,V;SBJV;PRS;3;SG,55,55,100.0
50L_50NL_1_1,50L_50NL,1,a n t e d e s ˈi ɾ,V;IND;PRS;1;PL,55,55,100.0
50L_50NL_1_2,50L_50NL,1,a n t e d e s ˈi ɾ,V;IND;PRS;1;PL,55,55,100.0
50L_50NL_1_3,50L_50NL,1,a n t e d e s ˈi ɾ,V;IND;PRS;1;PL,55,55,100.0
50L_50NL_1_4,50L_50NL,1,a n t e d e s ˈi ɾ,V;IND;PRS;1;PL,55,55,100.0
50L_50NL_1_1,50L_50NL,1,a n t e d e s ˈi ɾ,V;IND;PRS;1;SG,55,55,100.0
50L_50NL_1_2,50L_50NL,1,a n t e d e s ˈi ɾ,V;IND;PRS;1;SG,55,55,100.0
50L_50NL_1_3,50L_50NL,1,a n t e d e s ˈi ɾ,V;IND;PRS;1;SG,55,55,100.0
50L_50NL_1_4,50L_50NL,1,a n t e d e s ˈi ɾ,V;IND;PRS;1;SG,55,55,100.0
50L_50NL_1_1,50L_50NL,1,a n t e d e s ˈi ɾ,V;IND;PRS;2;PL,55,55,100.0
50L_50NL_1_2,50L_50NL,1,a n t e d e s ˈi ɾ,V;IND;PRS;2;PL,55,55,100.0
50L_50NL_1_3,50L_50NL,1,a n t e d e s ˈi ɾ,V;IND;PRS;2;PL,55,55,100.0
50L_50NL_1_4,50L_50NL,1,a n t e d e s ˈi ɾ,V;IND;PRS;2;PL,55,55,100.0
50L_50NL_1_1,50L_50NL,1,a n t e d e s ˈi ɾ,V;IND;PRS;2;SG,55,55,100.0
50L_50NL_1_2,50L_50NL,1,a n t e d e s ˈi ɾ,V;IND;PRS;2;SG,55,55,100.0
50L_50NL_1_3,50L_50NL,1,a n t e d e s ˈi ɾ,V;IND;PRS;2;SG,55,55,100.0
50L_50NL_1_4,50L_50NL,1,a n t e d e s ˈi ɾ,V;IND;PRS;2;SG,55,55,100.0
50L_50NL_1_1,50L_50NL,1,a n t e d e s ˈi ɾ,V;IND;PRS;3;PL,55,55,100.0
50L_50NL_1_2,50L_50NL,1,a n t e d e s ˈi ɾ,V;IND;PRS;3;PL,55,55,100.0
50L_50NL_1_3,50L_50NL,1,a n t e d e s ˈi ɾ,V;IND;PRS;3;PL,55,55,100.0
50L_50NL_1_4,50L_50NL,1,a n t e d e s ˈi ɾ,V;IND;PRS;3;PL,55,55,100.0
50L_50NL_1_1,50L_50NL,1,a n t e d e s ˈi ɾ,V;IND;PRS;3;SG,55,55,100.0
50L_50NL_1_2,50L_50NL,1,a n t e d e s ˈi ɾ,V;IND;PRS;3;SG,55,55,100.0
50L_50NL_1_3,50L_50NL,1,a n t e d e s ˈi ɾ,V;IND;PRS;3;SG,55,55,100.0
50L_50NL_1_4,50L_50NL,1,a n t e d e s ˈi ɾ,V;IND;PRS;3;SG,55,55,100.0
50L_50NL_1_1,50L_50NL,1,a n t e d e s ˈi ɾ,V;SBJV;PRS;1;PL,55,55,100.0
50L_50NL_1_2,50L_50NL,1,a n t e d e s ˈi ɾ,V;SBJV;PRS;1;PL,55,55,100.0
50L_50NL_1_3,50L_50NL,1,a n t e d e s ˈi ɾ,V;SBJV;PRS;1;PL,55,55,100.0
50L_50NL_1_4,50L_50NL,1,a n t e d e s ˈi ɾ,V;SBJV;PRS;1;PL,55,55,100.0
50L_50NL_1_1,50L_50NL,1,a n t e d e s ˈi ɾ,V;SBJV;PRS;1;SG,55,55,100.0
50L_50NL_1_2,50L_50NL,1,a n t e d e s ˈi ɾ,V;SBJV;PRS;1;SG,55,55,100.0
50L_50NL_1_3,50L_50NL,1,a n t e d e s ˈi ɾ,V;SBJV;PRS;1;SG,55,55,100.0
50L_50NL_1_4,50L_50NL,1,a n t e d e s ˈi ɾ,V;SBJV;PRS;1;SG,55,55,100.0
50L_50NL_1_1,50L_50NL,1,a n t e d e s ˈi ɾ,V;SBJV;PRS;2;PL,54,55,98.18
50L_50NL_1_2,50L_50NL,1,a n t e d e s ˈi ɾ,V;SBJV;PRS;2;PL,55,55,100.0
50L_50NL_1_3,50L_50NL,1,a n t e d e s ˈi ɾ,V;SBJV;PRS;2;PL,55,55,100.0
50L_50NL_1_4,50L_50NL,1,a n t e d e s ˈi ɾ,V;SBJV;PRS;2;PL,55,55,100.0
50L_50NL_1_1,50L_50NL,1,a n t e d e s ˈi ɾ,V;SBJV;PRS;2;SG,55,55,100.0
50L_50NL_1_2,50L_50NL,1,a n t e d e s ˈi ɾ,V;SBJV;PRS;2;SG,55,55,100.0
50L_50NL_1_3,50L_50NL,1,a n t e d e s ˈi ɾ,V;SBJV;PRS;2;SG,55,55,100.0
50L_50NL_1_4,50L_50NL,1,a n t e d e s ˈi ɾ,V;SBJV;PRS;2;SG,55,55,100.0
50L_50NL_1_1,50L_50NL,1,a n t e d e s ˈi ɾ,V;SBJV;PRS;3;PL,55,55,100.0
50L_50NL_1_2,50L_50NL,1,a n t e d e s ˈi ɾ,V;SBJV;PRS;3;PL,55,55,100.0
50L_50NL_1_3,50L_50NL,1,a n t e d e s ˈi ɾ,V;SBJV;PRS;3;PL,55,55,100.0
50L_50NL_1_4,50L_50NL,1,a n t e d e s ˈi ɾ,V;SBJV;PRS;3;PL,55,55,100.0
50L_50NL_1_1,50L_50NL,1,a n t e d e s ˈi ɾ,V;SBJV;PRS;3;SG,55,55,100.0
50L_50NL_1_2,50L_50NL,1,a n t e d e s ˈi ɾ,V;SBJV;PRS;3;SG,55,55,100.0
50L_50NL_1_3,50L_50NL,1,a n t e d e s ˈi ɾ,V;SBJV;PRS;3;SG,55,55,100.0
50L_50NL_1_4,50L_50NL,1,a n t e d e s ˈi ɾ,V;SBJV;PRS;3;SG,55,55,100.0
50L_50NL_1_1,50L_50NL,1,a p a ɾ e s ˈe ɾ,V;IND;PRS;1;PL,55,55,100.0
50L_50NL_1_2,50L_50NL,1,a p a ɾ e s ˈe ɾ,V;IND;PRS;1;PL,55,55,100.0
50L_50NL_1_3,50L_50NL,1,a p a ɾ e s ˈe ɾ,V;IND;PRS;1;PL,55,55,100.0
50L_50NL_1_4,50L_50NL,1,a p a ɾ e s ˈe ɾ,V;IND;PRS;1;PL,55,55,100.0
50L_50NL_1_1,50L_50NL,1,a p a ɾ e s ˈe ɾ,V;IND;PRS;1;SG,55,55,100.0
50L_50NL_1_2,50L_50NL,1,a p a ɾ e s ˈe ɾ,V;IND;PRS;1;SG,55,55,100.0
50L_50NL_1_3,50L_50NL,1,a p a ɾ e s ˈe ɾ,V;IND;PRS;1;SG,55,55,100.0
50L_50NL_1_4,50L_50NL,1,a p a ɾ e s ˈe ɾ,V;IND;PRS;1;SG,55,55,100.0
50L_50NL_1_1,50L_50NL,1,a p a ɾ e s ˈe ɾ,V;IND;PRS;2;PL,55,55,100.0
50L_50NL_1_2,50L_50NL,1,a p a ɾ e s ˈe ɾ,V;IND;PRS;2;PL,55,55,100.0
50L_50NL_1_3,50L_50NL,1,a p a ɾ e s ˈe ɾ,V;IND;PRS;2;PL,55,55,100.0
50L_50NL_1_4,50L_50NL,1,a p a ɾ e s ˈe ɾ,V;IND;PRS;2;PL,55,55,100.0
50L_50NL_1_1,50L_50NL,1,a p a ɾ e s ˈe ɾ,V;IND;PRS;2;SG,55,55,100.0
50L_50NL_1_2,50L_50NL,1,a p a ɾ e s ˈe ɾ,V;IND;PRS;2;SG,55,55,100.0
50L_50NL_1_3,50L_50NL,1,a p a ɾ e s ˈe ɾ,V;IND;PRS;2;SG,55,55,100.0
50L_50NL_1_4,50L_50NL,1,a p a ɾ e s ˈe ɾ,V;IND;PRS;2;SG,55,55,100.0
50L_50NL_1_1,50L_50NL,1,a p a ɾ e s ˈe ɾ,V;IND;PRS;3;PL,55,55,100.0
50L_50NL_1_2,50L_50NL,1,a p a ɾ e s ˈe ɾ,V;IND;PRS;3;PL,55,55,100.0
50L_50NL_1_3,50L_50NL,1,a p a ɾ e s ˈe ɾ,V;IND;PRS;3;PL,55,55,100.0
50L_50NL_1_4,50L_50NL,1,a p a ɾ e s ˈe ɾ,V;IND;PRS;3;PL,55,55,100.0
50L_50NL_1_1,50L_50NL,1,a p a ɾ e s ˈe ɾ,V;IND;PRS;3;SG,55,55,100.0
50L_50NL_1_2,50L_50NL,1,a p a ɾ e s ˈe ɾ,V;IND;PRS;3;SG,55,55,100.0
50L_50NL_1_3,50L_50NL,1,a p a ɾ e s ˈe ɾ,V;IND;PRS;3;SG,55,55,100.0
50L_50NL_1_4,50L_50NL,1,a p a ɾ e s ˈe ɾ,V;IND;PRS;3;SG,55,55,100.0
50L_50NL_1_1,50L_50NL,1,a p a ɾ e s ˈe ɾ,V;SBJV;PRS;1;PL,55,55,100.0
50L_50NL_1_2,50L_50NL,1,a p a ɾ e s ˈe ɾ,V;SBJV;PRS;1;PL,55,55,100.0
50L_50NL_1_3,50L_50NL,1,a p a ɾ e s ˈe ɾ,V;SBJV;PRS;1;PL,55,55,100.0
50L_50NL_1_4,50L_50NL,1,a p a ɾ e s ˈe ɾ,V;SBJV;PRS;1;PL,55,55,100.0
50L_50NL_1_1,50L_50NL,1,a p a ɾ e s ˈe ɾ,V;SBJV;PRS;1;SG,55,55,100.0
50L_50NL_1_2,50L_50NL,1,a p a ɾ e s ˈe ɾ,V;SBJV;PRS;1;SG,51,55,92.73
50L_50NL_1_3,50L_50NL,1,a p a ɾ e s ˈe ɾ,V;SBJV;PRS;1;SG,55,55,100.0
50L_50NL_1_4,50L_50NL,1,a p a ɾ e s ˈe ɾ,V;SBJV;PRS;1;SG,55,55,100.0
50L_50NL_1_1,50L_50NL,1,a p a ɾ e s ˈe ɾ,V;SBJV;PRS;2;PL,55,55,100.0
50L_50NL_1_2,50L_50NL,1,a p a ɾ e s ˈe ɾ,V;SBJV;PRS;2;PL,55,55,100.0
50L_50NL_1_3,50L_50NL,1,a p a ɾ e s ˈe ɾ,V;SBJV;PRS;2;PL,55,55,100.0
50L_50NL_1_4,50L_50NL,1,a p a ɾ e s ˈe ɾ,V;SBJV;PRS;2;PL,55,55,100.0
50L_50NL_1_1,50L_50NL,1,a p a ɾ e s ˈe ɾ,V;SBJV;PRS;2;SG,55,55,100.0
50L_50NL_1_2,50L_50NL,1,a p a ɾ e s ˈe ɾ,V;SBJV;PRS;2;SG,54,55,98.18
50L_50NL_1_3,50L_50NL,1,a p a ɾ e s ˈe ɾ,V;SBJV;PRS;2;SG,55,55,100.0
50L_50NL_1_4,50L_50NL,1,a p a ɾ e s ˈe ɾ,V;SBJV;PRS;2;SG,55,55,100.0
50L_50NL_1_1,50L_50NL,1,a p a ɾ e s ˈe ɾ,V;SBJV;PRS;3;PL,55,55,100.0
50L_50NL_1_2,50L_50NL,1,a p a ɾ e s ˈe ɾ,V;SBJV;PRS;3;PL,55,55,100.0
50L_50NL_1_3,50L_50NL,1,a p a ɾ e s ˈe ɾ,V;SBJV;PRS;3;PL,55,55,100.0
50L_50NL_1_4,50L_50NL,1,a p a ɾ e s ˈe ɾ,V;SBJV;PRS;3;PL,55,55,100.0
50L_50NL_1_1,50L_50NL,1,a p a ɾ e s ˈe ɾ,V;SBJV;PRS;3;SG,55,55,100.0
50L_50NL_1_2,50L_50NL,1,a p a ɾ e s ˈe ɾ,V;SBJV;PRS;3;SG,51,55,92.73
50L_50NL_1_3,50L_50NL,1,a p a ɾ e s ˈe ɾ,V;SBJV;PRS;3;SG,55,55,100.0
50L_50NL_1_4,50L_50NL,1,a p a ɾ e s ˈe ɾ,V;SBJV;PRS;3;SG,55,55,100.0
50L_50NL_1_1,50L_50NL,1,a s t ɾ i n ç ˈi ɾ,V;IND;PRS;1;PL,55,55,100.0
50L_50NL_1_2,50L_50NL,1,a s t ɾ i n ç ˈi ɾ,V;IND;PRS;1;PL,55,55,100.0
50L_50NL_1_3,50L_50NL,1,a s t ɾ i n ç ˈi ɾ,V;IND;PRS;1;PL,55,55,100.0
50L_50NL_1_4,50L_50NL,1,a s t ɾ i n ç ˈi ɾ,V;IND;PRS;1;PL,55,55,100.0
50L_50NL_1_1,50L_50NL,1,a s t ɾ i n ç ˈi ɾ,V;IND;PRS;1;SG,55,55,100.0
50L_50NL_1_2,50L_50NL,1,a s t ɾ i n ç ˈi ɾ,V;IND;PRS;1;SG,55,55,100.0
50L_50NL_1_3,50L_50NL,1,a s t ɾ i n ç ˈi ɾ,V;IND;PRS;1;SG,55,55,100.0
50L_50NL_1_4,50L_50NL,1,a s t ɾ i n ç ˈi ɾ,V;IND;PRS;1;SG,55,55,100.0
50L_50NL_1_1,50L_50NL,1,a s t ɾ i n ç ˈi ɾ,V;IND;PRS;2;PL,55,55,100.0
50L_50NL_1_2,50L_50NL,1,a s t ɾ i n ç ˈi ɾ,V;IND;PRS;2;PL,55,55,100.0
50L_50NL_1_3,50L_50NL,1,a s t ɾ i n ç ˈi ɾ,V;IND;PRS;2;PL,55,55,100.0
50L_50NL_1_4,50L_50NL,1,a s t ɾ i n ç ˈi ɾ,V;IND;PRS;2;PL,55,55,100.0
50L_50NL_1_1,50L_50NL,1,a s t ɾ i n ç ˈi ɾ,V;IND;PRS;2;SG,55,55,100.0
50L_50NL_1_2,50L_50NL,1,a s t ɾ i n ç ˈi ɾ,V;IND;PRS;2;SG,55,55,100.0
50L_50NL_1_3,50L_50NL,1,a s t ɾ i n ç ˈi ɾ,V;IND;PRS;2;SG,55,55,100.0
50L_50NL_1_4,50L_50NL,1,a s t ɾ i n ç ˈi ɾ,V;IND;PRS;2;SG,55,55,100.0
50L_50NL_1_1,50L_50NL,1,a s t ɾ i n ç ˈi ɾ,V;IND;PRS;3;PL,55,55,100.0
50L_50NL_1_2,50L_50NL,1,a s t ɾ i n ç ˈi ɾ,V;IND;PRS;3;PL,55,55,100.0
50L_50NL_1_3,50L_50NL,1,a s t ɾ i n ç ˈi ɾ,V;IND;PRS;3;PL,55,55,100.0
50L_50NL_1_4,50L_50NL,1,a s t ɾ i n ç ˈi ɾ,V;IND;PRS;3;PL,55,55,100.0
50L_50NL_1_1,50L_50NL,1,a s t ɾ i n ç ˈi ɾ,V;IND;PRS;3;SG,55,55,100.0
50L_50NL_1_2,50L_50NL,1,a s t ɾ i n ç ˈi ɾ,V;IND;PRS;3;SG,55,55,100.0
50L_50NL_1_3,50L_50NL,1,a s t ɾ i n ç ˈi ɾ,V;IND;PRS;3;SG,55,55,100.0
50L_50NL_1_4,50L_50NL,1,a s t ɾ i n ç ˈi ɾ,V;IND;PRS;3;SG,55,55,100.0
50L_50NL_1_1,50L_50NL,1,a s t ɾ i n ç ˈi ɾ,V;SBJV;PRS;1;PL,55,55,100.0
50L_50NL_1_2,50L_50NL,1,a s t ɾ i n ç ˈi ɾ,V;SBJV;PRS;1;PL,55,55,100.0
50L_50NL_1_3,50L_50NL,1,a s t ɾ i n ç ˈi ɾ,V;SBJV;PRS;1;PL,55,55,100.0
50L_50NL_1_4,50L_50NL,1,a s t ɾ i n ç ˈi ɾ,V;SBJV;PRS;1;PL,55,55,100.0
50L_50NL_1_1,50L_50NL,1,a s t ɾ i n ç ˈi ɾ,V;SBJV;PRS;1;SG,55,55,100.0
50L_50NL_1_2,50L_50NL,1,a s t ɾ i n ç ˈi ɾ,V;SBJV;PRS;1;SG,55,55,100.0
50L_50NL_1_3,50L_50NL,1,a s t ɾ i n ç ˈi ɾ,V;SBJV;PRS;1;SG,55,55,100.0
50L_50NL_1_4,50L_50NL,1,a s t ɾ i n ç ˈi ɾ,V;SBJV;PRS;1;SG,55,55,100.0
50L_50NL_1_1,50L_50NL,1,a s t ɾ i n ç ˈi ɾ,V;SBJV;PRS;2;PL,55,55,100.0
50L_50NL_1_2,50L_50NL,1,a s t ɾ i n ç ˈi ɾ,V;SBJV;PRS;2;PL,55,55,100.0
50L_50NL_1_3,50L_50NL,1,a s t ɾ i n ç ˈi ɾ,V;SBJV;PRS;2;PL,55,55,100.0
50L_50NL_1_4,50L_50NL,1,a s t ɾ i n ç ˈi ɾ,V;SBJV;PRS;2;PL,55,55,100.0
50L_50NL_1_1,50L_50NL,1,a s t ɾ i n ç ˈi ɾ,V;SBJV;PRS;2;SG,55,55,100.0
50L_50NL_1_2,50L_50NL,1,a s t ɾ i n ç ˈi ɾ,V;SBJV;PRS;2;SG,55,55,100.0
50L_50NL_1_3,50L_50NL,1,a s t ɾ i n ç ˈi ɾ,V;SBJV;PRS;2;SG,55,55,100.0
50L_50NL_1_4,50L_50NL,1,a s t ɾ i n ç ˈi ɾ,V;SBJV;PRS;2;SG,55,55,100.0
50L_50NL_1_1,50L_50NL,1,a s t ɾ i n ç ˈi ɾ,V;SBJV;PRS;3;PL,55,55,100.0
50L_50NL_1_2,50L_50NL,1,a s t ɾ i n ç ˈi ɾ,V;SBJV;PRS;3;PL,55,55,100.0
50L_50NL_1_3,50L_50NL,1,a s t ɾ i n ç ˈi ɾ,V;SBJV;PRS;3;PL,55,55,100.0
50L_50NL_1_4,50L_50NL,1,a s t ɾ i n ç ˈi ɾ,V;SBJV;PRS;3;PL,55,55,100.0
50L_50NL_1_1,50L_50NL,1,a s t ɾ i n ç ˈi ɾ,V;SBJV;PRS;3;SG,55,55,100.0
50L_50NL_1_2,50L_50NL,1,a s t ɾ i n ç ˈi ɾ,V;SBJV;PRS;3;SG,55,55,100.0
50L_50NL_1_3,50L_50NL,1,a s t ɾ i n ç ˈi ɾ,V;SBJV;PRS;3;SG,55,55,100.0
50L_50NL_1_4,50L_50NL,1,a s t ɾ i n ç ˈi ɾ,V;SBJV;PRS;3;SG,55,55,100.0
50L_50NL_1_1,50L_50NL,1,b a l b u s ˈi ɾ,V;IND;PRS;1;PL,55,55,100.0
50L_50NL_1_2,50L_50NL,1,b a l b u s ˈi ɾ,V;IND;PRS;1;PL,55,55,100.0
50L_50NL_1_3,50L_50NL,1,b a l b u s ˈi ɾ,V;IND;PRS;1;PL,55,55,100.0
50L_50NL_1_4,50L_50NL,1,b a l b u s ˈi ɾ,V;IND;PRS;1;PL,55,55,100.0
50L_50NL_1_1,50L_50NL,1,b a l b u s ˈi ɾ,V;IND;PRS;1;SG,53,55,96.36
50L_50NL_1_2,50L_50NL,1,b a l b u s ˈi ɾ,V;IND;PRS;1;SG,55,55,100.0
50L_50NL_1_3,50L_50NL,1,b a l b u s ˈi ɾ,V;IND;PRS;1;SG,55,55,100.0
50L_50NL_1_4,50L_50NL,1,b a l b u s ˈi ɾ,V;IND;PRS;1;SG,55,55,100.0
50L_50NL_1_1,50L_50NL,1,b a l b u s ˈi ɾ,V;IND;PRS;2;PL,55,55,100.0
50L_50NL_1_2,50L_50NL,1,b a l b u s ˈi ɾ,V;IND;PRS;2;PL,55,55,100.0
50L_50NL_1_3,50L_50NL,1,b a l b u s ˈi ɾ,V;IND;PRS;2;PL,55,55,100.0
50L_50NL_1_4,50L_50NL,1,b a l b u s ˈi ɾ,V;IND;PRS;2;PL,55,55,100.0
50L_50NL_1_1,50L_50NL,1,b a l b u s ˈi ɾ,V;IND;PRS;2;SG,55,55,100.0
50L_50NL_1_2,50L_50NL,1,b a l b u s ˈi ɾ,V;IND;PRS;2;SG,55,55,100.0
50L_50NL_1_3,50L_50NL,1,b a l b u s ˈi ɾ,V;IND;PRS;2;SG,55,55,100.0
50L_50NL_1_4,50L_50NL,1,b a l b u s ˈi ɾ,V;IND;PRS;2;SG,55,55,100.0
50L_50NL_1_1,50L_50NL,1,b a l b u s ˈi ɾ,V;IND;PRS;3;PL,55,55,100.0
50L_50NL_1_2,50L_50NL,1,b a l b u s ˈi ɾ,V;IND;PRS;3;PL,55,55,100.0
50L_50NL_1_3,50L_50NL,1,b a l b u s ˈi ɾ,V;IND;PRS;3;PL,55,55,100.0
50L_50NL_1_4,50L_50NL,1,b a l b u s ˈi ɾ,V;IND;PRS;3;PL,55,55,100.0
50L_50NL_1_1,50L_50NL,1,b a l b u s ˈi ɾ,V;IND;PRS;3;SG,55,55,100.0
50L_50NL_1_2,50L_50NL,1,b a l b u s ˈi ɾ,V;IND;PRS;3;SG,55,55,100.0
50L_50NL_1_3,50L_50NL,1,b a l b u s ˈi ɾ,V;IND;PRS;3;SG,55,55,100.0
50L_50NL_1_4,50L_50NL,1,b a l b u s ˈi ɾ,V;IND;PRS;3;SG,55,55,100.0
50L_50NL_1_1,50L_50NL,1,b a l b u s ˈi ɾ,V;SBJV;PRS;1;PL,49,55,89.09
50L_50NL_1_2,50L_50NL,1,b a l b u s ˈi ɾ,V;SBJV;PRS;1;PL,55,55,100.0
50L_50NL_1_3,50L_50NL,1,b a l b u s ˈi ɾ,V;SBJV;PRS;1;PL,52,55,94.55
50L_50NL_1_4,50L_50NL,1,b a l b u s ˈi ɾ,V;SBJV;PRS;1;PL,55,55,100.0
50L_50NL_1_1,50L_50NL,1,b a l b u s ˈi ɾ,V;SBJV;PRS;1;SG,48,55,87.27
50L_50NL_1_2,50L_50NL,1,b a l b u s ˈi ɾ,V;SBJV;PRS;1;SG,55,55,100.0
50L_50NL_1_3,50L_50NL,1,b a l b u s ˈi ɾ,V;SBJV;PRS;1;SG,55,55,100.0
50L_50NL_1_4,50L_50NL,1,b a l b u s ˈi ɾ,V;SBJV;PRS;1;SG,55,55,100.0
50L_50NL_1_1,50L_50NL,1,b a l b u s ˈi ɾ,V;SBJV;PRS;2;PL,51,55,92.73
50L_50NL_1_2,50L_50NL,1,b a l b u s ˈi ɾ,V;SBJV;PRS;2;PL,55,55,100.0
50L_50NL_1_3,50L_50NL,1,b a l b u s ˈi ɾ,V;SBJV;PRS;2;PL,54,55,98.18
50L_50NL_1_4,50L_50NL,1,b a l b u s ˈi ɾ,V;SBJV;PRS;2;PL,55,55,100.0
50L_50NL_1_1,50L_50NL,1,b a l b u s ˈi ɾ,V;SBJV;PRS;2;SG,48,55,87.27
50L_50NL_1_2,50L_50NL,1,b a l b u s ˈi ɾ,V;SBJV;PRS;2;SG,55,55,100.0
50L_50NL_1_3,50L_50NL,1,b a l b u s ˈi ɾ,V;SBJV;PRS;2;SG,55,55,100.0
50L_50NL_1_4,50L_50NL,1,b a l b u s ˈi ɾ,V;SBJV;PRS;2;SG,55,55,100.0
50L_50NL_1_1,50L_50NL,1,b a l b u s ˈi ɾ,V;SBJV;PRS;3;PL,46,55,83.64
50L_50NL_1_2,50L_50NL,1,b a l b u s ˈi ɾ,V;SBJV;PRS;3;PL,55,55,100.0
50L_50NL_1_3,50L_50NL,1,b a l b u s ˈi ɾ,V;SBJV;PRS;3;PL,55,55,100.0
50L_50NL_1_4,50L_50NL,1,b a l b u s ˈi ɾ,V;SBJV;PRS;3;PL,55,55,100.0
50L_50NL_1_1,50L_50NL,1,b a l b u s ˈi ɾ,V;SBJV;PRS;3;SG,48,55,87.27
50L_50NL_1_2,50L_50NL,1,b a l b u s ˈi ɾ,V;SBJV;PRS;3;SG,55,55,100.0
50L_50NL_1_3,50L_50NL,1,b a l b u s ˈi ɾ,V;SBJV;PRS;3;SG,55,55,100.0
50L_50NL_1_4,50L_50NL,1,b a l b u s ˈi ɾ,V;SBJV;PRS;3;SG,55,55,100.0
50L_50NL_1_1,50L_50NL,1,d e p o n ˈe ɾ,V;IND;PRS;1;PL,55,55,100.0
50L_50NL_1_2,50L_50NL,1,d e p o n ˈe ɾ,V;IND;PRS;1;PL,55,55,100.0
50L_50NL_1_3,50L_50NL,1,d e p o n ˈe ɾ,V;IND;PRS;1;PL,55,55,100.0
50L_50NL_1_4,50L_50NL,1,d e p o n ˈe ɾ,V;IND;PRS;1;PL,55,55,100.0
50L_50NL_1_1,50L_50NL,1,d e p o n ˈe ɾ,V;IND;PRS;1;SG,55,55,100.0
50L_50NL_1_2,50L_50NL,1,d e p o n ˈe ɾ,V;IND;PRS;1;SG,55,55,100.0
50L_50NL_1_3,50L_50NL,1,d e p o n ˈe ɾ,V;IND;PRS;1;SG,55,55,100.0
50L_50NL_1_4,50L_50NL,1,d e p o n ˈe ɾ,V;IND;PRS;1;SG,55,55,100.0
50L_50NL_1_1,50L_50NL,1,d e p o n ˈe ɾ,V;IND;PRS;2;PL,55,55,100.0
50L_50NL_1_2,50L_50NL,1,d e p o n ˈe ɾ,V;IND;PRS;2;PL,55,55,100.0
50L_50NL_1_3,50L_50NL,1,d e p o n ˈe ɾ,V;IND;PRS;2;PL,55,55,100.0
50L_50NL_1_4,50L_50NL,1,d e p o n ˈe ɾ,V;IND;PRS;2;PL,55,55,100.0
50L_50NL_1_1,50L_50NL,1,d e p o n ˈe ɾ,V;IND;PRS;2;SG,55,55,100.0
50L_50NL_1_2,50L_50NL,1,d e p o n ˈe ɾ,V;IND;PRS;2;SG,55,55,100.0
50L_50NL_1_3,50L_50NL,1,d e p o n ˈe ɾ,V;IND;PRS;2;SG,55,55,100.0
50L_50NL_1_4,50L_50NL,1,d e p o n ˈe ɾ,V;IND;PRS;2;SG,55,55,100.0
50L_50NL_1_1,50L_50NL,1,d e p o n ˈe ɾ,V;IND;PRS;3;PL,55,55,100.0
50L_50NL_1_2,50L_50NL,1,d e p o n ˈe ɾ,V;IND;PRS;3;PL,55,55,100.0
50L_50NL_1_3,50L_50NL,1,d e p o n ˈe ɾ,V;IND;PRS;3;PL,55,55,100.0
50L_50NL_1_4,50L_50NL,1,d e p o n ˈe ɾ,V;IND;PRS;3;PL,55,55,100.0
50L_50NL_1_1,50L_50NL,1,d e p o n ˈe ɾ,V;IND;PRS;3;SG,55,55,100.0
50L_50NL_1_2,50L_50NL,1,d e p o n ˈe ɾ,V;IND;PRS;3;SG,55,55,100.0
50L_50NL_1_3,50L_50NL,1,d e p o n ˈe ɾ,V;IND;PRS;3;SG,55,55,100.0
50L_50NL_1_4,50L_50NL,1,d e p o n ˈe ɾ,V;IND;PRS;3;SG,55,55,100.0
50L_50NL_1_1,50L_50NL,1,d e p o n ˈe ɾ,V;SBJV;PRS;1;PL,55,55,100.0
50L_50NL_1_2,50L_50NL,1,d e p o n ˈe ɾ,V;SBJV;PRS;1;PL,55,55,100.0
50L_50NL_1_3,50L_50NL,1,d e p o n ˈe ɾ,V;SBJV;PRS;1;PL,55,55,100.0
50L_50NL_1_4,50L_50NL,1,d e p o n ˈe ɾ,V;SBJV;PRS;1;PL,55,55,100.0
50L_50NL_1_1,50L_50NL,1,d e p o n ˈe ɾ,V;SBJV;PRS;1;SG,55,55,100.0
50L_50NL_1_2,50L_50NL,1,d e p o n ˈe ɾ,V;SBJV;PRS;1;SG,55,55,100.0
50L_50NL_1_3,50L_50NL,1,d e p o n ˈe ɾ,V;SBJV;PRS;1;SG,55,55,100.0
50L_50NL_1_4,50L_50NL,1,d e p o n ˈe ɾ,V;SBJV;PRS;1;SG,55,55,100.0
50L_50NL_1_1,50L_50NL,1,d e p o n ˈe ɾ,V;SBJV;PRS;2;PL,55,55,100.0
50L_50NL_1_2,50L_50NL,1,d e p o n ˈe ɾ,V;SBJV;PRS;2;PL,55,55,100.0
50L_50NL_1_3,50L_50NL,1,d e p o n ˈe ɾ,V;SBJV;PRS;2;PL,55,55,100.0
50L_50NL_1_4,50L_50NL,1,d e p o n ˈe ɾ,V;SBJV;PRS;2;PL,55,55,100.0
50L_50NL_1_1,50L_50NL,1,d e p o n ˈe ɾ,V;SBJV;PRS;2;SG,55,55,100.0
50L_50NL_1_2,50L_50NL,1,d e p o n ˈe ɾ,V;SBJV;PRS;2;SG,55,55,100.0
50L_50NL_1_3,50L_50NL,1,d e p o n ˈe ɾ,V;SBJV;PRS;2;SG,55,55,100.0
50L_50NL_1_4,50L_50NL,1,d e p o n ˈe ɾ,V;SBJV;PRS;2;SG,55,55,100.0
50L_50NL_1_1,50L_50NL,1,d e p o n ˈe ɾ,V;SBJV;PRS;3;PL,55,55,100.0
50L_50NL_1_2,50L_50NL,1,d e p o n ˈe ɾ,V;SBJV;PRS;3;PL,55,55,100.0
50L_50NL_1_3,50L_50NL,1,d e p o n ˈe ɾ,V;SBJV;PRS;3;PL,55,55,100.0
50L_50NL_1_4,50L_50NL,1,d e p o n ˈe ɾ,V;SBJV;PRS;3;PL,55,55,100.0
50L_50NL_1_1,50L_50NL,1,d e p o n ˈe ɾ,V;SBJV;PRS;3;SG,55,55,100.0
50L_50NL_1_2,50L_50NL,1,d e p o n ˈe ɾ,V;SBJV;PRS;3;SG,55,55,100.0
50L_50NL_1_3,50L_50NL,1,d e p o n ˈe ɾ,V;SBJV;PRS;3;SG,55,55,100.0
50L_50NL_1_4,50L_50NL,1,d e p o n ˈe ɾ,V;SBJV;PRS;3;SG,55,55,100.0
50L_50NL_1_1,50L_50NL,1,d e s a s ˈe ɾ,V;IND;PRS;1;PL,34,55,61.82
50L_50NL_1_2,50L_50NL,1,d e s a s ˈe ɾ,V;IND;PRS;1;PL,34,55,61.82
50L_50NL_1_3,50L_50NL,1,d e s a s ˈe ɾ,V;IND;PRS;1;PL,34,55,61.82
50L_50NL_1_4,50L_50NL,1,d e s a s ˈe ɾ,V;IND;PRS;1;PL,34,55,61.82
50L_50NL_1_1,50L_50NL,1,d e s a s ˈe ɾ,V;IND;PRS;1;SG,15,55,27.27
50L_50NL_1_2,50L_50NL,1,d e s a s ˈe ɾ,V;IND;PRS;1;SG,15,55,27.27
50L_50NL_1_3,50L_50NL,1,d e s a s ˈe ɾ,V;IND;PRS;1;SG,15,55,27.27
50L_50NL_1_4,50L_50NL,1,d e s a s ˈe ɾ,V;IND;PRS;1;SG,15,55,27.27
50L_50NL_1_1,50L_50NL,1,d e s a s ˈe ɾ,V;IND;PRS;2;PL,34,55,61.82
50L_50NL_1_2,50L_50NL,1,d e s a s ˈe ɾ,V;IND;PRS;2;PL,34,55,61.82
50L_50NL_1_3,50L_50NL,1,d e s a s ˈe ɾ,V;IND;PRS;2;PL,34,55,61.82
50L_50NL_1_4,50L_50NL,1,d e s a s ˈe ɾ,V;IND;PRS;2;PL,34,55,61.82
50L_50NL_1_1,50L_50NL,1,d e s a s ˈe ɾ,V;IND;PRS;2;SG,34,55,61.82
50L_50NL_1_2,50L_50NL,1,d e s a s ˈe ɾ,V;IND;PRS;2;SG,34,55,61.82
50L_50NL_1_3,50L_50NL,1,d e s a s ˈe ɾ,V;IND;PRS;2;SG,34,55,61.82
50L_50NL_1_4,50L_50NL,1,d e s a s ˈe ɾ,V;IND;PRS;2;SG,34,55,61.82
50L_50NL_1_1,50L_50NL,1,d e s a s ˈe ɾ,V;IND;PRS;3;PL,34,55,61.82
50L_50NL_1_2,50L_50NL,1,d e s a s ˈe ɾ,V;IND;PRS;3;PL,34,55,61.82
50L_50NL_1_3,50L_50NL,1,d e s a s ˈe ɾ,V;IND;PRS;3;PL,34,55,61.82
50L_50NL_1_4,50L_50NL,1,d e s a s ˈe ɾ,V;IND;PRS;3;PL,34,55,61.82
50L_50NL_1_1,50L_50NL,1,d e s a s ˈe ɾ,V;IND;PRS;3;SG,34,55,61.82
50L_50NL_1_2,50L_50NL,1,d e s a s ˈe ɾ,V;IND;PRS;3;SG,34,55,61.82
50L_50NL_1_3,50L_50NL,1,d e s a s ˈe ɾ,V;IND;PRS;3;SG,34,55,61.82
50L_50NL_1_4,50L_50NL,1,d e s a s ˈe ɾ,V;IND;PRS;3;SG,34,55,61.82
50L_50NL_1_1,50L_50NL,1,d e s a s ˈe ɾ,V;SBJV;PRS;1;PL,15,55,27.27
50L_50NL_1_2,50L_50NL,1,d e s a s ˈe ɾ,V;SBJV;PRS;1;PL,15,55,27.27
50L_50NL_1_3,50L_50NL,1,d e s a s ˈe ɾ,V;SBJV;PRS;1;PL,15,55,27.27
50L_50NL_1_4,50L_50NL,1,d e s a s ˈe ɾ,V;SBJV;PRS;1;PL,15,55,27.27
50L_50NL_1_1,50L_50NL,1,d e s a s ˈe ɾ,V;SBJV;PRS;1;SG,15,55,27.27
50L_50NL_1_2,50L_50NL,1,d e s a s ˈe ɾ,V;SBJV;PRS;1;SG,15,55,27.27
50L_50NL_1_3,50L_50NL,1,d e s a s ˈe ɾ,V;SBJV;PRS;1;SG,15,55,27.27
50L_50NL_1_4,50L_50NL,1,d e s a s ˈe ɾ,V;SBJV;PRS;1;SG,15,55,27.27
50L_50NL_1_1,50L_50NL,1,d e s a s ˈe ɾ,V;SBJV;PRS;2;PL,0,55,0.0
50L_50NL_1_2,50L_50NL,1,d e s a s ˈe ɾ,V;SBJV;PRS;2;PL,0,55,0.0
50L_50NL_1_3,50L_50NL,1,d e s a s ˈe ɾ,V;SBJV;PRS;2;PL,0,55,0.0
50L_50NL_1_4,50L_50NL,1,d e s a s ˈe ɾ,V;SBJV;PRS;2;PL,0,55,0.0
50L_50NL_1_1,50L_50NL,1,d e s a s ˈe ɾ,V;SBJV;PRS;2;SG,15,55,27.27
50L_50NL_1_2,50L_50NL,1,d e s a s ˈe ɾ,V;SBJV;PRS;2;SG,15,55,27.27
50L_50NL_1_3,50L_50NL,1,d e s a s ˈe ɾ,V;SBJV;PRS;2;SG,15,55,27.27
50L_50NL_1_4,50L_50NL,1,d e s a s ˈe ɾ,V;SBJV;PRS;2;SG,15,55,27.27
50L_50NL_1_1,50L_50NL,1,d e s a s ˈe ɾ,V;SBJV;PRS;3;PL,15,55,27.27
50L_50NL_1_2,50L_50NL,1,d e s a s ˈe ɾ,V;SBJV;PRS;3;PL,15,55,27.27
50L_50NL_1_3,50L_50NL,1,d e s a s ˈe ɾ,V;SBJV;PRS;3;PL,15,55,27.27
50L_50NL_1_4,50L_50NL,1,d e s a s ˈe ɾ,V;SBJV;PRS;3;PL,15,55,27.27
50L_50NL_1_1,50L_50NL,1,d e s a s ˈe ɾ,V;SBJV;PRS;3;SG,15,55,27.27
50L_50NL_1_2,50L_50NL,1,d e s a s ˈe ɾ,V;SBJV;PRS;3;SG,15,55,27.27
50L_50NL_1_3,50L_50NL,1,d e s a s ˈe ɾ,V;SBJV;PRS;3;SG,15,55,27.27
50L_50NL_1_4,50L_50NL,1,d e s a s ˈe ɾ,V;SBJV;PRS;3;SG,15,55,27.27
50L_50NL_1_1,50L_50NL,1,d e s k o m p o n ˈe ɾ,V;IND;PRS;1;PL,55,55,100.0
50L_50NL_1_2,50L_50NL,1,d e s k o m p o n ˈe ɾ,V;IND;PRS;1;PL,55,55,100.0
50L_50NL_1_3,50L_50NL,1,d e s k o m p o n ˈe ɾ,V;IND;PRS;1;PL,55,55,100.0
50L_50NL_1_4,50L_50NL,1,d e s k o m p o n ˈe ɾ,V;IND;PRS;1;PL,55,55,100.0
50L_50NL_1_1,50L_50NL,1,d e s k o m p o n ˈe ɾ,V;IND;PRS;1;SG,55,55,100.0
50L_50NL_1_2,50L_50NL,1,d e s k o m p o n ˈe ɾ,V;IND;PRS;1;SG,55,55,100.0
50L_50NL_1_3,50L_50NL,1,d e s k o m p o n ˈe ɾ,V;IND;PRS;1;SG,55,55,100.0
50L_50NL_1_4,50L_50NL,1,d e s k o m p o n ˈe ɾ,V;IND;PRS;1;SG,55,55,100.0
50L_50NL_1_1,50L_50NL,1,d e s k o m p o n ˈe ɾ,V;IND;PRS;2;PL,55,55,100.0
50L_50NL_1_2,50L_50NL,1,d e s k o m p o n ˈe ɾ,V;IND;PRS;2;PL,55,55,100.0
50L_50NL_1_3,50L_50NL,1,d e s k o m p o n ˈe ɾ,V;IND;PRS;2;PL,55,55,100.0
50L_50NL_1_4,50L_50NL,1,d e s k o m p o n ˈe ɾ,V;IND;PRS;2;PL,55,55,100.0
50L_50NL_1_1,50L_50NL,1,d e s k o m p o n ˈe ɾ,V;IND;PRS;2;SG,55,55,100.0
50L_50NL_1_2,50L_50NL,1,d e s k o m p o n ˈe ɾ,V;IND;PRS;2;SG,55,55,100.0
50L_50NL_1_3,50L_50NL,1,d e s k o m p o n ˈe ɾ,V;IND;PRS;2;SG,55,55,100.0
50L_50NL_1_4,50L_50NL,1,d e s k o m p o n ˈe ɾ,V;IND;PRS;2;SG,55,55,100.0
50L_50NL_1_1,50L_50NL,1,d e s k o m p o n ˈe ɾ,V;IND;PRS;3;PL,55,55,100.0
50L_50NL_1_2,50L_50NL,1,d e s k o m p o n ˈe ɾ,V;IND;PRS;3;PL,55,55,100.0
50L_50NL_1_3,50L_50NL,1,d e s k o m p o n ˈe ɾ,V;IND;PRS;3;PL,55,55,100.0
50L_50NL_1_4,50L_50NL,1,d e s k o m p o n ˈe ɾ,V;IND;PRS;3;PL,55,55,100.0
50L_50NL_1_1,50L_50NL,1,d e s k o m p o n ˈe ɾ,V;IND;PRS;3;SG,55,55,100.0
50L_50NL_1_2,50L_50NL,1,d e s k o m p o n ˈe ɾ,V;IND;PRS;3;SG,55,55,100.0
50L_50NL_1_3,50L_50NL,1,d e s k o m p o n ˈe ɾ,V;IND;PRS;3;SG,55,55,100.0
50L_50NL_1_4,50L_50NL,1,d e s k o m p o n ˈe ɾ,V;IND;PRS;3;SG,55,55,100.0
50L_50NL_1_1,50L_50NL,1,d e s k o m p o n ˈe ɾ,V;SBJV;PRS;1;PL,55,55,100.0
50L_50NL_1_2,50L_50NL,1,d e s k o m p o n ˈe ɾ,V;SBJV;PRS;1;PL,55,55,100.0
50L_50NL_1_3,50L_50NL,1,d e s k o m p o n ˈe ɾ,V;SBJV;PRS;1;PL,55,55,100.0
50L_50NL_1_4,50L_50NL,1,d e s k o m p o n ˈe ɾ,V;SBJV;PRS;1;PL,55,55,100.0
50L_50NL_1_1,50L_50NL,1,d e s k o m p o n ˈe ɾ,V;SBJV;PRS;1;SG,55,55,100.0
50L_50NL_1_2,50L_50NL,1,d e s k o m p o n ˈe ɾ,V;SBJV;PRS;1;SG,55,55,100.0
50L_50NL_1_3,50L_50NL,1,d e s k o m p o n ˈe ɾ,V;SBJV;PRS;1;SG,55,55,100.0
50L_50NL_1_4,50L_50NL,1,d e s k o m p o n ˈe ɾ,V;SBJV;PRS;1;SG,55,55,100.0
50L_50NL_1_1,50L_50NL,1,d e s k o m p o n ˈe ɾ,V;SBJV;PRS;2;PL,55,55,100.0
50L_50NL_1_2,50L_50NL,1,d e s k o m p o n ˈe ɾ,V;SBJV;PRS;2;PL,55,55,100.0
50L_50NL_1_3,50L_50NL,1,d e s k o m p o n ˈe ɾ,V;SBJV;PRS;2;PL,55,55,100.0
50L_50NL_1_4,50L_50NL,1,d e s k o m p o n ˈe ɾ,V;SBJV;PRS;2;PL,55,55,100.0
50L_50NL_1_1,50L_50NL,1,d e s k o m p o n ˈe ɾ,V;SBJV;PRS;2;SG,55,55,100.0
50L_50NL_1_2,50L_50NL,1,d e s k o m p o n ˈe ɾ,V;SBJV;PRS;2;SG,55,55,100.0
50L_50NL_1_3,50L_50NL,1,d e s k o m p o n ˈe ɾ,V;SBJV;PRS;2;SG,55,55,100.0
50L_50NL_1_4,50L_50NL,1,d e s k o m p o n ˈe ɾ,V;SBJV;PRS;2;SG,55,55,100.0
50L_50NL_1_1,50L_50NL,1,d e s k o m p o n ˈe ɾ,V;SBJV;PRS;3;PL,55,55,100.0
50L_50NL_1_2,50L_50NL,1,d e s k o m p o n ˈe ɾ,V;SBJV;PRS;3;PL,55,55,100.0
50L_50NL_1_3,50L_50NL,1,d e s k o m p o n ˈe ɾ,V;SBJV;PRS;3;PL,55,55,100.0
50L_50NL_1_4,50L_50NL,1,d e s k o m p o n ˈe ɾ,V;SBJV;PRS;3;PL,55,55,100.0
50L_50NL_1_1,50L_50NL,1,d e s k o m p o n ˈe ɾ,V;SBJV;PRS;3;SG,55,55,100.0
50L_50NL_1_2,50L_50NL,1,d e s k o m p o n ˈe ɾ,V;SBJV;PRS;3;SG,55,55,100.0
50L_50NL_1_3,50L_50NL,1,d e s k o m p o n ˈe ɾ,V;SBJV;PRS;3;SG,55,55,100.0
50L_50NL_1_4,50L_50NL,1,d e s k o m p o n ˈe ɾ,V;SBJV;PRS;3;SG,55,55,100.0
50L_50NL_1_1,50L_50NL,1,d i s t ɾ a ˈe ɾ,V;IND;PRS;1;PL,55,55,100.0
50L_50NL_1_2,50L_50NL,1,d i s t ɾ a ˈe ɾ,V;IND;PRS;1;PL,52,55,94.55
50L_50NL_1_3,50L_50NL,1,d i s t ɾ a ˈe ɾ,V;IND;PRS;1;PL,55,55,100.0
50L_50NL_1_4,50L_50NL,1,d i s t ɾ a ˈe ɾ,V;IND;PRS;1;PL,54,55,98.18
50L_50NL_1_1,50L_50NL,1,d i s t ɾ a ˈe ɾ,V;IND;PRS;1;SG,55,55,100.0
50L_50NL_1_2,50L_50NL,1,d i s t ɾ a ˈe ɾ,V;IND;PRS;1;SG,55,55,100.0
50L_50NL_1_3,50L_50NL,1,d i s t ɾ a ˈe ɾ,V;IND;PRS;1;SG,54,55,98.18
50L_50NL_1_4,50L_50NL,1,d i s t ɾ a ˈe ɾ,V;IND;PRS;1;SG,55,55,100.0
50L_50NL_1_1,50L_50NL,1,d i s t ɾ a ˈe ɾ,V;IND;PRS;2;PL,55,55,100.0
50L_50NL_1_2,50L_50NL,1,d i s t ɾ a ˈe ɾ,V;IND;PRS;2;PL,49,55,89.09
50L_50NL_1_3,50L_50NL,1,d i s t ɾ a ˈe ɾ,V;IND;PRS;2;PL,55,55,100.0
50L_50NL_1_4,50L_50NL,1,d i s t ɾ a ˈe ɾ,V;IND;PRS;2;PL,54,55,98.18
50L_50NL_1_1,50L_50NL,1,d i s t ɾ a ˈe ɾ,V;IND;PRS;2;SG,55,55,100.0
50L_50NL_1_2,50L_50NL,1,d i s t ɾ a ˈe ɾ,V;IND;PRS;2;SG,55,55,100.0
50L_50NL_1_3,50L_50NL,1,d i s t ɾ a ˈe ɾ,V;IND;PRS;2;SG,55,55,100.0
50L_50NL_1_4,50L_50NL,1,d i s t ɾ a ˈe ɾ,V;IND;PRS;2;SG,55,55,100.0
50L_50NL_1_1,50L_50NL,1,d i s t ɾ a ˈe ɾ,V;IND;PRS;3;PL,55,55,100.0
50L_50NL_1_2,50L_50NL,1,d i s t ɾ a ˈe ɾ,V;IND;PRS;3;PL,55,55,100.0
50L_50NL_1_3,50L_50NL,1,d i s t ɾ a ˈe ɾ,V;IND;PRS;3;PL,55,55,100.0
50L_50NL_1_4,50L_50NL,1,d i s t ɾ a ˈe ɾ,V;IND;PRS;3;PL,55,55,100.0
50L_50NL_1_1,50L_50NL,1,d i s t ɾ a ˈe ɾ,V;IND;PRS;3;SG,55,55,100.0
50L_50NL_1_2,50L_50NL,1,d i s t ɾ a ˈe ɾ,V;IND;PRS;3;SG,55,55,100.0
50L_50NL_1_3,50L_50NL,1,d i s t ɾ a ˈe ɾ,V;IND;PRS;3;SG,55,55,100.0
50L_50NL_1_4,50L_50NL,1,d i s t ɾ a ˈe ɾ,V;IND;PRS;3;SG,54,55,98.18
50L_50NL_1_1,50L_50NL,1,d i s t ɾ a ˈe ɾ,V;SBJV;PRS;1;PL,55,55,100.0
50L_50NL_1_2,50L_50NL,1,d i s t ɾ a ˈe ɾ,V;SBJV;PRS;1;PL,46,55,83.64
50L_50NL_1_3,50L_50NL,1,d i s t ɾ a ˈe ɾ,V;SBJV;PRS;1;PL,55,55,100.0
50L_50NL_1_4,50L_50NL,1,d i s t ɾ a ˈe ɾ,V;SBJV;PRS;1;PL,55,55,100.0
50L_50NL_1_1,50L_50NL,1,d i s t ɾ a ˈe ɾ,V;SBJV;PRS;1;SG,55,55,100.0
50L_50NL_1_2,50L_50NL,1,d i s t ɾ a ˈe ɾ,V;SBJV;PRS;1;SG,55,55,100.0
50L_50NL_1_3,50L_50NL,1,d i s t ɾ a ˈe ɾ,V;SBJV;PRS;1;SG,54,55,98.18
50L_50NL_1_4,50L_50NL,1,d i s t ɾ a ˈe ɾ,V;SBJV;PRS;1;SG,55,55,100.0
50L_50NL_1_1,50L_50NL,1,d i s t ɾ a ˈe ɾ,V;SBJV;PRS;2;PL,55,55,100.0
50L_50NL_1_2,50L_50NL,1,d i s t ɾ a ˈe ɾ,V;SBJV;PRS;2;PL,53,55,96.36
50L_50NL_1_3,50L_50NL,1,d i s t ɾ a ˈe ɾ,V;SBJV;PRS;2;PL,55,55,100.0
50L_50NL_1_4,50L_50NL,1,d i s t ɾ a ˈe ɾ,V;SBJV;PRS;2;PL,55,55,100.0
50L_50NL_1_1,50L_50NL,1,d i s t ɾ a ˈe ɾ,V;SBJV;PRS;2;SG,55,55,100.0
50L_50NL_1_2,50L_50NL,1,d i s t ɾ a ˈe ɾ,V;SBJV;PRS;2;SG,55,55,100.0
50L_50NL_1_3,50L_50NL,1,d i s t ɾ a ˈe ɾ,V;SBJV;PRS;2;SG,55,55,100.0
50L_50NL_1_4,50L_50NL,1,d i s t ɾ a ˈe ɾ,V;SBJV;PRS;2;SG,55,55,100.0
50L_50NL_1_1,50L_50NL,1,d i s t ɾ a ˈe ɾ,V;SBJV;PRS;3;PL,55,55,100.0
50L_50NL_1_2,50L_50NL,1,d i s t ɾ a ˈe ɾ,V;SBJV;PRS;3;PL,55,55,100.0
50L_50NL_1_3,50L_50NL,1,d i s t ɾ a ˈe ɾ,V;SBJV;PRS;3;PL,53,55,96.36
50L_50NL_1_4,50L_50NL,1,d i s t ɾ a ˈe ɾ,V;SBJV;PRS;3;PL,55,55,100.0
50L_50NL_1_1,50L_50NL,1,d i s t ɾ a ˈe ɾ,V;SBJV;PRS;3;SG,55,55,100.0
50L_50NL_1_2,50L_50NL,1,d i s t ɾ a ˈe ɾ,V;SBJV;PRS;3;SG,55,55,100.0
50L_50NL_1_3,50L_50NL,1,d i s t ɾ a ˈe ɾ,V;SBJV;PRS;3;SG,51,55,92.73
50L_50NL_1_4,50L_50NL,1,d i s t ɾ a ˈe ɾ,V;SBJV;PRS;3;SG,55,55,100.0
50L_50NL_1_1,50L_50NL,1,e k i b a l ˈe ɾ,V;IND;PRS;1;PL,55,55,100.0
50L_50NL_1_2,50L_50NL,1,e k i b a l ˈe ɾ,V;IND;PRS;1;PL,55,55,100.0
50L_50NL_1_3,50L_50NL,1,e k i b a l ˈe ɾ,V;IND;PRS;1;PL,55,55,100.0
50L_50NL_1_4,50L_50NL,1,e k i b a l ˈe ɾ,V;IND;PRS;1;PL,55,55,100.0
50L_50NL_1_1,50L_50NL,1,e k i b a l ˈe ɾ,V;IND;PRS;1;SG,55,55,100.0
50L_50NL_1_2,50L_50NL,1,e k i b a l ˈe ɾ,V;IND;PRS;1;SG,55,55,100.0
50L_50NL_1_3,50L_50NL,1,e k i b a l ˈe ɾ,V;IND;PRS;1;SG,55,55,100.0
50L_50NL_1_4,50L_50NL,1,e k i b a l ˈe ɾ,V;IND;PRS;1;SG,45,55,81.82
50L_50NL_1_1,50L_50NL,1,e k i b a l ˈe ɾ,V;IND;PRS;2;PL,55,55,100.0
50L_50NL_1_2,50L_50NL,1,e k i b a l ˈe ɾ,V;IND;PRS;2;PL,55,55,100.0
50L_50NL_1_3,50L_50NL,1,e k i b a l ˈe ɾ,V;IND;PRS;2;PL,55,55,100.0
50L_50NL_1_4,50L_50NL,1,e k i b a l ˈe ɾ,V;IND;PRS;2;PL,55,55,100.0
50L_50NL_1_1,50L_50NL,1,e k i b a l ˈe ɾ,V;IND;PRS;2;SG,55,55,100.0
50L_50NL_1_2,50L_50NL,1,e k i b a l ˈe ɾ,V;IND;PRS;2;SG,55,55,100.0
50L_50NL_1_3,50L_50NL,1,e k i b a l ˈe ɾ,V;IND;PRS;2;SG,55,55,100.0
50L_50NL_1_4,50L_50NL,1,e k i b a l ˈe ɾ,V;IND;PRS;2;SG,55,55,100.0
50L_50NL_1_1,50L_50NL,1,e k i b a l ˈe ɾ,V;IND;PRS;3;PL,55,55,100.0
50L_50NL_1_2,50L_50NL,1,e k i b a l ˈe ɾ,V;IND;PRS;3;PL,55,55,100.0
50L_50NL_1_3,50L_50NL,1,e k i b a l ˈe ɾ,V;IND;PRS;3;PL,55,55,100.0
50L_50NL_1_4,50L_50NL,1,e k i b a l ˈe ɾ,V;IND;PRS;3;PL,55,55,100.0
50L_50NL_1_1,50L_50NL,1,e k i b a l ˈe ɾ,V;IND;PRS;3;SG,55,55,100.0
50L_50NL_1_2,50L_50NL,1,e k i b a l ˈe ɾ,V;IND;PRS;3;SG,55,55,100.0
50L_50NL_1_3,50L_50NL,1,e k i b a l ˈe ɾ,V;IND;PRS;3;SG,55,55,100.0
50L_50NL_1_4,50L_50NL,1,e k i b a l ˈe ɾ,V;IND;PRS;3;SG,55,55,100.0
50L_50NL_1_1,50L_50NL,1,e k i b a l ˈe ɾ,V;SBJV;PRS;1;PL,55,55,100.0
50L_50NL_1_2,50L_50NL,1,e k i b a l ˈe ɾ,V;SBJV;PRS;1;PL,55,55,100.0
50L_50NL_1_3,50L_50NL,1,e k i b a l ˈe ɾ,V;SBJV;PRS;1;PL,55,55,100.0
50L_50NL_1_4,50L_50NL,1,e k i b a l ˈe ɾ,V;SBJV;PRS;1;PL,47,55,85.45
50L_50NL_1_1,50L_50NL,1,e k i b a l ˈe ɾ,V;SBJV;PRS;1;SG,55,55,100.0
50L_50NL_1_2,50L_50NL,1,e k i b a l ˈe ɾ,V;SBJV;PRS;1;SG,55,55,100.0
50L_50NL_1_3,50L_50NL,1,e k i b a l ˈe ɾ,V;SBJV;PRS;1;SG,55,55,100.0
50L_50NL_1_4,50L_50NL,1,e k i b a l ˈe ɾ,V;SBJV;PRS;1;SG,45,55,81.82
50L_50NL_1_1,50L_50NL,1,e k i b a l ˈe ɾ,V;SBJV;PRS;2;PL,55,55,100.0
50L_50NL_1_2,50L_50NL,1,e k i b a l ˈe ɾ,V;SBJV;PRS;2;PL,55,55,100.0
50L_50NL_1_3,50L_50NL,1,e k i b a l ˈe ɾ,V;SBJV;PRS;2;PL,55,55,100.0
50L_50NL_1_4,50L_50NL,1,e k i b a l ˈe ɾ,V;SBJV;PRS;2;PL,49,55,89.09
50L_50NL_1_1,50L_50NL,1,e k i b a l ˈe ɾ,V;SBJV;PRS;2;SG,55,55,100.0
50L_50NL_1_2,50L_50NL,1,e k i b a l ˈe ɾ,V;SBJV;PRS;2;SG,55,55,100.0
50L_50NL_1_3,50L_50NL,1,e k i b a l ˈe ɾ,V;SBJV;PRS;2;SG,55,55,100.0
50L_50NL_1_4,50L_50NL,1,e k i b a l ˈe ɾ,V;SBJV;PRS;2;SG,45,55,81.82
50L_50NL_1_1,50L_50NL,1,e k i b a l ˈe ɾ,V;SBJV;PRS;3;PL,55,55,100.0
50L_50NL_1_2,50L_50NL,1,e k i b a l ˈe ɾ,V;SBJV;PRS;3;PL,55,55,100.0
50L_50NL_1_3,50L_50NL,1,e k i b a l ˈe ɾ,V;SBJV;PRS;3;PL,55,55,100.0
50L_50NL_1_4,50L_50NL,1,e k i b a l ˈe ɾ,V;SBJV;PRS;3;PL,46,55,83.64
50L_50NL_1_1,50L_50NL,1,e k i b a l ˈe ɾ,V;SBJV;PRS;3;SG,55,55,100.0
50L_50NL_1_2,50L_50NL,1,e k i b a l ˈe ɾ,V;SBJV;PRS;3;SG,55,55,100.0
50L_50NL_1_3,50L_50NL,1,e k i b a l ˈe ɾ,V;SBJV;PRS;3;SG,55,55,100.0
50L_50NL_1_4,50L_50NL,1,e k i b a l ˈe ɾ,V;SBJV;PRS;3;SG,45,55,81.82
50L_50NL_1_1,50L_50NL,1,e m b e ʃ e s ˈe ɾ,V;IND;PRS;1;PL,55,55,100.0
50L_50NL_1_2,50L_50NL,1,e m b e ʃ e s ˈe ɾ,V;IND;PRS;1;PL,55,55,100.0
50L_50NL_1_3,50L_50NL,1,e m b e ʃ e s ˈe ɾ,V;IND;PRS;1;PL,55,55,100.0
50L_50NL_1_4,50L_50NL,1,e m b e ʃ e s ˈe ɾ,V;IND;PRS;1;PL,55,55,100.0
50L_50NL_1_1,50L_50NL,1,e m b e ʃ e s ˈe ɾ,V;IND;PRS;1;SG,55,55,100.0
50L_50NL_1_2,50L_50NL,1,e m b e ʃ e s ˈe ɾ,V;IND;PRS;1;SG,55,55,100.0
50L_50NL_1_3,50L_50NL,1,e m b e ʃ e s ˈe ɾ,V;IND;PRS;1;SG,55,55,100.0
50L_50NL_1_4,50L_50NL,1,e m b e ʃ e s ˈe ɾ,V;IND;PRS;1;SG,55,55,100.0
50L_50NL_1_1,50L_50NL,1,e m b e ʃ e s ˈe ɾ,V;IND;PRS;2;PL,55,55,100.0
50L_50NL_1_2,50L_50NL,1,e m b e ʃ e s ˈe ɾ,V;IND;PRS;2;PL,55,55,100.0
50L_50NL_1_3,50L_50NL,1,e m b e ʃ e s ˈe ɾ,V;IND;PRS;2;PL,55,55,100.0
50L_50NL_1_4,50L_50NL,1,e m b e ʃ e s ˈe ɾ,V;IND;PRS;2;PL,55,55,100.0
50L_50NL_1_1,50L_50NL,1,e m b e ʃ e s ˈe ɾ,V;IND;PRS;2;SG,55,55,100.0
50L_50NL_1_2,50L_50NL,1,e m b e ʃ e s ˈe ɾ,V;IND;PRS;2;SG,55,55,100.0
50L_50NL_1_3,50L_50NL,1,e m b e ʃ e s ˈe ɾ,V;IND;PRS;2;SG,55,55,100.0
50L_50NL_1_4,50L_50NL,1,e m b e ʃ e s ˈe ɾ,V;IND;PRS;2;SG,55,55,100.0
50L_50NL_1_1,50L_50NL,1,e m b e ʃ e s ˈe ɾ,V;IND;PRS;3;PL,55,55,100.0
50L_50NL_1_2,50L_50NL,1,e m b e ʃ e s ˈe ɾ,V;IND;PRS;3;PL,55,55,100.0
50L_50NL_1_3,50L_50NL,1,e m b e ʃ e s ˈe ɾ,V;IND;PRS;3;PL,55,55,100.0
50L_50NL_1_4,50L_50NL,1,e m b e ʃ e s ˈe ɾ,V;IND;PRS;3;PL,55,55,100.0
50L_50NL_1_1,50L_50NL,1,e m b e ʃ e s ˈe ɾ,V;IND;PRS;3;SG,55,55,100.0
50L_50NL_1_2,50L_50NL,1,e m b e ʃ e s ˈe ɾ,V;IND;PRS;3;SG,55,55,100.0
50L_50NL_1_3,50L_50NL,1,e m b e ʃ e s ˈe ɾ,V;IND;PRS;3;SG,55,55,100.0
50L_50NL_1_4,50L_50NL,1,e m b e ʃ e s ˈe ɾ,V;IND;PRS;3;SG,55,55,100.0
50L_50NL_1_1,50L_50NL,1,e m b e ʃ e s ˈe ɾ,V;SBJV;PRS;1;PL,55,55,100.0
50L_50NL_1_2,50L_50NL,1,e m b e ʃ e s ˈe ɾ,V;SBJV;PRS;1;PL,55,55,100.0
50L_50NL_1_3,50L_50NL,1,e m b e ʃ e s ˈe ɾ,V;SBJV;PRS;1;PL,55,55,100.0
50L_50NL_1_4,50L_50NL,1,e m b e ʃ e s ˈe ɾ,V;SBJV;PRS;1;PL,55,55,100.0
50L_50NL_1_1,50L_50NL,1,e m b e ʃ e s ˈe ɾ,V;SBJV;PRS;1;SG,55,55,100.0
50L_50NL_1_2,50L_50NL,1,e m b e ʃ e s ˈe ɾ,V;SBJV;PRS;1;SG,55,55,100.0
50L_50NL_1_3,50L_50NL,1,e m b e ʃ e s ˈe ɾ,V;SBJV;PRS;1;SG,55,55,100.0
50L_50NL_1_4,50L_50NL,1,e m b e ʃ e s ˈe ɾ,V;SBJV;PRS;1;SG,55,55,100.0
50L_50NL_1_1,50L_50NL,1,e m b e ʃ e s ˈe ɾ,V;SBJV;PRS;2;PL,55,55,100.0
50L_50NL_1_2,50L_50NL,1,e m b e ʃ e s ˈe ɾ,V;SBJV;PRS;2;PL,55,55,100.0
50L_50NL_1_3,50L_50NL,1,e m b e ʃ e s ˈe ɾ,V;SBJV;PRS;2;PL,55,55,100.0
50L_50NL_1_4,50L_50NL,1,e m b e ʃ e s ˈe ɾ,V;SBJV;PRS;2;PL,55,55,100.0
50L_50NL_1_1,50L_50NL,1,e m b e ʃ e s ˈe ɾ,V;SBJV;PRS;2;SG,55,55,100.0
50L_50NL_1_2,50L_50NL,1,e m b e ʃ e s ˈe ɾ,V;SBJV;PRS;2;SG,55,55,100.0
50L_50NL_1_3,50L_50NL,1,e m b e ʃ e s ˈe ɾ,V;SBJV;PRS;2;SG,55,55,100.0
50L_50NL_1_4,50L_50NL,1,e m b e ʃ e s ˈe ɾ,V;SBJV;PRS;2;SG,55,55,100.0
50L_50NL_1_1,50L_50NL,1,e m b e ʃ e s ˈe ɾ,V;SBJV;PRS;3;PL,55,55,100.0
50L_50NL_1_2,50L_50NL,1,e m b e ʃ e s ˈe ɾ,V;SBJV;PRS;3;PL,55,55,100.0
50L_50NL_1_3,50L_50NL,1,e m b e ʃ e s ˈe ɾ,V;SBJV;PRS;3;PL,55,55,100.0
50L_50NL_1_4,50L_50NL,1,e m b e ʃ e s ˈe ɾ,V;SBJV;PRS;3;PL,55,55,100.0
50L_50NL_1_1,50L_50NL,1,e m b e ʃ e s ˈe ɾ,V;SBJV;PRS;3;SG,55,55,100.0
50L_50NL_1_2,50L_50NL,1,e m b e ʃ e s ˈe ɾ,V;SBJV;PRS;3;SG,55,55,100.0
50L_50NL_1_3,50L_50NL,1,e m b e ʃ e s ˈe ɾ,V;SBJV;PRS;3;SG,55,55,100.0
50L_50NL_1_4,50L_50NL,1,e m b e ʃ e s ˈe ɾ,V;SBJV;PRS;3;SG,55,55,100.0
50L_50NL_1_1,50L_50NL,1,e m p o d ɾ e s ˈe ɾ,V;IND;PRS;1;PL,0,55,0.0
50L_50NL_1_2,50L_50NL,1,e m p o d ɾ e s ˈe ɾ,V;IND;PRS;1;PL,0,55,0.0
50L_50NL_1_3,50L_50NL,1,e m p o d ɾ e s ˈe ɾ,V;IND;PRS;1;PL,39,55,70.91
50L_50NL_1_4,50L_50NL,1,e m p o d ɾ e s ˈe ɾ,V;IND;PRS;1;PL,0,55,0.0
50L_50NL_1_1,50L_50NL,1,e m p o d ɾ e s ˈe ɾ,V;IND;PRS;1;SG,0,55,0.0
50L_50NL_1_2,50L_50NL,1,e m p o d ɾ e s ˈe ɾ,V;IND;PRS;1;SG,0,55,0.0
50L_50NL_1_3,50L_50NL,1,e m p o d ɾ e s ˈe ɾ,V;IND;PRS;1;SG,21,55,38.18
50L_50NL_1_4,50L_50NL,1,e m p o d ɾ e s ˈe ɾ,V;IND;PRS;1;SG,10,55,18.18
50L_50NL_1_1,50L_50NL,1,e m p o d ɾ e s ˈe ɾ,V;IND;PRS;2;PL,0,55,0.0
50L_50NL_1_2,50L_50NL,1,e m p o d ɾ e s ˈe ɾ,V;IND;PRS;2;PL,0,55,0.0
50L_50NL_1_3,50L_50NL,1,e m p o d ɾ e s ˈe ɾ,V;IND;PRS;2;PL,37,55,67.27
50L_50NL_1_4,50L_50NL,1,e m p o d ɾ e s ˈe ɾ,V;IND;PRS;2;PL,5,55,9.09
50L_50NL_1_1,50L_50NL,1,e m p o d ɾ e s ˈe ɾ,V;IND;PRS;2;SG,0,55,0.0
50L_50NL_1_2,50L_50NL,1,e m p o d ɾ e s ˈe ɾ,V;IND;PRS;2;SG,0,55,0.0
50L_50NL_1_3,50L_50NL,1,e m p o d ɾ e s ˈe ɾ,V;IND;PRS;2;SG,18,55,32.73
50L_50NL_1_4,50L_50NL,1,e m p o d ɾ e s ˈe ɾ,V;IND;PRS;2;SG,12,55,21.82
50L_50NL_1_1,50L_50NL,1,e m p o d ɾ e s ˈe ɾ,V;IND;PRS;3;PL,0,55,0.0
50L_50NL_1_2,50L_50NL,1,e m p o d ɾ e s ˈe ɾ,V;IND;PRS;3;PL,0,55,0.0
50L_50NL_1_3,50L_50NL,1,e m p o d ɾ e s ˈe ɾ,V;IND;PRS;3;PL,18,55,32.73
50L_50NL_1_4,50L_50NL,1,e m p o d ɾ e s ˈe ɾ,V;IND;PRS;3;PL,12,55,21.82
50L_50NL_1_1,50L_50NL,1,e m p o d ɾ e s ˈe ɾ,V;IND;PRS;3;SG,0,55,0.0
50L_50NL_1_2,50L_50NL,1,e m p o d ɾ e s ˈe ɾ,V;IND;PRS;3;SG,0,55,0.0
50L_50NL_1_3,50L_50NL,1,e m p o d ɾ e s ˈe ɾ,V;IND;PRS;3;SG,25,55,45.45
50L_50NL_1_4,50L_50NL,1,e m p o d ɾ e s ˈe ɾ,V;IND;PRS;3;SG,12,55,21.82
50L_50NL_1_1,50L_50NL,1,e m p o d ɾ e s ˈe ɾ,V;SBJV;PRS;1;PL,0,55,0.0
50L_50NL_1_2,50L_50NL,1,e m p o d ɾ e s ˈe ɾ,V;SBJV;PRS;1;PL,0,55,0.0
50L_50NL_1_3,50L_50NL,1,e m p o d ɾ e s ˈe ɾ,V;SBJV;PRS;1;PL,12,55,21.82
50L_50NL_1_4,50L_50NL,1,e m p o d ɾ e s ˈe ɾ,V;SBJV;PRS;1;PL,0,55,0.0
50L_50NL_1_1,50L_50NL,1,e m p o d ɾ e s ˈe ɾ,V;SBJV;PRS;1;SG,0,55,0.0
50L_50NL_1_2,50L_50NL,1,e m p o d ɾ e s ˈe ɾ,V;SBJV;PRS;1;SG,0,55,0.0
50L_50NL_1_3,50L_50NL,1,e m p o d ɾ e s ˈe ɾ,V;SBJV;PRS;1;SG,20,55,36.36
50L_50NL_1_4,50L_50NL,1,e m p o d ɾ e s ˈe ɾ,V;SBJV;PRS;1;SG,11,55,20.0
50L_50NL_1_1,50L_50NL,1,e m p o d ɾ e s ˈe ɾ,V;SBJV;PRS;2;PL,0,55,0.0
50L_50NL_1_2,50L_50NL,1,e m p o d ɾ e s ˈe ɾ,V;SBJV;PRS;2;PL,0,55,0.0
50L_50NL_1_3,50L_50NL,1,e m p o d ɾ e s ˈe ɾ,V;SBJV;PRS;2;PL,4,55,7.27
50L_50NL_1_4,50L_50NL,1,e m p o d ɾ e s ˈe ɾ,V;SBJV;PRS;2;PL,0,55,0.0
50L_50NL_1_1,50L_50NL,1,e m p o d ɾ e s ˈe ɾ,V;SBJV;PRS;2;SG,0,55,0.0
50L_50NL_1_2,50L_50NL,1,e m p o d ɾ e s ˈe ɾ,V;SBJV;PRS;2;SG,0,55,0.0
50L_50NL_1_3,50L_50NL,1,e m p o d ɾ e s ˈe ɾ,V;SBJV;PRS;2;SG,19,55,34.55
50L_50NL_1_4,50L_50NL,1,e m p o d ɾ e s ˈe ɾ,V;SBJV;PRS;2;SG,8,55,14.55
50L_50NL_1_1,50L_50NL,1,e m p o d ɾ e s ˈe ɾ,V;SBJV;PRS;3;PL,0,55,0.0
50L_50NL_1_2,50L_50NL,1,e m p o d ɾ e s ˈe ɾ,V;SBJV;PRS;3;PL,0,55,0.0
50L_50NL_1_3,50L_50NL,1,e m p o d ɾ e s ˈe ɾ,V;SBJV;PRS;3;PL,16,55,29.09
50L_50NL_1_4,50L_50NL,1,e m p o d ɾ e s ˈe ɾ,V;SBJV;PRS;3;PL,5,55,9.09
50L_50NL_1_1,50L_50NL,1,e m p o d ɾ e s ˈe ɾ,V;SBJV;PRS;3;SG,0,55,0.0
50L_50NL_1_2,50L_50NL,1,e m p o d ɾ e s ˈe ɾ,V;SBJV;PRS;3;SG,0,55,0.0
50L_50NL_1_3,50L_50NL,1,e m p o d ɾ e s ˈe ɾ,V;SBJV;PRS;3;SG,19,55,34.55
50L_50NL_1_4,50L_50NL,1,e m p o d ɾ e s ˈe ɾ,V;SBJV;PRS;3;SG,11,55,20.0
50L_50NL_1_1,50L_50NL,1,e n b e x e s ˈe ɾ,V;IND;PRS;1;PL,55,55,100.0
50L_50NL_1_2,50L_50NL,1,e n b e x e s ˈe ɾ,V;IND;PRS;1;PL,55,55,100.0
50L_50NL_1_3,50L_50NL,1,e n b e x e s ˈe ɾ,V;IND;PRS;1;PL,55,55,100.0
50L_50NL_1_4,50L_50NL,1,e n b e x e s ˈe ɾ,V;IND;PRS;1;PL,55,55,100.0
50L_50NL_1_1,50L_50NL,1,e n b e x e s ˈe ɾ,V;IND;PRS;1;SG,55,55,100.0
50L_50NL_1_2,50L_50NL,1,e n b e x e s ˈe ɾ,V;IND;PRS;1;SG,55,55,100.0
50L_50NL_1_3,50L_50NL,1,e n b e x e s ˈe ɾ,V;IND;PRS;1;SG,55,55,100.0
50L_50NL_1_4,50L_50NL,1,e n b e x e s ˈe ɾ,V;IND;PRS;1;SG,55,55,100.0
50L_50NL_1_1,50L_50NL,1,e n b e x e s ˈe ɾ,V;IND;PRS;2;PL,55,55,100.0
50L_50NL_1_2,50L_50NL,1,e n b e x e s ˈe ɾ,V;IND;PRS;2;PL,55,55,100.0
50L_50NL_1_3,50L_50NL,1,e n b e x e s ˈe ɾ,V;IND;PRS;2;PL,55,55,100.0
50L_50NL_1_4,50L_50NL,1,e n b e x e s ˈe ɾ,V;IND;PRS;2;PL,55,55,100.0
50L_50NL_1_1,50L_50NL,1,e n b e x e s ˈe ɾ,V;IND;PRS;2;SG,55,55,100.0
50L_50NL_1_2,50L_50NL,1,e n b e x e s ˈe ɾ,V;IND;PRS;2;SG,55,55,100.0
50L_50NL_1_3,50L_50NL,1,e n b e x e s ˈe ɾ,V;IND;PRS;2;SG,55,55,100.0
50L_50NL_1_4,50L_50NL,1,e n b e x e s ˈe ɾ,V;IND;PRS;2;SG,55,55,100.0
50L_50NL_1_1,50L_50NL,1,e n b e x e s ˈe ɾ,V;IND;PRS;3;PL,55,55,100.0
50L_50NL_1_2,50L_50NL,1,e n b e x e s ˈe ɾ,V;IND;PRS;3;PL,55,55,100.0
50L_50NL_1_3,50L_50NL,1,e n b e x e s ˈe ɾ,V;IND;PRS;3;PL,55,55,100.0
50L_50NL_1_4,50L_50NL,1,e n b e x e s ˈe ɾ,V;IND;PRS;3;PL,55,55,100.0
50L_50NL_1_1,50L_50NL,1,e n b e x e s ˈe ɾ,V;IND;PRS;3;SG,55,55,100.0
50L_50NL_1_2,50L_50NL,1,e n b e x e s ˈe ɾ,V;IND;PRS;3;SG,55,55,100.0
50L_50NL_1_3,50L_50NL,1,e n b e x e s ˈe ɾ,V;IND;PRS;3;SG,55,55,100.0
50L_50NL_1_4,50L_50NL,1,e n b e x e s ˈe ɾ,V;IND;PRS;3;SG,55,55,100.0
50L_50NL_1_1,50L_50NL,1,e n b e x e s ˈe ɾ,V;SBJV;PRS;1;PL,55,55,100.0
50L_50NL_1_2,50L_50NL,1,e n b e x e s ˈe ɾ,V;SBJV;PRS;1;PL,55,55,100.0
50L_50NL_1_3,50L_50NL,1,e n b e x e s ˈe ɾ,V;SBJV;PRS;1;PL,55,55,100.0
50L_50NL_1_4,50L_50NL,1,e n b e x e s ˈe ɾ,V;SBJV;PRS;1;PL,55,55,100.0
50L_50NL_1_1,50L_50NL,1,e n b e x e s ˈe ɾ,V;SBJV;PRS;1;SG,55,55,100.0
50L_50NL_1_2,50L_50NL,1,e n b e x e s ˈe ɾ,V;SBJV;PRS;1;SG,55,55,100.0
50L_50NL_1_3,50L_50NL,1,e n b e x e s ˈe ɾ,V;SBJV;PRS;1;SG,55,55,100.0
50L_50NL_1_4,50L_50NL,1,e n b e x e s ˈe ɾ,V;SBJV;PRS;1;SG,55,55,100.0
50L_50NL_1_1,50L_50NL,1,e n b e x e s ˈe ɾ,V;SBJV;PRS;2;PL,55,55,100.0
50L_50NL_1_2,50L_50NL,1,e n b e x e s ˈe ɾ,V;SBJV;PRS;2;PL,55,55,100.0
50L_50NL_1_3,50L_50NL,1,e n b e x e s ˈe ɾ,V;SBJV;PRS;2;PL,55,55,100.0
50L_50NL_1_4,50L_50NL,1,e n b e x e s ˈe ɾ,V;SBJV;PRS;2;PL,55,55,100.0
50L_50NL_1_1,50L_50NL,1,e n b e x e s ˈe ɾ,V;SBJV;PRS;2;SG,55,55,100.0
50L_50NL_1_2,50L_50NL,1,e n b e x e s ˈe ɾ,V;SBJV;PRS;2;SG,55,55,100.0
50L_50NL_1_3,50L_50NL,1,e n b e x e s ˈe ɾ,V;SBJV;PRS;2;SG,55,55,100.0
50L_50NL_1_4,50L_50NL,1,e n b e x e s ˈe ɾ,V;SBJV;PRS;2;SG,55,55,100.0
50L_50NL_1_1,50L_50NL,1,e n b e x e s ˈe ɾ,V;SBJV;PRS;3;PL,55,55,100.0
50L_50NL_1_2,50L_50NL,1,e n b e x e s ˈe ɾ,V;SBJV;PRS;3;PL,55,55,100.0
50L_50NL_1_3,50L_50NL,1,e n b e x e s ˈe ɾ,V;SBJV;PRS;3;PL,55,55,100.0
50L_50NL_1_4,50L_50NL,1,e n b e x e s ˈe ɾ,V;SBJV;PRS;3;PL,55,55,100.0
50L_50NL_1_1,50L_50NL,1,e n b e x e s ˈe ɾ,V;SBJV;PRS;3;SG,55,55,100.0
50L_50NL_1_2,50L_50NL,1,e n b e x e s ˈe ɾ,V;SBJV;PRS;3;SG,55,55,100.0
50L_50NL_1_3,50L_50NL,1,e n b e x e s ˈe ɾ,V;SBJV;PRS;3;SG,55,55,100.0
50L_50NL_1_4,50L_50NL,1,e n b e x e s ˈe ɾ,V;SBJV;PRS;3;SG,55,55,100.0
50L_50NL_1_1,50L_50NL,1,e n f l a k e s ˈe ɾ,V;IND;PRS;1;PL,55,55,100.0
50L_50NL_1_2,50L_50NL,1,e n f l a k e s ˈe ɾ,V;IND;PRS;1;PL,0,55,0.0
50L_50NL_1_3,50L_50NL,1,e n f l a k e s ˈe ɾ,V;IND;PRS;1;PL,55,55,100.0
50L_50NL_1_4,50L_50NL,1,e n f l a k e s ˈe ɾ,V;IND;PRS;1;PL,37,55,67.27
50L_50NL_1_1,50L_50NL,1,e n f l a k e s ˈe ɾ,V;IND;PRS;1;SG,55,55,100.0
50L_50NL_1_2,50L_50NL,1,e n f l a k e s ˈe ɾ,V;IND;PRS;1;SG,0,55,0.0
50L_50NL_1_3,50L_50NL,1,e n f l a k e s ˈe ɾ,V;IND;PRS;1;SG,55,55,100.0
50L_50NL_1_4,50L_50NL,1,e n f l a k e s ˈe ɾ,V;IND;PRS;1;SG,42,55,76.36
50L_50NL_1_1,50L_50NL,1,e n f l a k e s ˈe ɾ,V;IND;PRS;2;PL,55,55,100.0
50L_50NL_1_2,50L_50NL,1,e n f l a k e s ˈe ɾ,V;IND;PRS;2;PL,0,55,0.0
50L_50NL_1_3,50L_50NL,1,e n f l a k e s ˈe ɾ,V;IND;PRS;2;PL,55,55,100.0
50L_50NL_1_4,50L_50NL,1,e n f l a k e s ˈe ɾ,V;IND;PRS;2;PL,31,55,56.36
50L_50NL_1_1,50L_50NL,1,e n f l a k e s ˈe ɾ,V;IND;PRS;2;SG,55,55,100.0
50L_50NL_1_2,50L_50NL,1,e n f l a k e s ˈe ɾ,V;IND;PRS;2;SG,0,55,0.0
50L_50NL_1_3,50L_50NL,1,e n f l a k e s ˈe ɾ,V;IND;PRS;2;SG,55,55,100.0
50L_50NL_1_4,50L_50NL,1,e n f l a k e s ˈe ɾ,V;IND;PRS;2;SG,34,55,61.82
50L_50NL_1_1,50L_50NL,1,e n f l a k e s ˈe ɾ,V;IND;PRS;3;PL,55,55,100.0
50L_50NL_1_2,50L_50NL,1,e n f l a k e s ˈe ɾ,V;IND;PRS;3;PL,0,55,0.0
50L_50NL_1_3,50L_50NL,1,e n f l a k e s ˈe ɾ,V;IND;PRS;3;PL,55,55,100.0
50L_50NL_1_4,50L_50NL,1,e n f l a k e s ˈe ɾ,V;IND;PRS;3;PL,31,55,56.36
50L_50NL_1_1,50L_50NL,1,e n f l a k e s ˈe ɾ,V;IND;PRS;3;SG,55,55,100.0
50L_50NL_1_2,50L_50NL,1,e n f l a k e s ˈe ɾ,V;IND;PRS;3;SG,0,55,0.0
50L_50NL_1_3,50L_50NL,1,e n f l a k e s ˈe ɾ,V;IND;PRS;3;SG,55,55,100.0
50L_50NL_1_4,50L_50NL,1,e n f l a k e s ˈe ɾ,V;IND;PRS;3;SG,41,55,74.55
50L_50NL_1_1,50L_50NL,1,e n f l a k e s ˈe ɾ,V;SBJV;PRS;1;PL,55,55,100.0
50L_50NL_1_2,50L_50NL,1,e n f l a k e s ˈe ɾ,V;SBJV;PRS;1;PL,0,55,0.0
50L_50NL_1_3,50L_50NL,1,e n f l a k e s ˈe ɾ,V;SBJV;PRS;1;PL,55,55,100.0
50L_50NL_1_4,50L_50NL,1,e n f l a k e s ˈe ɾ,V;SBJV;PRS;1;PL,43,55,78.18
50L_50NL_1_1,50L_50NL,1,e n f l a k e s ˈe ɾ,V;SBJV;PRS;1;SG,55,55,100.0
50L_50NL_1_2,50L_50NL,1,e n f l a k e s ˈe ɾ,V;SBJV;PRS;1;SG,0,55,0.0
50L_50NL_1_3,50L_50NL,1,e n f l a k e s ˈe ɾ,V;SBJV;PRS;1;SG,55,55,100.0
50L_50NL_1_4,50L_50NL,1,e n f l a k e s ˈe ɾ,V;SBJV;PRS;1;SG,39,55,70.91
50L_50NL_1_1,50L_50NL,1,e n f l a k e s ˈe ɾ,V;SBJV;PRS;2;PL,55,55,100.0
50L_50NL_1_2,50L_50NL,1,e n f l a k e s ˈe ɾ,V;SBJV;PRS;2;PL,0,55,0.0
50L_50NL_1_3,50L_50NL,1,e n f l a k e s ˈe ɾ,V;SBJV;PRS;2;PL,55,55,100.0
50L_50NL_1_4,50L_50NL,1,e n f l a k e s ˈe ɾ,V;SBJV;PRS;2;PL,44,55,80.0
50L_50NL_1_1,50L_50NL,1,e n f l a k e s ˈe ɾ,V;SBJV;PRS;2;SG,55,55,100.0
50L_50NL_1_2,50L_50NL,1,e n f l a k e s ˈe ɾ,V;SBJV;PRS;2;SG,0,55,0.0
50L_50NL_1_3,50L_50NL,1,e n f l a k e s ˈe ɾ,V;SBJV;PRS;2;SG,55,55,100.0
50L_50NL_1_4,50L_50NL,1,e n f l a k e s ˈe ɾ,V;SBJV;PRS;2;SG,38,55,69.09
50L_50NL_1_1,50L_50NL,1,e n f l a k e s ˈe ɾ,V;SBJV;PRS;3;PL,55,55,100.0
50L_50NL_1_2,50L_50NL,1,e n f l a k e s ˈe ɾ,V;SBJV;PRS;3;PL,0,55,0.0
50L_50NL_1_3,50L_50NL,1,e n f l a k e s ˈe ɾ,V;SBJV;PRS;3;PL,55,55,100.0
50L_50NL_1_4,50L_50NL,1,e n f l a k e s ˈe ɾ,V;SBJV;PRS;3;PL,36,55,65.45
50L_50NL_1_1,50L_50NL,1,e n f l a k e s ˈe ɾ,V;SBJV;PRS;3;SG,55,55,100.0
50L_50NL_1_2,50L_50NL,1,e n f l a k e s ˈe ɾ,V;SBJV;PRS;3;SG,0,55,0.0
50L_50NL_1_3,50L_50NL,1,e n f l a k e s ˈe ɾ,V;SBJV;PRS;3;SG,55,55,100.0
50L_50NL_1_4,50L_50NL,1,e n f l a k e s ˈe ɾ,V;SBJV;PRS;3;SG,39,55,70.91
50L_50NL_1_1,50L_50NL,1,e n k a ɾ e s ˈe ɾ,V;IND;PRS;1;PL,55,55,100.0
50L_50NL_1_2,50L_50NL,1,e n k a ɾ e s ˈe ɾ,V;IND;PRS;1;PL,55,55,100.0
50L_50NL_1_3,50L_50NL,1,e n k a ɾ e s ˈe ɾ,V;IND;PRS;1;PL,55,55,100.0
50L_50NL_1_4,50L_50NL,1,e n k a ɾ e s ˈe ɾ,V;IND;PRS;1;PL,55,55,100.0
50L_50NL_1_1,50L_50NL,1,e n k a ɾ e s ˈe ɾ,V;IND;PRS;1;SG,55,55,100.0
50L_50NL_1_2,50L_50NL,1,e n k a ɾ e s ˈe ɾ,V;IND;PRS;1;SG,55,55,100.0
50L_50NL_1_3,50L_50NL,1,e n k a ɾ e s ˈe ɾ,V;IND;PRS;1;SG,55,55,100.0
50L_50NL_1_4,50L_50NL,1,e n k a ɾ e s ˈe ɾ,V;IND;PRS;1;SG,55,55,100.0
50L_50NL_1_1,50L_50NL,1,e n k a ɾ e s ˈe ɾ,V;IND;PRS;2;PL,55,55,100.0
50L_50NL_1_2,50L_50NL,1,e n k a ɾ e s ˈe ɾ,V;IND;PRS;2;PL,55,55,100.0
50L_50NL_1_3,50L_50NL,1,e n k a ɾ e s ˈe ɾ,V;IND;PRS;2;PL,55,55,100.0
50L_50NL_1_4,50L_50NL,1,e n k a ɾ e s ˈe ɾ,V;IND;PRS;2;PL,55,55,100.0
50L_50NL_1_1,50L_50NL,1,e n k a ɾ e s ˈe ɾ,V;IND;PRS;2;SG,55,55,100.0
50L_50NL_1_2,50L_50NL,1,e n k a ɾ e s ˈe ɾ,V;IND;PRS;2;SG,55,55,100.0
50L_50NL_1_3,50L_50NL,1,e n k a ɾ e s ˈe ɾ,V;IND;PRS;2;SG,55,55,100.0
50L_50NL_1_4,50L_50NL,1,e n k a ɾ e s ˈe ɾ,V;IND;PRS;2;SG,55,55,100.0
50L_50NL_1_1,50L_50NL,1,e n k a ɾ e s ˈe ɾ,V;IND;PRS;3;PL,55,55,100.0
50L_50NL_1_2,50L_50NL,1,e n k a ɾ e s ˈe ɾ,V;IND;PRS;3;PL,55,55,100.0
50L_50NL_1_3,50L_50NL,1,e n k a ɾ e s ˈe ɾ,V;IND;PRS;3;PL,55,55,100.0
50L_50NL_1_4,50L_50NL,1,e n k a ɾ e s ˈe ɾ,V;IND;PRS;3;PL,55,55,100.0
50L_50NL_1_1,50L_50NL,1,e n k a ɾ e s ˈe ɾ,V;IND;PRS;3;SG,55,55,100.0
50L_50NL_1_2,50L_50NL,1,e n k a ɾ e s ˈe ɾ,V;IND;PRS;3;SG,55,55,100.0
50L_50NL_1_3,50L_50NL,1,e n k a ɾ e s ˈe ɾ,V;IND;PRS;3;SG,55,55,100.0
50L_50NL_1_4,50L_50NL,1,e n k a ɾ e s ˈe ɾ,V;IND;PRS;3;SG,55,55,100.0
50L_50NL_1_1,50L_50NL,1,e n k a ɾ e s ˈe ɾ,V;SBJV;PRS;1;PL,55,55,100.0
50L_50NL_1_2,50L_50NL,1,e n k a ɾ e s ˈe ɾ,V;SBJV;PRS;1;PL,55,55,100.0
50L_50NL_1_3,50L_50NL,1,e n k a ɾ e s ˈe ɾ,V;SBJV;PRS;1;PL,55,55,100.0
50L_50NL_1_4,50L_50NL,1,e n k a ɾ e s ˈe ɾ,V;SBJV;PRS;1;PL,55,55,100.0
50L_50NL_1_1,50L_50NL,1,e n k a ɾ e s ˈe ɾ,V;SBJV;PRS;1;SG,55,55,100.0
50L_50NL_1_2,50L_50NL,1,e n k a ɾ e s ˈe ɾ,V;SBJV;PRS;1;SG,55,55,100.0
50L_50NL_1_3,50L_50NL,1,e n k a ɾ e s ˈe ɾ,V;SBJV;PRS;1;SG,55,55,100.0
50L_50NL_1_4,50L_50NL,1,e n k a ɾ e s ˈe ɾ,V;SBJV;PRS;1;SG,55,55,100.0
50L_50NL_1_1,50L_50NL,1,e n k a ɾ e s ˈe ɾ,V;SBJV;PRS;2;PL,55,55,100.0
50L_50NL_1_2,50L_50NL,1,e n k a ɾ e s ˈe ɾ,V;SBJV;PRS;2;PL,55,55,100.0
50L_50NL_1_3,50L_50NL,1,e n k a ɾ e s ˈe ɾ,V;SBJV;PRS;2;PL,55,55,100.0
50L_50NL_1_4,50L_50NL,1,e n k a ɾ e s ˈe ɾ,V;SBJV;PRS;2;PL,55,55,100.0
50L_50NL_1_1,50L_50NL,1,e n k a ɾ e s ˈe ɾ,V;SBJV;PRS;2;SG,55,55,100.0
50L_50NL_1_2,50L_50NL,1,e n k a ɾ e s ˈe ɾ,V;SBJV;PRS;2;SG,55,55,100.0
50L_50NL_1_3,50L_50NL,1,e n k a ɾ e s ˈe ɾ,V;SBJV;PRS;2;SG,55,55,100.0
50L_50NL_1_4,50L_50NL,1,e n k a ɾ e s ˈe ɾ,V;SBJV;PRS;2;SG,55,55,100.0
50L_50NL_1_1,50L_50NL,1,e n k a ɾ e s ˈe ɾ,V;SBJV;PRS;3;PL,55,55,100.0
50L_50NL_1_2,50L_50NL,1,e n k a ɾ e s ˈe ɾ,V;SBJV;PRS;3;PL,55,55,100.0
50L_50NL_1_3,50L_50NL,1,e n k a ɾ e s ˈe ɾ,V;SBJV;PRS;3;PL,55,55,100.0
50L_50NL_1_4,50L_50NL,1,e n k a ɾ e s ˈe ɾ,V;SBJV;PRS;3;PL,55,55,100.0
50L_50NL_1_1,50L_50NL,1,e n k a ɾ e s ˈe ɾ,V;SBJV;PRS;3;SG,55,55,100.0
50L_50NL_1_2,50L_50NL,1,e n k a ɾ e s ˈe ɾ,V;SBJV;PRS;3;SG,55,55,100.0
50L_50NL_1_3,50L_50NL,1,e n k a ɾ e s ˈe ɾ,V;SBJV;PRS;3;SG,55,55,100.0
50L_50NL_1_4,50L_50NL,1,e n k a ɾ e s ˈe ɾ,V;SBJV;PRS;3;SG,55,55,100.0
50L_50NL_1_1,50L_50NL,1,e n m o e s ˈe ɾ,V;IND;PRS;1;PL,0,55,0.0
50L_50NL_1_2,50L_50NL,1,e n m o e s ˈe ɾ,V;IND;PRS;1;PL,0,55,0.0
50L_50NL_1_3,50L_50NL,1,e n m o e s ˈe ɾ,V;IND;PRS;1;PL,0,55,0.0
50L_50NL_1_4,50L_50NL,1,e n m o e s ˈe ɾ,V;IND;PRS;1;PL,0,55,0.0
50L_50NL_1_1,50L_50NL,1,e n m o e s ˈe ɾ,V;IND;PRS;1;SG,0,55,0.0
50L_50NL_1_2,50L_50NL,1,e n m o e s ˈe ɾ,V;IND;PRS;1;SG,0,55,0.0
50L_50NL_1_3,50L_50NL,1,e n m o e s ˈe ɾ,V;IND;PRS;1;SG,0,55,0.0
50L_50NL_1_4,50L_50NL,1,e n m o e s ˈe ɾ,V;IND;PRS;1;SG,21,55,38.18
50L_50NL_1_1,50L_50NL,1,e n m o e s ˈe ɾ,V;IND;PRS;2;PL,0,55,0.0
50L_50NL_1_2,50L_50NL,1,e n m o e s ˈe ɾ,V;IND;PRS;2;PL,0,55,0.0
50L_50NL_1_3,50L_50NL,1,e n m o e s ˈe ɾ,V;IND;PRS;2;PL,0,55,0.0
50L_50NL_1_4,50L_50NL,1,e n m o e s ˈe ɾ,V;IND;PRS;2;PL,0,55,0.0
50L_50NL_1_1,50L_50NL,1,e n m o e s ˈe ɾ,V;IND;PRS;2;SG,0,55,0.0
50L_50NL_1_2,50L_50NL,1,e n m o e s ˈe ɾ,V;IND;PRS;2;SG,0,55,0.0
50L_50NL_1_3,50L_50NL,1,e n m o e s ˈe ɾ,V;IND;PRS;2;SG,0,55,0.0
50L_50NL_1_4,50L_50NL,1,e n m o e s ˈe ɾ,V;IND;PRS;2;SG,21,55,38.18
50L_50NL_1_1,50L_50NL,1,e n m o e s ˈe ɾ,V;IND;PRS;3;PL,0,55,0.0
50L_50NL_1_2,50L_50NL,1,e n m o e s ˈe ɾ,V;IND;PRS;3;PL,0,55,0.0
50L_50NL_1_3,50L_50NL,1,e n m o e s ˈe ɾ,V;IND;PRS;3;PL,0,55,0.0
50L_50NL_1_4,50L_50NL,1,e n m o e s ˈe ɾ,V;IND;PRS;3;PL,22,55,40.0
50L_50NL_1_1,50L_50NL,1,e n m o e s ˈe ɾ,V;IND;PRS;3;SG,0,55,0.0
50L_50NL_1_2,50L_50NL,1,e n m o e s ˈe ɾ,V;IND;PRS;3;SG,0,55,0.0
50L_50NL_1_3,50L_50NL,1,e n m o e s ˈe ɾ,V;IND;PRS;3;SG,0,55,0.0
50L_50NL_1_4,50L_50NL,1,e n m o e s ˈe ɾ,V;IND;PRS;3;SG,22,55,40.0
50L_50NL_1_1,50L_50NL,1,e n m o e s ˈe ɾ,V;SBJV;PRS;1;PL,0,55,0.0
50L_50NL_1_2,50L_50NL,1,e n m o e s ˈe ɾ,V;SBJV;PRS;1;PL,0,55,0.0
50L_50NL_1_3,50L_50NL,1,e n m o e s ˈe ɾ,V;SBJV;PRS;1;PL,0,55,0.0
50L_50NL_1_4,50L_50NL,1,e n m o e s ˈe ɾ,V;SBJV;PRS;1;PL,2,55,3.64
50L_50NL_1_1,50L_50NL,1,e n m o e s ˈe ɾ,V;SBJV;PRS;1;SG,0,55,0.0
50L_50NL_1_2,50L_50NL,1,e n m o e s ˈe ɾ,V;SBJV;PRS;1;SG,0,55,0.0
50L_50NL_1_3,50L_50NL,1,e n m o e s ˈe ɾ,V;SBJV;PRS;1;SG,0,55,0.0
50L_50NL_1_4,50L_50NL,1,e n m o e s ˈe ɾ,V;SBJV;PRS;1;SG,18,55,32.73
50L_50NL_1_1,50L_50NL,1,e n m o e s ˈe ɾ,V;SBJV;PRS;2;PL,0,55,0.0
50L_50NL_1_2,50L_50NL,1,e n m o e s ˈe ɾ,V;SBJV;PRS;2;PL,0,55,0.0
50L_50NL_1_3,50L_50NL,1,e n m o e s ˈe ɾ,V;SBJV;PRS;2;PL,0,55,0.0
50L_50NL_1_4,50L_50NL,1,e n m o e s ˈe ɾ,V;SBJV;PRS;2;PL,0,55,0.0
50L_50NL_1_1,50L_50NL,1,e n m o e s ˈe ɾ,V;SBJV;PRS;2;SG,0,55,0.0
50L_50NL_1_2,50L_50NL,1,e n m o e s ˈe ɾ,V;SBJV;PRS;2;SG,0,55,0.0
50L_50NL_1_3,50L_50NL,1,e n m o e s ˈe ɾ,V;SBJV;PRS;2;SG,0,55,0.0
50L_50NL_1_4,50L_50NL,1,e n m o e s ˈe ɾ,V;SBJV;PRS;2;SG,15,55,27.27
50L_50NL_1_1,50L_50NL,1,e n m o e s ˈe ɾ,V;SBJV;PRS;3;PL,0,55,0.0
50L_50NL_1_2,50L_50NL,1,e n m o e s ˈe ɾ,V;SBJV;PRS;3;PL,0,55,0.0
50L_50NL_1_3,50L_50NL,1,e n m o e s ˈe ɾ,V;SBJV;PRS;3;PL,0,55,0.0
50L_50NL_1_4,50L_50NL,1,e n m o e s ˈe ɾ,V;SBJV;PRS;3;PL,16,55,29.09
50L_50NL_1_1,50L_50NL,1,e n m o e s ˈe ɾ,V;SBJV;PRS;3;SG,0,55,0.0
50L_50NL_1_2,50L_50NL,1,e n m o e s ˈe ɾ,V;SBJV;PRS;3;SG,0,55,0.0
50L_50NL_1_3,50L_50NL,1,e n m o e s ˈe ɾ,V;SBJV;PRS;3;SG,0,55,0.0
50L_50NL_1_4,50L_50NL,1,e n m o e s ˈe ɾ,V;SBJV;PRS;3;SG,18,55,32.73
50L_50NL_1_1,50L_50NL,1,e n o ɾ ɡ u ʃ e s ˈe ɾ,V;IND;PRS;1;PL,55,55,100.0
50L_50NL_1_2,50L_50NL,1,e n o ɾ ɡ u ʃ e s ˈe ɾ,V;IND;PRS;1;PL,55,55,100.0
50L_50NL_1_3,50L_50NL,1,e n o ɾ ɡ u ʃ e s ˈe ɾ,V;IND;PRS;1;PL,55,55,100.0
50L_50NL_1_4,50L_50NL,1,e n o ɾ ɡ u ʃ e s ˈe ɾ,V;IND;PRS;1;PL,55,55,100.0
50L_50NL_1_1,50L_50NL,1,e n o ɾ ɡ u ʃ e s ˈe ɾ,V;IND;PRS;1;SG,55,55,100.0
50L_50NL_1_2,50L_50NL,1,e n o ɾ ɡ u ʃ e s ˈe ɾ,V;IND;PRS;1;SG,55,55,100.0
50L_50NL_1_3,50L_50NL,1,e n o ɾ ɡ u ʃ e s ˈe ɾ,V;IND;PRS;1;SG,55,55,100.0
50L_50NL_1_4,50L_50NL,1,e n o ɾ ɡ u ʃ e s ˈe ɾ,V;IND;PRS;1;SG,55,55,100.0
50L_50NL_1_1,50L_50NL,1,e n o ɾ ɡ u ʃ e s ˈe ɾ,V;IND;PRS;2;PL,55,55,100.0
50L_50NL_1_2,50L_50NL,1,e n o ɾ ɡ u ʃ e s ˈe ɾ,V;IND;PRS;2;PL,55,55,100.0
50L_50NL_1_3,50L_50NL,1,e n o ɾ ɡ u ʃ e s ˈe ɾ,V;IND;PRS;2;PL,55,55,100.0
50L_50NL_1_4,50L_50NL,1,e n o ɾ ɡ u ʃ e s ˈe ɾ,V;IND;PRS;2;PL,55,55,100.0
50L_50NL_1_1,50L_50NL,1,e n o ɾ ɡ u ʃ e s ˈe ɾ,V;IND;PRS;2;SG,55,55,100.0
50L_50NL_1_2,50L_50NL,1,e n o ɾ ɡ u ʃ e s ˈe ɾ,V;IND;PRS;2;SG,55,55,100.0
50L_50NL_1_3,50L_50NL,1,e n o ɾ ɡ u ʃ e s ˈe ɾ,V;IND;PRS;2;SG,55,55,100.0
50L_50NL_1_4,50L_50NL,1,e n o ɾ ɡ u ʃ e s ˈe ɾ,V;IND;PRS;2;SG,55,55,100.0
50L_50NL_1_1,50L_50NL,1,e n o ɾ ɡ u ʃ e s ˈe ɾ,V;IND;PRS;3;PL,55,55,100.0
50L_50NL_1_2,50L_50NL,1,e n o ɾ ɡ u ʃ e s ˈe ɾ,V;IND;PRS;3;PL,55,55,100.0
50L_50NL_1_3,50L_50NL,1,e n o ɾ ɡ u ʃ e s ˈe ɾ,V;IND;PRS;3;PL,55,55,100.0
50L_50NL_1_4,50L_50NL,1,e n o ɾ ɡ u ʃ e s ˈe ɾ,V;IND;PRS;3;PL,55,55,100.0
50L_50NL_1_1,50L_50NL,1,e n o ɾ ɡ u ʃ e s ˈe ɾ,V;IND;PRS;3;SG,55,55,100.0
50L_50NL_1_2,50L_50NL,1,e n o ɾ ɡ u ʃ e s ˈe ɾ,V;IND;PRS;3;SG,55,55,100.0
50L_50NL_1_3,50L_50NL,1,e n o ɾ ɡ u ʃ e s ˈe ɾ,V;IND;PRS;3;SG,55,55,100.0
50L_50NL_1_4,50L_50NL,1,e n o ɾ ɡ u ʃ e s ˈe ɾ,V;IND;PRS;3;SG,55,55,100.0
50L_50NL_1_1,50L_50NL,1,e n o ɾ ɡ u ʃ e s ˈe ɾ,V;SBJV;PRS;1;PL,55,55,100.0
50L_50NL_1_2,50L_50NL,1,e n o ɾ ɡ u ʃ e s ˈe ɾ,V;SBJV;PRS;1;PL,55,55,100.0
50L_50NL_1_3,50L_50NL,1,e n o ɾ ɡ u ʃ e s ˈe ɾ,V;SBJV;PRS;1;PL,55,55,100.0
50L_50NL_1_4,50L_50NL,1,e n o ɾ ɡ u ʃ e s ˈe ɾ,V;SBJV;PRS;1;PL,55,55,100.0
50L_50NL_1_1,50L_50NL,1,e n o ɾ ɡ u ʃ e s ˈe ɾ,V;SBJV;PRS;1;SG,55,55,100.0
50L_50NL_1_2,50L_50NL,1,e n o ɾ ɡ u ʃ e s ˈe ɾ,V;SBJV;PRS;1;SG,55,55,100.0
50L_50NL_1_3,50L_50NL,1,e n o ɾ ɡ u ʃ e s ˈe ɾ,V;SBJV;PRS;1;SG,55,55,100.0
50L_50NL_1_4,50L_50NL,1,e n o ɾ ɡ u ʃ e s ˈe ɾ,V;SBJV;PRS;1;SG,55,55,100.0
50L_50NL_1_1,50L_50NL,1,e n o ɾ ɡ u ʃ e s ˈe ɾ,V;SBJV;PRS;2;PL,55,55,100.0
50L_50NL_1_2,50L_50NL,1,e n o ɾ ɡ u ʃ e s ˈe ɾ,V;SBJV;PRS;2;PL,55,55,100.0
50L_50NL_1_3,50L_50NL,1,e n o ɾ ɡ u ʃ e s ˈe ɾ,V;SBJV;PRS;2;PL,55,55,100.0
50L_50NL_1_4,50L_50NL,1,e n o ɾ ɡ u ʃ e s ˈe ɾ,V;SBJV;PRS;2;PL,55,55,100.0
50L_50NL_1_1,50L_50NL,1,e n o ɾ ɡ u ʃ e s ˈe ɾ,V;SBJV;PRS;2;SG,55,55,100.0
50L_50NL_1_2,50L_50NL,1,e n o ɾ ɡ u ʃ e s ˈe ɾ,V;SBJV;PRS;2;SG,55,55,100.0
50L_50NL_1_3,50L_50NL,1,e n o ɾ ɡ u ʃ e s ˈe ɾ,V;SBJV;PRS;2;SG,55,55,100.0
50L_50NL_1_4,50L_50NL,1,e n o ɾ ɡ u ʃ e s ˈe ɾ,V;SBJV;PRS;2;SG,55,55,100.0
50L_50NL_1_1,50L_50NL,1,e n o ɾ ɡ u ʃ e s ˈe ɾ,V;SBJV;PRS;3;PL,55,55,100.0
50L_50NL_1_2,50L_50NL,1,e n o ɾ ɡ u ʃ e s ˈe ɾ,V;SBJV;PRS;3;PL,55,55,100.0
50L_50NL_1_3,50L_50NL,1,e n o ɾ ɡ u ʃ e s ˈe ɾ,V;SBJV;PRS;3;PL,55,55,100.0
50L_50NL_1_4,50L_50NL,1,e n o ɾ ɡ u ʃ e s ˈe ɾ,V;SBJV;PRS;3;PL,55,55,100.0
50L_50NL_1_1,50L_50NL,1,e n o ɾ ɡ u ʃ e s ˈe ɾ,V;SBJV;PRS;3;SG,55,55,100.0
50L_50NL_1_2,50L_50NL,1,e n o ɾ ɡ u ʃ e s ˈe ɾ,V;SBJV;PRS;3;SG,55,55,100.0
50L_50NL_1_3,50L_50NL,1,e n o ɾ ɡ u ʃ e s ˈe ɾ,V;SBJV;PRS;3;SG,55,55,100.0
50L_50NL_1_4,50L_50NL,1,e n o ɾ ɡ u ʃ e s ˈe ɾ,V;SBJV;PRS;3;SG,55,55,100.0
50L_50NL_1_1,50L_50NL,1,e n t e ɾ n e s ˈe ɾ,V;IND;PRS;1;PL,55,55,100.0
50L_50NL_1_2,50L_50NL,1,e n t e ɾ n e s ˈe ɾ,V;IND;PRS;1;PL,55,55,100.0
50L_50NL_1_3,50L_50NL,1,e n t e ɾ n e s ˈe ɾ,V;IND;PRS;1;PL,55,55,100.0
50L_50NL_1_4,50L_50NL,1,e n t e ɾ n e s ˈe ɾ,V;IND;PRS;1;PL,55,55,100.0
50L_50NL_1_1,50L_50NL,1,e n t e ɾ n e s ˈe ɾ,V;IND;PRS;1;SG,55,55,100.0
50L_50NL_1_2,50L_50NL,1,e n t e ɾ n e s ˈe ɾ,V;IND;PRS;1;SG,55,55,100.0
50L_50NL_1_3,50L_50NL,1,e n t e ɾ n e s ˈe ɾ,V;IND;PRS;1;SG,55,55,100.0
50L_50NL_1_4,50L_50NL,1,e n t e ɾ n e s ˈe ɾ,V;IND;PRS;1;SG,55,55,100.0
50L_50NL_1_1,50L_50NL,1,e n t e ɾ n e s ˈe ɾ,V;IND;PRS;2;PL,55,55,100.0
50L_50NL_1_2,50L_50NL,1,e n t e ɾ n e s ˈe ɾ,V;IND;PRS;2;PL,55,55,100.0
50L_50NL_1_3,50L_50NL,1,e n t e ɾ n e s ˈe ɾ,V;IND;PRS;2;PL,55,55,100.0
50L_50NL_1_4,50L_50NL,1,e n t e ɾ n e s ˈe ɾ,V;IND;PRS;2;PL,55,55,100.0
50L_50NL_1_1,50L_50NL,1,e n t e ɾ n e s ˈe ɾ,V;IND;PRS;2;SG,55,55,100.0
50L_50NL_1_2,50L_50NL,1,e n t e ɾ n e s ˈe ɾ,V;IND;PRS;2;SG,55,55,100.0
50L_50NL_1_3,50L_50NL,1,e n t e ɾ n e s ˈe ɾ,V;IND;PRS;2;SG,55,55,100.0
50L_50NL_1_4,50L_50NL,1,e n t e ɾ n e s ˈe ɾ,V;IND;PRS;2;SG,55,55,100.0
50L_50NL_1_1,50L_50NL,1,e n t e ɾ n e s ˈe ɾ,V;IND;PRS;3;PL,55,55,100.0
50L_50NL_1_2,50L_50NL,1,e n t e ɾ n e s ˈe ɾ,V;IND;PRS;3;PL,55,55,100.0
50L_50NL_1_3,50L_50NL,1,e n t e ɾ n e s ˈe ɾ,V;IND;PRS;3;PL,55,55,100.0
50L_50NL_1_4,50L_50NL,1,e n t e ɾ n e s ˈe ɾ,V;IND;PRS;3;PL,55,55,100.0
50L_50NL_1_1,50L_50NL,1,e n t e ɾ n e s ˈe ɾ,V;IND;PRS;3;SG,55,55,100.0
50L_50NL_1_2,50L_50NL,1,e n t e ɾ n e s ˈe ɾ,V;IND;PRS;3;SG,55,55,100.0
50L_50NL_1_3,50L_50NL,1,e n t e ɾ n e s ˈe ɾ,V;IND;PRS;3;SG,55,55,100.0
50L_50NL_1_4,50L_50NL,1,e n t e ɾ n e s ˈe ɾ,V;IND;PRS;3;SG,55,55,100.0
50L_50NL_1_1,50L_50NL,1,e n t e ɾ n e s ˈe ɾ,V;SBJV;PRS;1;PL,55,55,100.0
50L_50NL_1_2,50L_50NL,1,e n t e ɾ n e s ˈe ɾ,V;SBJV;PRS;1;PL,55,55,100.0
50L_50NL_1_3,50L_50NL,1,e n t e ɾ n e s ˈe ɾ,V;SBJV;PRS;1;PL,55,55,100.0
50L_50NL_1_4,50L_50NL,1,e n t e ɾ n e s ˈe ɾ,V;SBJV;PRS;1;PL,55,55,100.0
50L_50NL_1_1,50L_50NL,1,e n t e ɾ n e s ˈe ɾ,V;SBJV;PRS;1;SG,55,55,100.0
50L_50NL_1_2,50L_50NL,1,e n t e ɾ n e s ˈe ɾ,V;SBJV;PRS;1;SG,55,55,100.0
50L_50NL_1_3,50L_50NL,1,e n t e ɾ n e s ˈe ɾ,V;SBJV;PRS;1;SG,55,55,100.0
50L_50NL_1_4,50L_50NL,1,e n t e ɾ n e s ˈe ɾ,V;SBJV;PRS;1;SG,55,55,100.0
50L_50NL_1_1,50L_50NL,1,e n t e ɾ n e s ˈe ɾ,V;SBJV;PRS;2;PL,55,55,100.0
50L_50NL_1_2,50L_50NL,1,e n t e ɾ n e s ˈe ɾ,V;SBJV;PRS;2;PL,55,55,100.0
50L_50NL_1_3,50L_50NL,1,e n t e ɾ n e s ˈe ɾ,V;SBJV;PRS;2;PL,55,55,100.0
50L_50NL_1_4,50L_50NL,1,e n t e ɾ n e s ˈe ɾ,V;SBJV;PRS;2;PL,55,55,100.0
50L_50NL_1_1,50L_50NL,1,e n t e ɾ n e s ˈe ɾ,V;SBJV;PRS;2;SG,55,55,100.0
50L_50NL_1_2,50L_50NL,1,e n t e ɾ n e s ˈe ɾ,V;SBJV;PRS;2;SG,55,55,100.0
50L_50NL_1_3,50L_50NL,1,e n t e ɾ n e s ˈe ɾ,V;SBJV;PRS;2;SG,55,55,100.0
50L_50NL_1_4,50L_50NL,1,e n t e ɾ n e s ˈe ɾ,V;SBJV;PRS;2;SG,55,55,100.0
50L_50NL_1_1,50L_50NL,1,e n t e ɾ n e s ˈe ɾ,V;SBJV;PRS;3;PL,55,55,100.0
50L_50NL_1_2,50L_50NL,1,e n t e ɾ n e s ˈe ɾ,V;SBJV;PRS;3;PL,55,55,100.0
50L_50NL_1_3,50L_50NL,1,e n t e ɾ n e s ˈe ɾ,V;SBJV;PRS;3;PL,55,55,100.0
50L_50NL_1_4,50L_50NL,1,e n t e ɾ n e s ˈe ɾ,V;SBJV;PRS;3;PL,55,55,100.0
50L_50NL_1_1,50L_50NL,1,e n t e ɾ n e s ˈe ɾ,V;SBJV;PRS;3;SG,55,55,100.0
50L_50NL_1_2,50L_50NL,1,e n t e ɾ n e s ˈe ɾ,V;SBJV;PRS;3;SG,55,55,100.0
50L_50NL_1_3,50L_50NL,1,e n t e ɾ n e s ˈe ɾ,V;SBJV;PRS;3;SG,55,55,100.0
50L_50NL_1_4,50L_50NL,1,e n t e ɾ n e s ˈe ɾ,V;SBJV;PRS;3;SG,55,55,100.0
50L_50NL_1_1,50L_50NL,1,e n ɾ o x e s ˈe ɾ,V;IND;PRS;1;PL,55,55,100.0
50L_50NL_1_2,50L_50NL,1,e n ɾ o x e s ˈe ɾ,V;IND;PRS;1;PL,55,55,100.0
50L_50NL_1_3,50L_50NL,1,e n ɾ o x e s ˈe ɾ,V;IND;PRS;1;PL,55,55,100.0
50L_50NL_1_4,50L_50NL,1,e n ɾ o x e s ˈe ɾ,V;IND;PRS;1;PL,55,55,100.0
50L_50NL_1_1,50L_50NL,1,e n ɾ o x e s ˈe ɾ,V;IND;PRS;1;SG,55,55,100.0
50L_50NL_1_2,50L_50NL,1,e n ɾ o x e s ˈe ɾ,V;IND;PRS;1;SG,55,55,100.0
50L_50NL_1_3,50L_50NL,1,e n ɾ o x e s ˈe ɾ,V;IND;PRS;1;SG,55,55,100.0
50L_50NL_1_4,50L_50NL,1,e n ɾ o x e s ˈe ɾ,V;IND;PRS;1;SG,55,55,100.0
50L_50NL_1_1,50L_50NL,1,e n ɾ o x e s ˈe ɾ,V;IND;PRS;2;PL,55,55,100.0
50L_50NL_1_2,50L_50NL,1,e n ɾ o x e s ˈe ɾ,V;IND;PRS;2;PL,55,55,100.0
50L_50NL_1_3,50L_50NL,1,e n ɾ o x e s ˈe ɾ,V;IND;PRS;2;PL,55,55,100.0
50L_50NL_1_4,50L_50NL,1,e n ɾ o x e s ˈe ɾ,V;IND;PRS;2;PL,55,55,100.0
50L_50NL_1_1,50L_50NL,1,e n ɾ o x e s ˈe ɾ,V;IND;PRS;2;SG,55,55,100.0
50L_50NL_1_2,50L_50NL,1,e n ɾ o x e s ˈe ɾ,V;IND;PRS;2;SG,55,55,100.0
50L_50NL_1_3,50L_50NL,1,e n ɾ o x e s ˈe ɾ,V;IND;PRS;2;SG,55,55,100.0
50L_50NL_1_4,50L_50NL,1,e n ɾ o x e s ˈe ɾ,V;IND;PRS;2;SG,55,55,100.0
50L_50NL_1_1,50L_50NL,1,e n ɾ o x e s ˈe ɾ,V;IND;PRS;3;PL,55,55,100.0
50L_50NL_1_2,50L_50NL,1,e n ɾ o x e s ˈe ɾ,V;IND;PRS;3;PL,55,55,100.0
50L_50NL_1_3,50L_50NL,1,e n ɾ o x e s ˈe ɾ,V;IND;PRS;3;PL,55,55,100.0
50L_50NL_1_4,50L_50NL,1,e n ɾ o x e s ˈe ɾ,V;IND;PRS;3;PL,55,55,100.0
50L_50NL_1_1,50L_50NL,1,e n ɾ o x e s ˈe ɾ,V;IND;PRS;3;SG,55,55,100.0
50L_50NL_1_2,50L_50NL,1,e n ɾ o x e s ˈe ɾ,V;IND;PRS;3;SG,55,55,100.0
50L_50NL_1_3,50L_50NL,1,e n ɾ o x e s ˈe ɾ,V;IND;PRS;3;SG,55,55,100.0
50L_50NL_1_4,50L_50NL,1,e n ɾ o x e s ˈe ɾ,V;IND;PRS;3;SG,55,55,100.0
50L_50NL_1_1,50L_50NL,1,e n ɾ o x e s ˈe ɾ,V;SBJV;PRS;1;PL,55,55,100.0
50L_50NL_1_2,50L_50NL,1,e n ɾ o x e s ˈe ɾ,V;SBJV;PRS;1;PL,55,55,100.0
50L_50NL_1_3,50L_50NL,1,e n ɾ o x e s ˈe ɾ,V;SBJV;PRS;1;PL,55,55,100.0
50L_50NL_1_4,50L_50NL,1,e n ɾ o x e s ˈe ɾ,V;SBJV;PRS;1;PL,55,55,100.0
50L_50NL_1_1,50L_50NL,1,e n ɾ o x e s ˈe ɾ,V;SBJV;PRS;1;SG,55,55,100.0
50L_50NL_1_2,50L_50NL,1,e n ɾ o x e s ˈe ɾ,V;SBJV;PRS;1;SG,55,55,100.0
50L_50NL_1_3,50L_50NL,1,e n ɾ o x e s ˈe ɾ,V;SBJV;PRS;1;SG,55,55,100.0
50L_50NL_1_4,50L_50NL,1,e n ɾ o x e s ˈe ɾ,V;SBJV;PRS;1;SG,55,55,100.0
50L_50NL_1_1,50L_50NL,1,e n ɾ o x e s ˈe ɾ,V;SBJV;PRS;2;PL,55,55,100.0
50L_50NL_1_2,50L_50NL,1,e n ɾ o x e s ˈe ɾ,V;SBJV;PRS;2;PL,55,55,100.0
50L_50NL_1_3,50L_50NL,1,e n ɾ o x e s ˈe ɾ,V;SBJV;PRS;2;PL,55,55,100.0
50L_50NL_1_4,50L_50NL,1,e n ɾ o x e s ˈe ɾ,V;SBJV;PRS;2;PL,55,55,100.0
50L_50NL_1_1,50L_50NL,1,e n ɾ o x e s ˈe ɾ,V;SBJV;PRS;2;SG,55,55,100.0
50L_50NL_1_2,50L_50NL,1,e n ɾ o x e s ˈe ɾ,V;SBJV;PRS;2;SG,55,55,100.0
50L_50NL_1_3,50L_50NL,1,e n ɾ o x e s ˈe ɾ,V;SBJV;PRS;2;SG,55,55,100.0
50L_50NL_1_4,50L_50NL,1,e n ɾ o x e s ˈe ɾ,V;SBJV;PRS;2;SG,55,55,100.0
50L_50NL_1_1,50L_50NL,1,e n ɾ o x e s ˈe ɾ,V;SBJV;PRS;3;PL,55,55,100.0
50L_50NL_1_2,50L_50NL,1,e n ɾ o x e s ˈe ɾ,V;SBJV;PRS;3;PL,55,55,100.0
50L_50NL_1_3,50L_50NL,1,e n ɾ o x e s ˈe ɾ,V;SBJV;PRS;3;PL,55,55,100.0
50L_50NL_1_4,50L_50NL,1,e n ɾ o x e s ˈe ɾ,V;SBJV;PRS;3;PL,55,55,100.0
50L_50NL_1_1,50L_50NL,1,e n ɾ o x e s ˈe ɾ,V;SBJV;PRS;3;SG,55,55,100.0
50L_50NL_1_2,50L_50NL,1,e n ɾ o x e s ˈe ɾ,V;SBJV;PRS;3;SG,55,55,100.0
50L_50NL_1_3,50L_50NL,1,e n ɾ o x e s ˈe ɾ,V;SBJV;PRS;3;SG,55,55,100.0
50L_50NL_1_4,50L_50NL,1,e n ɾ o x e s ˈe ɾ,V;SBJV;PRS;3;SG,55,55,100.0
50L_50NL_1_1,50L_50NL,1,e s t a b l e s ˈe ɾ,V;IND;PRS;1;PL,14,55,25.45
50L_50NL_1_2,50L_50NL,1,e s t a b l e s ˈe ɾ,V;IND;PRS;1;PL,0,55,0.0
50L_50NL_1_3,50L_50NL,1,e s t a b l e s ˈe ɾ,V;IND;PRS;1;PL,52,55,94.55
50L_50NL_1_4,50L_50NL,1,e s t a b l e s ˈe ɾ,V;IND;PRS;1;PL,55,55,100.0
50L_50NL_1_1,50L_50NL,1,e s t a b l e s ˈe ɾ,V;IND;PRS;1;SG,48,55,87.27
50L_50NL_1_2,50L_50NL,1,e s t a b l e s ˈe ɾ,V;IND;PRS;1;SG,19,55,34.55
50L_50NL_1_3,50L_50NL,1,e s t a b l e s ˈe ɾ,V;IND;PRS;1;SG,55,55,100.0
50L_50NL_1_4,50L_50NL,1,e s t a b l e s ˈe ɾ,V;IND;PRS;1;SG,55,55,100.0
50L_50NL_1_1,50L_50NL,1,e s t a b l e s ˈe ɾ,V;IND;PRS;2;PL,14,55,25.45
50L_50NL_1_2,50L_50NL,1,e s t a b l e s ˈe ɾ,V;IND;PRS;2;PL,0,55,0.0
50L_50NL_1_3,50L_50NL,1,e s t a b l e s ˈe ɾ,V;IND;PRS;2;PL,50,55,90.91
50L_50NL_1_4,50L_50NL,1,e s t a b l e s ˈe ɾ,V;IND;PRS;2;PL,55,55,100.0
50L_50NL_1_1,50L_50NL,1,e s t a b l e s ˈe ɾ,V;IND;PRS;2;SG,55,55,100.0
50L_50NL_1_2,50L_50NL,1,e s t a b l e s ˈe ɾ,V;IND;PRS;2;SG,21,55,38.18
50L_50NL_1_3,50L_50NL,1,e s t a b l e s ˈe ɾ,V;IND;PRS;2;SG,55,55,100.0
50L_50NL_1_4,50L_50NL,1,e s t a b l e s ˈe ɾ,V;IND;PRS;2;SG,55,55,100.0
50L_50NL_1_1,50L_50NL,1,e s t a b l e s ˈe ɾ,V;IND;PRS;3;PL,55,55,100.0
50L_50NL_1_2,50L_50NL,1,e s t a b l e s ˈe ɾ,V;IND;PRS;3;PL,22,55,40.0
50L_50NL_1_3,50L_50NL,1,e s t a b l e s ˈe ɾ,V;IND;PRS;3;PL,55,55,100.0
50L_50NL_1_4,50L_50NL,1,e s t a b l e s ˈe ɾ,V;IND;PRS;3;PL,55,55,100.0
50L_50NL_1_1,50L_50NL,1,e s t a b l e s ˈe ɾ,V;IND;PRS;3;SG,55,55,100.0
50L_50NL_1_2,50L_50NL,1,e s t a b l e s ˈe ɾ,V;IND;PRS;3;SG,23,55,41.82
50L_50NL_1_3,50L_50NL,1,e s t a b l e s ˈe ɾ,V;IND;PRS;3;SG,55,55,100.0
50L_50NL_1_4,50L_50NL,1,e s t a b l e s ˈe ɾ,V;IND;PRS;3;SG,55,55,100.0
50L_50NL_1_1,50L_50NL,1,e s t a b l e s ˈe ɾ,V;SBJV;PRS;1;PL,0,55,0.0
50L_50NL_1_2,50L_50NL,1,e s t a b l e s ˈe ɾ,V;SBJV;PRS;1;PL,0,55,0.0
50L_50NL_1_3,50L_50NL,1,e s t a b l e s ˈe ɾ,V;SBJV;PRS;1;PL,40,55,72.73
50L_50NL_1_4,50L_50NL,1,e s t a b l e s ˈe ɾ,V;SBJV;PRS;1;PL,55,55,100.0
50L_50NL_1_1,50L_50NL,1,e s t a b l e s ˈe ɾ,V;SBJV;PRS;1;SG,49,55,89.09
50L_50NL_1_2,50L_50NL,1,e s t a b l e s ˈe ɾ,V;SBJV;PRS;1;SG,20,55,36.36
50L_50NL_1_3,50L_50NL,1,e s t a b l e s ˈe ɾ,V;SBJV;PRS;1;SG,55,55,100.0
50L_50NL_1_4,50L_50NL,1,e s t a b l e s ˈe ɾ,V;SBJV;PRS;1;SG,55,55,100.0
50L_50NL_1_1,50L_50NL,1,e s t a b l e s ˈe ɾ,V;SBJV;PRS;2;PL,5,55,9.09
50L_50NL_1_2,50L_50NL,1,e s t a b l e s ˈe ɾ,V;SBJV;PRS;2;PL,0,55,0.0
50L_50NL_1_3,50L_50NL,1,e s t a b l e s ˈe ɾ,V;SBJV;PRS;2;PL,32,55,58.18
50L_50NL_1_4,50L_50NL,1,e s t a b l e s ˈe ɾ,V;SBJV;PRS;2;PL,55,55,100.0
50L_50NL_1_1,50L_50NL,1,e s t a b l e s ˈe ɾ,V;SBJV;PRS;2;SG,52,55,94.55
50L_50NL_1_2,50L_50NL,1,e s t a b l e s ˈe ɾ,V;SBJV;PRS;2;SG,18,55,32.73
50L_50NL_1_3,50L_50NL,1,e s t a b l e s ˈe ɾ,V;SBJV;PRS;2;SG,55,55,100.0
50L_50NL_1_4,50L_50NL,1,e s t a b l e s ˈe ɾ,V;SBJV;PRS;2;SG,55,55,100.0
50L_50NL_1_1,50L_50NL,1,e s t a b l e s ˈe ɾ,V;SBJV;PRS;3;PL,52,55,94.55
50L_50NL_1_2,50L_50NL,1,e s t a b l e s ˈe ɾ,V;SBJV;PRS;3;PL,18,55,32.73
50L_50NL_1_3,50L_50NL,1,e s t a b l e s ˈe ɾ,V;SBJV;PRS;3;PL,55,55,100.0
50L_50NL_1_4,50L_50NL,1,e s t a b l e s ˈe ɾ,V;SBJV;PRS;3;PL,55,55,100.0
50L_50NL_1_1,50L_50NL,1,e s t a b l e s ˈe ɾ,V;SBJV;PRS;3;SG,49,55,89.09
50L_50NL_1_2,50L_50NL,1,e s t a b l e s ˈe ɾ,V;SBJV;PRS;3;SG,21,55,38.18
50L_50NL_1_3,50L_50NL,1,e s t a b l e s ˈe ɾ,V;SBJV;PRS;3;SG,55,55,100.0
50L_50NL_1_4,50L_50NL,1,e s t a b l e s ˈe ɾ,V;SBJV;PRS;3;SG,55,55,100.0
50L_50NL_1_1,50L_50NL,1,f u l ç ˈi ɾ,V;IND;PRS;1;PL,55,55,100.0
50L_50NL_1_2,50L_50NL,1,f u l ç ˈi ɾ,V;IND;PRS;1;PL,55,55,100.0
50L_50NL_1_3,50L_50NL,1,f u l ç ˈi ɾ,V;IND;PRS;1;PL,55,55,100.0
50L_50NL_1_4,50L_50NL,1,f u l ç ˈi ɾ,V;IND;PRS;1;PL,55,55,100.0
50L_50NL_1_1,50L_50NL,1,f u l ç ˈi ɾ,V;IND;PRS;1;SG,55,55,100.0
50L_50NL_1_2,50L_50NL,1,f u l ç ˈi ɾ,V;IND;PRS;1;SG,55,55,100.0
50L_50NL_1_3,50L_50NL,1,f u l ç ˈi ɾ,V;IND;PRS;1;SG,55,55,100.0
50L_50NL_1_4,50L_50NL,1,f u l ç ˈi ɾ,V;IND;PRS;1;SG,55,55,100.0
50L_50NL_1_1,50L_50NL,1,f u l ç ˈi ɾ,V;IND;PRS;2;PL,55,55,100.0
50L_50NL_1_2,50L_50NL,1,f u l ç ˈi ɾ,V;IND;PRS;2;PL,55,55,100.0
50L_50NL_1_3,50L_50NL,1,f u l ç ˈi ɾ,V;IND;PRS;2;PL,55,55,100.0
50L_50NL_1_4,50L_50NL,1,f u l ç ˈi ɾ,V;IND;PRS;2;PL,55,55,100.0
50L_50NL_1_1,50L_50NL,1,f u l ç ˈi ɾ,V;IND;PRS;2;SG,55,55,100.0
50L_50NL_1_2,50L_50NL,1,f u l ç ˈi ɾ,V;IND;PRS;2;SG,55,55,100.0
50L_50NL_1_3,50L_50NL,1,f u l ç ˈi ɾ,V;IND;PRS;2;SG,55,55,100.0
50L_50NL_1_4,50L_50NL,1,f u l ç ˈi ɾ,V;IND;PRS;2;SG,55,55,100.0
50L_50NL_1_1,50L_50NL,1,f u l ç ˈi ɾ,V;IND;PRS;3;PL,55,55,100.0
50L_50NL_1_2,50L_50NL,1,f u l ç ˈi ɾ,V;IND;PRS;3;PL,55,55,100.0
50L_50NL_1_3,50L_50NL,1,f u l ç ˈi ɾ,V;IND;PRS;3;PL,55,55,100.0
50L_50NL_1_4,50L_50NL,1,f u l ç ˈi ɾ,V;IND;PRS;3;PL,55,55,100.0
50L_50NL_1_1,50L_50NL,1,f u l ç ˈi ɾ,V;IND;PRS;3;SG,55,55,100.0
50L_50NL_1_2,50L_50NL,1,f u l ç ˈi ɾ,V;IND;PRS;3;SG,55,55,100.0
50L_50NL_1_3,50L_50NL,1,f u l ç ˈi ɾ,V;IND;PRS;3;SG,55,55,100.0
50L_50NL_1_4,50L_50NL,1,f u l ç ˈi ɾ,V;IND;PRS;3;SG,55,55,100.0
50L_50NL_1_1,50L_50NL,1,f u l ç ˈi ɾ,V;SBJV;PRS;1;PL,55,55,100.0
50L_50NL_1_2,50L_50NL,1,f u l ç ˈi ɾ,V;SBJV;PRS;1;PL,55,55,100.0
50L_50NL_1_3,50L_50NL,1,f u l ç ˈi ɾ,V;SBJV;PRS;1;PL,55,55,100.0
50L_50NL_1_4,50L_50NL,1,f u l ç ˈi ɾ,V;SBJV;PRS;1;PL,55,55,100.0
50L_50NL_1_1,50L_50NL,1,f u l ç ˈi ɾ,V;SBJV;PRS;1;SG,55,55,100.0
50L_50NL_1_2,50L_50NL,1,f u l ç ˈi ɾ,V;SBJV;PRS;1;SG,55,55,100.0
50L_50NL_1_3,50L_50NL,1,f u l ç ˈi ɾ,V;SBJV;PRS;1;SG,55,55,100.0
50L_50NL_1_4,50L_50NL,1,f u l ç ˈi ɾ,V;SBJV;PRS;1;SG,55,55,100.0
50L_50NL_1_1,50L_50NL,1,f u l ç ˈi ɾ,V;SBJV;PRS;2;PL,55,55,100.0
50L_50NL_1_2,50L_50NL,1,f u l ç ˈi ɾ,V;SBJV;PRS;2;PL,55,55,100.0
50L_50NL_1_3,50L_50NL,1,f u l ç ˈi ɾ,V;SBJV;PRS;2;PL,55,55,100.0
50L_50NL_1_4,50L_50NL,1,f u l ç ˈi ɾ,V;SBJV;PRS;2;PL,55,55,100.0
50L_50NL_1_1,50L_50NL,1,f u l ç ˈi ɾ,V;SBJV;PRS;2;SG,55,55,100.0
50L_50NL_1_2,50L_50NL,1,f u l ç ˈi ɾ,V;SBJV;PRS;2;SG,55,55,100.0
50L_50NL_1_3,50L_50NL,1,f u l ç ˈi ɾ,V;SBJV;PRS;2;SG,55,55,100.0
50L_50NL_1_4,50L_50NL,1,f u l ç ˈi ɾ,V;SBJV;PRS;2;SG,55,55,100.0
50L_50NL_1_1,50L_50NL,1,f u l ç ˈi ɾ,V;SBJV;PRS;3;PL,55,55,100.0
50L_50NL_1_2,50L_50NL,1,f u l ç ˈi ɾ,V;SBJV;PRS;3;PL,55,55,100.0
50L_50NL_1_3,50L_50NL,1,f u l ç ˈi ɾ,V;SBJV;PRS;3;PL,55,55,100.0
50L_50NL_1_4,50L_50NL,1,f u l ç ˈi ɾ,V;SBJV;PRS;3;PL,55,55,100.0
50L_50NL_1_1,50L_50NL,1,f u l ç ˈi ɾ,V;SBJV;PRS;3;SG,55,55,100.0
50L_50NL_1_2,50L_50NL,1,f u l ç ˈi ɾ,V;SBJV;PRS;3;SG,55,55,100.0
50L_50NL_1_3,50L_50NL,1,f u l ç ˈi ɾ,V;SBJV;PRS;3;SG,55,55,100.0
50L_50NL_1_4,50L_50NL,1,f u l ç ˈi ɾ,V;SBJV;PRS;3;SG,55,55,100.0
50L_50NL_1_1,50L_50NL,1,f ɾ a n ç ˈi ɾ,V;IND;PRS;1;PL,55,55,100.0
50L_50NL_1_2,50L_50NL,1,f ɾ a n ç ˈi ɾ,V;IND;PRS;1;PL,55,55,100.0
50L_50NL_1_3,50L_50NL,1,f ɾ a n ç ˈi ɾ,V;IND;PRS;1;PL,55,55,100.0
50L_50NL_1_4,50L_50NL,1,f ɾ a n ç ˈi ɾ,V;IND;PRS;1;PL,55,55,100.0
50L_50NL_1_1,50L_50NL,1,f ɾ a n ç ˈi ɾ,V;IND;PRS;1;SG,55,55,100.0
50L_50NL_1_2,50L_50NL,1,f ɾ a n ç ˈi ɾ,V;IND;PRS;1;SG,42,55,76.36
50L_50NL_1_3,50L_50NL,1,f ɾ a n ç ˈi ɾ,V;IND;PRS;1;SG,50,55,90.91
50L_50NL_1_4,50L_50NL,1,f ɾ a n ç ˈi ɾ,V;IND;PRS;1;SG,55,55,100.0
50L_50NL_1_1,50L_50NL,1,f ɾ a n ç ˈi ɾ,V;IND;PRS;2;PL,55,55,100.0
50L_50NL_1_2,50L_50NL,1,f ɾ a n ç ˈi ɾ,V;IND;PRS;2;PL,55,55,100.0
50L_50NL_1_3,50L_50NL,1,f ɾ a n ç ˈi ɾ,V;IND;PRS;2;PL,55,55,100.0
50L_50NL_1_4,50L_50NL,1,f ɾ a n ç ˈi ɾ,V;IND;PRS;2;PL,55,55,100.0
50L_50NL_1_1,50L_50NL,1,f ɾ a n ç ˈi ɾ,V;IND;PRS;2;SG,55,55,100.0
50L_50NL_1_2,50L_50NL,1,f ɾ a n ç ˈi ɾ,V;IND;PRS;2;SG,55,55,100.0
50L_50NL_1_3,50L_50NL,1,f ɾ a n ç ˈi ɾ,V;IND;PRS;2;SG,54,55,98.18
50L_50NL_1_4,50L_50NL,1,f ɾ a n ç ˈi ɾ,V;IND;PRS;2;SG,55,55,100.0
50L_50NL_1_1,50L_50NL,1,f ɾ a n ç ˈi ɾ,V;IND;PRS;3;PL,55,55,100.0
50L_50NL_1_2,50L_50NL,1,f ɾ a n ç ˈi ɾ,V;IND;PRS;3;PL,54,55,98.18
50L_50NL_1_3,50L_50NL,1,f ɾ a n ç ˈi ɾ,V;IND;PRS;3;PL,53,55,96.36
50L_50NL_1_4,50L_50NL,1,f ɾ a n ç ˈi ɾ,V;IND;PRS;3;PL,50,55,90.91
50L_50NL_1_1,50L_50NL,1,f ɾ a n ç ˈi ɾ,V;IND;PRS;3;SG,55,55,100.0
50L_50NL_1_2,50L_50NL,1,f ɾ a n ç ˈi ɾ,V;IND;PRS;3;SG,54,55,98.18
50L_50NL_1_3,50L_50NL,1,f ɾ a n ç ˈi ɾ,V;IND;PRS;3;SG,54,55,98.18
50L_50NL_1_4,50L_50NL,1,f ɾ a n ç ˈi ɾ,V;IND;PRS;3;SG,48,55,87.27
50L_50NL_1_1,50L_50NL,1,f ɾ a n ç ˈi ɾ,V;SBJV;PRS;1;PL,55,55,100.0
50L_50NL_1_2,50L_50NL,1,f ɾ a n ç ˈi ɾ,V;SBJV;PRS;1;PL,55,55,100.0
50L_50NL_1_3,50L_50NL,1,f ɾ a n ç ˈi ɾ,V;SBJV;PRS;1;PL,55,55,100.0
50L_50NL_1_4,50L_50NL,1,f ɾ a n ç ˈi ɾ,V;SBJV;PRS;1;PL,55,55,100.0
50L_50NL_1_1,50L_50NL,1,f ɾ a n ç ˈi ɾ,V;SBJV;PRS;1;SG,55,55,100.0
50L_50NL_1_2,50L_50NL,1,f ɾ a n ç ˈi ɾ,V;SBJV;PRS;1;SG,50,55,90.91
50L_50NL_1_3,50L_50NL,1,f ɾ a n ç ˈi ɾ,V;SBJV;PRS;1;SG,53,55,96.36
50L_50NL_1_4,50L_50NL,1,f ɾ a n ç ˈi ɾ,V;SBJV;PRS;1;SG,55,55,100.0
50L_50NL_1_1,50L_50NL,1,f ɾ a n ç ˈi ɾ,V;SBJV;PRS;2;PL,55,55,100.0
50L_50NL_1_2,50L_50NL,1,f ɾ a n ç ˈi ɾ,V;SBJV;PRS;2;PL,55,55,100.0
50L_50NL_1_3,50L_50NL,1,f ɾ a n ç ˈi ɾ,V;SBJV;PRS;2;PL,55,55,100.0
50L_50NL_1_4,50L_50NL,1,f ɾ a n ç ˈi ɾ,V;SBJV;PRS;2;PL,55,55,100.0
50L_50NL_1_1,50L_50NL,1,f ɾ a n ç ˈi ɾ,V;SBJV;PRS;2;SG,55,55,100.0
50L_50NL_1_2,50L_50NL,1,f ɾ a n ç ˈi ɾ,V;SBJV;PRS;2;SG,54,55,98.18
50L_50NL_1_3,50L_50NL,1,f ɾ a n ç ˈi ɾ,V;SBJV;PRS;2;SG,55,55,100.0
50L_50NL_1_4,50L_50NL,1,f ɾ a n ç ˈi ɾ,V;SBJV;PRS;2;SG,55,55,100.0
50L_50NL_1_1,50L_50NL,1,f ɾ a n ç ˈi ɾ,V;SBJV;PRS;3;PL,55,55,100.0
50L_50NL_1_2,50L_50NL,1,f ɾ a n ç ˈi ɾ,V;SBJV;PRS;3;PL,53,55,96.36
50L_50NL_1_3,50L_50NL,1,f ɾ a n ç ˈi ɾ,V;SBJV;PRS;3;PL,52,55,94.55
50L_50NL_1_4,50L_50NL,1,f ɾ a n ç ˈi ɾ,V;SBJV;PRS;3;PL,55,55,100.0
50L_50NL_1_1,50L_50NL,1,f ɾ a n ç ˈi ɾ,V;SBJV;PRS;3;SG,55,55,100.0
50L_50NL_1_2,50L_50NL,1,f ɾ a n ç ˈi ɾ,V;SBJV;PRS;3;SG,50,55,90.91
50L_50NL_1_3,50L_50NL,1,f ɾ a n ç ˈi ɾ,V;SBJV;PRS;3;SG,52,55,94.55
50L_50NL_1_4,50L_50NL,1,f ɾ a n ç ˈi ɾ,V;SBJV;PRS;3;SG,55,55,100.0
50L_50NL_1_1,50L_50NL,1,k a ˈe ɾ,V;IND;PRS;1;PL,55,55,100.0
50L_50NL_1_2,50L_50NL,1,k a ˈe ɾ,V;IND;PRS;1;PL,55,55,100.0
50L_50NL_1_3,50L_50NL,1,k a ˈe ɾ,V;IND;PRS;1;PL,55,55,100.0
50L_50NL_1_4,50L_50NL,1,k a ˈe ɾ,V;IND;PRS;1;PL,55,55,100.0
50L_50NL_1_1,50L_50NL,1,k a ˈe ɾ,V;IND;PRS;1;SG,55,55,100.0
50L_50NL_1_2,50L_50NL,1,k a ˈe ɾ,V;IND;PRS;1;SG,55,55,100.0
50L_50NL_1_3,50L_50NL,1,k a ˈe ɾ,V;IND;PRS;1;SG,55,55,100.0
50L_50NL_1_4,50L_50NL,1,k a ˈe ɾ,V;IND;PRS;1;SG,55,55,100.0
50L_50NL_1_1,50L_50NL,1,k a ˈe ɾ,V;IND;PRS;2;PL,55,55,100.0
50L_50NL_1_2,50L_50NL,1,k a ˈe ɾ,V;IND;PRS;2;PL,55,55,100.0
50L_50NL_1_3,50L_50NL,1,k a ˈe ɾ,V;IND;PRS;2;PL,55,55,100.0
50L_50NL_1_4,50L_50NL,1,k a ˈe ɾ,V;IND;PRS;2;PL,55,55,100.0
50L_50NL_1_1,50L_50NL,1,k a ˈe ɾ,V;IND;PRS;2;SG,55,55,100.0
50L_50NL_1_2,50L_50NL,1,k a ˈe ɾ,V;IND;PRS;2;SG,55,55,100.0
50L_50NL_1_3,50L_50NL,1,k a ˈe ɾ,V;IND;PRS;2;SG,55,55,100.0
50L_50NL_1_4,50L_50NL,1,k a ˈe ɾ,V;IND;PRS;2;SG,55,55,100.0
50L_50NL_1_1,50L_50NL,1,k a ˈe ɾ,V;IND;PRS;3;PL,55,55,100.0
50L_50NL_1_2,50L_50NL,1,k a ˈe ɾ,V;IND;PRS;3;PL,55,55,100.0
50L_50NL_1_3,50L_50NL,1,k a ˈe ɾ,V;IND;PRS;3;PL,55,55,100.0
50L_50NL_1_4,50L_50NL,1,k a ˈe ɾ,V;IND;PRS;3;PL,55,55,100.0
50L_50NL_1_1,50L_50NL,1,k a ˈe ɾ,V;IND;PRS;3;SG,55,55,100.0
50L_50NL_1_2,50L_50NL,1,k a ˈe ɾ,V;IND;PRS;3;SG,55,55,100.0
50L_50NL_1_3,50L_50NL,1,k a ˈe ɾ,V;IND;PRS;3;SG,55,55,100.0
50L_50NL_1_4,50L_50NL,1,k a ˈe ɾ,V;IND;PRS;3;SG,54,55,98.18
50L_50NL_1_1,50L_50NL,1,k a ˈe ɾ,V;SBJV;PRS;1;PL,55,55,100.0
50L_50NL_1_2,50L_50NL,1,k a ˈe ɾ,V;SBJV;PRS;1;PL,55,55,100.0
50L_50NL_1_3,50L_50NL,1,k a ˈe ɾ,V;SBJV;PRS;1;PL,55,55,100.0
50L_50NL_1_4,50L_50NL,1,k a ˈe ɾ,V;SBJV;PRS;1;PL,54,55,98.18
50L_50NL_1_1,50L_50NL,1,k a ˈe ɾ,V;SBJV;PRS;1;SG,55,55,100.0
50L_50NL_1_2,50L_50NL,1,k a ˈe ɾ,V;SBJV;PRS;1;SG,55,55,100.0
50L_50NL_1_3,50L_50NL,1,k a ˈe ɾ,V;SBJV;PRS;1;SG,55,55,100.0
50L_50NL_1_4,50L_50NL,1,k a ˈe ɾ,V;SBJV;PRS;1;SG,55,55,100.0
50L_50NL_1_1,50L_50NL,1,k a ˈe ɾ,V;SBJV;PRS;2;PL,55,55,100.0
50L_50NL_1_2,50L_50NL,1,k a ˈe ɾ,V;SBJV;PRS;2;PL,55,55,100.0
50L_50NL_1_3,50L_50NL,1,k a ˈe ɾ,V;SBJV;PRS;2;PL,55,55,100.0
50L_50NL_1_4,50L_50NL,1,k a ˈe ɾ,V;SBJV;PRS;2;PL,53,55,96.36
50L_50NL_1_1,50L_50NL,1,k a ˈe ɾ,V;SBJV;PRS;2;SG,55,55,100.0
50L_50NL_1_2,50L_50NL,1,k a ˈe ɾ,V;SBJV;PRS;2;SG,55,55,100.0
50L_50NL_1_3,50L_50NL,1,k a ˈe ɾ,V;SBJV;PRS;2;SG,55,55,100.0
50L_50NL_1_4,50L_50NL,1,k a ˈe ɾ,V;SBJV;PRS;2;SG,55,55,100.0
50L_50NL_1_1,50L_50NL,1,k a ˈe ɾ,V;SBJV;PRS;3;PL,55,55,100.0
50L_50NL_1_2,50L_50NL,1,k a ˈe ɾ,V;SBJV;PRS;3;PL,55,55,100.0
50L_50NL_1_3,50L_50NL,1,k a ˈe ɾ,V;SBJV;PRS;3;PL,55,55,100.0
50L_50NL_1_4,50L_50NL,1,k a ˈe ɾ,V;SBJV;PRS;3;PL,55,55,100.0
50L_50NL_1_1,50L_50NL,1,k a ˈe ɾ,V;SBJV;PRS;3;SG,55,55,100.0
50L_50NL_1_2,50L_50NL,1,k a ˈe ɾ,V;SBJV;PRS;3;SG,55,55,100.0
50L_50NL_1_3,50L_50NL,1,k a ˈe ɾ,V;SBJV;PRS;3;SG,55,55,100.0
50L_50NL_1_4,50L_50NL,1,k a ˈe ɾ,V;SBJV;PRS;3;SG,55,55,100.0
50L_50NL_1_1,50L_50NL,1,k o m p a ɾ e s ˈe ɾ,V;IND;PRS;1;PL,55,55,100.0
50L_50NL_1_2,50L_50NL,1,k o m p a ɾ e s ˈe ɾ,V;IND;PRS;1;PL,55,55,100.0
50L_50NL_1_3,50L_50NL,1,k o m p a ɾ e s ˈe ɾ,V;IND;PRS;1;PL,55,55,100.0
50L_50NL_1_4,50L_50NL,1,k o m p a ɾ e s ˈe ɾ,V;IND;PRS;1;PL,55,55,100.0
50L_50NL_1_1,50L_50NL,1,k o m p a ɾ e s ˈe ɾ,V;IND;PRS;1;SG,55,55,100.0
50L_50NL_1_2,50L_50NL,1,k o m p a ɾ e s ˈe ɾ,V;IND;PRS;1;SG,55,55,100.0
50L_50NL_1_3,50L_50NL,1,k o m p a ɾ e s ˈe ɾ,V;IND;PRS;1;SG,55,55,100.0
50L_50NL_1_4,50L_50NL,1,k o m p a ɾ e s ˈe ɾ,V;IND;PRS;1;SG,55,55,100.0
50L_50NL_1_1,50L_50NL,1,k o m p a ɾ e s ˈe ɾ,V;IND;PRS;2;PL,55,55,100.0
50L_50NL_1_2,50L_50NL,1,k o m p a ɾ e s ˈe ɾ,V;IND;PRS;2;PL,55,55,100.0
50L_50NL_1_3,50L_50NL,1,k o m p a ɾ e s ˈe ɾ,V;IND;PRS;2;PL,55,55,100.0
50L_50NL_1_4,50L_50NL,1,k o m p a ɾ e s ˈe ɾ,V;IND;PRS;2;PL,55,55,100.0
50L_50NL_1_1,50L_50NL,1,k o m p a ɾ e s ˈe ɾ,V;IND;PRS;2;SG,55,55,100.0
50L_50NL_1_2,50L_50NL,1,k o m p a ɾ e s ˈe ɾ,V;IND;PRS;2;SG,55,55,100.0
50L_50NL_1_3,50L_50NL,1,k o m p a ɾ e s ˈe ɾ,V;IND;PRS;2;SG,55,55,100.0
50L_50NL_1_4,50L_50NL,1,k o m p a ɾ e s ˈe ɾ,V;IND;PRS;2;SG,55,55,100.0
50L_50NL_1_1,50L_50NL,1,k o m p a ɾ e s ˈe ɾ,V;IND;PRS;3;PL,55,55,100.0
50L_50NL_1_2,50L_50NL,1,k o m p a ɾ e s ˈe ɾ,V;IND;PRS;3;PL,55,55,100.0
50L_50NL_1_3,50L_50NL,1,k o m p a ɾ e s ˈe ɾ,V;IND;PRS;3;PL,55,55,100.0
50L_50NL_1_4,50L_50NL,1,k o m p a ɾ e s ˈe ɾ,V;IND;PRS;3;PL,55,55,100.0
50L_50NL_1_1,50L_50NL,1,k o m p a ɾ e s ˈe ɾ,V;IND;PRS;3;SG,55,55,100.0
50L_50NL_1_2,50L_50NL,1,k o m p a ɾ e s ˈe ɾ,V;IND;PRS;3;SG,55,55,100.0
50L_50NL_1_3,50L_50NL,1,k o m p a ɾ e s ˈe ɾ,V;IND;PRS;3;SG,55,55,100.0
50L_50NL_1_4,50L_50NL,1,k o m p a ɾ e s ˈe ɾ,V;IND;PRS;3;SG,55,55,100.0
50L_50NL_1_1,50L_50NL,1,k o m p a ɾ e s ˈe ɾ,V;SBJV;PRS;1;PL,55,55,100.0
50L_50NL_1_2,50L_50NL,1,k o m p a ɾ e s ˈe ɾ,V;SBJV;PRS;1;PL,55,55,100.0
50L_50NL_1_3,50L_50NL,1,k o m p a ɾ e s ˈe ɾ,V;SBJV;PRS;1;PL,55,55,100.0
50L_50NL_1_4,50L_50NL,1,k o m p a ɾ e s ˈe ɾ,V;SBJV;PRS;1;PL,55,55,100.0
50L_50NL_1_1,50L_50NL,1,k o m p a ɾ e s ˈe ɾ,V;SBJV;PRS;1;SG,55,55,100.0
50L_50NL_1_2,50L_50NL,1,k o m p a ɾ e s ˈe ɾ,V;SBJV;PRS;1;SG,55,55,100.0
50L_50NL_1_3,50L_50NL,1,k o m p a ɾ e s ˈe ɾ,V;SBJV;PRS;1;SG,55,55,100.0
50L_50NL_1_4,50L_50NL,1,k o m p a ɾ e s ˈe ɾ,V;SBJV;PRS;1;SG,55,55,100.0
50L_50NL_1_1,50L_50NL,1,k o m p a ɾ e s ˈe ɾ,V;SBJV;PRS;2;PL,55,55,100.0
50L_50NL_1_2,50L_50NL,1,k o m p a ɾ e s ˈe ɾ,V;SBJV;PRS;2;PL,55,55,100.0
50L_50NL_1_3,50L_50NL,1,k o m p a ɾ e s ˈe ɾ,V;SBJV;PRS;2;PL,55,55,100.0
50L_50NL_1_4,50L_50NL,1,k o m p a ɾ e s ˈe ɾ,V;SBJV;PRS;2;PL,55,55,100.0
50L_50NL_1_1,50L_50NL,1,k o m p a ɾ e s ˈe ɾ,V;SBJV;PRS;2;SG,55,55,100.0
50L_50NL_1_2,50L_50NL,1,k o m p a ɾ e s ˈe ɾ,V;SBJV;PRS;2;SG,55,55,100.0
50L_50NL_1_3,50L_50NL,1,k o m p a ɾ e s ˈe ɾ,V;SBJV;PRS;2;SG,55,55,100.0
50L_50NL_1_4,50L_50NL,1,k o m p a ɾ e s ˈe ɾ,V;SBJV;PRS;2;SG,55,55,100.0
50L_50NL_1_1,50L_50NL,1,k o m p a ɾ e s ˈe ɾ,V;SBJV;PRS;3;PL,55,55,100.0
50L_50NL_1_2,50L_50NL,1,k o m p a ɾ e s ˈe ɾ,V;SBJV;PRS;3;PL,55,55,100.0
50L_50NL_1_3,50L_50NL,1,k o m p a ɾ e s ˈe ɾ,V;SBJV;PRS;3;PL,55,55,100.0
50L_50NL_1_4,50L_50NL,1,k o m p a ɾ e s ˈe ɾ,V;SBJV;PRS;3;PL,55,55,100.0
50L_50NL_1_1,50L_50NL,1,k o m p a ɾ e s ˈe ɾ,V;SBJV;PRS;3;SG,55,55,100.0
50L_50NL_1_2,50L_50NL,1,k o m p a ɾ e s ˈe ɾ,V;SBJV;PRS;3;SG,55,55,100.0
50L_50NL_1_3,50L_50NL,1,k o m p a ɾ e s ˈe ɾ,V;SBJV;PRS;3;SG,55,55,100.0
50L_50NL_1_4,50L_50NL,1,k o m p a ɾ e s ˈe ɾ,V;SBJV;PRS;3;SG,55,55,100.0
50L_50NL_1_1,50L_50NL,1,k o n t ɾ a a s ˈe ɾ,V;IND;PRS;1;PL,55,55,100.0
50L_50NL_1_2,50L_50NL,1,k o n t ɾ a a s ˈe ɾ,V;IND;PRS;1;PL,55,55,100.0
50L_50NL_1_3,50L_50NL,1,k o n t ɾ a a s ˈe ɾ,V;IND;PRS;1;PL,55,55,100.0
50L_50NL_1_4,50L_50NL,1,k o n t ɾ a a s ˈe ɾ,V;IND;PRS;1;PL,55,55,100.0
50L_50NL_1_1,50L_50NL,1,k o n t ɾ a a s ˈe ɾ,V;IND;PRS;1;SG,55,55,100.0
50L_50NL_1_2,50L_50NL,1,k o n t ɾ a a s ˈe ɾ,V;IND;PRS;1;SG,55,55,100.0
50L_50NL_1_3,50L_50NL,1,k o n t ɾ a a s ˈe ɾ,V;IND;PRS;1;SG,55,55,100.0
50L_50NL_1_4,50L_50NL,1,k o n t ɾ a a s ˈe ɾ,V;IND;PRS;1;SG,55,55,100.0
50L_50NL_1_1,50L_50NL,1,k o n t ɾ a a s ˈe ɾ,V;IND;PRS;2;PL,55,55,100.0
50L_50NL_1_2,50L_50NL,1,k o n t ɾ a a s ˈe ɾ,V;IND;PRS;2;PL,55,55,100.0
50L_50NL_1_3,50L_50NL,1,k o n t ɾ a a s ˈe ɾ,V;IND;PRS;2;PL,55,55,100.0
50L_50NL_1_4,50L_50NL,1,k o n t ɾ a a s ˈe ɾ,V;IND;PRS;2;PL,55,55,100.0
50L_50NL_1_1,50L_50NL,1,k o n t ɾ a a s ˈe ɾ,V;IND;PRS;2;SG,55,55,100.0
50L_50NL_1_2,50L_50NL,1,k o n t ɾ a a s ˈe ɾ,V;IND;PRS;2;SG,55,55,100.0
50L_50NL_1_3,50L_50NL,1,k o n t ɾ a a s ˈe ɾ,V;IND;PRS;2;SG,55,55,100.0
50L_50NL_1_4,50L_50NL,1,k o n t ɾ a a s ˈe ɾ,V;IND;PRS;2;SG,55,55,100.0
50L_50NL_1_1,50L_50NL,1,k o n t ɾ a a s ˈe ɾ,V;IND;PRS;3;PL,55,55,100.0
50L_50NL_1_2,50L_50NL,1,k o n t ɾ a a s ˈe ɾ,V;IND;PRS;3;PL,55,55,100.0
50L_50NL_1_3,50L_50NL,1,k o n t ɾ a a s ˈe ɾ,V;IND;PRS;3;PL,55,55,100.0
50L_50NL_1_4,50L_50NL,1,k o n t ɾ a a s ˈe ɾ,V;IND;PRS;3;PL,55,55,100.0
50L_50NL_1_1,50L_50NL,1,k o n t ɾ a a s ˈe ɾ,V;IND;PRS;3;SG,55,55,100.0
50L_50NL_1_2,50L_50NL,1,k o n t ɾ a a s ˈe ɾ,V;IND;PRS;3;SG,55,55,100.0
50L_50NL_1_3,50L_50NL,1,k o n t ɾ a a s ˈe ɾ,V;IND;PRS;3;SG,55,55,100.0
50L_50NL_1_4,50L_50NL,1,k o n t ɾ a a s ˈe ɾ,V;IND;PRS;3;SG,55,55,100.0
50L_50NL_1_1,50L_50NL,1,k o n t ɾ a a s ˈe ɾ,V;SBJV;PRS;1;PL,55,55,100.0
50L_50NL_1_2,50L_50NL,1,k o n t ɾ a a s ˈe ɾ,V;SBJV;PRS;1;PL,55,55,100.0
50L_50NL_1_3,50L_50NL,1,k o n t ɾ a a s ˈe ɾ,V;SBJV;PRS;1;PL,55,55,100.0
50L_50NL_1_4,50L_50NL,1,k o n t ɾ a a s ˈe ɾ,V;SBJV;PRS;1;PL,55,55,100.0
50L_50NL_1_1,50L_50NL,1,k o n t ɾ a a s ˈe ɾ,V;SBJV;PRS;1;SG,55,55,100.0
50L_50NL_1_2,50L_50NL,1,k o n t ɾ a a s ˈe ɾ,V;SBJV;PRS;1;SG,55,55,100.0
50L_50NL_1_3,50L_50NL,1,k o n t ɾ a a s ˈe ɾ,V;SBJV;PRS;1;SG,55,55,100.0
50L_50NL_1_4,50L_50NL,1,k o n t ɾ a a s ˈe ɾ,V;SBJV;PRS;1;SG,55,55,100.0
50L_50NL_1_1,50L_50NL,1,k o n t ɾ a a s ˈe ɾ,V;SBJV;PRS;2;PL,55,55,100.0
50L_50NL_1_2,50L_50NL,1,k o n t ɾ a a s ˈe ɾ,V;SBJV;PRS;2;PL,55,55,100.0
50L_50NL_1_3,50L_50NL,1,k o n t ɾ a a s ˈe ɾ,V;SBJV;PRS;2;PL,55,55,100.0
50L_50NL_1_4,50L_50NL,1,k o n t ɾ a a s ˈe ɾ,V;SBJV;PRS;2;PL,55,55,100.0
50L_50NL_1_1,50L_50NL,1,k o n t ɾ a a s ˈe ɾ,V;SBJV;PRS;2;SG,55,55,100.0
50L_50NL_1_2,50L_50NL,1,k o n t ɾ a a s ˈe ɾ,V;SBJV;PRS;2;SG,55,55,100.0
50L_50NL_1_3,50L_50NL,1,k o n t ɾ a a s ˈe ɾ,V;SBJV;PRS;2;SG,55,55,100.0
50L_50NL_1_4,50L_50NL,1,k o n t ɾ a a s ˈe ɾ,V;SBJV;PRS;2;SG,55,55,100.0
50L_50NL_1_1,50L_50NL,1,k o n t ɾ a a s ˈe ɾ,V;SBJV;PRS;3;PL,55,55,100.0
50L_50NL_1_2,50L_50NL,1,k o n t ɾ a a s ˈe ɾ,V;SBJV;PRS;3;PL,55,55,100.0
50L_50NL_1_3,50L_50NL,1,k o n t ɾ a a s ˈe ɾ,V;SBJV;PRS;3;PL,55,55,100.0
50L_50NL_1_4,50L_50NL,1,k o n t ɾ a a s ˈe ɾ,V;SBJV;PRS;3;PL,55,55,100.0
50L_50NL_1_1,50L_50NL,1,k o n t ɾ a a s ˈe ɾ,V;SBJV;PRS;3;SG,55,55,100.0
50L_50NL_1_2,50L_50NL,1,k o n t ɾ a a s ˈe ɾ,V;SBJV;PRS;3;SG,55,55,100.0
50L_50NL_1_3,50L_50NL,1,k o n t ɾ a a s ˈe ɾ,V;SBJV;PRS;3;SG,55,55,100.0
50L_50NL_1_4,50L_50NL,1,k o n t ɾ a a s ˈe ɾ,V;SBJV;PRS;3;SG,55,55,100.0
50L_50NL_1_1,50L_50NL,1,p ɾ e b a l e s ˈe ɾ,V;IND;PRS;1;PL,55,55,100.0
50L_50NL_1_2,50L_50NL,1,p ɾ e b a l e s ˈe ɾ,V;IND;PRS;1;PL,55,55,100.0
50L_50NL_1_3,50L_50NL,1,p ɾ e b a l e s ˈe ɾ,V;IND;PRS;1;PL,55,55,100.0
50L_50NL_1_4,50L_50NL,1,p ɾ e b a l e s ˈe ɾ,V;IND;PRS;1;PL,55,55,100.0
50L_50NL_1_1,50L_50NL,1,p ɾ e b a l e s ˈe ɾ,V;IND;PRS;1;SG,55,55,100.0
50L_50NL_1_2,50L_50NL,1,p ɾ e b a l e s ˈe ɾ,V;IND;PRS;1;SG,55,55,100.0
50L_50NL_1_3,50L_50NL,1,p ɾ e b a l e s ˈe ɾ,V;IND;PRS;1;SG,55,55,100.0
50L_50NL_1_4,50L_50NL,1,p ɾ e b a l e s ˈe ɾ,V;IND;PRS;1;SG,55,55,100.0
50L_50NL_1_1,50L_50NL,1,p ɾ e b a l e s ˈe ɾ,V;IND;PRS;2;PL,55,55,100.0
50L_50NL_1_2,50L_50NL,1,p ɾ e b a l e s ˈe ɾ,V;IND;PRS;2;PL,55,55,100.0
50L_50NL_1_3,50L_50NL,1,p ɾ e b a l e s ˈe ɾ,V;IND;PRS;2;PL,55,55,100.0
50L_50NL_1_4,50L_50NL,1,p ɾ e b a l e s ˈe ɾ,V;IND;PRS;2;PL,55,55,100.0
50L_50NL_1_1,50L_50NL,1,p ɾ e b a l e s ˈe ɾ,V;IND;PRS;2;SG,55,55,100.0
50L_50NL_1_2,50L_50NL,1,p ɾ e b a l e s ˈe ɾ,V;IND;PRS;2;SG,55,55,100.0
50L_50NL_1_3,50L_50NL,1,p ɾ e b a l e s ˈe ɾ,V;IND;PRS;2;SG,55,55,100.0
50L_50NL_1_4,50L_50NL,1,p ɾ e b a l e s ˈe ɾ,V;IND;PRS;2;SG,55,55,100.0
50L_50NL_1_1,50L_50NL,1,p ɾ e b a l e s ˈe ɾ,V;IND;PRS;3;PL,55,55,100.0
50L_50NL_1_2,50L_50NL,1,p ɾ e b a l e s ˈe ɾ,V;IND;PRS;3;PL,55,55,100.0
50L_50NL_1_3,50L_50NL,1,p ɾ e b a l e s ˈe ɾ,V;IND;PRS;3;PL,55,55,100.0
50L_50NL_1_4,50L_50NL,1,p ɾ e b a l e s ˈe ɾ,V;IND;PRS;3;PL,55,55,100.0
50L_50NL_1_1,50L_50NL,1,p ɾ e b a l e s ˈe ɾ,V;IND;PRS;3;SG,55,55,100.0
50L_50NL_1_2,50L_50NL,1,p ɾ e b a l e s ˈe ɾ,V;IND;PRS;3;SG,55,55,100.0
50L_50NL_1_3,50L_50NL,1,p ɾ e b a l e s ˈe ɾ,V;IND;PRS;3;SG,55,55,100.0
50L_50NL_1_4,50L_50NL,1,p ɾ e b a l e s ˈe ɾ,V;IND;PRS;3;SG,55,55,100.0
50L_50NL_1_1,50L_50NL,1,p ɾ e b a l e s ˈe ɾ,V;SBJV;PRS;1;PL,55,55,100.0
50L_50NL_1_2,50L_50NL,1,p ɾ e b a l e s ˈe ɾ,V;SBJV;PRS;1;PL,55,55,100.0
50L_50NL_1_3,50L_50NL,1,p ɾ e b a l e s ˈe ɾ,V;SBJV;PRS;1;PL,55,55,100.0
50L_50NL_1_4,50L_50NL,1,p ɾ e b a l e s ˈe ɾ,V;SBJV;PRS;1;PL,55,55,100.0
50L_50NL_1_1,50L_50NL,1,p ɾ e b a l e s ˈe ɾ,V;SBJV;PRS;1;SG,55,55,100.0
50L_50NL_1_2,50L_50NL,1,p ɾ e b a l e s ˈe ɾ,V;SBJV;PRS;1;SG,55,55,100.0
50L_50NL_1_3,50L_50NL,1,p ɾ e b a l e s ˈe ɾ,V;SBJV;PRS;1;SG,55,55,100.0
50L_50NL_1_4,50L_50NL,1,p ɾ e b a l e s ˈe ɾ,V;SBJV;PRS;1;SG,55,55,100.0
50L_50NL_1_1,50L_50NL,1,p ɾ e b a l e s ˈe ɾ,V;SBJV;PRS;2;PL,55,55,100.0
50L_50NL_1_2,50L_50NL,1,p ɾ e b a l e s ˈe ɾ,V;SBJV;PRS;2;PL,55,55,100.0
50L_50NL_1_3,50L_50NL,1,p ɾ e b a l e s ˈe ɾ,V;SBJV;PRS;2;PL,55,55,100.0
50L_50NL_1_4,50L_50NL,1,p ɾ e b a l e s ˈe ɾ,V;SBJV;PRS;2;PL,55,55,100.0
50L_50NL_1_1,50L_50NL,1,p ɾ e b a l e s ˈe ɾ,V;SBJV;PRS;2;SG,55,55,100.0
50L_50NL_1_2,50L_50NL,1,p ɾ e b a l e s ˈe ɾ,V;SBJV;PRS;2;SG,55,55,100.0
50L_50NL_1_3,50L_50NL,1,p ɾ e b a l e s ˈe ɾ,V;SBJV;PRS;2;SG,55,55,100.0
50L_50NL_1_4,50L_50NL,1,p ɾ e b a l e s ˈe ɾ,V;SBJV;PRS;2;SG,55,55,100.0
50L_50NL_1_1,50L_50NL,1,p ɾ e b a l e s ˈe ɾ,V;SBJV;PRS;3;PL,55,55,100.0
50L_50NL_1_2,50L_50NL,1,p ɾ e b a l e s ˈe ɾ,V;SBJV;PRS;3;PL,55,55,100.0
50L_50NL_1_3,50L_50NL,1,p ɾ e b a l e s ˈe ɾ,V;SBJV;PRS;3;PL,55,55,100.0
50L_50NL_1_4,50L_50NL,1,p ɾ e b a l e s ˈe ɾ,V;SBJV;PRS;3;PL,55,55,100.0
50L_50NL_1_1,50L_50NL,1,p ɾ e b a l e s ˈe ɾ,V;SBJV;PRS;3;SG,55,55,100.0
50L_50NL_1_2,50L_50NL,1,p ɾ e b a l e s ˈe ɾ,V;SBJV;PRS;3;SG,55,55,100.0
50L_50NL_1_3,50L_50NL,1,p ɾ e b a l e s ˈe ɾ,V;SBJV;PRS;3;SG,55,55,100.0
50L_50NL_1_4,50L_50NL,1,p ɾ e b a l e s ˈe ɾ,V;SBJV;PRS;3;SG,55,55,100.0
50L_50NL_1_1,50L_50NL,1,p ɾ o d u s ˈi ɾ,V;IND;PRS;1;PL,55,55,100.0
50L_50NL_1_2,50L_50NL,1,p ɾ o d u s ˈi ɾ,V;IND;PRS;1;PL,55,55,100.0
50L_50NL_1_3,50L_50NL,1,p ɾ o d u s ˈi ɾ,V;IND;PRS;1;PL,55,55,100.0
50L_50NL_1_4,50L_50NL,1,p ɾ o d u s ˈi ɾ,V;IND;PRS;1;PL,55,55,100.0
50L_50NL_1_1,50L_50NL,1,p ɾ o d u s ˈi ɾ,V;IND;PRS;1;SG,55,55,100.0
50L_50NL_1_2,50L_50NL,1,p ɾ o d u s ˈi ɾ,V;IND;PRS;1;SG,55,55,100.0
50L_50NL_1_3,50L_50NL,1,p ɾ o d u s ˈi ɾ,V;IND;PRS;1;SG,55,55,100.0
50L_50NL_1_4,50L_50NL,1,p ɾ o d u s ˈi ɾ,V;IND;PRS;1;SG,55,55,100.0
50L_50NL_1_1,50L_50NL,1,p ɾ o d u s ˈi ɾ,V;IND;PRS;2;PL,55,55,100.0
50L_50NL_1_2,50L_50NL,1,p ɾ o d u s ˈi ɾ,V;IND;PRS;2;PL,55,55,100.0
50L_50NL_1_3,50L_50NL,1,p ɾ o d u s ˈi ɾ,V;IND;PRS;2;PL,55,55,100.0
50L_50NL_1_4,50L_50NL,1,p ɾ o d u s ˈi ɾ,V;IND;PRS;2;PL,55,55,100.0
50L_50NL_1_1,50L_50NL,1,p ɾ o d u s ˈi ɾ,V;IND;PRS;2;SG,55,55,100.0
50L_50NL_1_2,50L_50NL,1,p ɾ o d u s ˈi ɾ,V;IND;PRS;2;SG,55,55,100.0
50L_50NL_1_3,50L_50NL,1,p ɾ o d u s ˈi ɾ,V;IND;PRS;2;SG,55,55,100.0
50L_50NL_1_4,50L_50NL,1,p ɾ o d u s ˈi ɾ,V;IND;PRS;2;SG,55,55,100.0
50L_50NL_1_1,50L_50NL,1,p ɾ o d u s ˈi ɾ,V;IND;PRS;3;PL,55,55,100.0
50L_50NL_1_2,50L_50NL,1,p ɾ o d u s ˈi ɾ,V;IND;PRS;3;PL,55,55,100.0
50L_50NL_1_3,50L_50NL,1,p ɾ o d u s ˈi ɾ,V;IND;PRS;3;PL,55,55,100.0
50L_50NL_1_4,50L_50NL,1,p ɾ o d u s ˈi ɾ,V;IND;PRS;3;PL,55,55,100.0
50L_50NL_1_1,50L_50NL,1,p ɾ o d u s ˈi ɾ,V;IND;PRS;3;SG,55,55,100.0
50L_50NL_1_2,50L_50NL,1,p ɾ o d u s ˈi ɾ,V;IND;PRS;3;SG,55,55,100.0
50L_50NL_1_3,50L_50NL,1,p ɾ o d u s ˈi ɾ,V;IND;PRS;3;SG,55,55,100.0
50L_50NL_1_4,50L_50NL,1,p ɾ o d u s ˈi ɾ,V;IND;PRS;3;SG,55,55,100.0
50L_50NL_1_1,50L_50NL,1,p ɾ o d u s ˈi ɾ,V;SBJV;PRS;1;PL,55,55,100.0
50L_50NL_1_2,50L_50NL,1,p ɾ o d u s ˈi ɾ,V;SBJV;PRS;1;PL,55,55,100.0
50L_50NL_1_3,50L_50NL,1,p ɾ o d u s ˈi ɾ,V;SBJV;PRS;1;PL,55,55,100.0
50L_50NL_1_4,50L_50NL,1,p ɾ o d u s ˈi ɾ,V;SBJV;PRS;1;PL,55,55,100.0
50L_50NL_1_1,50L_50NL,1,p ɾ o d u s ˈi ɾ,V;SBJV;PRS;1;SG,55,55,100.0
50L_50NL_1_2,50L_50NL,1,p ɾ o d u s ˈi ɾ,V;SBJV;PRS;1;SG,55,55,100.0
50L_50NL_1_3,50L_50NL,1,p ɾ o d u s ˈi ɾ,V;SBJV;PRS;1;SG,55,55,100.0
50L_50NL_1_4,50L_50NL,1,p ɾ o d u s ˈi ɾ,V;SBJV;PRS;1;SG,55,55,100.0
50L_50NL_1_1,50L_50NL,1,p ɾ o d u s ˈi ɾ,V;SBJV;PRS;2;PL,55,55,100.0
50L_50NL_1_2,50L_50NL,1,p ɾ o d u s ˈi ɾ,V;SBJV;PRS;2;PL,55,55,100.0
50L_50NL_1_3,50L_50NL,1,p ɾ o d u s ˈi ɾ,V;SBJV;PRS;2;PL,55,55,100.0
50L_50NL_1_4,50L_50NL,1,p ɾ o d u s ˈi ɾ,V;SBJV;PRS;2;PL,55,55,100.0
50L_50NL_1_1,50L_50NL,1,p ɾ o d u s ˈi ɾ,V;SBJV;PRS;2;SG,55,55,100.0
50L_50NL_1_2,50L_50NL,1,p ɾ o d u s ˈi ɾ,V;SBJV;PRS;2;SG,55,55,100.0
50L_50NL_1_3,50L_50NL,1,p ɾ o d u s ˈi ɾ,V;SBJV;PRS;2;SG,55,55,100.0
50L_50NL_1_4,50L_50NL,1,p ɾ o d u s ˈi ɾ,V;SBJV;PRS;2;SG,55,55,100.0
50L_50NL_1_1,50L_50NL,1,p ɾ o d u s ˈi ɾ,V;SBJV;PRS;3;PL,55,55,100.0
50L_50NL_1_2,50L_50NL,1,p ɾ o d u s ˈi ɾ,V;SBJV;PRS;3;PL,55,55,100.0
50L_50NL_1_3,50L_50NL,1,p ɾ o d u s ˈi ɾ,V;SBJV;PRS;3;PL,55,55,100.0
50L_50NL_1_4,50L_50NL,1,p ɾ o d u s ˈi ɾ,V;SBJV;PRS;3;PL,55,55,100.0
50L_50NL_1_1,50L_50NL,1,p ɾ o d u s ˈi ɾ,V;SBJV;PRS;3;SG,55,55,100.0
50L_50NL_1_2,50L_50NL,1,p ɾ o d u s ˈi ɾ,V;SBJV;PRS;3;SG,55,55,100.0
50L_50NL_1_3,50L_50NL,1,p ɾ o d u s ˈi ɾ,V;SBJV;PRS;3;SG,55,55,100.0
50L_50NL_1_4,50L_50NL,1,p ɾ o d u s ˈi ɾ,V;SBJV;PRS;3;SG,55,55,100.0
50L_50NL_1_1,50L_50NL,1,t ɾ a ˈe ɾ,V;IND;PRS;1;PL,55,55,100.0
50L_50NL_1_2,50L_50NL,1,t ɾ a ˈe ɾ,V;IND;PRS;1;PL,55,55,100.0
50L_50NL_1_3,50L_50NL,1,t ɾ a ˈe ɾ,V;IND;PRS;1;PL,55,55,100.0
50L_50NL_1_4,50L_50NL,1,t ɾ a ˈe ɾ,V;IND;PRS;1;PL,55,55,100.0
50L_50NL_1_1,50L_50NL,1,t ɾ a ˈe ɾ,V;IND;PRS;1;SG,55,55,100.0
50L_50NL_1_2,50L_50NL,1,t ɾ a ˈe ɾ,V;IND;PRS;1;SG,55,55,100.0
50L_50NL_1_3,50L_50NL,1,t ɾ a ˈe ɾ,V;IND;PRS;1;SG,53,55,96.36
50L_50NL_1_4,50L_50NL,1,t ɾ a ˈe ɾ,V;IND;PRS;1;SG,55,55,100.0
50L_50NL_1_1,50L_50NL,1,t ɾ a ˈe ɾ,V;IND;PRS;2;PL,55,55,100.0
50L_50NL_1_2,50L_50NL,1,t ɾ a ˈe ɾ,V;IND;PRS;2;PL,55,55,100.0
50L_50NL_1_3,50L_50NL,1,t ɾ a ˈe ɾ,V;IND;PRS;2;PL,55,55,100.0
50L_50NL_1_4,50L_50NL,1,t ɾ a ˈe ɾ,V;IND;PRS;2;PL,55,55,100.0
50L_50NL_1_1,50L_50NL,1,t ɾ a ˈe ɾ,V;IND;PRS;2;SG,55,55,100.0
50L_50NL_1_2,50L_50NL,1,t ɾ a ˈe ɾ,V;IND;PRS;2;SG,55,55,100.0
50L_50NL_1_3,50L_50NL,1,t ɾ a ˈe ɾ,V;IND;PRS;2;SG,55,55,100.0
50L_50NL_1_4,50L_50NL,1,t ɾ a ˈe ɾ,V;IND;PRS;2;SG,55,55,100.0
50L_50NL_1_1,50L_50NL,1,t ɾ a ˈe ɾ,V;IND;PRS;3;PL,55,55,100.0
50L_50NL_1_2,50L_50NL,1,t ɾ a ˈe ɾ,V;IND;PRS;3;PL,55,55,100.0
50L_50NL_1_3,50L_50NL,1,t ɾ a ˈe ɾ,V;IND;PRS;3;PL,55,55,100.0
50L_50NL_1_4,50L_50NL,1,t ɾ a ˈe ɾ,V;IND;PRS;3;PL,55,55,100.0
50L_50NL_1_1,50L_50NL,1,t ɾ a ˈe ɾ,V;IND;PRS;3;SG,55,55,100.0
50L_50NL_1_2,50L_50NL,1,t ɾ a ˈe ɾ,V;IND;PRS;3;SG,55,55,100.0
50L_50NL_1_3,50L_50NL,1,t ɾ a ˈe ɾ,V;IND;PRS;3;SG,55,55,100.0
50L_50NL_1_4,50L_50NL,1,t ɾ a ˈe ɾ,V;IND;PRS;3;SG,54,55,98.18
50L_50NL_1_1,50L_50NL,1,t ɾ a ˈe ɾ,V;SBJV;PRS;1;PL,55,55,100.0
50L_50NL_1_2,50L_50NL,1,t ɾ a ˈe ɾ,V;SBJV;PRS;1;PL,55,55,100.0
50L_50NL_1_3,50L_50NL,1,t ɾ a ˈe ɾ,V;SBJV;PRS;1;PL,55,55,100.0
50L_50NL_1_4,50L_50NL,1,t ɾ a ˈe ɾ,V;SBJV;PRS;1;PL,55,55,100.0
50L_50NL_1_1,50L_50NL,1,t ɾ a ˈe ɾ,V;SBJV;PRS;1;SG,55,55,100.0
50L_50NL_1_2,50L_50NL,1,t ɾ a ˈe ɾ,V;SBJV;PRS;1;SG,55,55,100.0
50L_50NL_1_3,50L_50NL,1,t ɾ a ˈe ɾ,V;SBJV;PRS;1;SG,52,55,94.55
50L_50NL_1_4,50L_50NL,1,t ɾ a ˈe ɾ,V;SBJV;PRS;1;SG,55,55,100.0
50L_50NL_1_1,50L_50NL,1,t ɾ a ˈe ɾ,V;SBJV;PRS;2;PL,55,55,100.0
50L_50NL_1_2,50L_50NL,1,t ɾ a ˈe ɾ,V;SBJV;PRS;2;PL,55,55,100.0
50L_50NL_1_3,50L_50NL,1,t ɾ a ˈe ɾ,V;SBJV;PRS;2;PL,55,55,100.0
50L_50NL_1_4,50L_50NL,1,t ɾ a ˈe ɾ,V;SBJV;PRS;2;PL,55,55,100.0
50L_50NL_1_1,50L_50NL,1,t ɾ a ˈe ɾ,V;SBJV;PRS;2;SG,55,55,100.0
50L_50NL_1_2,50L_50NL,1,t ɾ a ˈe ɾ,V;SBJV;PRS;2;SG,55,55,100.0
50L_50NL_1_3,50L_50NL,1,t ɾ a ˈe ɾ,V;SBJV;PRS;2;SG,54,55,98.18
50L_50NL_1_4,50L_50NL,1,t ɾ a ˈe ɾ,V;SBJV;PRS;2;SG,55,55,100.0
50L_50NL_1_1,50L_50NL,1,t ɾ a ˈe ɾ,V;SBJV;PRS;3;PL,55,55,100.0
50L_50NL_1_2,50L_50NL,1,t ɾ a ˈe ɾ,V;SBJV;PRS;3;PL,55,55,100.0
50L_50NL_1_3,50L_50NL,1,t ɾ a ˈe ɾ,V;SBJV;PRS;3;PL,52,55,94.55
50L_50NL_1_4,50L_50NL,1,t ɾ a ˈe ɾ,V;SBJV;PRS;3;PL,55,55,100.0
50L_50NL_1_1,50L_50NL,1,t ɾ a ˈe ɾ,V;SBJV;PRS;3;SG,55,55,100.0
50L_50NL_1_2,50L_50NL,1,t ɾ a ˈe ɾ,V;SBJV;PRS;3;SG,55,55,100.0
50L_50NL_1_3,50L_50NL,1,t ɾ a ˈe ɾ,V;SBJV;PRS;3;SG,52,55,94.55
50L_50NL_1_4,50L_50NL,1,t ɾ a ˈe ɾ,V;SBJV;PRS;3;SG,55,55,100.0
50L_50NL_1_1,50L_50NL,1,ɾ e a p a ɾ e s ˈe ɾ,V;IND;PRS;1;PL,55,55,100.0
50L_50NL_1_2,50L_50NL,1,ɾ e a p a ɾ e s ˈe ɾ,V;IND;PRS;1;PL,55,55,100.0
50L_50NL_1_3,50L_50NL,1,ɾ e a p a ɾ e s ˈe ɾ,V;IND;PRS;1;PL,55,55,100.0
50L_50NL_1_4,50L_50NL,1,ɾ e a p a ɾ e s ˈe ɾ,V;IND;PRS;1;PL,55,55,100.0
50L_50NL_1_1,50L_50NL,1,ɾ e a p a ɾ e s ˈe ɾ,V;IND;PRS;1;SG,55,55,100.0
50L_50NL_1_2,50L_50NL,1,ɾ e a p a ɾ e s ˈe ɾ,V;IND;PRS;1;SG,55,55,100.0
50L_50NL_1_3,50L_50NL,1,ɾ e a p a ɾ e s ˈe ɾ,V;IND;PRS;1;SG,55,55,100.0
50L_50NL_1_4,50L_50NL,1,ɾ e a p a ɾ e s ˈe ɾ,V;IND;PRS;1;SG,55,55,100.0
50L_50NL_1_1,50L_50NL,1,ɾ e a p a ɾ e s ˈe ɾ,V;IND;PRS;2;PL,55,55,100.0
50L_50NL_1_2,50L_50NL,1,ɾ e a p a ɾ e s ˈe ɾ,V;IND;PRS;2;PL,55,55,100.0
50L_50NL_1_3,50L_50NL,1,ɾ e a p a ɾ e s ˈe ɾ,V;IND;PRS;2;PL,55,55,100.0
50L_50NL_1_4,50L_50NL,1,ɾ e a p a ɾ e s ˈe ɾ,V;IND;PRS;2;PL,55,55,100.0
50L_50NL_1_1,50L_50NL,1,ɾ e a p a ɾ e s ˈe ɾ,V;IND;PRS;2;SG,55,55,100.0
50L_50NL_1_2,50L_50NL,1,ɾ e a p a ɾ e s ˈe ɾ,V;IND;PRS;2;SG,55,55,100.0
50L_50NL_1_3,50L_50NL,1,ɾ e a p a ɾ e s ˈe ɾ,V;IND;PRS;2;SG,55,55,100.0
50L_50NL_1_4,50L_50NL,1,ɾ e a p a ɾ e s ˈe ɾ,V;IND;PRS;2;SG,55,55,100.0
50L_50NL_1_1,50L_50NL,1,ɾ e a p a ɾ e s ˈe ɾ,V;IND;PRS;3;PL,55,55,100.0
50L_50NL_1_2,50L_50NL,1,ɾ e a p a ɾ e s ˈe ɾ,V;IND;PRS;3;PL,55,55,100.0
50L_50NL_1_3,50L_50NL,1,ɾ e a p a ɾ e s ˈe ɾ,V;IND;PRS;3;PL,55,55,100.0
50L_50NL_1_4,50L_50NL,1,ɾ e a p a ɾ e s ˈe ɾ,V;IND;PRS;3;PL,55,55,100.0
50L_50NL_1_1,50L_50NL,1,ɾ e a p a ɾ e s ˈe ɾ,V;IND;PRS;3;SG,55,55,100.0
50L_50NL_1_2,50L_50NL,1,ɾ e a p a ɾ e s ˈe ɾ,V;IND;PRS;3;SG,55,55,100.0
50L_50NL_1_3,50L_50NL,1,ɾ e a p a ɾ e s ˈe ɾ,V;IND;PRS;3;SG,55,55,100.0
50L_50NL_1_4,50L_50NL,1,ɾ e a p a ɾ e s ˈe ɾ,V;IND;PRS;3;SG,55,55,100.0
50L_50NL_1_1,50L_50NL,1,ɾ e a p a ɾ e s ˈe ɾ,V;SBJV;PRS;1;PL,55,55,100.0
50L_50NL_1_2,50L_50NL,1,ɾ e a p a ɾ e s ˈe ɾ,V;SBJV;PRS;1;PL,55,55,100.0
50L_50NL_1_3,50L_50NL,1,ɾ e a p a ɾ e s ˈe ɾ,V;SBJV;PRS;1;PL,55,55,100.0
50L_50NL_1_4,50L_50NL,1,ɾ e a p a ɾ e s ˈe ɾ,V;SBJV;PRS;1;PL,55,55,100.0
50L_50NL_1_1,50L_50NL,1,ɾ e a p a ɾ e s ˈe ɾ,V;SBJV;PRS;1;SG,55,55,100.0
50L_50NL_1_2,50L_50NL,1,ɾ e a p a ɾ e s ˈe ɾ,V;SBJV;PRS;1;SG,55,55,100.0
50L_50NL_1_3,50L_50NL,1,ɾ e a p a ɾ e s ˈe ɾ,V;SBJV;PRS;1;SG,55,55,100.0
50L_50NL_1_4,50L_50NL,1,ɾ e a p a ɾ e s ˈe ɾ,V;SBJV;PRS;1;SG,55,55,100.0
50L_50NL_1_1,50L_50NL,1,ɾ e a p a ɾ e s ˈe ɾ,V;SBJV;PRS;2;PL,55,55,100.0
50L_50NL_1_2,50L_50NL,1,ɾ e a p a ɾ e s ˈe ɾ,V;SBJV;PRS;2;PL,55,55,100.0
50L_50NL_1_3,50L_50NL,1,ɾ e a p a ɾ e s ˈe ɾ,V;SBJV;PRS;2;PL,55,55,100.0
50L_50NL_1_4,50L_50NL,1,ɾ e a p a ɾ e s ˈe ɾ,V;SBJV;PRS;2;PL,55,55,100.0
50L_50NL_1_1,50L_50NL,1,ɾ e a p a ɾ e s ˈe ɾ,V;SBJV;PRS;2;SG,55,55,100.0
50L_50NL_1_2,50L_50NL,1,ɾ e a p a ɾ e s ˈe ɾ,V;SBJV;PRS;2;SG,55,55,100.0
50L_50NL_1_3,50L_50NL,1,ɾ e a p a ɾ e s ˈe ɾ,V;SBJV;PRS;2;SG,55,55,100.0
50L_50NL_1_4,50L_50NL,1,ɾ e a p a ɾ e s ˈe ɾ,V;SBJV;PRS;2;SG,55,55,100.0
50L_50NL_1_1,50L_50NL,1,ɾ e a p a ɾ e s ˈe ɾ,V;SBJV;PRS;3;PL,55,55,100.0
50L_50NL_1_2,50L_50NL,1,ɾ e a p a ɾ e s ˈe ɾ,V;SBJV;PRS;3;PL,55,55,100.0
50L_50NL_1_3,50L_50NL,1,ɾ e a p a ɾ e s ˈe ɾ,V;SBJV;PRS;3;PL,55,55,100.0
50L_50NL_1_4,50L_50NL,1,ɾ e a p a ɾ e s ˈe ɾ,V;SBJV;PRS;3;PL,55,55,100.0
50L_50NL_1_1,50L_50NL,1,ɾ e a p a ɾ e s ˈe ɾ,V;SBJV;PRS;3;SG,55,55,100.0
50L_50NL_1_2,50L_50NL,1,ɾ e a p a ɾ e s ˈe ɾ,V;SBJV;PRS;3;SG,55,55,100.0
50L_50NL_1_3,50L_50NL,1,ɾ e a p a ɾ e s ˈe ɾ,V;SBJV;PRS;3;SG,55,55,100.0
50L_50NL_1_4,50L_50NL,1,ɾ e a p a ɾ e s ˈe ɾ,V;SBJV;PRS;3;SG,55,55,100.0
50L_50NL_1_1,50L_50NL,1,ɾ e b e n ˈi ɾ,V;IND;PRS;1;PL,55,55,100.0
50L_50NL_1_2,50L_50NL,1,ɾ e b e n ˈi ɾ,V;IND;PRS;1;PL,55,55,100.0
50L_50NL_1_3,50L_50NL,1,ɾ e b e n ˈi ɾ,V;IND;PRS;1;PL,55,55,100.0
50L_50NL_1_4,50L_50NL,1,ɾ e b e n ˈi ɾ,V;IND;PRS;1;PL,55,55,100.0
50L_50NL_1_1,50L_50NL,1,ɾ e b e n ˈi ɾ,V;IND;PRS;1;SG,55,55,100.0
50L_50NL_1_2,50L_50NL,1,ɾ e b e n ˈi ɾ,V;IND;PRS;1;SG,55,55,100.0
50L_50NL_1_3,50L_50NL,1,ɾ e b e n ˈi ɾ,V;IND;PRS;1;SG,55,55,100.0
50L_50NL_1_4,50L_50NL,1,ɾ e b e n ˈi ɾ,V;IND;PRS;1;SG,55,55,100.0
50L_50NL_1_1,50L_50NL,1,ɾ e b e n ˈi ɾ,V;IND;PRS;2;PL,55,55,100.0
50L_50NL_1_2,50L_50NL,1,ɾ e b e n ˈi ɾ,V;IND;PRS;2;PL,55,55,100.0
50L_50NL_1_3,50L_50NL,1,ɾ e b e n ˈi ɾ,V;IND;PRS;2;PL,55,55,100.0
50L_50NL_1_4,50L_50NL,1,ɾ e b e n ˈi ɾ,V;IND;PRS;2;PL,55,55,100.0
50L_50NL_1_1,50L_50NL,1,ɾ e b e n ˈi ɾ,V;IND;PRS;2;SG,55,55,100.0
50L_50NL_1_2,50L_50NL,1,ɾ e b e n ˈi ɾ,V;IND;PRS;2;SG,55,55,100.0
50L_50NL_1_3,50L_50NL,1,ɾ e b e n ˈi ɾ,V;IND;PRS;2;SG,55,55,100.0
50L_50NL_1_4,50L_50NL,1,ɾ e b e n ˈi ɾ,V;IND;PRS;2;SG,55,55,100.0
50L_50NL_1_1,50L_50NL,1,ɾ e b e n ˈi ɾ,V;IND;PRS;3;PL,55,55,100.0
50L_50NL_1_2,50L_50NL,1,ɾ e b e n ˈi ɾ,V;IND;PRS;3;PL,55,55,100.0
50L_50NL_1_3,50L_50NL,1,ɾ e b e n ˈi ɾ,V;IND;PRS;3;PL,55,55,100.0
50L_50NL_1_4,50L_50NL,1,ɾ e b e n ˈi ɾ,V;IND;PRS;3;PL,55,55,100.0
50L_50NL_1_1,50L_50NL,1,ɾ e b e n ˈi ɾ,V;IND;PRS;3;SG,55,55,100.0
50L_50NL_1_2,50L_50NL,1,ɾ e b e n ˈi ɾ,V;IND;PRS;3;SG,55,55,100.0
50L_50NL_1_3,50L_50NL,1,ɾ e b e n ˈi ɾ,V;IND;PRS;3;SG,55,55,100.0
50L_50NL_1_4,50L_50NL,1,ɾ e b e n ˈi ɾ,V;IND;PRS;3;SG,55,55,100.0
50L_50NL_1_1,50L_50NL,1,ɾ e b e n ˈi ɾ,V;SBJV;PRS;1;PL,55,55,100.0
50L_50NL_1_2,50L_50NL,1,ɾ e b e n ˈi ɾ,V;SBJV;PRS;1;PL,54,55,98.18
50L_50NL_1_3,50L_50NL,1,ɾ e b e n ˈi ɾ,V;SBJV;PRS;1;PL,55,55,100.0
50L_50NL_1_4,50L_50NL,1,ɾ e b e n ˈi ɾ,V;SBJV;PRS;1;PL,54,55,98.18
50L_50NL_1_1,50L_50NL,1,ɾ e b e n ˈi ɾ,V;SBJV;PRS;1;SG,55,55,100.0
50L_50NL_1_2,50L_50NL,1,ɾ e b e n ˈi ɾ,V;SBJV;PRS;1;SG,55,55,100.0
50L_50NL_1_3,50L_50NL,1,ɾ e b e n ˈi ɾ,V;SBJV;PRS;1;SG,55,55,100.0
50L_50NL_1_4,50L_50NL,1,ɾ e b e n ˈi ɾ,V;SBJV;PRS;1;SG,55,55,100.0
50L_50NL_1_1,50L_50NL,1,ɾ e b e n ˈi ɾ,V;SBJV;PRS;2;PL,55,55,100.0
50L_50NL_1_2,50L_50NL,1,ɾ e b e n ˈi ɾ,V;SBJV;PRS;2;PL,55,55,100.0
50L_50NL_1_3,50L_50NL,1,ɾ e b e n ˈi ɾ,V;SBJV;PRS;2;PL,55,55,100.0
50L_50NL_1_4,50L_50NL,1,ɾ e b e n ˈi ɾ,V;SBJV;PRS;2;PL,54,55,98.18
50L_50NL_1_1,50L_50NL,1,ɾ e b e n ˈi ɾ,V;SBJV;PRS;2;SG,55,55,100.0
50L_50NL_1_2,50L_50NL,1,ɾ e b e n ˈi ɾ,V;SBJV;PRS;2;SG,55,55,100.0
50L_50NL_1_3,50L_50NL,1,ɾ e b e n ˈi ɾ,V;SBJV;PRS;2;SG,55,55,100.0
50L_50NL_1_4,50L_50NL,1,ɾ e b e n ˈi ɾ,V;SBJV;PRS;2;SG,55,55,100.0
50L_50NL_1_1,50L_50NL,1,ɾ e b e n ˈi ɾ,V;SBJV;PRS;3;PL,55,55,100.0
50L_50NL_1_2,50L_50NL,1,ɾ e b e n ˈi ɾ,V;SBJV;PRS;3;PL,55,55,100.0
50L_50NL_1_3,50L_50NL,1,ɾ e b e n ˈi ɾ,V;SBJV;PRS;3;PL,55,55,100.0
50L_50NL_1_4,50L_50NL,1,ɾ e b e n ˈi ɾ,V;SBJV;PRS;3;PL,55,55,100.0
50L_50NL_1_1,50L_50NL,1,ɾ e b e n ˈi ɾ,V;SBJV;PRS;3;SG,55,55,100.0
50L_50NL_1_2,50L_50NL,1,ɾ e b e n ˈi ɾ,V;SBJV;PRS;3;SG,55,55,100.0
50L_50NL_1_3,50L_50NL,1,ɾ e b e n ˈi ɾ,V;SBJV;PRS;3;SG,55,55,100.0
50L_50NL_1_4,50L_50NL,1,ɾ e b e n ˈi ɾ,V;SBJV;PRS;3;SG,55,55,100.0
50L_50NL_1_1,50L_50NL,1,ɾ e b l a n d e s ˈe ɾ,V;IND;PRS;1;PL,55,55,100.0
50L_50NL_1_2,50L_50NL,1,ɾ e b l a n d e s ˈe ɾ,V;IND;PRS;1;PL,55,55,100.0
50L_50NL_1_3,50L_50NL,1,ɾ e b l a n d e s ˈe ɾ,V;IND;PRS;1;PL,55,55,100.0
50L_50NL_1_4,50L_50NL,1,ɾ e b l a n d e s ˈe ɾ,V;IND;PRS;1;PL,55,55,100.0
50L_50NL_1_1,50L_50NL,1,ɾ e b l a n d e s ˈe ɾ,V;IND;PRS;1;SG,55,55,100.0
50L_50NL_1_2,50L_50NL,1,ɾ e b l a n d e s ˈe ɾ,V;IND;PRS;1;SG,55,55,100.0
50L_50NL_1_3,50L_50NL,1,ɾ e b l a n d e s ˈe ɾ,V;IND;PRS;1;SG,55,55,100.0
50L_50NL_1_4,50L_50NL,1,ɾ e b l a n d e s ˈe ɾ,V;IND;PRS;1;SG,55,55,100.0
50L_50NL_1_1,50L_50NL,1,ɾ e b l a n d e s ˈe ɾ,V;IND;PRS;2;PL,55,55,100.0
50L_50NL_1_2,50L_50NL,1,ɾ e b l a n d e s ˈe ɾ,V;IND;PRS;2;PL,55,55,100.0
50L_50NL_1_3,50L_50NL,1,ɾ e b l a n d e s ˈe ɾ,V;IND;PRS;2;PL,55,55,100.0
50L_50NL_1_4,50L_50NL,1,ɾ e b l a n d e s ˈe ɾ,V;IND;PRS;2;PL,55,55,100.0
50L_50NL_1_1,50L_50NL,1,ɾ e b l a n d e s ˈe ɾ,V;IND;PRS;2;SG,55,55,100.0
50L_50NL_1_2,50L_50NL,1,ɾ e b l a n d e s ˈe ɾ,V;IND;PRS;2;SG,55,55,100.0
50L_50NL_1_3,50L_50NL,1,ɾ e b l a n d e s ˈe ɾ,V;IND;PRS;2;SG,55,55,100.0
50L_50NL_1_4,50L_50NL,1,ɾ e b l a n d e s ˈe ɾ,V;IND;PRS;2;SG,55,55,100.0
50L_50NL_1_1,50L_50NL,1,ɾ e b l a n d e s ˈe ɾ,V;IND;PRS;3;PL,55,55,100.0
50L_50NL_1_2,50L_50NL,1,ɾ e b l a n d e s ˈe ɾ,V;IND;PRS;3;PL,55,55,100.0
50L_50NL_1_3,50L_50NL,1,ɾ e b l a n d e s ˈe ɾ,V;IND;PRS;3;PL,55,55,100.0
50L_50NL_1_4,50L_50NL,1,ɾ e b l a n d e s ˈe ɾ,V;IND;PRS;3;PL,55,55,100.0
50L_50NL_1_1,50L_50NL,1,ɾ e b l a n d e s ˈe ɾ,V;IND;PRS;3;SG,55,55,100.0
50L_50NL_1_2,50L_50NL,1,ɾ e b l a n d e s ˈe ɾ,V;IND;PRS;3;SG,55,55,100.0
50L_50NL_1_3,50L_50NL,1,ɾ e b l a n d e s ˈe ɾ,V;IND;PRS;3;SG,55,55,100.0
50L_50NL_1_4,50L_50NL,1,ɾ e b l a n d e s ˈe ɾ,V;IND;PRS;3;SG,55,55,100.0
50L_50NL_1_1,50L_50NL,1,ɾ e b l a n d e s ˈe ɾ,V;SBJV;PRS;1;PL,55,55,100.0
50L_50NL_1_2,50L_50NL,1,ɾ e b l a n d e s ˈe ɾ,V;SBJV;PRS;1;PL,55,55,100.0
50L_50NL_1_3,50L_50NL,1,ɾ e b l a n d e s ˈe ɾ,V;SBJV;PRS;1;PL,55,55,100.0
50L_50NL_1_4,50L_50NL,1,ɾ e b l a n d e s ˈe ɾ,V;SBJV;PRS;1;PL,55,55,100.0
50L_50NL_1_1,50L_50NL,1,ɾ e b l a n d e s ˈe ɾ,V;SBJV;PRS;1;SG,55,55,100.0
50L_50NL_1_2,50L_50NL,1,ɾ e b l a n d e s ˈe ɾ,V;SBJV;PRS;1;SG,55,55,100.0
50L_50NL_1_3,50L_50NL,1,ɾ e b l a n d e s ˈe ɾ,V;SBJV;PRS;1;SG,55,55,100.0
50L_50NL_1_4,50L_50NL,1,ɾ e b l a n d e s ˈe ɾ,V;SBJV;PRS;1;SG,55,55,100.0
50L_50NL_1_1,50L_50NL,1,ɾ e b l a n d e s ˈe ɾ,V;SBJV;PRS;2;PL,55,55,100.0
50L_50NL_1_2,50L_50NL,1,ɾ e b l a n d e s ˈe ɾ,V;SBJV;PRS;2;PL,55,55,100.0
50L_50NL_1_3,50L_50NL,1,ɾ e b l a n d e s ˈe ɾ,V;SBJV;PRS;2;PL,55,55,100.0
50L_50NL_1_4,50L_50NL,1,ɾ e b l a n d e s ˈe ɾ,V;SBJV;PRS;2;PL,55,55,100.0
50L_50NL_1_1,50L_50NL,1,ɾ e b l a n d e s ˈe ɾ,V;SBJV;PRS;2;SG,55,55,100.0
50L_50NL_1_2,50L_50NL,1,ɾ e b l a n d e s ˈe ɾ,V;SBJV;PRS;2;SG,55,55,100.0
50L_50NL_1_3,50L_50NL,1,ɾ e b l a n d e s ˈe ɾ,V;SBJV;PRS;2;SG,55,55,100.0
50L_50NL_1_4,50L_50NL,1,ɾ e b l a n d e s ˈe ɾ,V;SBJV;PRS;2;SG,55,55,100.0
50L_50NL_1_1,50L_50NL,1,ɾ e b l a n d e s ˈe ɾ,V;SBJV;PRS;3;PL,55,55,100.0
50L_50NL_1_2,50L_50NL,1,ɾ e b l a n d e s ˈe ɾ,V;SBJV;PRS;3;PL,55,55,100.0
50L_50NL_1_3,50L_50NL,1,ɾ e b l a n d e s ˈe ɾ,V;SBJV;PRS;3;PL,55,55,100.0
50L_50NL_1_4,50L_50NL,1,ɾ e b l a n d e s ˈe ɾ,V;SBJV;PRS;3;PL,55,55,100.0
50L_50NL_1_1,50L_50NL,1,ɾ e b l a n d e s ˈe ɾ,V;SBJV;PRS;3;SG,55,55,100.0
50L_50NL_1_2,50L_50NL,1,ɾ e b l a n d e s ˈe ɾ,V;SBJV;PRS;3;SG,55,55,100.0
50L_50NL_1_3,50L_50NL,1,ɾ e b l a n d e s ˈe ɾ,V;SBJV;PRS;3;SG,55,55,100.0
50L_50NL_1_4,50L_50NL,1,ɾ e b l a n d e s ˈe ɾ,V;SBJV;PRS;3;SG,55,55,100.0
50L_50NL_1_1,50L_50NL,1,ɾ e t o ɾ s ˈe ɾ,V;IND;PRS;1;PL,55,55,100.0
50L_50NL_1_2,50L_50NL,1,ɾ e t o ɾ s ˈe ɾ,V;IND;PRS;1;PL,55,55,100.0
50L_50NL_1_3,50L_50NL,1,ɾ e t o ɾ s ˈe ɾ,V;IND;PRS;1;PL,55,55,100.0
50L_50NL_1_4,50L_50NL,1,ɾ e t o ɾ s ˈe ɾ,V;IND;PRS;1;PL,55,55,100.0
50L_50NL_1_1,50L_50NL,1,ɾ e t o ɾ s ˈe ɾ,V;IND;PRS;1;SG,55,55,100.0
50L_50NL_1_2,50L_50NL,1,ɾ e t o ɾ s ˈe ɾ,V;IND;PRS;1;SG,55,55,100.0
50L_50NL_1_3,50L_50NL,1,ɾ e t o ɾ s ˈe ɾ,V;IND;PRS;1;SG,55,55,100.0
50L_50NL_1_4,50L_50NL,1,ɾ e t o ɾ s ˈe ɾ,V;IND;PRS;1;SG,55,55,100.0
50L_50NL_1_1,50L_50NL,1,ɾ e t o ɾ s ˈe ɾ,V;IND;PRS;2;PL,55,55,100.0
50L_50NL_1_2,50L_50NL,1,ɾ e t o ɾ s ˈe ɾ,V;IND;PRS;2;PL,55,55,100.0
50L_50NL_1_3,50L_50NL,1,ɾ e t o ɾ s ˈe ɾ,V;IND;PRS;2;PL,55,55,100.0
50L_50NL_1_4,50L_50NL,1,ɾ e t o ɾ s ˈe ɾ,V;IND;PRS;2;PL,55,55,100.0
50L_50NL_1_1,50L_50NL,1,ɾ e t o ɾ s ˈe ɾ,V;IND;PRS;2;SG,55,55,100.0
50L_50NL_1_2,50L_50NL,1,ɾ e t o ɾ s ˈe ɾ,V;IND;PRS;2;SG,55,55,100.0
50L_50NL_1_3,50L_50NL,1,ɾ e t o ɾ s ˈe ɾ,V;IND;PRS;2;SG,55,55,100.0
50L_50NL_1_4,50L_50NL,1,ɾ e t o ɾ s ˈe ɾ,V;IND;PRS;2;SG,55,55,100.0
50L_50NL_1_1,50L_50NL,1,ɾ e t o ɾ s ˈe ɾ,V;IND;PRS;3;PL,55,55,100.0
50L_50NL_1_2,50L_50NL,1,ɾ e t o ɾ s ˈe ɾ,V;IND;PRS;3;PL,55,55,100.0
50L_50NL_1_3,50L_50NL,1,ɾ e t o ɾ s ˈe ɾ,V;IND;PRS;3;PL,55,55,100.0
50L_50NL_1_4,50L_50NL,1,ɾ e t o ɾ s ˈe ɾ,V;IND;PRS;3;PL,55,55,100.0
50L_50NL_1_1,50L_50NL,1,ɾ e t o ɾ s ˈe ɾ,V;IND;PRS;3;SG,55,55,100.0
50L_50NL_1_2,50L_50NL,1,ɾ e t o ɾ s ˈe ɾ,V;IND;PRS;3;SG,55,55,100.0
50L_50NL_1_3,50L_50NL,1,ɾ e t o ɾ s ˈe ɾ,V;IND;PRS;3;SG,55,55,100.0
50L_50NL_1_4,50L_50NL,1,ɾ e t o ɾ s ˈe ɾ,V;IND;PRS;3;SG,55,55,100.0
50L_50NL_1_1,50L_50NL,1,ɾ e t o ɾ s ˈe ɾ,V;SBJV;PRS;1;PL,55,55,100.0
50L_50NL_1_2,50L_50NL,1,ɾ e t o ɾ s ˈe ɾ,V;SBJV;PRS;1;PL,55,55,100.0
50L_50NL_1_3,50L_50NL,1,ɾ e t o ɾ s ˈe ɾ,V;SBJV;PRS;1;PL,55,55,100.0
50L_50NL_1_4,50L_50NL,1,ɾ e t o ɾ s ˈe ɾ,V;SBJV;PRS;1;PL,55,55,100.0
50L_50NL_1_1,50L_50NL,1,ɾ e t o ɾ s ˈe ɾ,V;SBJV;PRS;1;SG,55,55,100.0
50L_50NL_1_2,50L_50NL,1,ɾ e t o ɾ s ˈe ɾ,V;SBJV;PRS;1;SG,55,55,100.0
50L_50NL_1_3,50L_50NL,1,ɾ e t o ɾ s ˈe ɾ,V;SBJV;PRS;1;SG,55,55,100.0
50L_50NL_1_4,50L_50NL,1,ɾ e t o ɾ s ˈe ɾ,V;SBJV;PRS;1;SG,55,55,100.0
50L_50NL_1_1,50L_50NL,1,ɾ e t o ɾ s ˈe ɾ,V;SBJV;PRS;2;PL,55,55,100.0
50L_50NL_1_2,50L_50NL,1,ɾ e t o ɾ s ˈe ɾ,V;SBJV;PRS;2;PL,55,55,100.0
50L_50NL_1_3,50L_50NL,1,ɾ e t o ɾ s ˈe ɾ,V;SBJV;PRS;2;PL,55,55,100.0
50L_50NL_1_4,50L_50NL,1,ɾ e t o ɾ s ˈe ɾ,V;SBJV;PRS;2;PL,55,55,100.0
50L_50NL_1_1,50L_50NL,1,ɾ e t o ɾ s ˈe ɾ,V;SBJV;PRS;2;SG,55,55,100.0
50L_50NL_1_2,50L_50NL,1,ɾ e t o ɾ s ˈe ɾ,V;SBJV;PRS;2;SG,55,55,100.0
50L_50NL_1_3,50L_50NL,1,ɾ e t o ɾ s ˈe ɾ,V;SBJV;PRS;2;SG,55,55,100.0
50L_50NL_1_4,50L_50NL,1,ɾ e t o ɾ s ˈe ɾ,V;SBJV;PRS;2;SG,55,55,100.0
50L_50NL_1_1,50L_50NL,1,ɾ e t o ɾ s ˈe ɾ,V;SBJV;PRS;3;PL,55,55,100.0
50L_50NL_1_2,50L_50NL,1,ɾ e t o ɾ s ˈe ɾ,V;SBJV;PRS;3;PL,55,55,100.0
50L_50NL_1_3,50L_50NL,1,ɾ e t o ɾ s ˈe ɾ,V;SBJV;PRS;3;PL,55,55,100.0
50L_50NL_1_4,50L_50NL,1,ɾ e t o ɾ s ˈe ɾ,V;SBJV;PRS;3;PL,55,55,100.0
50L_50NL_1_1,50L_50NL,1,ɾ e t o ɾ s ˈe ɾ,V;SBJV;PRS;3;SG,55,55,100.0
50L_50NL_1_2,50L_50NL,1,ɾ e t o ɾ s ˈe ɾ,V;SBJV;PRS;3;SG,55,55,100.0
50L_50NL_1_3,50L_50NL,1,ɾ e t o ɾ s ˈe ɾ,V;SBJV;PRS;3;SG,55,55,100.0
50L_50NL_1_4,50L_50NL,1,ɾ e t o ɾ s ˈe ɾ,V;SBJV;PRS;3;SG,55,55,100.0
50L_50NL_2_1,50L_50NL,2,a d u s ˈi ɾ,V;IND;PRS;1;PL,55,55,100.0
50L_50NL_2_2,50L_50NL,2,a d u s ˈi ɾ,V;IND;PRS;1;PL,54,55,98.18
50L_50NL_2_3,50L_50NL,2,a d u s ˈi ɾ,V;IND;PRS;1;PL,55,55,100.0
50L_50NL_2_4,50L_50NL,2,a d u s ˈi ɾ,V;IND;PRS;1;PL,55,55,100.0
50L_50NL_2_1,50L_50NL,2,a d u s ˈi ɾ,V;IND;PRS;1;SG,55,55,100.0
50L_50NL_2_2,50L_50NL,2,a d u s ˈi ɾ,V;IND;PRS;1;SG,10,55,18.18
50L_50NL_2_3,50L_50NL,2,a d u s ˈi ɾ,V;IND;PRS;1;SG,55,55,100.0
50L_50NL_2_4,50L_50NL,2,a d u s ˈi ɾ,V;IND;PRS;1;SG,54,55,98.18
50L_50NL_2_1,50L_50NL,2,a d u s ˈi ɾ,V;IND;PRS;2;PL,55,55,100.0
50L_50NL_2_2,50L_50NL,2,a d u s ˈi ɾ,V;IND;PRS;2;PL,55,55,100.0
50L_50NL_2_3,50L_50NL,2,a d u s ˈi ɾ,V;IND;PRS;2;PL,55,55,100.0
50L_50NL_2_4,50L_50NL,2,a d u s ˈi ɾ,V;IND;PRS;2;PL,55,55,100.0
50L_50NL_2_1,50L_50NL,2,a d u s ˈi ɾ,V;IND;PRS;2;SG,55,55,100.0
50L_50NL_2_2,50L_50NL,2,a d u s ˈi ɾ,V;IND;PRS;2;SG,55,55,100.0
50L_50NL_2_3,50L_50NL,2,a d u s ˈi ɾ,V;IND;PRS;2;SG,55,55,100.0
50L_50NL_2_4,50L_50NL,2,a d u s ˈi ɾ,V;IND;PRS;2;SG,55,55,100.0
50L_50NL_2_1,50L_50NL,2,a d u s ˈi ɾ,V;IND;PRS;3;PL,55,55,100.0
50L_50NL_2_2,50L_50NL,2,a d u s ˈi ɾ,V;IND;PRS;3;PL,55,55,100.0
50L_50NL_2_3,50L_50NL,2,a d u s ˈi ɾ,V;IND;PRS;3;PL,55,55,100.0
50L_50NL_2_4,50L_50NL,2,a d u s ˈi ɾ,V;IND;PRS;3;PL,55,55,100.0
50L_50NL_2_1,50L_50NL,2,a d u s ˈi ɾ,V;IND;PRS;3;SG,55,55,100.0
50L_50NL_2_2,50L_50NL,2,a d u s ˈi ɾ,V;IND;PRS;3;SG,55,55,100.0
50L_50NL_2_3,50L_50NL,2,a d u s ˈi ɾ,V;IND;PRS;3;SG,55,55,100.0
50L_50NL_2_4,50L_50NL,2,a d u s ˈi ɾ,V;IND;PRS;3;SG,55,55,100.0
50L_50NL_2_1,50L_50NL,2,a d u s ˈi ɾ,V;SBJV;PRS;1;PL,55,55,100.0
50L_50NL_2_2,50L_50NL,2,a d u s ˈi ɾ,V;SBJV;PRS;1;PL,48,55,87.27
50L_50NL_2_3,50L_50NL,2,a d u s ˈi ɾ,V;SBJV;PRS;1;PL,55,55,100.0
50L_50NL_2_4,50L_50NL,2,a d u s ˈi ɾ,V;SBJV;PRS;1;PL,55,55,100.0
50L_50NL_2_1,50L_50NL,2,a d u s ˈi ɾ,V;SBJV;PRS;1;SG,52,55,94.55
50L_50NL_2_2,50L_50NL,2,a d u s ˈi ɾ,V;SBJV;PRS;1;SG,6,55,10.91
50L_50NL_2_3,50L_50NL,2,a d u s ˈi ɾ,V;SBJV;PRS;1;SG,55,55,100.0
50L_50NL_2_4,50L_50NL,2,a d u s ˈi ɾ,V;SBJV;PRS;1;SG,55,55,100.0
50L_50NL_2_1,50L_50NL,2,a d u s ˈi ɾ,V;SBJV;PRS;2;PL,55,55,100.0
50L_50NL_2_2,50L_50NL,2,a d u s ˈi ɾ,V;SBJV;PRS;2;PL,50,55,90.91
50L_50NL_2_3,50L_50NL,2,a d u s ˈi ɾ,V;SBJV;PRS;2;PL,55,55,100.0
50L_50NL_2_4,50L_50NL,2,a d u s ˈi ɾ,V;SBJV;PRS;2;PL,55,55,100.0
50L_50NL_2_1,50L_50NL,2,a d u s ˈi ɾ,V;SBJV;PRS;2;SG,51,55,92.73
50L_50NL_2_2,50L_50NL,2,a d u s ˈi ɾ,V;SBJV;PRS;2;SG,0,55,0.0
50L_50NL_2_3,50L_50NL,2,a d u s ˈi ɾ,V;SBJV;PRS;2;SG,55,55,100.0
50L_50NL_2_4,50L_50NL,2,a d u s ˈi ɾ,V;SBJV;PRS;2;SG,55,55,100.0
50L_50NL_2_1,50L_50NL,2,a d u s ˈi ɾ,V;SBJV;PRS;3;PL,51,55,92.73
50L_50NL_2_2,50L_50NL,2,a d u s ˈi ɾ,V;SBJV;PRS;3;PL,3,55,5.45
50L_50NL_2_3,50L_50NL,2,a d u s ˈi ɾ,V;SBJV;PRS;3;PL,55,55,100.0
50L_50NL_2_4,50L_50NL,2,a d u s ˈi ɾ,V;SBJV;PRS;3;PL,55,55,100.0
50L_50NL_2_1,50L_50NL,2,a d u s ˈi ɾ,V;SBJV;PRS;3;SG,52,55,94.55
50L_50NL_2_2,50L_50NL,2,a d u s ˈi ɾ,V;SBJV;PRS;3;SG,5,55,9.09
50L_50NL_2_3,50L_50NL,2,a d u s ˈi ɾ,V;SBJV;PRS;3;SG,55,55,100.0
50L_50NL_2_4,50L_50NL,2,a d u s ˈi ɾ,V;SBJV;PRS;3;SG,55,55,100.0
50L_50NL_2_1,50L_50NL,2,a k a e s ˈe ɾ,V;IND;PRS;1;PL,55,55,100.0
50L_50NL_2_2,50L_50NL,2,a k a e s ˈe ɾ,V;IND;PRS;1;PL,10,55,18.18
50L_50NL_2_3,50L_50NL,2,a k a e s ˈe ɾ,V;IND;PRS;1;PL,0,55,0.0
50L_50NL_2_4,50L_50NL,2,a k a e s ˈe ɾ,V;IND;PRS;1;PL,41,55,74.55
50L_50NL_2_1,50L_50NL,2,a k a e s ˈe ɾ,V;IND;PRS;1;SG,55,55,100.0
50L_50NL_2_2,50L_50NL,2,a k a e s ˈe ɾ,V;IND;PRS;1;SG,0,55,0.0
50L_50NL_2_3,50L_50NL,2,a k a e s ˈe ɾ,V;IND;PRS;1;SG,2,55,3.64
50L_50NL_2_4,50L_50NL,2,a k a e s ˈe ɾ,V;IND;PRS;1;SG,2,55,3.64
50L_50NL_2_1,50L_50NL,2,a k a e s ˈe ɾ,V;IND;PRS;2;PL,55,55,100.0
50L_50NL_2_2,50L_50NL,2,a k a e s ˈe ɾ,V;IND;PRS;2;PL,25,55,45.45
50L_50NL_2_3,50L_50NL,2,a k a e s ˈe ɾ,V;IND;PRS;2;PL,0,55,0.0
50L_50NL_2_4,50L_50NL,2,a k a e s ˈe ɾ,V;IND;PRS;2;PL,43,55,78.18
50L_50NL_2_1,50L_50NL,2,a k a e s ˈe ɾ,V;IND;PRS;2;SG,55,55,100.0
50L_50NL_2_2,50L_50NL,2,a k a e s ˈe ɾ,V;IND;PRS;2;SG,53,55,96.36
50L_50NL_2_3,50L_50NL,2,a k a e s ˈe ɾ,V;IND;PRS;2;SG,8,55,14.55
50L_50NL_2_4,50L_50NL,2,a k a e s ˈe ɾ,V;IND;PRS;2;SG,35,55,63.64
50L_50NL_2_1,50L_50NL,2,a k a e s ˈe ɾ,V;IND;PRS;3;PL,55,55,100.0
50L_50NL_2_2,50L_50NL,2,a k a e s ˈe ɾ,V;IND;PRS;3;PL,55,55,100.0
50L_50NL_2_3,50L_50NL,2,a k a e s ˈe ɾ,V;IND;PRS;3;PL,16,55,29.09
50L_50NL_2_4,50L_50NL,2,a k a e s ˈe ɾ,V;IND;PRS;3;PL,35,55,63.64
50L_50NL_2_1,50L_50NL,2,a k a e s ˈe ɾ,V;IND;PRS;3;SG,55,55,100.0
50L_50NL_2_2,50L_50NL,2,a k a e s ˈe ɾ,V;IND;PRS;3;SG,51,55,92.73
50L_50NL_2_3,50L_50NL,2,a k a e s ˈe ɾ,V;IND;PRS;3;SG,6,55,10.91
50L_50NL_2_4,50L_50NL,2,a k a e s ˈe ɾ,V;IND;PRS;3;SG,33,55,60.0
50L_50NL_2_1,50L_50NL,2,a k a e s ˈe ɾ,V;SBJV;PRS;1;PL,55,55,100.0
50L_50NL_2_2,50L_50NL,2,a k a e s ˈe ɾ,V;SBJV;PRS;1;PL,5,55,9.09
50L_50NL_2_3,50L_50NL,2,a k a e s ˈe ɾ,V;SBJV;PRS;1;PL,0,55,0.0
50L_50NL_2_4,50L_50NL,2,a k a e s ˈe ɾ,V;SBJV;PRS;1;PL,8,55,14.55
50L_50NL_2_1,50L_50NL,2,a k a e s ˈe ɾ,V;SBJV;PRS;1;SG,55,55,100.0
50L_50NL_2_2,50L_50NL,2,a k a e s ˈe ɾ,V;SBJV;PRS;1;SG,1,55,1.82
50L_50NL_2_3,50L_50NL,2,a k a e s ˈe ɾ,V;SBJV;PRS;1;SG,2,55,3.64
50L_50NL_2_4,50L_50NL,2,a k a e s ˈe ɾ,V;SBJV;PRS;1;SG,12,55,21.82
50L_50NL_2_1,50L_50NL,2,a k a e s ˈe ɾ,V;SBJV;PRS;2;PL,55,55,100.0
50L_50NL_2_2,50L_50NL,2,a k a e s ˈe ɾ,V;SBJV;PRS;2;PL,6,55,10.91
50L_50NL_2_3,50L_50NL,2,a k a e s ˈe ɾ,V;SBJV;PRS;2;PL,0,55,0.0
50L_50NL_2_4,50L_50NL,2,a k a e s ˈe ɾ,V;SBJV;PRS;2;PL,25,55,45.45
50L_50NL_2_1,50L_50NL,2,a k a e s ˈe ɾ,V;SBJV;PRS;2;SG,55,55,100.0
50L_50NL_2_2,50L_50NL,2,a k a e s ˈe ɾ,V;SBJV;PRS;2;SG,0,55,0.0
50L_50NL_2_3,50L_50NL,2,a k a e s ˈe ɾ,V;SBJV;PRS;2;SG,6,55,10.91
50L_50NL_2_4,50L_50NL,2,a k a e s ˈe ɾ,V;SBJV;PRS;2;SG,12,55,21.82
50L_50NL_2_1,50L_50NL,2,a k a e s ˈe ɾ,V;SBJV;PRS;3;PL,55,55,100.0
50L_50NL_2_2,50L_50NL,2,a k a e s ˈe ɾ,V;SBJV;PRS;3;PL,2,55,3.64
50L_50NL_2_3,50L_50NL,2,a k a e s ˈe ɾ,V;SBJV;PRS;3;PL,5,55,9.09
50L_50NL_2_4,50L_50NL,2,a k a e s ˈe ɾ,V;SBJV;PRS;3;PL,13,55,23.64
50L_50NL_2_1,50L_50NL,2,a k a e s ˈe ɾ,V;SBJV;PRS;3;SG,55,55,100.0
50L_50NL_2_2,50L_50NL,2,a k a e s ˈe ɾ,V;SBJV;PRS;3;SG,0,55,0.0
50L_50NL_2_3,50L_50NL,2,a k a e s ˈe ɾ,V;SBJV;PRS;3;SG,2,55,3.64
50L_50NL_2_4,50L_50NL,2,a k a e s ˈe ɾ,V;SBJV;PRS;3;SG,11,55,20.0
50L_50NL_2_1,50L_50NL,2,a m a n e s ˈe ɾ,V;IND;PRS;1;PL,55,55,100.0
50L_50NL_2_2,50L_50NL,2,a m a n e s ˈe ɾ,V;IND;PRS;1;PL,55,55,100.0
50L_50NL_2_3,50L_50NL,2,a m a n e s ˈe ɾ,V;IND;PRS;1;PL,55,55,100.0
50L_50NL_2_4,50L_50NL,2,a m a n e s ˈe ɾ,V;IND;PRS;1;PL,55,55,100.0
50L_50NL_2_1,50L_50NL,2,a m a n e s ˈe ɾ,V;IND;PRS;1;SG,55,55,100.0
50L_50NL_2_2,50L_50NL,2,a m a n e s ˈe ɾ,V;IND;PRS;1;SG,35,55,63.64
50L_50NL_2_3,50L_50NL,2,a m a n e s ˈe ɾ,V;IND;PRS;1;SG,55,55,100.0
50L_50NL_2_4,50L_50NL,2,a m a n e s ˈe ɾ,V;IND;PRS;1;SG,55,55,100.0
50L_50NL_2_1,50L_50NL,2,a m a n e s ˈe ɾ,V;IND;PRS;2;PL,55,55,100.0
50L_50NL_2_2,50L_50NL,2,a m a n e s ˈe ɾ,V;IND;PRS;2;PL,55,55,100.0
50L_50NL_2_3,50L_50NL,2,a m a n e s ˈe ɾ,V;IND;PRS;2;PL,55,55,100.0
50L_50NL_2_4,50L_50NL,2,a m a n e s ˈe ɾ,V;IND;PRS;2;PL,55,55,100.0
50L_50NL_2_1,50L_50NL,2,a m a n e s ˈe ɾ,V;IND;PRS;2;SG,55,55,100.0
50L_50NL_2_2,50L_50NL,2,a m a n e s ˈe ɾ,V;IND;PRS;2;SG,55,55,100.0
50L_50NL_2_3,50L_50NL,2,a m a n e s ˈe ɾ,V;IND;PRS;2;SG,55,55,100.0
50L_50NL_2_4,50L_50NL,2,a m a n e s ˈe ɾ,V;IND;PRS;2;SG,55,55,100.0
50L_50NL_2_1,50L_50NL,2,a m a n e s ˈe ɾ,V;IND;PRS;3;PL,55,55,100.0
50L_50NL_2_2,50L_50NL,2,a m a n e s ˈe ɾ,V;IND;PRS;3;PL,55,55,100.0
50L_50NL_2_3,50L_50NL,2,a m a n e s ˈe ɾ,V;IND;PRS;3;PL,55,55,100.0
50L_50NL_2_4,50L_50NL,2,a m a n e s ˈe ɾ,V;IND;PRS;3;PL,55,55,100.0
50L_50NL_2_1,50L_50NL,2,a m a n e s ˈe ɾ,V;IND;PRS;3;SG,55,55,100.0
50L_50NL_2_2,50L_50NL,2,a m a n e s ˈe ɾ,V;IND;PRS;3;SG,55,55,100.0
50L_50NL_2_3,50L_50NL,2,a m a n e s ˈe ɾ,V;IND;PRS;3;SG,55,55,100.0
50L_50NL_2_4,50L_50NL,2,a m a n e s ˈe ɾ,V;IND;PRS;3;SG,55,55,100.0
50L_50NL_2_1,50L_50NL,2,a m a n e s ˈe ɾ,V;SBJV;PRS;1;PL,55,55,100.0
50L_50NL_2_2,50L_50NL,2,a m a n e s ˈe ɾ,V;SBJV;PRS;1;PL,48,55,87.27
50L_50NL_2_3,50L_50NL,2,a m a n e s ˈe ɾ,V;SBJV;PRS;1;PL,54,55,98.18
50L_50NL_2_4,50L_50NL,2,a m a n e s ˈe ɾ,V;SBJV;PRS;1;PL,55,55,100.0
50L_50NL_2_1,50L_50NL,2,a m a n e s ˈe ɾ,V;SBJV;PRS;1;SG,55,55,100.0
50L_50NL_2_2,50L_50NL,2,a m a n e s ˈe ɾ,V;SBJV;PRS;1;SG,48,55,87.27
50L_50NL_2_3,50L_50NL,2,a m a n e s ˈe ɾ,V;SBJV;PRS;1;SG,55,55,100.0
50L_50NL_2_4,50L_50NL,2,a m a n e s ˈe ɾ,V;SBJV;PRS;1;SG,55,55,100.0
50L_50NL_2_1,50L_50NL,2,a m a n e s ˈe ɾ,V;SBJV;PRS;2;PL,55,55,100.0
50L_50NL_2_2,50L_50NL,2,a m a n e s ˈe ɾ,V;SBJV;PRS;2;PL,46,55,83.64
50L_50NL_2_3,50L_50NL,2,a m a n e s ˈe ɾ,V;SBJV;PRS;2;PL,46,55,83.64
50L_50NL_2_4,50L_50NL,2,a m a n e s ˈe ɾ,V;SBJV;PRS;2;PL,55,55,100.0
50L_50NL_2_1,50L_50NL,2,a m a n e s ˈe ɾ,V;SBJV;PRS;2;SG,55,55,100.0
50L_50NL_2_2,50L_50NL,2,a m a n e s ˈe ɾ,V;SBJV;PRS;2;SG,51,55,92.73
50L_50NL_2_3,50L_50NL,2,a m a n e s ˈe ɾ,V;SBJV;PRS;2;SG,55,55,100.0
50L_50NL_2_4,50L_50NL,2,a m a n e s ˈe ɾ,V;SBJV;PRS;2;SG,55,55,100.0
50L_50NL_2_1,50L_50NL,2,a m a n e s ˈe ɾ,V;SBJV;PRS;3;PL,55,55,100.0
50L_50NL_2_2,50L_50NL,2,a m a n e s ˈe ɾ,V;SBJV;PRS;3;PL,51,55,92.73
50L_50NL_2_3,50L_50NL,2,a m a n e s ˈe ɾ,V;SBJV;PRS;3;PL,53,55,96.36
50L_50NL_2_4,50L_50NL,2,a m a n e s ˈe ɾ,V;SBJV;PRS;3;PL,55,55,100.0
50L_50NL_2_1,50L_50NL,2,a m a n e s ˈe ɾ,V;SBJV;PRS;3;SG,55,55,100.0
50L_50NL_2_2,50L_50NL,2,a m a n e s ˈe ɾ,V;SBJV;PRS;3;SG,48,55,87.27
50L_50NL_2_3,50L_50NL,2,a m a n e s ˈe ɾ,V;SBJV;PRS;3;SG,54,55,98.18
50L_50NL_2_4,50L_50NL,2,a m a n e s ˈe ɾ,V;SBJV;PRS;3;SG,54,55,98.18
50L_50NL_2_1,50L_50NL,2,a p a ɾ e s ˈe ɾ,V;IND;PRS;1;PL,55,55,100.0
50L_50NL_2_2,50L_50NL,2,a p a ɾ e s ˈe ɾ,V;IND;PRS;1;PL,55,55,100.0
50L_50NL_2_3,50L_50NL,2,a p a ɾ e s ˈe ɾ,V;IND;PRS;1;PL,55,55,100.0
50L_50NL_2_4,50L_50NL,2,a p a ɾ e s ˈe ɾ,V;IND;PRS;1;PL,55,55,100.0
50L_50NL_2_1,50L_50NL,2,a p a ɾ e s ˈe ɾ,V;IND;PRS;1;SG,55,55,100.0
50L_50NL_2_2,50L_50NL,2,a p a ɾ e s ˈe ɾ,V;IND;PRS;1;SG,45,55,81.82
50L_50NL_2_3,50L_50NL,2,a p a ɾ e s ˈe ɾ,V;IND;PRS;1;SG,55,55,100.0
50L_50NL_2_4,50L_50NL,2,a p a ɾ e s ˈe ɾ,V;IND;PRS;1;SG,55,55,100.0
50L_50NL_2_1,50L_50NL,2,a p a ɾ e s ˈe ɾ,V;IND;PRS;2;PL,55,55,100.0
50L_50NL_2_2,50L_50NL,2,a p a ɾ e s ˈe ɾ,V;IND;PRS;2;PL,55,55,100.0
50L_50NL_2_3,50L_50NL,2,a p a ɾ e s ˈe ɾ,V;IND;PRS;2;PL,55,55,100.0
50L_50NL_2_4,50L_50NL,2,a p a ɾ e s ˈe ɾ,V;IND;PRS;2;PL,55,55,100.0
50L_50NL_2_1,50L_50NL,2,a p a ɾ e s ˈe ɾ,V;IND;PRS;2;SG,55,55,100.0
50L_50NL_2_2,50L_50NL,2,a p a ɾ e s ˈe ɾ,V;IND;PRS;2;SG,55,55,100.0
50L_50NL_2_3,50L_50NL,2,a p a ɾ e s ˈe ɾ,V;IND;PRS;2;SG,55,55,100.0
50L_50NL_2_4,50L_50NL,2,a p a ɾ e s ˈe ɾ,V;IND;PRS;2;SG,55,55,100.0
50L_50NL_2_1,50L_50NL,2,a p a ɾ e s ˈe ɾ,V;IND;PRS;3;PL,55,55,100.0
50L_50NL_2_2,50L_50NL,2,a p a ɾ e s ˈe ɾ,V;IND;PRS;3;PL,55,55,100.0
50L_50NL_2_3,50L_50NL,2,a p a ɾ e s ˈe ɾ,V;IND;PRS;3;PL,55,55,100.0
50L_50NL_2_4,50L_50NL,2,a p a ɾ e s ˈe ɾ,V;IND;PRS;3;PL,55,55,100.0
50L_50NL_2_1,50L_50NL,2,a p a ɾ e s ˈe ɾ,V;IND;PRS;3;SG,55,55,100.0
50L_50NL_2_2,50L_50NL,2,a p a ɾ e s ˈe ɾ,V;IND;PRS;3;SG,55,55,100.0
50L_50NL_2_3,50L_50NL,2,a p a ɾ e s ˈe ɾ,V;IND;PRS;3;SG,55,55,100.0
50L_50NL_2_4,50L_50NL,2,a p a ɾ e s ˈe ɾ,V;IND;PRS;3;SG,55,55,100.0
50L_50NL_2_1,50L_50NL,2,a p a ɾ e s ˈe ɾ,V;SBJV;PRS;1;PL,55,55,100.0
50L_50NL_2_2,50L_50NL,2,a p a ɾ e s ˈe ɾ,V;SBJV;PRS;1;PL,52,55,94.55
50L_50NL_2_3,50L_50NL,2,a p a ɾ e s ˈe ɾ,V;SBJV;PRS;1;PL,55,55,100.0
50L_50NL_2_4,50L_50NL,2,a p a ɾ e s ˈe ɾ,V;SBJV;PRS;1;PL,55,55,100.0
50L_50NL_2_1,50L_50NL,2,a p a ɾ e s ˈe ɾ,V;SBJV;PRS;1;SG,55,55,100.0
50L_50NL_2_2,50L_50NL,2,a p a ɾ e s ˈe ɾ,V;SBJV;PRS;1;SG,51,55,92.73
50L_50NL_2_3,50L_50NL,2,a p a ɾ e s ˈe ɾ,V;SBJV;PRS;1;SG,55,55,100.0
50L_50NL_2_4,50L_50NL,2,a p a ɾ e s ˈe ɾ,V;SBJV;PRS;1;SG,55,55,100.0
50L_50NL_2_1,50L_50NL,2,a p a ɾ e s ˈe ɾ,V;SBJV;PRS;2;PL,55,55,100.0
50L_50NL_2_2,50L_50NL,2,a p a ɾ e s ˈe ɾ,V;SBJV;PRS;2;PL,55,55,100.0
50L_50NL_2_3,50L_50NL,2,a p a ɾ e s ˈe ɾ,V;SBJV;PRS;2;PL,55,55,100.0
50L_50NL_2_4,50L_50NL,2,a p a ɾ e s ˈe ɾ,V;SBJV;PRS;2;PL,55,55,100.0
50L_50NL_2_1,50L_50NL,2,a p a ɾ e s ˈe ɾ,V;SBJV;PRS;2;SG,55,55,100.0
50L_50NL_2_2,50L_50NL,2,a p a ɾ e s ˈe ɾ,V;SBJV;PRS;2;SG,52,55,94.55
50L_50NL_2_3,50L_50NL,2,a p a ɾ e s ˈe ɾ,V;SBJV;PRS;2;SG,55,55,100.0
50L_50NL_2_4,50L_50NL,2,a p a ɾ e s ˈe ɾ,V;SBJV;PRS;2;SG,55,55,100.0
50L_50NL_2_1,50L_50NL,2,a p a ɾ e s ˈe ɾ,V;SBJV;PRS;3;PL,55,55,100.0
50L_50NL_2_2,50L_50NL,2,a p a ɾ e s ˈe ɾ,V;SBJV;PRS;3;PL,52,55,94.55
50L_50NL_2_3,50L_50NL,2,a p a ɾ e s ˈe ɾ,V;SBJV;PRS;3;PL,55,55,100.0
50L_50NL_2_4,50L_50NL,2,a p a ɾ e s ˈe ɾ,V;SBJV;PRS;3;PL,55,55,100.0
50L_50NL_2_1,50L_50NL,2,a p a ɾ e s ˈe ɾ,V;SBJV;PRS;3;SG,55,55,100.0
50L_50NL_2_2,50L_50NL,2,a p a ɾ e s ˈe ɾ,V;SBJV;PRS;3;SG,53,55,96.36
50L_50NL_2_3,50L_50NL,2,a p a ɾ e s ˈe ɾ,V;SBJV;PRS;3;SG,55,55,100.0
50L_50NL_2_4,50L_50NL,2,a p a ɾ e s ˈe ɾ,V;SBJV;PRS;3;SG,55,55,100.0
50L_50NL_2_1,50L_50NL,2,a r e s ˈi ɾ,V;IND;PRS;1;PL,53,55,96.36
50L_50NL_2_2,50L_50NL,2,a r e s ˈi ɾ,V;IND;PRS;1;PL,54,55,98.18
50L_50NL_2_3,50L_50NL,2,a r e s ˈi ɾ,V;IND;PRS;1;PL,55,55,100.0
50L_50NL_2_4,50L_50NL,2,a r e s ˈi ɾ,V;IND;PRS;1;PL,55,55,100.0
50L_50NL_2_1,50L_50NL,2,a r e s ˈi ɾ,V;IND;PRS;1;SG,55,55,100.0
50L_50NL_2_2,50L_50NL,2,a r e s ˈi ɾ,V;IND;PRS;1;SG,52,55,94.55
50L_50NL_2_3,50L_50NL,2,a r e s ˈi ɾ,V;IND;PRS;1;SG,55,55,100.0
50L_50NL_2_4,50L_50NL,2,a r e s ˈi ɾ,V;IND;PRS;1;SG,55,55,100.0
50L_50NL_2_1,50L_50NL,2,a r e s ˈi ɾ,V;IND;PRS;2;PL,53,55,96.36
50L_50NL_2_2,50L_50NL,2,a r e s ˈi ɾ,V;IND;PRS;2;PL,55,55,100.0
50L_50NL_2_3,50L_50NL,2,a r e s ˈi ɾ,V;IND;PRS;2;PL,55,55,100.0
50L_50NL_2_4,50L_50NL,2,a r e s ˈi ɾ,V;IND;PRS;2;PL,55,55,100.0
50L_50NL_2_1,50L_50NL,2,a r e s ˈi ɾ,V;IND;PRS;2;SG,55,55,100.0
50L_50NL_2_2,50L_50NL,2,a r e s ˈi ɾ,V;IND;PRS;2;SG,54,55,98.18
50L_50NL_2_3,50L_50NL,2,a r e s ˈi ɾ,V;IND;PRS;2;SG,55,55,100.0
50L_50NL_2_4,50L_50NL,2,a r e s ˈi ɾ,V;IND;PRS;2;SG,55,55,100.0
50L_50NL_2_1,50L_50NL,2,a r e s ˈi ɾ,V;IND;PRS;3;PL,55,55,100.0
50L_50NL_2_2,50L_50NL,2,a r e s ˈi ɾ,V;IND;PRS;3;PL,55,55,100.0
50L_50NL_2_3,50L_50NL,2,a r e s ˈi ɾ,V;IND;PRS;3;PL,55,55,100.0
50L_50NL_2_4,50L_50NL,2,a r e s ˈi ɾ,V;IND;PRS;3;PL,55,55,100.0
50L_50NL_2_1,50L_50NL,2,a r e s ˈi ɾ,V;IND;PRS;3;SG,55,55,100.0
50L_50NL_2_2,50L_50NL,2,a r e s ˈi ɾ,V;IND;PRS;3;SG,54,55,98.18
50L_50NL_2_3,50L_50NL,2,a r e s ˈi ɾ,V;IND;PRS;3;SG,55,55,100.0
50L_50NL_2_4,50L_50NL,2,a r e s ˈi ɾ,V;IND;PRS;3;SG,55,55,100.0
50L_50NL_2_1,50L_50NL,2,a r e s ˈi ɾ,V;SBJV;PRS;1;PL,55,55,100.0
50L_50NL_2_2,50L_50NL,2,a r e s ˈi ɾ,V;SBJV;PRS;1;PL,51,55,92.73
50L_50NL_2_3,50L_50NL,2,a r e s ˈi ɾ,V;SBJV;PRS;1;PL,55,55,100.0
50L_50NL_2_4,50L_50NL,2,a r e s ˈi ɾ,V;SBJV;PRS;1;PL,55,55,100.0
50L_50NL_2_1,50L_50NL,2,a r e s ˈi ɾ,V;SBJV;PRS;1;SG,55,55,100.0
50L_50NL_2_2,50L_50NL,2,a r e s ˈi ɾ,V;SBJV;PRS;1;SG,46,55,83.64
50L_50NL_2_3,50L_50NL,2,a r e s ˈi ɾ,V;SBJV;PRS;1;SG,55,55,100.0
50L_50NL_2_4,50L_50NL,2,a r e s ˈi ɾ,V;SBJV;PRS;1;SG,55,55,100.0
50L_50NL_2_1,50L_50NL,2,a r e s ˈi ɾ,V;SBJV;PRS;2;PL,52,55,94.55
50L_50NL_2_2,50L_50NL,2,a r e s ˈi ɾ,V;SBJV;PRS;2;PL,53,55,96.36
50L_50NL_2_3,50L_50NL,2,a r e s ˈi ɾ,V;SBJV;PRS;2;PL,55,55,100.0
50L_50NL_2_4,50L_50NL,2,a r e s ˈi ɾ,V;SBJV;PRS;2;PL,55,55,100.0
50L_50NL_2_1,50L_50NL,2,a r e s ˈi ɾ,V;SBJV;PRS;2;SG,55,55,100.0
50L_50NL_2_2,50L_50NL,2,a r e s ˈi ɾ,V;SBJV;PRS;2;SG,45,55,81.82
50L_50NL_2_3,50L_50NL,2,a r e s ˈi ɾ,V;SBJV;PRS;2;SG,55,55,100.0
50L_50NL_2_4,50L_50NL,2,a r e s ˈi ɾ,V;SBJV;PRS;2;SG,55,55,100.0
50L_50NL_2_1,50L_50NL,2,a r e s ˈi ɾ,V;SBJV;PRS;3;PL,55,55,100.0
50L_50NL_2_2,50L_50NL,2,a r e s ˈi ɾ,V;SBJV;PRS;3;PL,49,55,89.09
50L_50NL_2_3,50L_50NL,2,a r e s ˈi ɾ,V;SBJV;PRS;3;PL,55,55,100.0
50L_50NL_2_4,50L_50NL,2,a r e s ˈi ɾ,V;SBJV;PRS;3;PL,55,55,100.0
50L_50NL_2_1,50L_50NL,2,a r e s ˈi ɾ,V;SBJV;PRS;3;SG,55,55,100.0
50L_50NL_2_2,50L_50NL,2,a r e s ˈi ɾ,V;SBJV;PRS;3;SG,45,55,81.82
50L_50NL_2_3,50L_50NL,2,a r e s ˈi ɾ,V;SBJV;PRS;3;SG,55,55,100.0
50L_50NL_2_4,50L_50NL,2,a r e s ˈi ɾ,V;SBJV;PRS;3;SG,55,55,100.0
50L_50NL_2_1,50L_50NL,2,d e d u s ˈi ɾ,V;IND;PRS;1;PL,55,55,100.0
50L_50NL_2_2,50L_50NL,2,d e d u s ˈi ɾ,V;IND;PRS;1;PL,55,55,100.0
50L_50NL_2_3,50L_50NL,2,d e d u s ˈi ɾ,V;IND;PRS;1;PL,55,55,100.0
50L_50NL_2_4,50L_50NL,2,d e d u s ˈi ɾ,V;IND;PRS;1;PL,55,55,100.0
50L_50NL_2_1,50L_50NL,2,d e d u s ˈi ɾ,V;IND;PRS;1;SG,53,55,96.36
50L_50NL_2_2,50L_50NL,2,d e d u s ˈi ɾ,V;IND;PRS;1;SG,0,55,0.0
50L_50NL_2_3,50L_50NL,2,d e d u s ˈi ɾ,V;IND;PRS;1;SG,55,55,100.0
50L_50NL_2_4,50L_50NL,2,d e d u s ˈi ɾ,V;IND;PRS;1;SG,55,55,100.0
50L_50NL_2_1,50L_50NL,2,d e d u s ˈi ɾ,V;IND;PRS;2;PL,55,55,100.0
50L_50NL_2_2,50L_50NL,2,d e d u s ˈi ɾ,V;IND;PRS;2;PL,55,55,100.0
50L_50NL_2_3,50L_50NL,2,d e d u s ˈi ɾ,V;IND;PRS;2;PL,55,55,100.0
50L_50NL_2_4,50L_50NL,2,d e d u s ˈi ɾ,V;IND;PRS;2;PL,55,55,100.0
50L_50NL_2_1,50L_50NL,2,d e d u s ˈi ɾ,V;IND;PRS;2;SG,55,55,100.0
50L_50NL_2_2,50L_50NL,2,d e d u s ˈi ɾ,V;IND;PRS;2;SG,55,55,100.0
50L_50NL_2_3,50L_50NL,2,d e d u s ˈi ɾ,V;IND;PRS;2;SG,55,55,100.0
50L_50NL_2_4,50L_50NL,2,d e d u s ˈi ɾ,V;IND;PRS;2;SG,55,55,100.0
50L_50NL_2_1,50L_50NL,2,d e d u s ˈi ɾ,V;IND;PRS;3;PL,55,55,100.0
50L_50NL_2_2,50L_50NL,2,d e d u s ˈi ɾ,V;IND;PRS;3;PL,55,55,100.0
50L_50NL_2_3,50L_50NL,2,d e d u s ˈi ɾ,V;IND;PRS;3;PL,55,55,100.0
50L_50NL_2_4,50L_50NL,2,d e d u s ˈi ɾ,V;IND;PRS;3;PL,55,55,100.0
50L_50NL_2_1,50L_50NL,2,d e d u s ˈi ɾ,V;IND;PRS;3;SG,55,55,100.0
50L_50NL_2_2,50L_50NL,2,d e d u s ˈi ɾ,V;IND;PRS;3;SG,55,55,100.0
50L_50NL_2_3,50L_50NL,2,d e d u s ˈi ɾ,V;IND;PRS;3;SG,55,55,100.0
50L_50NL_2_4,50L_50NL,2,d e d u s ˈi ɾ,V;IND;PRS;3;SG,55,55,100.0
50L_50NL_2_1,50L_50NL,2,d e d u s ˈi ɾ,V;SBJV;PRS;1;PL,54,55,98.18
50L_50NL_2_2,50L_50NL,2,d e d u s ˈi ɾ,V;SBJV;PRS;1;PL,48,55,87.27
50L_50NL_2_3,50L_50NL,2,d e d u s ˈi ɾ,V;SBJV;PRS;1;PL,55,55,100.0
50L_50NL_2_4,50L_50NL,2,d e d u s ˈi ɾ,V;SBJV;PRS;1;PL,54,55,98.18
50L_50NL_2_1,50L_50NL,2,d e d u s ˈi ɾ,V;SBJV;PRS;1;SG,45,55,81.82
50L_50NL_2_2,50L_50NL,2,d e d u s ˈi ɾ,V;SBJV;PRS;1;SG,11,55,20.0
50L_50NL_2_3,50L_50NL,2,d e d u s ˈi ɾ,V;SBJV;PRS;1;SG,55,55,100.0
50L_50NL_2_4,50L_50NL,2,d e d u s ˈi ɾ,V;SBJV;PRS;1;SG,55,55,100.0
50L_50NL_2_1,50L_50NL,2,d e d u s ˈi ɾ,V;SBJV;PRS;2;PL,55,55,100.0
50L_50NL_2_2,50L_50NL,2,d e d u s ˈi ɾ,V;SBJV;PRS;2;PL,46,55,83.64
50L_50NL_2_3,50L_50NL,2,d e d u s ˈi ɾ,V;SBJV;PRS;2;PL,55,55,100.0
50L_50NL_2_4,50L_50NL,2,d e d u s ˈi ɾ,V;SBJV;PRS;2;PL,53,55,96.36
50L_50NL_2_1,50L_50NL,2,d e d u s ˈi ɾ,V;SBJV;PRS;2;SG,45,55,81.82
50L_50NL_2_2,50L_50NL,2,d e d u s ˈi ɾ,V;SBJV;PRS;2;SG,9,55,16.36
50L_50NL_2_3,50L_50NL,2,d e d u s ˈi ɾ,V;SBJV;PRS;2;SG,55,55,100.0
50L_50NL_2_4,50L_50NL,2,d e d u s ˈi ɾ,V;SBJV;PRS;2;SG,55,55,100.0
50L_50NL_2_1,50L_50NL,2,d e d u s ˈi ɾ,V;SBJV;PRS;3;PL,45,55,81.82
50L_50NL_2_2,50L_50NL,2,d e d u s ˈi ɾ,V;SBJV;PRS;3;PL,13,55,23.64
50L_50NL_2_3,50L_50NL,2,d e d u s ˈi ɾ,V;SBJV;PRS;3;PL,55,55,100.0
50L_50NL_2_4,50L_50NL,2,d e d u s ˈi ɾ,V;SBJV;PRS;3;PL,55,55,100.0
50L_50NL_2_1,50L_50NL,2,d e d u s ˈi ɾ,V;SBJV;PRS;3;SG,45,55,81.82
50L_50NL_2_2,50L_50NL,2,d e d u s ˈi ɾ,V;SBJV;PRS;3;SG,8,55,14.55
50L_50NL_2_3,50L_50NL,2,d e d u s ˈi ɾ,V;SBJV;PRS;3;SG,55,55,100.0
50L_50NL_2_4,50L_50NL,2,d e d u s ˈi ɾ,V;SBJV;PRS;3;SG,55,55,100.0
50L_50NL_2_1,50L_50NL,2,d e s a s ˈe ɾ,V;IND;PRS;2;PL,55,55,100.0
50L_50NL_2_2,50L_50NL,2,d e s a s ˈe ɾ,V;IND;PRS;2;PL,55,55,100.0
50L_50NL_2_3,50L_50NL,2,d e s a s ˈe ɾ,V;IND;PRS;2;PL,55,55,100.0
50L_50NL_2_4,50L_50NL,2,d e s a s ˈe ɾ,V;IND;PRS;2;PL,55,55,100.0
50L_50NL_2_1,50L_50NL,2,d e s a s ˈe ɾ,V;IND;PRS;2;SG,55,55,100.0
50L_50NL_2_2,50L_50NL,2,d e s a s ˈe ɾ,V;IND;PRS;2;SG,55,55,100.0
50L_50NL_2_3,50L_50NL,2,d e s a s ˈe ɾ,V;IND;PRS;2;SG,55,55,100.0
50L_50NL_2_4,50L_50NL,2,d e s a s ˈe ɾ,V;IND;PRS;2;SG,55,55,100.0
50L_50NL_2_1,50L_50NL,2,d e s a s ˈe ɾ,V;IND;PRS;3;PL,55,55,100.0
50L_50NL_2_2,50L_50NL,2,d e s a s ˈe ɾ,V;IND;PRS;3;PL,55,55,100.0
50L_50NL_2_3,50L_50NL,2,d e s a s ˈe ɾ,V;IND;PRS;3;PL,55,55,100.0
50L_50NL_2_4,50L_50NL,2,d e s a s ˈe ɾ,V;IND;PRS;3;PL,55,55,100.0
50L_50NL_2_1,50L_50NL,2,d e s a s ˈe ɾ,V;IND;PRS;3;SG,55,55,100.0
50L_50NL_2_2,50L_50NL,2,d e s a s ˈe ɾ,V;IND;PRS;3;SG,55,55,100.0
50L_50NL_2_3,50L_50NL,2,d e s a s ˈe ɾ,V;IND;PRS;3;SG,55,55,100.0
50L_50NL_2_4,50L_50NL,2,d e s a s ˈe ɾ,V;IND;PRS;3;SG,55,55,100.0
50L_50NL_2_1,50L_50NL,2,d e s a s ˈi ɾ,V;IND;PRS;1;PL,55,55,100.0
50L_50NL_2_2,50L_50NL,2,d e s a s ˈi ɾ,V;IND;PRS;1;PL,55,55,100.0
50L_50NL_2_3,50L_50NL,2,d e s a s ˈi ɾ,V;IND;PRS;1;PL,55,55,100.0
50L_50NL_2_4,50L_50NL,2,d e s a s ˈi ɾ,V;IND;PRS;1;PL,55,55,100.0
50L_50NL_2_1,50L_50NL,2,d e s a s ˈi ɾ,V;IND;PRS;1;SG,55,55,100.0
50L_50NL_2_2,50L_50NL,2,d e s a s ˈi ɾ,V;IND;PRS;1;SG,46,55,83.64
50L_50NL_2_3,50L_50NL,2,d e s a s ˈi ɾ,V;IND;PRS;1;SG,55,55,100.0
50L_50NL_2_4,50L_50NL,2,d e s a s ˈi ɾ,V;IND;PRS;1;SG,54,55,98.18
50L_50NL_2_1,50L_50NL,2,d e s a s ˈi ɾ,V;SBJV;PRS;1;PL,54,55,98.18
50L_50NL_2_2,50L_50NL,2,d e s a s ˈi ɾ,V;SBJV;PRS;1;PL,55,55,100.0
50L_50NL_2_3,50L_50NL,2,d e s a s ˈi ɾ,V;SBJV;PRS;1;PL,55,55,100.0
50L_50NL_2_4,50L_50NL,2,d e s a s ˈi ɾ,V;SBJV;PRS;1;PL,55,55,100.0
50L_50NL_2_1,50L_50NL,2,d e s a s ˈi ɾ,V;SBJV;PRS;1;SG,55,55,100.0
50L_50NL_2_2,50L_50NL,2,d e s a s ˈi ɾ,V;SBJV;PRS;1;SG,55,55,100.0
50L_50NL_2_3,50L_50NL,2,d e s a s ˈi ɾ,V;SBJV;PRS;1;SG,55,55,100.0
50L_50NL_2_4,50L_50NL,2,d e s a s ˈi ɾ,V;SBJV;PRS;1;SG,55,55,100.0
50L_50NL_2_1,50L_50NL,2,d e s a s ˈi ɾ,V;SBJV;PRS;2;PL,47,55,85.45
50L_50NL_2_2,50L_50NL,2,d e s a s ˈi ɾ,V;SBJV;PRS;2;PL,55,55,100.0
50L_50NL_2_3,50L_50NL,2,d e s a s ˈi ɾ,V;SBJV;PRS;2;PL,55,55,100.0
50L_50NL_2_4,50L_50NL,2,d e s a s ˈi ɾ,V;SBJV;PRS;2;PL,54,55,98.18
50L_50NL_2_1,50L_50NL,2,d e s a s ˈi ɾ,V;SBJV;PRS;2;SG,55,55,100.0
50L_50NL_2_2,50L_50NL,2,d e s a s ˈi ɾ,V;SBJV;PRS;2;SG,55,55,100.0
50L_50NL_2_3,50L_50NL,2,d e s a s ˈi ɾ,V;SBJV;PRS;2;SG,55,55,100.0
50L_50NL_2_4,50L_50NL,2,d e s a s ˈi ɾ,V;SBJV;PRS;2;SG,55,55,100.0
50L_50NL_2_1,50L_50NL,2,d e s a s ˈi ɾ,V;SBJV;PRS;3;PL,55,55,100.0
50L_50NL_2_2,50L_50NL,2,d e s a s ˈi ɾ,V;SBJV;PRS;3;PL,53,55,96.36
50L_50NL_2_3,50L_50NL,2,d e s a s ˈi ɾ,V;SBJV;PRS;3;PL,55,55,100.0
50L_50NL_2_4,50L_50NL,2,d e s a s ˈi ɾ,V;SBJV;PRS;3;PL,55,55,100.0
50L_50NL_2_1,50L_50NL,2,d e s a s ˈi ɾ,V;SBJV;PRS;3;SG,55,55,100.0
50L_50NL_2_2,50L_50NL,2,d e s a s ˈi ɾ,V;SBJV;PRS;3;SG,55,55,100.0
50L_50NL_2_3,50L_50NL,2,d e s a s ˈi ɾ,V;SBJV;PRS;3;SG,55,55,100.0
50L_50NL_2_4,50L_50NL,2,d e s a s ˈi ɾ,V;SBJV;PRS;3;SG,55,55,100.0
50L_50NL_2_1,50L_50NL,2,d e s a ɡ ɾ a d e s ˈe ɾ,V;IND;PRS;1;PL,55,55,100.0
50L_50NL_2_2,50L_50NL,2,d e s a ɡ ɾ a d e s ˈe ɾ,V;IND;PRS;1;PL,55,55,100.0
50L_50NL_2_3,50L_50NL,2,d e s a ɡ ɾ a d e s ˈe ɾ,V;IND;PRS;1;PL,55,55,100.0
50L_50NL_2_4,50L_50NL,2,d e s a ɡ ɾ a d e s ˈe ɾ,V;IND;PRS;1;PL,55,55,100.0
50L_50NL_2_1,50L_50NL,2,d e s a ɡ ɾ a d e s ˈe ɾ,V;IND;PRS;1;SG,55,55,100.0
50L_50NL_2_2,50L_50NL,2,d e s a ɡ ɾ a d e s ˈe ɾ,V;IND;PRS;1;SG,42,55,76.36
50L_50NL_2_3,50L_50NL,2,d e s a ɡ ɾ a d e s ˈe ɾ,V;IND;PRS;1;SG,55,55,100.0
50L_50NL_2_4,50L_50NL,2,d e s a ɡ ɾ a d e s ˈe ɾ,V;IND;PRS;1;SG,55,55,100.0
50L_50NL_2_1,50L_50NL,2,d e s a ɡ ɾ a d e s ˈe ɾ,V;IND;PRS;2;PL,55,55,100.0
50L_50NL_2_2,50L_50NL,2,d e s a ɡ ɾ a d e s ˈe ɾ,V;IND;PRS;2;PL,55,55,100.0
50L_50NL_2_3,50L_50NL,2,d e s a ɡ ɾ a d e s ˈe ɾ,V;IND;PRS;2;PL,55,55,100.0
50L_50NL_2_4,50L_50NL,2,d e s a ɡ ɾ a d e s ˈe ɾ,V;IND;PRS;2;PL,55,55,100.0
50L_50NL_2_1,50L_50NL,2,d e s a ɡ ɾ a d e s ˈe ɾ,V;IND;PRS;2;SG,55,55,100.0
50L_50NL_2_2,50L_50NL,2,d e s a ɡ ɾ a d e s ˈe ɾ,V;IND;PRS;2;SG,55,55,100.0
50L_50NL_2_3,50L_50NL,2,d e s a ɡ ɾ a d e s ˈe ɾ,V;IND;PRS;2;SG,55,55,100.0
50L_50NL_2_4,50L_50NL,2,d e s a ɡ ɾ a d e s ˈe ɾ,V;IND;PRS;2;SG,55,55,100.0
50L_50NL_2_1,50L_50NL,2,d e s a ɡ ɾ a d e s ˈe ɾ,V;IND;PRS;3;PL,55,55,100.0
50L_50NL_2_2,50L_50NL,2,d e s a ɡ ɾ a d e s ˈe ɾ,V;IND;PRS;3;PL,55,55,100.0
50L_50NL_2_3,50L_50NL,2,d e s a ɡ ɾ a d e s ˈe ɾ,V;IND;PRS;3;PL,55,55,100.0
50L_50NL_2_4,50L_50NL,2,d e s a ɡ ɾ a d e s ˈe ɾ,V;IND;PRS;3;PL,55,55,100.0
50L_50NL_2_1,50L_50NL,2,d e s a ɡ ɾ a d e s ˈe ɾ,V;IND;PRS;3;SG,55,55,100.0
50L_50NL_2_2,50L_50NL,2,d e s a ɡ ɾ a d e s ˈe ɾ,V;IND;PRS;3;SG,55,55,100.0
50L_50NL_2_3,50L_50NL,2,d e s a ɡ ɾ a d e s ˈe ɾ,V;IND;PRS;3;SG,55,55,100.0
50L_50NL_2_4,50L_50NL,2,d e s a ɡ ɾ a d e s ˈe ɾ,V;IND;PRS;3;SG,55,55,100.0
50L_50NL_2_1,50L_50NL,2,d e s a ɡ ɾ a d e s ˈe ɾ,V;SBJV;PRS;1;PL,55,55,100.0
50L_50NL_2_2,50L_50NL,2,d e s a ɡ ɾ a d e s ˈe ɾ,V;SBJV;PRS;1;PL,55,55,100.0
50L_50NL_2_3,50L_50NL,2,d e s a ɡ ɾ a d e s ˈe ɾ,V;SBJV;PRS;1;PL,55,55,100.0
50L_50NL_2_4,50L_50NL,2,d e s a ɡ ɾ a d e s ˈe ɾ,V;SBJV;PRS;1;PL,55,55,100.0
50L_50NL_2_1,50L_50NL,2,d e s a ɡ ɾ a d e s ˈe ɾ,V;SBJV;PRS;1;SG,55,55,100.0
50L_50NL_2_2,50L_50NL,2,d e s a ɡ ɾ a d e s ˈe ɾ,V;SBJV;PRS;1;SG,55,55,100.0
50L_50NL_2_3,50L_50NL,2,d e s a ɡ ɾ a d e s ˈe ɾ,V;SBJV;PRS;1;SG,55,55,100.0
50L_50NL_2_4,50L_50NL,2,d e s a ɡ ɾ a d e s ˈe ɾ,V;SBJV;PRS;1;SG,55,55,100.0
50L_50NL_2_1,50L_50NL,2,d e s a ɡ ɾ a d e s ˈe ɾ,V;SBJV;PRS;2;PL,55,55,100.0
50L_50NL_2_2,50L_50NL,2,d e s a ɡ ɾ a d e s ˈe ɾ,V;SBJV;PRS;2;PL,55,55,100.0
50L_50NL_2_3,50L_50NL,2,d e s a ɡ ɾ a d e s ˈe ɾ,V;SBJV;PRS;2;PL,55,55,100.0
50L_50NL_2_4,50L_50NL,2,d e s a ɡ ɾ a d e s ˈe ɾ,V;SBJV;PRS;2;PL,55,55,100.0
50L_50NL_2_1,50L_50NL,2,d e s a ɡ ɾ a d e s ˈe ɾ,V;SBJV;PRS;2;SG,55,55,100.0
50L_50NL_2_2,50L_50NL,2,d e s a ɡ ɾ a d e s ˈe ɾ,V;SBJV;PRS;2;SG,55,55,100.0
50L_50NL_2_3,50L_50NL,2,d e s a ɡ ɾ a d e s ˈe ɾ,V;SBJV;PRS;2;SG,55,55,100.0
50L_50NL_2_4,50L_50NL,2,d e s a ɡ ɾ a d e s ˈe ɾ,V;SBJV;PRS;2;SG,55,55,100.0
50L_50NL_2_1,50L_50NL,2,d e s a ɡ ɾ a d e s ˈe ɾ,V;SBJV;PRS;3;PL,55,55,100.0
50L_50NL_2_2,50L_50NL,2,d e s a ɡ ɾ a d e s ˈe ɾ,V;SBJV;PRS;3;PL,55,55,100.0
50L_50NL_2_3,50L_50NL,2,d e s a ɡ ɾ a d e s ˈe ɾ,V;SBJV;PRS;3;PL,55,55,100.0
50L_50NL_2_4,50L_50NL,2,d e s a ɡ ɾ a d e s ˈe ɾ,V;SBJV;PRS;3;PL,55,55,100.0
50L_50NL_2_1,50L_50NL,2,d e s a ɡ ɾ a d e s ˈe ɾ,V;SBJV;PRS;3;SG,55,55,100.0
50L_50NL_2_2,50L_50NL,2,d e s a ɡ ɾ a d e s ˈe ɾ,V;SBJV;PRS;3;SG,55,55,100.0
50L_50NL_2_3,50L_50NL,2,d e s a ɡ ɾ a d e s ˈe ɾ,V;SBJV;PRS;3;SG,55,55,100.0
50L_50NL_2_4,50L_50NL,2,d e s a ɡ ɾ a d e s ˈe ɾ,V;SBJV;PRS;3;SG,55,55,100.0
50L_50NL_2_1,50L_50NL,2,d e s k o m p o n ˈe ɾ,V;IND;PRS;1;PL,55,55,100.0
50L_50NL_2_2,50L_50NL,2,d e s k o m p o n ˈe ɾ,V;IND;PRS;1;PL,55,55,100.0
50L_50NL_2_3,50L_50NL,2,d e s k o m p o n ˈe ɾ,V;IND;PRS;1;PL,55,55,100.0
50L_50NL_2_4,50L_50NL,2,d e s k o m p o n ˈe ɾ,V;IND;PRS;1;PL,55,55,100.0
50L_50NL_2_1,50L_50NL,2,d e s k o m p o n ˈe ɾ,V;IND;PRS;1;SG,55,55,100.0
50L_50NL_2_2,50L_50NL,2,d e s k o m p o n ˈe ɾ,V;IND;PRS;1;SG,45,55,81.82
50L_50NL_2_3,50L_50NL,2,d e s k o m p o n ˈe ɾ,V;IND;PRS;1;SG,55,55,100.0
50L_50NL_2_4,50L_50NL,2,d e s k o m p o n ˈe ɾ,V;IND;PRS;1;SG,55,55,100.0
50L_50NL_2_1,50L_50NL,2,d e s k o m p o n ˈe ɾ,V;IND;PRS;2;PL,55,55,100.0
50L_50NL_2_2,50L_50NL,2,d e s k o m p o n ˈe ɾ,V;IND;PRS;2;PL,55,55,100.0
50L_50NL_2_3,50L_50NL,2,d e s k o m p o n ˈe ɾ,V;IND;PRS;2;PL,55,55,100.0
50L_50NL_2_4,50L_50NL,2,d e s k o m p o n ˈe ɾ,V;IND;PRS;2;PL,55,55,100.0
50L_50NL_2_1,50L_50NL,2,d e s k o m p o n ˈe ɾ,V;IND;PRS;2;SG,55,55,100.0
50L_50NL_2_2,50L_50NL,2,d e s k o m p o n ˈe ɾ,V;IND;PRS;2;SG,55,55,100.0
50L_50NL_2_3,50L_50NL,2,d e s k o m p o n ˈe ɾ,V;IND;PRS;2;SG,55,55,100.0
50L_50NL_2_4,50L_50NL,2,d e s k o m p o n ˈe ɾ,V;IND;PRS;2;SG,55,55,100.0
50L_50NL_2_1,50L_50NL,2,d e s k o m p o n ˈe ɾ,V;IND;PRS;3;PL,55,55,100.0
50L_50NL_2_2,50L_50NL,2,d e s k o m p o n ˈe ɾ,V;IND;PRS;3;PL,55,55,100.0
50L_50NL_2_3,50L_50NL,2,d e s k o m p o n ˈe ɾ,V;IND;PRS;3;PL,55,55,100.0
50L_50NL_2_4,50L_50NL,2,d e s k o m p o n ˈe ɾ,V;IND;PRS;3;PL,55,55,100.0
50L_50NL_2_1,50L_50NL,2,d e s k o m p o n ˈe ɾ,V;IND;PRS;3;SG,55,55,100.0
50L_50NL_2_2,50L_50NL,2,d e s k o m p o n ˈe ɾ,V;IND;PRS;3;SG,55,55,100.0
50L_50NL_2_3,50L_50NL,2,d e s k o m p o n ˈe ɾ,V;IND;PRS;3;SG,55,55,100.0
50L_50NL_2_4,50L_50NL,2,d e s k o m p o n ˈe ɾ,V;IND;PRS;3;SG,55,55,100.0
50L_50NL_2_1,50L_50NL,2,d e s k o m p o n ˈe ɾ,V;SBJV;PRS;1;PL,55,55,100.0
50L_50NL_2_2,50L_50NL,2,d e s k o m p o n ˈe ɾ,V;SBJV;PRS;1;PL,55,55,100.0
50L_50NL_2_3,50L_50NL,2,d e s k o m p o n ˈe ɾ,V;SBJV;PRS;1;PL,55,55,100.0
50L_50NL_2_4,50L_50NL,2,d e s k o m p o n ˈe ɾ,V;SBJV;PRS;1;PL,55,55,100.0
50L_50NL_2_1,50L_50NL,2,d e s k o m p o n ˈe ɾ,V;SBJV;PRS;1;SG,55,55,100.0
50L_50NL_2_2,50L_50NL,2,d e s k o m p o n ˈe ɾ,V;SBJV;PRS;1;SG,50,55,90.91
50L_50NL_2_3,50L_50NL,2,d e s k o m p o n ˈe ɾ,V;SBJV;PRS;1;SG,55,55,100.0
50L_50NL_2_4,50L_50NL,2,d e s k o m p o n ˈe ɾ,V;SBJV;PRS;1;SG,55,55,100.0
50L_50NL_2_1,50L_50NL,2,d e s k o m p o n ˈe ɾ,V;SBJV;PRS;2;PL,55,55,100.0
50L_50NL_2_2,50L_50NL,2,d e s k o m p o n ˈe ɾ,V;SBJV;PRS;2;PL,55,55,100.0
50L_50NL_2_3,50L_50NL,2,d e s k o m p o n ˈe ɾ,V;SBJV;PRS;2;PL,55,55,100.0
50L_50NL_2_4,50L_50NL,2,d e s k o m p o n ˈe ɾ,V;SBJV;PRS;2;PL,55,55,100.0
50L_50NL_2_1,50L_50NL,2,d e s k o m p o n ˈe ɾ,V;SBJV;PRS;2;SG,55,55,100.0
50L_50NL_2_2,50L_50NL,2,d e s k o m p o n ˈe ɾ,V;SBJV;PRS;2;SG,50,55,90.91
50L_50NL_2_3,50L_50NL,2,d e s k o m p o n ˈe ɾ,V;SBJV;PRS;2;SG,55,55,100.0
50L_50NL_2_4,50L_50NL,2,d e s k o m p o n ˈe ɾ,V;SBJV;PRS;2;SG,55,55,100.0
50L_50NL_2_1,50L_50NL,2,d e s k o m p o n ˈe ɾ,V;SBJV;PRS;3;PL,55,55,100.0
50L_50NL_2_2,50L_50NL,2,d e s k o m p o n ˈe ɾ,V;SBJV;PRS;3;PL,47,55,85.45
50L_50NL_2_3,50L_50NL,2,d e s k o m p o n ˈe ɾ,V;SBJV;PRS;3;PL,55,55,100.0
50L_50NL_2_4,50L_50NL,2,d e s k o m p o n ˈe ɾ,V;SBJV;PRS;3;PL,55,55,100.0
50L_50NL_2_1,50L_50NL,2,d e s k o m p o n ˈe ɾ,V;SBJV;PRS;3;SG,55,55,100.0
50L_50NL_2_2,50L_50NL,2,d e s k o m p o n ˈe ɾ,V;SBJV;PRS;3;SG,50,55,90.91
50L_50NL_2_3,50L_50NL,2,d e s k o m p o n ˈe ɾ,V;SBJV;PRS;3;SG,55,55,100.0
50L_50NL_2_4,50L_50NL,2,d e s k o m p o n ˈe ɾ,V;SBJV;PRS;3;SG,55,55,100.0
50L_50NL_2_1,50L_50NL,2,e l i ç ˈi ɾ,V;IND;PRS;1;PL,55,55,100.0
50L_50NL_2_2,50L_50NL,2,e l i ç ˈi ɾ,V;IND;PRS;1;PL,55,55,100.0
50L_50NL_2_3,50L_50NL,2,e l i ç ˈi ɾ,V;IND;PRS;1;PL,55,55,100.0
50L_50NL_2_4,50L_50NL,2,e l i ç ˈi ɾ,V;IND;PRS;1;PL,55,55,100.0
50L_50NL_2_1,50L_50NL,2,e l i ç ˈi ɾ,V;IND;PRS;1;SG,55,55,100.0
50L_50NL_2_2,50L_50NL,2,e l i ç ˈi ɾ,V;IND;PRS;1;SG,55,55,100.0
50L_50NL_2_3,50L_50NL,2,e l i ç ˈi ɾ,V;IND;PRS;1;SG,55,55,100.0
50L_50NL_2_4,50L_50NL,2,e l i ç ˈi ɾ,V;IND;PRS;1;SG,55,55,100.0
50L_50NL_2_1,50L_50NL,2,e l i ç ˈi ɾ,V;IND;PRS;2;PL,55,55,100.0
50L_50NL_2_2,50L_50NL,2,e l i ç ˈi ɾ,V;IND;PRS;2;PL,55,55,100.0
50L_50NL_2_3,50L_50NL,2,e l i ç ˈi ɾ,V;IND;PRS;2;PL,55,55,100.0
50L_50NL_2_4,50L_50NL,2,e l i ç ˈi ɾ,V;IND;PRS;2;PL,55,55,100.0
50L_50NL_2_1,50L_50NL,2,e l i ç ˈi ɾ,V;IND;PRS;2;SG,55,55,100.0
50L_50NL_2_2,50L_50NL,2,e l i ç ˈi ɾ,V;IND;PRS;2;SG,55,55,100.0
50L_50NL_2_3,50L_50NL,2,e l i ç ˈi ɾ,V;IND;PRS;2;SG,55,55,100.0
50L_50NL_2_4,50L_50NL,2,e l i ç ˈi ɾ,V;IND;PRS;2;SG,55,55,100.0
50L_50NL_2_1,50L_50NL,2,e l i ç ˈi ɾ,V;IND;PRS;3;PL,55,55,100.0
50L_50NL_2_2,50L_50NL,2,e l i ç ˈi ɾ,V;IND;PRS;3;PL,55,55,100.0
50L_50NL_2_3,50L_50NL,2,e l i ç ˈi ɾ,V;IND;PRS;3;PL,55,55,100.0
50L_50NL_2_4,50L_50NL,2,e l i ç ˈi ɾ,V;IND;PRS;3;PL,55,55,100.0
50L_50NL_2_1,50L_50NL,2,e l i ç ˈi ɾ,V;IND;PRS;3;SG,55,55,100.0
50L_50NL_2_2,50L_50NL,2,e l i ç ˈi ɾ,V;IND;PRS;3;SG,55,55,100.0
50L_50NL_2_3,50L_50NL,2,e l i ç ˈi ɾ,V;IND;PRS;3;SG,55,55,100.0
50L_50NL_2_4,50L_50NL,2,e l i ç ˈi ɾ,V;IND;PRS;3;SG,55,55,100.0
50L_50NL_2_1,50L_50NL,2,e l i ç ˈi ɾ,V;SBJV;PRS;1;PL,55,55,100.0
50L_50NL_2_2,50L_50NL,2,e l i ç ˈi ɾ,V;SBJV;PRS;1;PL,54,55,98.18
50L_50NL_2_3,50L_50NL,2,e l i ç ˈi ɾ,V;SBJV;PRS;1;PL,55,55,100.0
50L_50NL_2_4,50L_50NL,2,e l i ç ˈi ɾ,V;SBJV;PRS;1;PL,55,55,100.0
50L_50NL_2_1,50L_50NL,2,e l i ç ˈi ɾ,V;SBJV;PRS;1;SG,55,55,100.0
50L_50NL_2_2,50L_50NL,2,e l i ç ˈi ɾ,V;SBJV;PRS;1;SG,55,55,100.0
50L_50NL_2_3,50L_50NL,2,e l i ç ˈi ɾ,V;SBJV;PRS;1;SG,55,55,100.0
50L_50NL_2_4,50L_50NL,2,e l i ç ˈi ɾ,V;SBJV;PRS;1;SG,55,55,100.0
50L_50NL_2_1,50L_50NL,2,e l i ç ˈi ɾ,V;SBJV;PRS;2;PL,52,55,94.55
50L_50NL_2_2,50L_50NL,2,e l i ç ˈi ɾ,V;SBJV;PRS;2;PL,55,55,100.0
50L_50NL_2_3,50L_50NL,2,e l i ç ˈi ɾ,V;SBJV;PRS;2;PL,55,55,100.0
50L_50NL_2_4,50L_50NL,2,e l i ç ˈi ɾ,V;SBJV;PRS;2;PL,55,55,100.0
50L_50NL_2_1,50L_50NL,2,e l i ç ˈi ɾ,V;SBJV;PRS;2;SG,55,55,100.0
50L_50NL_2_2,50L_50NL,2,e l i ç ˈi ɾ,V;SBJV;PRS;2;SG,55,55,100.0
50L_50NL_2_3,50L_50NL,2,e l i ç ˈi ɾ,V;SBJV;PRS;2;SG,55,55,100.0
50L_50NL_2_4,50L_50NL,2,e l i ç ˈi ɾ,V;SBJV;PRS;2;SG,55,55,100.0
50L_50NL_2_1,50L_50NL,2,e l i ç ˈi ɾ,V;SBJV;PRS;3;PL,55,55,100.0
50L_50NL_2_2,50L_50NL,2,e l i ç ˈi ɾ,V;SBJV;PRS;3;PL,55,55,100.0
50L_50NL_2_3,50L_50NL,2,e l i ç ˈi ɾ,V;SBJV;PRS;3;PL,55,55,100.0
50L_50NL_2_4,50L_50NL,2,e l i ç ˈi ɾ,V;SBJV;PRS;3;PL,55,55,100.0
50L_50NL_2_1,50L_50NL,2,e l i ç ˈi ɾ,V;SBJV;PRS;3;SG,55,55,100.0
50L_50NL_2_2,50L_50NL,2,e l i ç ˈi ɾ,V;SBJV;PRS;3;SG,55,55,100.0
50L_50NL_2_3,50L_50NL,2,e l i ç ˈi ɾ,V;SBJV;PRS;3;SG,55,55,100.0
50L_50NL_2_4,50L_50NL,2,e l i ç ˈi ɾ,V;SBJV;PRS;3;SG,55,55,100.0
50L_50NL_2_1,50L_50NL,2,e n b e x e s ˈe ɾ,V;IND;PRS;1;PL,55,55,100.0
50L_50NL_2_2,50L_50NL,2,e n b e x e s ˈe ɾ,V;IND;PRS;1;PL,55,55,100.0
50L_50NL_2_3,50L_50NL,2,e n b e x e s ˈe ɾ,V;IND;PRS;1;PL,55,55,100.0
50L_50NL_2_4,50L_50NL,2,e n b e x e s ˈe ɾ,V;IND;PRS;1;PL,55,55,100.0
50L_50NL_2_1,50L_50NL,2,e n b e x e s ˈe ɾ,V;IND;PRS;1;SG,55,55,100.0
50L_50NL_2_2,50L_50NL,2,e n b e x e s ˈe ɾ,V;IND;PRS;1;SG,45,55,81.82
50L_50NL_2_3,50L_50NL,2,e n b e x e s ˈe ɾ,V;IND;PRS;1;SG,55,55,100.0
50L_50NL_2_4,50L_50NL,2,e n b e x e s ˈe ɾ,V;IND;PRS;1;SG,55,55,100.0
50L_50NL_2_1,50L_50NL,2,e n b e x e s ˈe ɾ,V;IND;PRS;2;PL,55,55,100.0
50L_50NL_2_2,50L_50NL,2,e n b e x e s ˈe ɾ,V;IND;PRS;2;PL,55,55,100.0
50L_50NL_2_3,50L_50NL,2,e n b e x e s ˈe ɾ,V;IND;PRS;2;PL,55,55,100.0
50L_50NL_2_4,50L_50NL,2,e n b e x e s ˈe ɾ,V;IND;PRS;2;PL,55,55,100.0
50L_50NL_2_1,50L_50NL,2,e n b e x e s ˈe ɾ,V;IND;PRS;2;SG,55,55,100.0
50L_50NL_2_2,50L_50NL,2,e n b e x e s ˈe ɾ,V;IND;PRS;2;SG,55,55,100.0
50L_50NL_2_3,50L_50NL,2,e n b e x e s ˈe ɾ,V;IND;PRS;2;SG,55,55,100.0
50L_50NL_2_4,50L_50NL,2,e n b e x e s ˈe ɾ,V;IND;PRS;2;SG,55,55,100.0
50L_50NL_2_1,50L_50NL,2,e n b e x e s ˈe ɾ,V;IND;PRS;3;PL,55,55,100.0
50L_50NL_2_2,50L_50NL,2,e n b e x e s ˈe ɾ,V;IND;PRS;3;PL,55,55,100.0
50L_50NL_2_3,50L_50NL,2,e n b e x e s ˈe ɾ,V;IND;PRS;3;PL,55,55,100.0
50L_50NL_2_4,50L_50NL,2,e n b e x e s ˈe ɾ,V;IND;PRS;3;PL,55,55,100.0
50L_50NL_2_1,50L_50NL,2,e n b e x e s ˈe ɾ,V;IND;PRS;3;SG,55,55,100.0
50L_50NL_2_2,50L_50NL,2,e n b e x e s ˈe ɾ,V;IND;PRS;3;SG,55,55,100.0
50L_50NL_2_3,50L_50NL,2,e n b e x e s ˈe ɾ,V;IND;PRS;3;SG,55,55,100.0
50L_50NL_2_4,50L_50NL,2,e n b e x e s ˈe ɾ,V;IND;PRS;3;SG,55,55,100.0
50L_50NL_2_1,50L_50NL,2,e n b e x e s ˈe ɾ,V;SBJV;PRS;1;PL,55,55,100.0
50L_50NL_2_2,50L_50NL,2,e n b e x e s ˈe ɾ,V;SBJV;PRS;1;PL,55,55,100.0
50L_50NL_2_3,50L_50NL,2,e n b e x e s ˈe ɾ,V;SBJV;PRS;1;PL,45,55,81.82
50L_50NL_2_4,50L_50NL,2,e n b e x e s ˈe ɾ,V;SBJV;PRS;1;PL,55,55,100.0
50L_50NL_2_1,50L_50NL,2,e n b e x e s ˈe ɾ,V;SBJV;PRS;1;SG,55,55,100.0
50L_50NL_2_2,50L_50NL,2,e n b e x e s ˈe ɾ,V;SBJV;PRS;1;SG,50,55,90.91
50L_50NL_2_3,50L_50NL,2,e n b e x e s ˈe ɾ,V;SBJV;PRS;1;SG,55,55,100.0
50L_50NL_2_4,50L_50NL,2,e n b e x e s ˈe ɾ,V;SBJV;PRS;1;SG,55,55,100.0
50L_50NL_2_1,50L_50NL,2,e n b e x e s ˈe ɾ,V;SBJV;PRS;2;PL,55,55,100.0
50L_50NL_2_2,50L_50NL,2,e n b e x e s ˈe ɾ,V;SBJV;PRS;2;PL,55,55,100.0
50L_50NL_2_3,50L_50NL,2,e n b e x e s ˈe ɾ,V;SBJV;PRS;2;PL,45,55,81.82
50L_50NL_2_4,50L_50NL,2,e n b e x e s ˈe ɾ,V;SBJV;PRS;2;PL,55,55,100.0
50L_50NL_2_1,50L_50NL,2,e n b e x e s ˈe ɾ,V;SBJV;PRS;2;SG,55,55,100.0
50L_50NL_2_2,50L_50NL,2,e n b e x e s ˈe ɾ,V;SBJV;PRS;2;SG,52,55,94.55
50L_50NL_2_3,50L_50NL,2,e n b e x e s ˈe ɾ,V;SBJV;PRS;2;SG,55,55,100.0
50L_50NL_2_4,50L_50NL,2,e n b e x e s ˈe ɾ,V;SBJV;PRS;2;SG,52,55,94.55
50L_50NL_2_1,50L_50NL,2,e n b e x e s ˈe ɾ,V;SBJV;PRS;3;PL,55,55,100.0
50L_50NL_2_2,50L_50NL,2,e n b e x e s ˈe ɾ,V;SBJV;PRS;3;PL,53,55,96.36
50L_50NL_2_3,50L_50NL,2,e n b e x e s ˈe ɾ,V;SBJV;PRS;3;PL,53,55,96.36
50L_50NL_2_4,50L_50NL,2,e n b e x e s ˈe ɾ,V;SBJV;PRS;3;PL,54,55,98.18
50L_50NL_2_1,50L_50NL,2,e n b e x e s ˈe ɾ,V;SBJV;PRS;3;SG,55,55,100.0
50L_50NL_2_2,50L_50NL,2,e n b e x e s ˈe ɾ,V;SBJV;PRS;3;SG,50,55,90.91
50L_50NL_2_3,50L_50NL,2,e n b e x e s ˈe ɾ,V;SBJV;PRS;3;SG,55,55,100.0
50L_50NL_2_4,50L_50NL,2,e n b e x e s ˈe ɾ,V;SBJV;PRS;3;SG,54,55,98.18
50L_50NL_2_1,50L_50NL,2,e n k a ɾ e s ˈe ɾ,V;IND;PRS;1;PL,55,55,100.0
50L_50NL_2_2,50L_50NL,2,e n k a ɾ e s ˈe ɾ,V;IND;PRS;1;PL,55,55,100.0
50L_50NL_2_3,50L_50NL,2,e n k a ɾ e s ˈe ɾ,V;IND;PRS;1;PL,55,55,100.0
50L_50NL_2_4,50L_50NL,2,e n k a ɾ e s ˈe ɾ,V;IND;PRS;1;PL,55,55,100.0
50L_50NL_2_1,50L_50NL,2,e n k a ɾ e s ˈe ɾ,V;IND;PRS;1;SG,55,55,100.0
50L_50NL_2_2,50L_50NL,2,e n k a ɾ e s ˈe ɾ,V;IND;PRS;1;SG,45,55,81.82
50L_50NL_2_3,50L_50NL,2,e n k a ɾ e s ˈe ɾ,V;IND;PRS;1;SG,55,55,100.0
50L_50NL_2_4,50L_50NL,2,e n k a ɾ e s ˈe ɾ,V;IND;PRS;1;SG,55,55,100.0
50L_50NL_2_1,50L_50NL,2,e n k a ɾ e s ˈe ɾ,V;IND;PRS;2;PL,55,55,100.0
50L_50NL_2_2,50L_50NL,2,e n k a ɾ e s ˈe ɾ,V;IND;PRS;2;PL,55,55,100.0
50L_50NL_2_3,50L_50NL,2,e n k a ɾ e s ˈe ɾ,V;IND;PRS;2;PL,55,55,100.0
50L_50NL_2_4,50L_50NL,2,e n k a ɾ e s ˈe ɾ,V;IND;PRS;2;PL,55,55,100.0
50L_50NL_2_1,50L_50NL,2,e n k a ɾ e s ˈe ɾ,V;IND;PRS;2;SG,55,55,100.0
50L_50NL_2_2,50L_50NL,2,e n k a ɾ e s ˈe ɾ,V;IND;PRS;2;SG,55,55,100.0
50L_50NL_2_3,50L_50NL,2,e n k a ɾ e s ˈe ɾ,V;IND;PRS;2;SG,55,55,100.0
50L_50NL_2_4,50L_50NL,2,e n k a ɾ e s ˈe ɾ,V;IND;PRS;2;SG,55,55,100.0
50L_50NL_2_1,50L_50NL,2,e n k a ɾ e s ˈe ɾ,V;IND;PRS;3;PL,55,55,100.0
50L_50NL_2_2,50L_50NL,2,e n k a ɾ e s ˈe ɾ,V;IND;PRS;3;PL,55,55,100.0
50L_50NL_2_3,50L_50NL,2,e n k a ɾ e s ˈe ɾ,V;IND;PRS;3;PL,55,55,100.0
50L_50NL_2_4,50L_50NL,2,e n k a ɾ e s ˈe ɾ,V;IND;PRS;3;PL,55,55,100.0
50L_50NL_2_1,50L_50NL,2,e n k a ɾ e s ˈe ɾ,V;IND;PRS;3;SG,55,55,100.0
50L_50NL_2_2,50L_50NL,2,e n k a ɾ e s ˈe ɾ,V;IND;PRS;3;SG,55,55,100.0
50L_50NL_2_3,50L_50NL,2,e n k a ɾ e s ˈe ɾ,V;IND;PRS;3;SG,55,55,100.0
50L_50NL_2_4,50L_50NL,2,e n k a ɾ e s ˈe ɾ,V;IND;PRS;3;SG,55,55,100.0
50L_50NL_2_1,50L_50NL,2,e n k a ɾ e s ˈe ɾ,V;SBJV;PRS;1;PL,55,55,100.0
50L_50NL_2_2,50L_50NL,2,e n k a ɾ e s ˈe ɾ,V;SBJV;PRS;1;PL,46,55,83.64
50L_50NL_2_3,50L_50NL,2,e n k a ɾ e s ˈe ɾ,V;SBJV;PRS;1;PL,55,55,100.0
50L_50NL_2_4,50L_50NL,2,e n k a ɾ e s ˈe ɾ,V;SBJV;PRS;1;PL,55,55,100.0
50L_50NL_2_1,50L_50NL,2,e n k a ɾ e s ˈe ɾ,V;SBJV;PRS;1;SG,55,55,100.0
50L_50NL_2_2,50L_50NL,2,e n k a ɾ e s ˈe ɾ,V;SBJV;PRS;1;SG,50,55,90.91
50L_50NL_2_3,50L_50NL,2,e n k a ɾ e s ˈe ɾ,V;SBJV;PRS;1;SG,55,55,100.0
50L_50NL_2_4,50L_50NL,2,e n k a ɾ e s ˈe ɾ,V;SBJV;PRS;1;SG,55,55,100.0
50L_50NL_2_1,50L_50NL,2,e n k a ɾ e s ˈe ɾ,V;SBJV;PRS;2;PL,55,55,100.0
50L_50NL_2_2,50L_50NL,2,e n k a ɾ e s ˈe ɾ,V;SBJV;PRS;2;PL,48,55,87.27
50L_50NL_2_3,50L_50NL,2,e n k a ɾ e s ˈe ɾ,V;SBJV;PRS;2;PL,55,55,100.0
50L_50NL_2_4,50L_50NL,2,e n k a ɾ e s ˈe ɾ,V;SBJV;PRS;2;PL,55,55,100.0
50L_50NL_2_1,50L_50NL,2,e n k a ɾ e s ˈe ɾ,V;SBJV;PRS;2;SG,55,55,100.0
50L_50NL_2_2,50L_50NL,2,e n k a ɾ e s ˈe ɾ,V;SBJV;PRS;2;SG,52,55,94.55
50L_50NL_2_3,50L_50NL,2,e n k a ɾ e s ˈe ɾ,V;SBJV;PRS;2;SG,55,55,100.0
50L_50NL_2_4,50L_50NL,2,e n k a ɾ e s ˈe ɾ,V;SBJV;PRS;2;SG,54,55,98.18
50L_50NL_2_1,50L_50NL,2,e n k a ɾ e s ˈe ɾ,V;SBJV;PRS;3;PL,55,55,100.0
50L_50NL_2_2,50L_50NL,2,e n k a ɾ e s ˈe ɾ,V;SBJV;PRS;3;PL,52,55,94.55
50L_50NL_2_3,50L_50NL,2,e n k a ɾ e s ˈe ɾ,V;SBJV;PRS;3;PL,55,55,100.0
50L_50NL_2_4,50L_50NL,2,e n k a ɾ e s ˈe ɾ,V;SBJV;PRS;3;PL,55,55,100.0
50L_50NL_2_1,50L_50NL,2,e n k a ɾ e s ˈe ɾ,V;SBJV;PRS;3;SG,55,55,100.0
50L_50NL_2_2,50L_50NL,2,e n k a ɾ e s ˈe ɾ,V;SBJV;PRS;3;SG,50,55,90.91
50L_50NL_2_3,50L_50NL,2,e n k a ɾ e s ˈe ɾ,V;SBJV;PRS;3;SG,55,55,100.0
50L_50NL_2_4,50L_50NL,2,e n k a ɾ e s ˈe ɾ,V;SBJV;PRS;3;SG,55,55,100.0
50L_50NL_2_1,50L_50NL,2,e n m u d e s ˈe ɾ,V;IND;PRS;1;PL,55,55,100.0
50L_50NL_2_2,50L_50NL,2,e n m u d e s ˈe ɾ,V;IND;PRS;1;PL,55,55,100.0
50L_50NL_2_3,50L_50NL,2,e n m u d e s ˈe ɾ,V;IND;PRS;1;PL,55,55,100.0
50L_50NL_2_4,50L_50NL,2,e n m u d e s ˈe ɾ,V;IND;PRS;1;PL,55,55,100.0
50L_50NL_2_1,50L_50NL,2,e n m u d e s ˈe ɾ,V;IND;PRS;1;SG,55,55,100.0
50L_50NL_2_2,50L_50NL,2,e n m u d e s ˈe ɾ,V;IND;PRS;1;SG,46,55,83.64
50L_50NL_2_3,50L_50NL,2,e n m u d e s ˈe ɾ,V;IND;PRS;1;SG,55,55,100.0
50L_50NL_2_4,50L_50NL,2,e n m u d e s ˈe ɾ,V;IND;PRS;1;SG,55,55,100.0
50L_50NL_2_1,50L_50NL,2,e n m u d e s ˈe ɾ,V;IND;PRS;2;PL,55,55,100.0
50L_50NL_2_2,50L_50NL,2,e n m u d e s ˈe ɾ,V;IND;PRS;2;PL,55,55,100.0
50L_50NL_2_3,50L_50NL,2,e n m u d e s ˈe ɾ,V;IND;PRS;2;PL,55,55,100.0
50L_50NL_2_4,50L_50NL,2,e n m u d e s ˈe ɾ,V;IND;PRS;2;PL,55,55,100.0
50L_50NL_2_1,50L_50NL,2,e n m u d e s ˈe ɾ,V;IND;PRS;2;SG,55,55,100.0
50L_50NL_2_2,50L_50NL,2,e n m u d e s ˈe ɾ,V;IND;PRS;2;SG,55,55,100.0
50L_50NL_2_3,50L_50NL,2,e n m u d e s ˈe ɾ,V;IND;PRS;2;SG,55,55,100.0
50L_50NL_2_4,50L_50NL,2,e n m u d e s ˈe ɾ,V;IND;PRS;2;SG,55,55,100.0
50L_50NL_2_1,50L_50NL,2,e n m u d e s ˈe ɾ,V;IND;PRS;3;PL,55,55,100.0
50L_50NL_2_2,50L_50NL,2,e n m u d e s ˈe ɾ,V;IND;PRS;3;PL,55,55,100.0
50L_50NL_2_3,50L_50NL,2,e n m u d e s ˈe ɾ,V;IND;PRS;3;PL,55,55,100.0
50L_50NL_2_4,50L_50NL,2,e n m u d e s ˈe ɾ,V;IND;PRS;3;PL,55,55,100.0
50L_50NL_2_1,50L_50NL,2,e n m u d e s ˈe ɾ,V;IND;PRS;3;SG,55,55,100.0
50L_50NL_2_2,50L_50NL,2,e n m u d e s ˈe ɾ,V;IND;PRS;3;SG,55,55,100.0
50L_50NL_2_3,50L_50NL,2,e n m u d e s ˈe ɾ,V;IND;PRS;3;SG,55,55,100.0
50L_50NL_2_4,50L_50NL,2,e n m u d e s ˈe ɾ,V;IND;PRS;3;SG,55,55,100.0
50L_50NL_2_1,50L_50NL,2,e n m u d e s ˈe ɾ,V;SBJV;PRS;1;PL,55,55,100.0
50L_50NL_2_2,50L_50NL,2,e n m u d e s ˈe ɾ,V;SBJV;PRS;1;PL,55,55,100.0
50L_50NL_2_3,50L_50NL,2,e n m u d e s ˈe ɾ,V;SBJV;PRS;1;PL,55,55,100.0
50L_50NL_2_4,50L_50NL,2,e n m u d e s ˈe ɾ,V;SBJV;PRS;1;PL,55,55,100.0
50L_50NL_2_1,50L_50NL,2,e n m u d e s ˈe ɾ,V;SBJV;PRS;1;SG,55,55,100.0
50L_50NL_2_2,50L_50NL,2,e n m u d e s ˈe ɾ,V;SBJV;PRS;1;SG,52,55,94.55
50L_50NL_2_3,50L_50NL,2,e n m u d e s ˈe ɾ,V;SBJV;PRS;1;SG,55,55,100.0
50L_50NL_2_4,50L_50NL,2,e n m u d e s ˈe ɾ,V;SBJV;PRS;1;SG,55,55,100.0
50L_50NL_2_1,50L_50NL,2,e n m u d e s ˈe ɾ,V;SBJV;PRS;2;PL,55,55,100.0
50L_50NL_2_2,50L_50NL,2,e n m u d e s ˈe ɾ,V;SBJV;PRS;2;PL,55,55,100.0
50L_50NL_2_3,50L_50NL,2,e n m u d e s ˈe ɾ,V;SBJV;PRS;2;PL,55,55,100.0
50L_50NL_2_4,50L_50NL,2,e n m u d e s ˈe ɾ,V;SBJV;PRS;2;PL,55,55,100.0
50L_50NL_2_1,50L_50NL,2,e n m u d e s ˈe ɾ,V;SBJV;PRS;2;SG,55,55,100.0
50L_50NL_2_2,50L_50NL,2,e n m u d e s ˈe ɾ,V;SBJV;PRS;2;SG,53,55,96.36
50L_50NL_2_3,50L_50NL,2,e n m u d e s ˈe ɾ,V;SBJV;PRS;2;SG,55,55,100.0
50L_50NL_2_4,50L_50NL,2,e n m u d e s ˈe ɾ,V;SBJV;PRS;2;SG,55,55,100.0
50L_50NL_2_1,50L_50NL,2,e n m u d e s ˈe ɾ,V;SBJV;PRS;3;PL,55,55,100.0
50L_50NL_2_2,50L_50NL,2,e n m u d e s ˈe ɾ,V;SBJV;PRS;3;PL,53,55,96.36
50L_50NL_2_3,50L_50NL,2,e n m u d e s ˈe ɾ,V;SBJV;PRS;3;PL,55,55,100.0
50L_50NL_2_4,50L_50NL,2,e n m u d e s ˈe ɾ,V;SBJV;PRS;3;PL,55,55,100.0
50L_50NL_2_1,50L_50NL,2,e n m u d e s ˈe ɾ,V;SBJV;PRS;3;SG,55,55,100.0
50L_50NL_2_2,50L_50NL,2,e n m u d e s ˈe ɾ,V;SBJV;PRS;3;SG,53,55,96.36
50L_50NL_2_3,50L_50NL,2,e n m u d e s ˈe ɾ,V;SBJV;PRS;3;SG,55,55,100.0
50L_50NL_2_4,50L_50NL,2,e n m u d e s ˈe ɾ,V;SBJV;PRS;3;SG,55,55,100.0
50L_50NL_2_1,50L_50NL,2,e n o ɾ ɡ u ʃ e s ˈe ɾ,V;IND;PRS;1;PL,51,55,92.73
50L_50NL_2_2,50L_50NL,2,e n o ɾ ɡ u ʃ e s ˈe ɾ,V;IND;PRS;1;PL,46,55,83.64
50L_50NL_2_3,50L_50NL,2,e n o ɾ ɡ u ʃ e s ˈe ɾ,V;IND;PRS;1;PL,0,55,0.0
50L_50NL_2_4,50L_50NL,2,e n o ɾ ɡ u ʃ e s ˈe ɾ,V;IND;PRS;1;PL,0,55,0.0
50L_50NL_2_1,50L_50NL,2,e n o ɾ ɡ u ʃ e s ˈe ɾ,V;IND;PRS;1;SG,47,55,85.45
50L_50NL_2_2,50L_50NL,2,e n o ɾ ɡ u ʃ e s ˈe ɾ,V;IND;PRS;1;SG,27,55,49.09
50L_50NL_2_3,50L_50NL,2,e n o ɾ ɡ u ʃ e s ˈe ɾ,V;IND;PRS;1;SG,18,55,32.73
50L_50NL_2_4,50L_50NL,2,e n o ɾ ɡ u ʃ e s ˈe ɾ,V;IND;PRS;1;SG,0,55,0.0
50L_50NL_2_1,50L_50NL,2,e n o ɾ ɡ u ʃ e s ˈe ɾ,V;IND;PRS;2;PL,46,55,83.64
50L_50NL_2_2,50L_50NL,2,e n o ɾ ɡ u ʃ e s ˈe ɾ,V;IND;PRS;2;PL,51,55,92.73
50L_50NL_2_3,50L_50NL,2,e n o ɾ ɡ u ʃ e s ˈe ɾ,V;IND;PRS;2;PL,0,55,0.0
50L_50NL_2_4,50L_50NL,2,e n o ɾ ɡ u ʃ e s ˈe ɾ,V;IND;PRS;2;PL,0,55,0.0
50L_50NL_2_1,50L_50NL,2,e n o ɾ ɡ u ʃ e s ˈe ɾ,V;IND;PRS;2;SG,50,55,90.91
50L_50NL_2_2,50L_50NL,2,e n o ɾ ɡ u ʃ e s ˈe ɾ,V;IND;PRS;2;SG,24,55,43.64
50L_50NL_2_3,50L_50NL,2,e n o ɾ ɡ u ʃ e s ˈe ɾ,V;IND;PRS;2;SG,21,55,38.18
50L_50NL_2_4,50L_50NL,2,e n o ɾ ɡ u ʃ e s ˈe ɾ,V;IND;PRS;2;SG,0,55,0.0
50L_50NL_2_1,50L_50NL,2,e n o ɾ ɡ u ʃ e s ˈe ɾ,V;IND;PRS;3;PL,46,55,83.64
50L_50NL_2_2,50L_50NL,2,e n o ɾ ɡ u ʃ e s ˈe ɾ,V;IND;PRS;3;PL,14,55,25.45
50L_50NL_2_3,50L_50NL,2,e n o ɾ ɡ u ʃ e s ˈe ɾ,V;IND;PRS;3;PL,12,55,21.82
50L_50NL_2_4,50L_50NL,2,e n o ɾ ɡ u ʃ e s ˈe ɾ,V;IND;PRS;3;PL,0,55,0.0
50L_50NL_2_1,50L_50NL,2,e n o ɾ ɡ u ʃ e s ˈe ɾ,V;IND;PRS;3;SG,45,55,81.82
50L_50NL_2_2,50L_50NL,2,e n o ɾ ɡ u ʃ e s ˈe ɾ,V;IND;PRS;3;SG,24,55,43.64
50L_50NL_2_3,50L_50NL,2,e n o ɾ ɡ u ʃ e s ˈe ɾ,V;IND;PRS;3;SG,14,55,25.45
50L_50NL_2_4,50L_50NL,2,e n o ɾ ɡ u ʃ e s ˈe ɾ,V;IND;PRS;3;SG,0,55,0.0
50L_50NL_2_1,50L_50NL,2,e n o ɾ ɡ u ʃ e s ˈe ɾ,V;SBJV;PRS;1;PL,55,55,100.0
50L_50NL_2_2,50L_50NL,2,e n o ɾ ɡ u ʃ e s ˈe ɾ,V;SBJV;PRS;1;PL,42,55,76.36
50L_50NL_2_3,50L_50NL,2,e n o ɾ ɡ u ʃ e s ˈe ɾ,V;SBJV;PRS;1;PL,44,55,80.0
50L_50NL_2_4,50L_50NL,2,e n o ɾ ɡ u ʃ e s ˈe ɾ,V;SBJV;PRS;1;PL,0,55,0.0
50L_50NL_2_1,50L_50NL,2,e n o ɾ ɡ u ʃ e s ˈe ɾ,V;SBJV;PRS;1;SG,51,55,92.73
50L_50NL_2_2,50L_50NL,2,e n o ɾ ɡ u ʃ e s ˈe ɾ,V;SBJV;PRS;1;SG,26,55,47.27
50L_50NL_2_3,50L_50NL,2,e n o ɾ ɡ u ʃ e s ˈe ɾ,V;SBJV;PRS;1;SG,4,55,7.27
50L_50NL_2_4,50L_50NL,2,e n o ɾ ɡ u ʃ e s ˈe ɾ,V;SBJV;PRS;1;SG,0,55,0.0
50L_50NL_2_1,50L_50NL,2,e n o ɾ ɡ u ʃ e s ˈe ɾ,V;SBJV;PRS;2;PL,55,55,100.0
50L_50NL_2_2,50L_50NL,2,e n o ɾ ɡ u ʃ e s ˈe ɾ,V;SBJV;PRS;2;PL,51,55,92.73
50L_50NL_2_3,50L_50NL,2,e n o ɾ ɡ u ʃ e s ˈe ɾ,V;SBJV;PRS;2;PL,1,55,1.82
50L_50NL_2_4,50L_50NL,2,e n o ɾ ɡ u ʃ e s ˈe ɾ,V;SBJV;PRS;2;PL,0,55,0.0
50L_50NL_2_1,50L_50NL,2,e n o ɾ ɡ u ʃ e s ˈe ɾ,V;SBJV;PRS;2;SG,52,55,94.55
50L_50NL_2_2,50L_50NL,2,e n o ɾ ɡ u ʃ e s ˈe ɾ,V;SBJV;PRS;2;SG,25,55,45.45
50L_50NL_2_3,50L_50NL,2,e n o ɾ ɡ u ʃ e s ˈe ɾ,V;SBJV;PRS;2;SG,2,55,3.64
50L_50NL_2_4,50L_50NL,2,e n o ɾ ɡ u ʃ e s ˈe ɾ,V;SBJV;PRS;2;SG,0,55,0.0
50L_50NL_2_1,50L_50NL,2,e n o ɾ ɡ u ʃ e s ˈe ɾ,V;SBJV;PRS;3;PL,46,55,83.64
50L_50NL_2_2,50L_50NL,2,e n o ɾ ɡ u ʃ e s ˈe ɾ,V;SBJV;PRS;3;PL,28,55,50.91
50L_50NL_2_3,50L_50NL,2,e n o ɾ ɡ u ʃ e s ˈe ɾ,V;SBJV;PRS;3;PL,13,55,23.64
50L_50NL_2_4,50L_50NL,2,e n o ɾ ɡ u ʃ e s ˈe ɾ,V;SBJV;PRS;3;PL,0,55,0.0
50L_50NL_2_1,50L_50NL,2,e n o ɾ ɡ u ʃ e s ˈe ɾ,V;SBJV;PRS;3;SG,50,55,90.91
50L_50NL_2_2,50L_50NL,2,e n o ɾ ɡ u ʃ e s ˈe ɾ,V;SBJV;PRS;3;SG,27,55,49.09
50L_50NL_2_3,50L_50NL,2,e n o ɾ ɡ u ʃ e s ˈe ɾ,V;SBJV;PRS;3;SG,7,55,12.73
50L_50NL_2_4,50L_50NL,2,e n o ɾ ɡ u ʃ e s ˈe ɾ,V;SBJV;PRS;3;SG,0,55,0.0
50L_50NL_2_1,50L_50NL,2,e n s o m b ɾ e s ˈe ɾ,V;IND;PRS;1;PL,55,55,100.0
50L_50NL_2_2,50L_50NL,2,e n s o m b ɾ e s ˈe ɾ,V;IND;PRS;1;PL,55,55,100.0
50L_50NL_2_3,50L_50NL,2,e n s o m b ɾ e s ˈe ɾ,V;IND;PRS;1;PL,55,55,100.0
50L_50NL_2_4,50L_50NL,2,e n s o m b ɾ e s ˈe ɾ,V;IND;PRS;1;PL,55,55,100.0
50L_50NL_2_1,50L_50NL,2,e n s o m b ɾ e s ˈe ɾ,V;IND;PRS;1;SG,55,55,100.0
50L_50NL_2_2,50L_50NL,2,e n s o m b ɾ e s ˈe ɾ,V;IND;PRS;1;SG,20,55,36.36
50L_50NL_2_3,50L_50NL,2,e n s o m b ɾ e s ˈe ɾ,V;IND;PRS;1;SG,55,55,100.0
50L_50NL_2_4,50L_50NL,2,e n s o m b ɾ e s ˈe ɾ,V;IND;PRS;1;SG,55,55,100.0
50L_50NL_2_1,50L_50NL,2,e n s o m b ɾ e s ˈe ɾ,V;IND;PRS;2;PL,55,55,100.0
50L_50NL_2_2,50L_50NL,2,e n s o m b ɾ e s ˈe ɾ,V;IND;PRS;2;PL,55,55,100.0
50L_50NL_2_3,50L_50NL,2,e n s o m b ɾ e s ˈe ɾ,V;IND;PRS;2;PL,55,55,100.0
50L_50NL_2_4,50L_50NL,2,e n s o m b ɾ e s ˈe ɾ,V;IND;PRS;2;PL,55,55,100.0
50L_50NL_2_1,50L_50NL,2,e n s o m b ɾ e s ˈe ɾ,V;IND;PRS;2;SG,55,55,100.0
50L_50NL_2_2,50L_50NL,2,e n s o m b ɾ e s ˈe ɾ,V;IND;PRS;2;SG,55,55,100.0
50L_50NL_2_3,50L_50NL,2,e n s o m b ɾ e s ˈe ɾ,V;IND;PRS;2;SG,55,55,100.0
50L_50NL_2_4,50L_50NL,2,e n s o m b ɾ e s ˈe ɾ,V;IND;PRS;2;SG,55,55,100.0
50L_50NL_2_1,50L_50NL,2,e n s o m b ɾ e s ˈe ɾ,V;IND;PRS;3;PL,55,55,100.0
50L_50NL_2_2,50L_50NL,2,e n s o m b ɾ e s ˈe ɾ,V;IND;PRS;3;PL,55,55,100.0
50L_50NL_2_3,50L_50NL,2,e n s o m b ɾ e s ˈe ɾ,V;IND;PRS;3;PL,55,55,100.0
50L_50NL_2_4,50L_50NL,2,e n s o m b ɾ e s ˈe ɾ,V;IND;PRS;3;PL,55,55,100.0
50L_50NL_2_1,50L_50NL,2,e n s o m b ɾ e s ˈe ɾ,V;IND;PRS;3;SG,55,55,100.0
50L_50NL_2_2,50L_50NL,2,e n s o m b ɾ e s ˈe ɾ,V;IND;PRS;3;SG,55,55,100.0
50L_50NL_2_3,50L_50NL,2,e n s o m b ɾ e s ˈe ɾ,V;IND;PRS;3;SG,55,55,100.0
50L_50NL_2_4,50L_50NL,2,e n s o m b ɾ e s ˈe ɾ,V;IND;PRS;3;SG,55,55,100.0
50L_50NL_2_1,50L_50NL,2,e n s o m b ɾ e s ˈe ɾ,V;SBJV;PRS;1;PL,55,55,100.0
50L_50NL_2_2,50L_50NL,2,e n s o m b ɾ e s ˈe ɾ,V;SBJV;PRS;1;PL,55,55,100.0
50L_50NL_2_3,50L_50NL,2,e n s o m b ɾ e s ˈe ɾ,V;SBJV;PRS;1;PL,55,55,100.0
50L_50NL_2_4,50L_50NL,2,e n s o m b ɾ e s ˈe ɾ,V;SBJV;PRS;1;PL,55,55,100.0
50L_50NL_2_1,50L_50NL,2,e n s o m b ɾ e s ˈe ɾ,V;SBJV;PRS;1;SG,55,55,100.0
50L_50NL_2_2,50L_50NL,2,e n s o m b ɾ e s ˈe ɾ,V;SBJV;PRS;1;SG,51,55,92.73
50L_50NL_2_3,50L_50NL,2,e n s o m b ɾ e s ˈe ɾ,V;SBJV;PRS;1;SG,55,55,100.0
50L_50NL_2_4,50L_50NL,2,e n s o m b ɾ e s ˈe ɾ,V;SBJV;PRS;1;SG,55,55,100.0
50L_50NL_2_1,50L_50NL,2,e n s o m b ɾ e s ˈe ɾ,V;SBJV;PRS;2;PL,55,55,100.0
50L_50NL_2_2,50L_50NL,2,e n s o m b ɾ e s ˈe ɾ,V;SBJV;PRS;2;PL,55,55,100.0
50L_50NL_2_3,50L_50NL,2,e n s o m b ɾ e s ˈe ɾ,V;SBJV;PRS;2;PL,55,55,100.0
50L_50NL_2_4,50L_50NL,2,e n s o m b ɾ e s ˈe ɾ,V;SBJV;PRS;2;PL,55,55,100.0
50L_50NL_2_1,50L_50NL,2,e n s o m b ɾ e s ˈe ɾ,V;SBJV;PRS;2;SG,55,55,100.0
50L_50NL_2_2,50L_50NL,2,e n s o m b ɾ e s ˈe ɾ,V;SBJV;PRS;2;SG,53,55,96.36
50L_50NL_2_3,50L_50NL,2,e n s o m b ɾ e s ˈe ɾ,V;SBJV;PRS;2;SG,55,55,100.0
50L_50NL_2_4,50L_50NL,2,e n s o m b ɾ e s ˈe ɾ,V;SBJV;PRS;2;SG,55,55,100.0
50L_50NL_2_1,50L_50NL,2,e n s o m b ɾ e s ˈe ɾ,V;SBJV;PRS;3;PL,55,55,100.0
50L_50NL_2_2,50L_50NL,2,e n s o m b ɾ e s ˈe ɾ,V;SBJV;PRS;3;PL,54,55,98.18
50L_50NL_2_3,50L_50NL,2,e n s o m b ɾ e s ˈe ɾ,V;SBJV;PRS;3;PL,55,55,100.0
50L_50NL_2_4,50L_50NL,2,e n s o m b ɾ e s ˈe ɾ,V;SBJV;PRS;3;PL,55,55,100.0
50L_50NL_2_1,50L_50NL,2,e n s o m b ɾ e s ˈe ɾ,V;SBJV;PRS;3;SG,55,55,100.0
50L_50NL_2_2,50L_50NL,2,e n s o m b ɾ e s ˈe ɾ,V;SBJV;PRS;3;SG,51,55,92.73
50L_50NL_2_3,50L_50NL,2,e n s o m b ɾ e s ˈe ɾ,V;SBJV;PRS;3;SG,55,55,100.0
50L_50NL_2_4,50L_50NL,2,e n s o m b ɾ e s ˈe ɾ,V;SBJV;PRS;3;SG,55,55,100.0
50L_50NL_2_1,50L_50NL,2,f a ʃ e s ˈe ɾ,V;IND;PRS;1;PL,55,55,100.0
50L_50NL_2_2,50L_50NL,2,f a ʃ e s ˈe ɾ,V;IND;PRS;1;PL,55,55,100.0
50L_50NL_2_3,50L_50NL,2,f a ʃ e s ˈe ɾ,V;IND;PRS;1;PL,55,55,100.0
50L_50NL_2_4,50L_50NL,2,f a ʃ e s ˈe ɾ,V;IND;PRS;1;PL,55,55,100.0
50L_50NL_2_1,50L_50NL,2,f a ʃ e s ˈe ɾ,V;IND;PRS;1;SG,55,55,100.0
50L_50NL_2_2,50L_50NL,2,f a ʃ e s ˈe ɾ,V;IND;PRS;1;SG,41,55,74.55
50L_50NL_2_3,50L_50NL,2,f a ʃ e s ˈe ɾ,V;IND;PRS;1;SG,55,55,100.0
50L_50NL_2_4,50L_50NL,2,f a ʃ e s ˈe ɾ,V;IND;PRS;1;SG,55,55,100.0
50L_50NL_2_1,50L_50NL,2,f a ʃ e s ˈe ɾ,V;IND;PRS;2;PL,55,55,100.0
50L_50NL_2_2,50L_50NL,2,f a ʃ e s ˈe ɾ,V;IND;PRS;2;PL,55,55,100.0
50L_50NL_2_3,50L_50NL,2,f a ʃ e s ˈe ɾ,V;IND;PRS;2;PL,55,55,100.0
50L_50NL_2_4,50L_50NL,2,f a ʃ e s ˈe ɾ,V;IND;PRS;2;PL,55,55,100.0
50L_50NL_2_1,50L_50NL,2,f a ʃ e s ˈe ɾ,V;IND;PRS;2;SG,55,55,100.0
50L_50NL_2_2,50L_50NL,2,f a ʃ e s ˈe ɾ,V;IND;PRS;2;SG,55,55,100.0
50L_50NL_2_3,50L_50NL,2,f a ʃ e s ˈe ɾ,V;IND;PRS;2;SG,55,55,100.0
50L_50NL_2_4,50L_50NL,2,f a ʃ e s ˈe ɾ,V;IND;PRS;2;SG,55,55,100.0
50L_50NL_2_1,50L_50NL,2,f a ʃ e s ˈe ɾ,V;IND;PRS;3;PL,55,55,100.0
50L_50NL_2_2,50L_50NL,2,f a ʃ e s ˈe ɾ,V;IND;PRS;3;PL,55,55,100.0
50L_50NL_2_3,50L_50NL,2,f a ʃ e s ˈe ɾ,V;IND;PRS;3;PL,55,55,100.0
50L_50NL_2_4,50L_50NL,2,f a ʃ e s ˈe ɾ,V;IND;PRS;3;PL,55,55,100.0
50L_50NL_2_1,50L_50NL,2,f a ʃ e s ˈe ɾ,V;IND;PRS;3;SG,55,55,100.0
50L_50NL_2_2,50L_50NL,2,f a ʃ e s ˈe ɾ,V;IND;PRS;3;SG,55,55,100.0
50L_50NL_2_3,50L_50NL,2,f a ʃ e s ˈe ɾ,V;IND;PRS;3;SG,55,55,100.0
50L_50NL_2_4,50L_50NL,2,f a ʃ e s ˈe ɾ,V;IND;PRS;3;SG,55,55,100.0
50L_50NL_2_1,50L_50NL,2,f a ʃ e s ˈe ɾ,V;SBJV;PRS;1;PL,55,55,100.0
50L_50NL_2_2,50L_50NL,2,f a ʃ e s ˈe ɾ,V;SBJV;PRS;1;PL,55,55,100.0
50L_50NL_2_3,50L_50NL,2,f a ʃ e s ˈe ɾ,V;SBJV;PRS;1;PL,55,55,100.0
50L_50NL_2_4,50L_50NL,2,f a ʃ e s ˈe ɾ,V;SBJV;PRS;1;PL,55,55,100.0
50L_50NL_2_1,50L_50NL,2,f a ʃ e s ˈe ɾ,V;SBJV;PRS;1;SG,55,55,100.0
50L_50NL_2_2,50L_50NL,2,f a ʃ e s ˈe ɾ,V;SBJV;PRS;1;SG,55,55,100.0
50L_50NL_2_3,50L_50NL,2,f a ʃ e s ˈe ɾ,V;SBJV;PRS;1;SG,55,55,100.0
50L_50NL_2_4,50L_50NL,2,f a ʃ e s ˈe ɾ,V;SBJV;PRS;1;SG,55,55,100.0
50L_50NL_2_1,50L_50NL,2,f a ʃ e s ˈe ɾ,V;SBJV;PRS;2;PL,55,55,100.0
50L_50NL_2_2,50L_50NL,2,f a ʃ e s ˈe ɾ,V;SBJV;PRS;2;PL,55,55,100.0
50L_50NL_2_3,50L_50NL,2,f a ʃ e s ˈe ɾ,V;SBJV;PRS;2;PL,55,55,100.0
50L_50NL_2_4,50L_50NL,2,f a ʃ e s ˈe ɾ,V;SBJV;PRS;2;PL,55,55,100.0
50L_50NL_2_1,50L_50NL,2,f a ʃ e s ˈe ɾ,V;SBJV;PRS;2;SG,55,55,100.0
50L_50NL_2_2,50L_50NL,2,f a ʃ e s ˈe ɾ,V;SBJV;PRS;2;SG,55,55,100.0
50L_50NL_2_3,50L_50NL,2,f a ʃ e s ˈe ɾ,V;SBJV;PRS;2;SG,55,55,100.0
50L_50NL_2_4,50L_50NL,2,f a ʃ e s ˈe ɾ,V;SBJV;PRS;2;SG,55,55,100.0
50L_50NL_2_1,50L_50NL,2,f a ʃ e s ˈe ɾ,V;SBJV;PRS;3;PL,55,55,100.0
50L_50NL_2_2,50L_50NL,2,f a ʃ e s ˈe ɾ,V;SBJV;PRS;3;PL,55,55,100.0
50L_50NL_2_3,50L_50NL,2,f a ʃ e s ˈe ɾ,V;SBJV;PRS;3;PL,55,55,100.0
50L_50NL_2_4,50L_50NL,2,f a ʃ e s ˈe ɾ,V;SBJV;PRS;3;PL,55,55,100.0
50L_50NL_2_1,50L_50NL,2,f a ʃ e s ˈe ɾ,V;SBJV;PRS;3;SG,55,55,100.0
50L_50NL_2_2,50L_50NL,2,f a ʃ e s ˈe ɾ,V;SBJV;PRS;3;SG,55,55,100.0
50L_50NL_2_3,50L_50NL,2,f a ʃ e s ˈe ɾ,V;SBJV;PRS;3;SG,55,55,100.0
50L_50NL_2_4,50L_50NL,2,f a ʃ e s ˈe ɾ,V;SBJV;PRS;3;SG,55,55,100.0
50L_50NL_2_1,50L_50NL,2,f l o ɾ e s ˈe ɾ,V;IND;PRS;1;PL,55,55,100.0
50L_50NL_2_2,50L_50NL,2,f l o ɾ e s ˈe ɾ,V;IND;PRS;1;PL,55,55,100.0
50L_50NL_2_3,50L_50NL,2,f l o ɾ e s ˈe ɾ,V;IND;PRS;1;PL,55,55,100.0
50L_50NL_2_4,50L_50NL,2,f l o ɾ e s ˈe ɾ,V;IND;PRS;1;PL,55,55,100.0
50L_50NL_2_1,50L_50NL,2,f l o ɾ e s ˈe ɾ,V;IND;PRS;1;SG,55,55,100.0
50L_50NL_2_2,50L_50NL,2,f l o ɾ e s ˈe ɾ,V;IND;PRS;1;SG,21,55,38.18
50L_50NL_2_3,50L_50NL,2,f l o ɾ e s ˈe ɾ,V;IND;PRS;1;SG,55,55,100.0
50L_50NL_2_4,50L_50NL,2,f l o ɾ e s ˈe ɾ,V;IND;PRS;1;SG,55,55,100.0
50L_50NL_2_1,50L_50NL,2,f l o ɾ e s ˈe ɾ,V;IND;PRS;2;PL,55,55,100.0
50L_50NL_2_2,50L_50NL,2,f l o ɾ e s ˈe ɾ,V;IND;PRS;2;PL,55,55,100.0
50L_50NL_2_3,50L_50NL,2,f l o ɾ e s ˈe ɾ,V;IND;PRS;2;PL,55,55,100.0
50L_50NL_2_4,50L_50NL,2,f l o ɾ e s ˈe ɾ,V;IND;PRS;2;PL,55,55,100.0
50L_50NL_2_1,50L_50NL,2,f l o ɾ e s ˈe ɾ,V;IND;PRS;2;SG,55,55,100.0
50L_50NL_2_2,50L_50NL,2,f l o ɾ e s ˈe ɾ,V;IND;PRS;2;SG,55,55,100.0
50L_50NL_2_3,50L_50NL,2,f l o ɾ e s ˈe ɾ,V;IND;PRS;2;SG,55,55,100.0
50L_50NL_2_4,50L_50NL,2,f l o ɾ e s ˈe ɾ,V;IND;PRS;2;SG,55,55,100.0
50L_50NL_2_1,50L_50NL,2,f l o ɾ e s ˈe ɾ,V;IND;PRS;3;PL,55,55,100.0
50L_50NL_2_2,50L_50NL,2,f l o ɾ e s ˈe ɾ,V;IND;PRS;3;PL,55,55,100.0
50L_50NL_2_3,50L_50NL,2,f l o ɾ e s ˈe ɾ,V;IND;PRS;3;PL,55,55,100.0
50L_50NL_2_4,50L_50NL,2,f l o ɾ e s ˈe ɾ,V;IND;PRS;3;PL,55,55,100.0
50L_50NL_2_1,50L_50NL,2,f l o ɾ e s ˈe ɾ,V;IND;PRS;3;SG,55,55,100.0
50L_50NL_2_2,50L_50NL,2,f l o ɾ e s ˈe ɾ,V;IND;PRS;3;SG,55,55,100.0
50L_50NL_2_3,50L_50NL,2,f l o ɾ e s ˈe ɾ,V;IND;PRS;3;SG,55,55,100.0
50L_50NL_2_4,50L_50NL,2,f l o ɾ e s ˈe ɾ,V;IND;PRS;3;SG,55,55,100.0
50L_50NL_2_1,50L_50NL,2,f l o ɾ e s ˈe ɾ,V;SBJV;PRS;1;PL,55,55,100.0
50L_50NL_2_2,50L_50NL,2,f l o ɾ e s ˈe ɾ,V;SBJV;PRS;1;PL,55,55,100.0
50L_50NL_2_3,50L_50NL,2,f l o ɾ e s ˈe ɾ,V;SBJV;PRS;1;PL,55,55,100.0
50L_50NL_2_4,50L_50NL,2,f l o ɾ e s ˈe ɾ,V;SBJV;PRS;1;PL,55,55,100.0
50L_50NL_2_1,50L_50NL,2,f l o ɾ e s ˈe ɾ,V;SBJV;PRS;1;SG,55,55,100.0
50L_50NL_2_2,50L_50NL,2,f l o ɾ e s ˈe ɾ,V;SBJV;PRS;1;SG,41,55,74.55
50L_50NL_2_3,50L_50NL,2,f l o ɾ e s ˈe ɾ,V;SBJV;PRS;1;SG,55,55,100.0
50L_50NL_2_4,50L_50NL,2,f l o ɾ e s ˈe ɾ,V;SBJV;PRS;1;SG,51,55,92.73
50L_50NL_2_1,50L_50NL,2,f l o ɾ e s ˈe ɾ,V;SBJV;PRS;2;PL,55,55,100.0
50L_50NL_2_2,50L_50NL,2,f l o ɾ e s ˈe ɾ,V;SBJV;PRS;2;PL,55,55,100.0
50L_50NL_2_3,50L_50NL,2,f l o ɾ e s ˈe ɾ,V;SBJV;PRS;2;PL,47,55,85.45
50L_50NL_2_4,50L_50NL,2,f l o ɾ e s ˈe ɾ,V;SBJV;PRS;2;PL,55,55,100.0
50L_50NL_2_1,50L_50NL,2,f l o ɾ e s ˈe ɾ,V;SBJV;PRS;2;SG,55,55,100.0
50L_50NL_2_2,50L_50NL,2,f l o ɾ e s ˈe ɾ,V;SBJV;PRS;2;SG,45,55,81.82
50L_50NL_2_3,50L_50NL,2,f l o ɾ e s ˈe ɾ,V;SBJV;PRS;2;SG,55,55,100.0
50L_50NL_2_4,50L_50NL,2,f l o ɾ e s ˈe ɾ,V;SBJV;PRS;2;SG,50,55,90.91
50L_50NL_2_1,50L_50NL,2,f l o ɾ e s ˈe ɾ,V;SBJV;PRS;3;PL,55,55,100.0
50L_50NL_2_2,50L_50NL,2,f l o ɾ e s ˈe ɾ,V;SBJV;PRS;3;PL,42,55,76.36
50L_50NL_2_3,50L_50NL,2,f l o ɾ e s ˈe ɾ,V;SBJV;PRS;3;PL,55,55,100.0
50L_50NL_2_4,50L_50NL,2,f l o ɾ e s ˈe ɾ,V;SBJV;PRS;3;PL,50,55,90.91
50L_50NL_2_1,50L_50NL,2,f l o ɾ e s ˈe ɾ,V;SBJV;PRS;3;SG,55,55,100.0
50L_50NL_2_2,50L_50NL,2,f l o ɾ e s ˈe ɾ,V;SBJV;PRS;3;SG,41,55,74.55
50L_50NL_2_3,50L_50NL,2,f l o ɾ e s ˈe ɾ,V;SBJV;PRS;3;SG,55,55,100.0
50L_50NL_2_4,50L_50NL,2,f l o ɾ e s ˈe ɾ,V;SBJV;PRS;3;SG,51,55,92.73
50L_50NL_2_1,50L_50NL,2,i n t e ɾ p o n ˈe ɾ,V;IND;PRS;1;PL,55,55,100.0
50L_50NL_2_2,50L_50NL,2,i n t e ɾ p o n ˈe ɾ,V;IND;PRS;1;PL,55,55,100.0
50L_50NL_2_3,50L_50NL,2,i n t e ɾ p o n ˈe ɾ,V;IND;PRS;1;PL,55,55,100.0
50L_50NL_2_4,50L_50NL,2,i n t e ɾ p o n ˈe ɾ,V;IND;PRS;1;PL,55,55,100.0
50L_50NL_2_1,50L_50NL,2,i n t e ɾ p o n ˈe ɾ,V;IND;PRS;1;SG,55,55,100.0
50L_50NL_2_2,50L_50NL,2,i n t e ɾ p o n ˈe ɾ,V;IND;PRS;1;SG,46,55,83.64
50L_50NL_2_3,50L_50NL,2,i n t e ɾ p o n ˈe ɾ,V;IND;PRS;1;SG,55,55,100.0
50L_50NL_2_4,50L_50NL,2,i n t e ɾ p o n ˈe ɾ,V;IND;PRS;1;SG,55,55,100.0
50L_50NL_2_1,50L_50NL,2,i n t e ɾ p o n ˈe ɾ,V;IND;PRS;2;PL,55,55,100.0
50L_50NL_2_2,50L_50NL,2,i n t e ɾ p o n ˈe ɾ,V;IND;PRS;2;PL,55,55,100.0
50L_50NL_2_3,50L_50NL,2,i n t e ɾ p o n ˈe ɾ,V;IND;PRS;2;PL,55,55,100.0
50L_50NL_2_4,50L_50NL,2,i n t e ɾ p o n ˈe ɾ,V;IND;PRS;2;PL,55,55,100.0
50L_50NL_2_1,50L_50NL,2,i n t e ɾ p o n ˈe ɾ,V;IND;PRS;2;SG,55,55,100.0
50L_50NL_2_2,50L_50NL,2,i n t e ɾ p o n ˈe ɾ,V;IND;PRS;2;SG,55,55,100.0
50L_50NL_2_3,50L_50NL,2,i n t e ɾ p o n ˈe ɾ,V;IND;PRS;2;SG,55,55,100.0
50L_50NL_2_4,50L_50NL,2,i n t e ɾ p o n ˈe ɾ,V;IND;PRS;2;SG,55,55,100.0
50L_50NL_2_1,50L_50NL,2,i n t e ɾ p o n ˈe ɾ,V;IND;PRS;3;PL,55,55,100.0
50L_50NL_2_2,50L_50NL,2,i n t e ɾ p o n ˈe ɾ,V;IND;PRS;3;PL,55,55,100.0
50L_50NL_2_3,50L_50NL,2,i n t e ɾ p o n ˈe ɾ,V;IND;PRS;3;PL,55,55,100.0
50L_50NL_2_4,50L_50NL,2,i n t e ɾ p o n ˈe ɾ,V;IND;PRS;3;PL,55,55,100.0
50L_50NL_2_1,50L_50NL,2,i n t e ɾ p o n ˈe ɾ,V;IND;PRS;3;SG,55,55,100.0
50L_50NL_2_2,50L_50NL,2,i n t e ɾ p o n ˈe ɾ,V;IND;PRS;3;SG,55,55,100.0
50L_50NL_2_3,50L_50NL,2,i n t e ɾ p o n ˈe ɾ,V;IND;PRS;3;SG,55,55,100.0
50L_50NL_2_4,50L_50NL,2,i n t e ɾ p o n ˈe ɾ,V;IND;PRS;3;SG,55,55,100.0
50L_50NL_2_1,50L_50NL,2,i n t e ɾ p o n ˈe ɾ,V;SBJV;PRS;1;PL,55,55,100.0
50L_50NL_2_2,50L_50NL,2,i n t e ɾ p o n ˈe ɾ,V;SBJV;PRS;1;PL,55,55,100.0
50L_50NL_2_3,50L_50NL,2,i n t e ɾ p o n ˈe ɾ,V;SBJV;PRS;1;PL,55,55,100.0
50L_50NL_2_4,50L_50NL,2,i n t e ɾ p o n ˈe ɾ,V;SBJV;PRS;1;PL,55,55,100.0
50L_50NL_2_1,50L_50NL,2,i n t e ɾ p o n ˈe ɾ,V;SBJV;PRS;1;SG,55,55,100.0
50L_50NL_2_2,50L_50NL,2,i n t e ɾ p o n ˈe ɾ,V;SBJV;PRS;1;SG,54,55,98.18
50L_50NL_2_3,50L_50NL,2,i n t e ɾ p o n ˈe ɾ,V;SBJV;PRS;1;SG,55,55,100.0
50L_50NL_2_4,50L_50NL,2,i n t e ɾ p o n ˈe ɾ,V;SBJV;PRS;1;SG,55,55,100.0
50L_50NL_2_1,50L_50NL,2,i n t e ɾ p o n ˈe ɾ,V;SBJV;PRS;2;PL,55,55,100.0
50L_50NL_2_2,50L_50NL,2,i n t e ɾ p o n ˈe ɾ,V;SBJV;PRS;2;PL,55,55,100.0
50L_50NL_2_3,50L_50NL,2,i n t e ɾ p o n ˈe ɾ,V;SBJV;PRS;2;PL,55,55,100.0
50L_50NL_2_4,50L_50NL,2,i n t e ɾ p o n ˈe ɾ,V;SBJV;PRS;2;PL,55,55,100.0
50L_50NL_2_1,50L_50NL,2,i n t e ɾ p o n ˈe ɾ,V;SBJV;PRS;2;SG,55,55,100.0
50L_50NL_2_2,50L_50NL,2,i n t e ɾ p o n ˈe ɾ,V;SBJV;PRS;2;SG,54,55,98.18
50L_50NL_2_3,50L_50NL,2,i n t e ɾ p o n ˈe ɾ,V;SBJV;PRS;2;SG,55,55,100.0
50L_50NL_2_4,50L_50NL,2,i n t e ɾ p o n ˈe ɾ,V;SBJV;PRS;2;SG,55,55,100.0
50L_50NL_2_1,50L_50NL,2,i n t e ɾ p o n ˈe ɾ,V;SBJV;PRS;3;PL,55,55,100.0
50L_50NL_2_2,50L_50NL,2,i n t e ɾ p o n ˈe ɾ,V;SBJV;PRS;3;PL,54,55,98.18
50L_50NL_2_3,50L_50NL,2,i n t e ɾ p o n ˈe ɾ,V;SBJV;PRS;3;PL,55,55,100.0
50L_50NL_2_4,50L_50NL,2,i n t e ɾ p o n ˈe ɾ,V;SBJV;PRS;3;PL,55,55,100.0
50L_50NL_2_1,50L_50NL,2,i n t e ɾ p o n ˈe ɾ,V;SBJV;PRS;3;SG,55,55,100.0
50L_50NL_2_2,50L_50NL,2,i n t e ɾ p o n ˈe ɾ,V;SBJV;PRS;3;SG,54,55,98.18
50L_50NL_2_3,50L_50NL,2,i n t e ɾ p o n ˈe ɾ,V;SBJV;PRS;3;SG,55,55,100.0
50L_50NL_2_4,50L_50NL,2,i n t e ɾ p o n ˈe ɾ,V;SBJV;PRS;3;SG,55,55,100.0
50L_50NL_2_1,50L_50NL,2,k o m p u n ç ˈi ɾ,V;IND;PRS;1;PL,55,55,100.0
50L_50NL_2_2,50L_50NL,2,k o m p u n ç ˈi ɾ,V;IND;PRS;1;PL,55,55,100.0
50L_50NL_2_3,50L_50NL,2,k o m p u n ç ˈi ɾ,V;IND;PRS;1;PL,55,55,100.0
50L_50NL_2_4,50L_50NL,2,k o m p u n ç ˈi ɾ,V;IND;PRS;1;PL,55,55,100.0
50L_50NL_2_1,50L_50NL,2,k o m p u n ç ˈi ɾ,V;IND;PRS;1;SG,55,55,100.0
50L_50NL_2_2,50L_50NL,2,k o m p u n ç ˈi ɾ,V;IND;PRS;1;SG,55,55,100.0
50L_50NL_2_3,50L_50NL,2,k o m p u n ç ˈi ɾ,V;IND;PRS;1;SG,55,55,100.0
50L_50NL_2_4,50L_50NL,2,k o m p u n ç ˈi ɾ,V;IND;PRS;1;SG,55,55,100.0
50L_50NL_2_1,50L_50NL,2,k o m p u n ç ˈi ɾ,V;IND;PRS;2;PL,55,55,100.0
50L_50NL_2_2,50L_50NL,2,k o m p u n ç ˈi ɾ,V;IND;PRS;2;PL,55,55,100.0
50L_50NL_2_3,50L_50NL,2,k o m p u n ç ˈi ɾ,V;IND;PRS;2;PL,55,55,100.0
50L_50NL_2_4,50L_50NL,2,k o m p u n ç ˈi ɾ,V;IND;PRS;2;PL,55,55,100.0
50L_50NL_2_1,50L_50NL,2,k o m p u n ç ˈi ɾ,V;IND;PRS;2;SG,55,55,100.0
50L_50NL_2_2,50L_50NL,2,k o m p u n ç ˈi ɾ,V;IND;PRS;2;SG,55,55,100.0
50L_50NL_2_3,50L_50NL,2,k o m p u n ç ˈi ɾ,V;IND;PRS;2;SG,55,55,100.0
50L_50NL_2_4,50L_50NL,2,k o m p u n ç ˈi ɾ,V;IND;PRS;2;SG,55,55,100.0
50L_50NL_2_1,50L_50NL,2,k o m p u n ç ˈi ɾ,V;IND;PRS;3;PL,55,55,100.0
50L_50NL_2_2,50L_50NL,2,k o m p u n ç ˈi ɾ,V;IND;PRS;3;PL,55,55,100.0
50L_50NL_2_3,50L_50NL,2,k o m p u n ç ˈi ɾ,V;IND;PRS;3;PL,55,55,100.0
50L_50NL_2_4,50L_50NL,2,k o m p u n ç ˈi ɾ,V;IND;PRS;3;PL,55,55,100.0
50L_50NL_2_1,50L_50NL,2,k o m p u n ç ˈi ɾ,V;IND;PRS;3;SG,55,55,100.0
50L_50NL_2_2,50L_50NL,2,k o m p u n ç ˈi ɾ,V;IND;PRS;3;SG,55,55,100.0
50L_50NL_2_3,50L_50NL,2,k o m p u n ç ˈi ɾ,V;IND;PRS;3;SG,55,55,100.0
50L_50NL_2_4,50L_50NL,2,k o m p u n ç ˈi ɾ,V;IND;PRS;3;SG,55,55,100.0
50L_50NL_2_1,50L_50NL,2,k o m p u n ç ˈi ɾ,V;SBJV;PRS;1;PL,55,55,100.0
50L_50NL_2_2,50L_50NL,2,k o m p u n ç ˈi ɾ,V;SBJV;PRS;1;PL,55,55,100.0
50L_50NL_2_3,50L_50NL,2,k o m p u n ç ˈi ɾ,V;SBJV;PRS;1;PL,55,55,100.0
50L_50NL_2_4,50L_50NL,2,k o m p u n ç ˈi ɾ,V;SBJV;PRS;1;PL,55,55,100.0
50L_50NL_2_1,50L_50NL,2,k o m p u n ç ˈi ɾ,V;SBJV;PRS;1;SG,51,55,92.73
50L_50NL_2_2,50L_50NL,2,k o m p u n ç ˈi ɾ,V;SBJV;PRS;1;SG,55,55,100.0
50L_50NL_2_3,50L_50NL,2,k o m p u n ç ˈi ɾ,V;SBJV;PRS;1;SG,55,55,100.0
50L_50NL_2_4,50L_50NL,2,k o m p u n ç ˈi ɾ,V;SBJV;PRS;1;SG,55,55,100.0
50L_50NL_2_1,50L_50NL,2,k o m p u n ç ˈi ɾ,V;SBJV;PRS;2;PL,55,55,100.0
50L_50NL_2_2,50L_50NL,2,k o m p u n ç ˈi ɾ,V;SBJV;PRS;2;PL,55,55,100.0
50L_50NL_2_3,50L_50NL,2,k o m p u n ç ˈi ɾ,V;SBJV;PRS;2;PL,55,55,100.0
50L_50NL_2_4,50L_50NL,2,k o m p u n ç ˈi ɾ,V;SBJV;PRS;2;PL,55,55,100.0
50L_50NL_2_1,50L_50NL,2,k o m p u n ç ˈi ɾ,V;SBJV;PRS;2;SG,53,55,96.36
50L_50NL_2_2,50L_50NL,2,k o m p u n ç ˈi ɾ,V;SBJV;PRS;2;SG,55,55,100.0
50L_50NL_2_3,50L_50NL,2,k o m p u n ç ˈi ɾ,V;SBJV;PRS;2;SG,55,55,100.0
50L_50NL_2_4,50L_50NL,2,k o m p u n ç ˈi ɾ,V;SBJV;PRS;2;SG,55,55,100.0
50L_50NL_2_1,50L_50NL,2,k o m p u n ç ˈi ɾ,V;SBJV;PRS;3;PL,55,55,100.0
50L_50NL_2_2,50L_50NL,2,k o m p u n ç ˈi ɾ,V;SBJV;PRS;3;PL,55,55,100.0
50L_50NL_2_3,50L_50NL,2,k o m p u n ç ˈi ɾ,V;SBJV;PRS;3;PL,55,55,100.0
50L_50NL_2_4,50L_50NL,2,k o m p u n ç ˈi ɾ,V;SBJV;PRS;3;PL,55,55,100.0
50L_50NL_2_1,50L_50NL,2,k o m p u n ç ˈi ɾ,V;SBJV;PRS;3;SG,51,55,92.73
50L_50NL_2_2,50L_50NL,2,k o m p u n ç ˈi ɾ,V;SBJV;PRS;3;SG,55,55,100.0
50L_50NL_2_3,50L_50NL,2,k o m p u n ç ˈi ɾ,V;SBJV;PRS;3;SG,55,55,100.0
50L_50NL_2_4,50L_50NL,2,k o m p u n ç ˈi ɾ,V;SBJV;PRS;3;SG,55,55,100.0
50L_50NL_2_1,50L_50NL,2,k o n b e n s ˈe ɾ,V;IND;PRS;1;PL,55,55,100.0
50L_50NL_2_2,50L_50NL,2,k o n b e n s ˈe ɾ,V;IND;PRS;1;PL,55,55,100.0
50L_50NL_2_3,50L_50NL,2,k o n b e n s ˈe ɾ,V;IND;PRS;1;PL,55,55,100.0
50L_50NL_2_4,50L_50NL,2,k o n b e n s ˈe ɾ,V;IND;PRS;1;PL,49,55,89.09
50L_50NL_2_1,50L_50NL,2,k o n b e n s ˈe ɾ,V;IND;PRS;1;SG,55,55,100.0
50L_50NL_2_2,50L_50NL,2,k o n b e n s ˈe ɾ,V;IND;PRS;1;SG,55,55,100.0
50L_50NL_2_3,50L_50NL,2,k o n b e n s ˈe ɾ,V;IND;PRS;1;SG,55,55,100.0
50L_50NL_2_4,50L_50NL,2,k o n b e n s ˈe ɾ,V;IND;PRS;1;SG,55,55,100.0
50L_50NL_2_1,50L_50NL,2,k o n b e n s ˈe ɾ,V;IND;PRS;2;PL,55,55,100.0
50L_50NL_2_2,50L_50NL,2,k o n b e n s ˈe ɾ,V;IND;PRS;2;PL,55,55,100.0
50L_50NL_2_3,50L_50NL,2,k o n b e n s ˈe ɾ,V;IND;PRS;2;PL,55,55,100.0
50L_50NL_2_4,50L_50NL,2,k o n b e n s ˈe ɾ,V;IND;PRS;2;PL,50,55,90.91
50L_50NL_2_1,50L_50NL,2,k o n b e n s ˈe ɾ,V;IND;PRS;2;SG,55,55,100.0
50L_50NL_2_2,50L_50NL,2,k o n b e n s ˈe ɾ,V;IND;PRS;2;SG,30,55,54.55
50L_50NL_2_3,50L_50NL,2,k o n b e n s ˈe ɾ,V;IND;PRS;2;SG,16,55,29.09
50L_50NL_2_4,50L_50NL,2,k o n b e n s ˈe ɾ,V;IND;PRS;2;SG,55,55,100.0
50L_50NL_2_1,50L_50NL,2,k o n b e n s ˈe ɾ,V;IND;PRS;3;PL,55,55,100.0
50L_50NL_2_2,50L_50NL,2,k o n b e n s ˈe ɾ,V;IND;PRS;3;PL,27,55,49.09
50L_50NL_2_3,50L_50NL,2,k o n b e n s ˈe ɾ,V;IND;PRS;3;PL,25,55,45.45
50L_50NL_2_4,50L_50NL,2,k o n b e n s ˈe ɾ,V;IND;PRS;3;PL,55,55,100.0
50L_50NL_2_1,50L_50NL,2,k o n b e n s ˈe ɾ,V;IND;PRS;3;SG,55,55,100.0
50L_50NL_2_2,50L_50NL,2,k o n b e n s ˈe ɾ,V;IND;PRS;3;SG,34,55,61.82
50L_50NL_2_3,50L_50NL,2,k o n b e n s ˈe ɾ,V;IND;PRS;3;SG,29,55,52.73
50L_50NL_2_4,50L_50NL,2,k o n b e n s ˈe ɾ,V;IND;PRS;3;SG,55,55,100.0
50L_50NL_2_1,50L_50NL,2,k o n b e n s ˈe ɾ,V;SBJV;PRS;1;PL,50,55,90.91
50L_50NL_2_2,50L_50NL,2,k o n b e n s ˈe ɾ,V;SBJV;PRS;1;PL,55,55,100.0
50L_50NL_2_3,50L_50NL,2,k o n b e n s ˈe ɾ,V;SBJV;PRS;1;PL,55,55,100.0
50L_50NL_2_4,50L_50NL,2,k o n b e n s ˈe ɾ,V;SBJV;PRS;1;PL,40,55,72.73
50L_50NL_2_1,50L_50NL,2,k o n b e n s ˈe ɾ,V;SBJV;PRS;1;SG,51,55,92.73
50L_50NL_2_2,50L_50NL,2,k o n b e n s ˈe ɾ,V;SBJV;PRS;1;SG,55,55,100.0
50L_50NL_2_3,50L_50NL,2,k o n b e n s ˈe ɾ,V;SBJV;PRS;1;SG,55,55,100.0
50L_50NL_2_4,50L_50NL,2,k o n b e n s ˈe ɾ,V;SBJV;PRS;1;SG,55,55,100.0
50L_50NL_2_1,50L_50NL,2,k o n b e n s ˈe ɾ,V;SBJV;PRS;2;PL,51,55,92.73
50L_50NL_2_2,50L_50NL,2,k o n b e n s ˈe ɾ,V;SBJV;PRS;2;PL,55,55,100.0
50L_50NL_2_3,50L_50NL,2,k o n b e n s ˈe ɾ,V;SBJV;PRS;2;PL,55,55,100.0
50L_50NL_2_4,50L_50NL,2,k o n b e n s ˈe ɾ,V;SBJV;PRS;2;PL,45,55,81.82
50L_50NL_2_1,50L_50NL,2,k o n b e n s ˈe ɾ,V;SBJV;PRS;2;SG,54,55,98.18
50L_50NL_2_2,50L_50NL,2,k o n b e n s ˈe ɾ,V;SBJV;PRS;2;SG,55,55,100.0
50L_50NL_2_3,50L_50NL,2,k o n b e n s ˈe ɾ,V;SBJV;PRS;2;SG,55,55,100.0
50L_50NL_2_4,50L_50NL,2,k o n b e n s ˈe ɾ,V;SBJV;PRS;2;SG,55,55,100.0
50L_50NL_2_1,50L_50NL,2,k o n b e n s ˈe ɾ,V;SBJV;PRS;3;PL,54,55,98.18
50L_50NL_2_2,50L_50NL,2,k o n b e n s ˈe ɾ,V;SBJV;PRS;3;PL,55,55,100.0
50L_50NL_2_3,50L_50NL,2,k o n b e n s ˈe ɾ,V;SBJV;PRS;3;PL,55,55,100.0
50L_50NL_2_4,50L_50NL,2,k o n b e n s ˈe ɾ,V;SBJV;PRS;3;PL,55,55,100.0
50L_50NL_2_1,50L_50NL,2,k o n b e n s ˈe ɾ,V;SBJV;PRS;3;SG,54,55,98.18
50L_50NL_2_2,50L_50NL,2,k o n b e n s ˈe ɾ,V;SBJV;PRS;3;SG,55,55,100.0
50L_50NL_2_3,50L_50NL,2,k o n b e n s ˈe ɾ,V;SBJV;PRS;3;SG,55,55,100.0
50L_50NL_2_4,50L_50NL,2,k o n b e n s ˈe ɾ,V;SBJV;PRS;3;SG,55,55,100.0
50L_50NL_2_1,50L_50NL,2,k o n f l i ç ˈi ɾ,V;IND;PRS;1;PL,55,55,100.0
50L_50NL_2_2,50L_50NL,2,k o n f l i ç ˈi ɾ,V;IND;PRS;1;PL,55,55,100.0
50L_50NL_2_3,50L_50NL,2,k o n f l i ç ˈi ɾ,V;IND;PRS;1;PL,55,55,100.0
50L_50NL_2_4,50L_50NL,2,k o n f l i ç ˈi ɾ,V;IND;PRS;1;PL,55,55,100.0
50L_50NL_2_1,50L_50NL,2,k o n f l i ç ˈi ɾ,V;IND;PRS;1;SG,55,55,100.0
50L_50NL_2_2,50L_50NL,2,k o n f l i ç ˈi ɾ,V;IND;PRS;1;SG,55,55,100.0
50L_50NL_2_3,50L_50NL,2,k o n f l i ç ˈi ɾ,V;IND;PRS;1;SG,55,55,100.0
50L_50NL_2_4,50L_50NL,2,k o n f l i ç ˈi ɾ,V;IND;PRS;1;SG,55,55,100.0
50L_50NL_2_1,50L_50NL,2,k o n f l i ç ˈi ɾ,V;IND;PRS;2;PL,55,55,100.0
50L_50NL_2_2,50L_50NL,2,k o n f l i ç ˈi ɾ,V;IND;PRS;2;PL,55,55,100.0
50L_50NL_2_3,50L_50NL,2,k o n f l i ç ˈi ɾ,V;IND;PRS;2;PL,55,55,100.0
50L_50NL_2_4,50L_50NL,2,k o n f l i ç ˈi ɾ,V;IND;PRS;2;PL,55,55,100.0
50L_50NL_2_1,50L_50NL,2,k o n f l i ç ˈi ɾ,V;IND;PRS;2;SG,55,55,100.0
50L_50NL_2_2,50L_50NL,2,k o n f l i ç ˈi ɾ,V;IND;PRS;2;SG,55,55,100.0
50L_50NL_2_3,50L_50NL,2,k o n f l i ç ˈi ɾ,V;IND;PRS;2;SG,55,55,100.0
50L_50NL_2_4,50L_50NL,2,k o n f l i ç ˈi ɾ,V;IND;PRS;2;SG,55,55,100.0
50L_50NL_2_1,50L_50NL,2,k o n f l i ç ˈi ɾ,V;IND;PRS;3;PL,55,55,100.0
50L_50NL_2_2,50L_50NL,2,k o n f l i ç ˈi ɾ,V;IND;PRS;3;PL,55,55,100.0
50L_50NL_2_3,50L_50NL,2,k o n f l i ç ˈi ɾ,V;IND;PRS;3;PL,55,55,100.0
50L_50NL_2_4,50L_50NL,2,k o n f l i ç ˈi ɾ,V;IND;PRS;3;PL,55,55,100.0
50L_50NL_2_1,50L_50NL,2,k o n f l i ç ˈi ɾ,V;IND;PRS;3;SG,55,55,100.0
50L_50NL_2_2,50L_50NL,2,k o n f l i ç ˈi ɾ,V;IND;PRS;3;SG,55,55,100.0
50L_50NL_2_3,50L_50NL,2,k o n f l i ç ˈi ɾ,V;IND;PRS;3;SG,55,55,100.0
50L_50NL_2_4,50L_50NL,2,k o n f l i ç ˈi ɾ,V;IND;PRS;3;SG,55,55,100.0
50L_50NL_2_1,50L_50NL,2,k o n f l i ç ˈi ɾ,V;SBJV;PRS;1;PL,55,55,100.0
50L_50NL_2_2,50L_50NL,2,k o n f l i ç ˈi ɾ,V;SBJV;PRS;1;PL,55,55,100.0
50L_50NL_2_3,50L_50NL,2,k o n f l i ç ˈi ɾ,V;SBJV;PRS;1;PL,55,55,100.0
50L_50NL_2_4,50L_50NL,2,k o n f l i ç ˈi ɾ,V;SBJV;PRS;1;PL,55,55,100.0
50L_50NL_2_1,50L_50NL,2,k o n f l i ç ˈi ɾ,V;SBJV;PRS;1;SG,55,55,100.0
50L_50NL_2_2,50L_50NL,2,k o n f l i ç ˈi ɾ,V;SBJV;PRS;1;SG,55,55,100.0
50L_50NL_2_3,50L_50NL,2,k o n f l i ç ˈi ɾ,V;SBJV;PRS;1;SG,55,55,100.0
50L_50NL_2_4,50L_50NL,2,k o n f l i ç ˈi ɾ,V;SBJV;PRS;1;SG,55,55,100.0
50L_50NL_2_1,50L_50NL,2,k o n f l i ç ˈi ɾ,V;SBJV;PRS;2;PL,55,55,100.0
50L_50NL_2_2,50L_50NL,2,k o n f l i ç ˈi ɾ,V;SBJV;PRS;2;PL,55,55,100.0
50L_50NL_2_3,50L_50NL,2,k o n f l i ç ˈi ɾ,V;SBJV;PRS;2;PL,55,55,100.0
50L_50NL_2_4,50L_50NL,2,k o n f l i ç ˈi ɾ,V;SBJV;PRS;2;PL,55,55,100.0
50L_50NL_2_1,50L_50NL,2,k o n f l i ç ˈi ɾ,V;SBJV;PRS;2;SG,55,55,100.0
50L_50NL_2_2,50L_50NL,2,k o n f l i ç ˈi ɾ,V;SBJV;PRS;2;SG,55,55,100.0
50L_50NL_2_3,50L_50NL,2,k o n f l i ç ˈi ɾ,V;SBJV;PRS;2;SG,55,55,100.0
50L_50NL_2_4,50L_50NL,2,k o n f l i ç ˈi ɾ,V;SBJV;PRS;2;SG,55,55,100.0
50L_50NL_2_1,50L_50NL,2,k o n f l i ç ˈi ɾ,V;SBJV;PRS;3;PL,55,55,100.0
50L_50NL_2_2,50L_50NL,2,k o n f l i ç ˈi ɾ,V;SBJV;PRS;3;PL,55,55,100.0
50L_50NL_2_3,50L_50NL,2,k o n f l i ç ˈi ɾ,V;SBJV;PRS;3;PL,55,55,100.0
50L_50NL_2_4,50L_50NL,2,k o n f l i ç ˈi ɾ,V;SBJV;PRS;3;PL,55,55,100.0
50L_50NL_2_1,50L_50NL,2,k o n f l i ç ˈi ɾ,V;SBJV;PRS;3;SG,55,55,100.0
50L_50NL_2_2,50L_50NL,2,k o n f l i ç ˈi ɾ,V;SBJV;PRS;3;SG,55,55,100.0
50L_50NL_2_3,50L_50NL,2,k o n f l i ç ˈi ɾ,V;SBJV;PRS;3;SG,55,55,100.0
50L_50NL_2_4,50L_50NL,2,k o n f l i ç ˈi ɾ,V;SBJV;PRS;3;SG,55,55,100.0
50L_50NL_2_1,50L_50NL,2,k o p ɾ o d u s ˈi ɾ,V;IND;PRS;1;PL,55,55,100.0
50L_50NL_2_2,50L_50NL,2,k o p ɾ o d u s ˈi ɾ,V;IND;PRS;1;PL,55,55,100.0
50L_50NL_2_3,50L_50NL,2,k o p ɾ o d u s ˈi ɾ,V;IND;PRS;1;PL,55,55,100.0
50L_50NL_2_4,50L_50NL,2,k o p ɾ o d u s ˈi ɾ,V;IND;PRS;1;PL,55,55,100.0
50L_50NL_2_1,50L_50NL,2,k o p ɾ o d u s ˈi ɾ,V;IND;PRS;1;SG,55,55,100.0
50L_50NL_2_2,50L_50NL,2,k o p ɾ o d u s ˈi ɾ,V;IND;PRS;1;SG,29,55,52.73
50L_50NL_2_3,50L_50NL,2,k o p ɾ o d u s ˈi ɾ,V;IND;PRS;1;SG,55,55,100.0
50L_50NL_2_4,50L_50NL,2,k o p ɾ o d u s ˈi ɾ,V;IND;PRS;1;SG,55,55,100.0
50L_50NL_2_1,50L_50NL,2,k o p ɾ o d u s ˈi ɾ,V;IND;PRS;2;PL,55,55,100.0
50L_50NL_2_2,50L_50NL,2,k o p ɾ o d u s ˈi ɾ,V;IND;PRS;2;PL,55,55,100.0
50L_50NL_2_3,50L_50NL,2,k o p ɾ o d u s ˈi ɾ,V;IND;PRS;2;PL,55,55,100.0
50L_50NL_2_4,50L_50NL,2,k o p ɾ o d u s ˈi ɾ,V;IND;PRS;2;PL,55,55,100.0
50L_50NL_2_1,50L_50NL,2,k o p ɾ o d u s ˈi ɾ,V;IND;PRS;2;SG,55,55,100.0
50L_50NL_2_2,50L_50NL,2,k o p ɾ o d u s ˈi ɾ,V;IND;PRS;2;SG,55,55,100.0
50L_50NL_2_3,50L_50NL,2,k o p ɾ o d u s ˈi ɾ,V;IND;PRS;2;SG,55,55,100.0
50L_50NL_2_4,50L_50NL,2,k o p ɾ o d u s ˈi ɾ,V;IND;PRS;2;SG,55,55,100.0
50L_50NL_2_1,50L_50NL,2,k o p ɾ o d u s ˈi ɾ,V;IND;PRS;3;PL,55,55,100.0
50L_50NL_2_2,50L_50NL,2,k o p ɾ o d u s ˈi ɾ,V;IND;PRS;3;PL,55,55,100.0
50L_50NL_2_3,50L_50NL,2,k o p ɾ o d u s ˈi ɾ,V;IND;PRS;3;PL,55,55,100.0
50L_50NL_2_4,50L_50NL,2,k o p ɾ o d u s ˈi ɾ,V;IND;PRS;3;PL,55,55,100.0
50L_50NL_2_1,50L_50NL,2,k o p ɾ o d u s ˈi ɾ,V;IND;PRS;3;SG,55,55,100.0
50L_50NL_2_2,50L_50NL,2,k o p ɾ o d u s ˈi ɾ,V;IND;PRS;3;SG,55,55,100.0
50L_50NL_2_3,50L_50NL,2,k o p ɾ o d u s ˈi ɾ,V;IND;PRS;3;SG,55,55,100.0
50L_50NL_2_4,50L_50NL,2,k o p ɾ o d u s ˈi ɾ,V;IND;PRS;3;SG,55,55,100.0
50L_50NL_2_1,50L_50NL,2,k o p ɾ o d u s ˈi ɾ,V;SBJV;PRS;1;PL,55,55,100.0
50L_50NL_2_2,50L_50NL,2,k o p ɾ o d u s ˈi ɾ,V;SBJV;PRS;1;PL,53,55,96.36
50L_50NL_2_3,50L_50NL,2,k o p ɾ o d u s ˈi ɾ,V;SBJV;PRS;1;PL,55,55,100.0
50L_50NL_2_4,50L_50NL,2,k o p ɾ o d u s ˈi ɾ,V;SBJV;PRS;1;PL,55,55,100.0
50L_50NL_2_1,50L_50NL,2,k o p ɾ o d u s ˈi ɾ,V;SBJV;PRS;1;SG,55,55,100.0
50L_50NL_2_2,50L_50NL,2,k o p ɾ o d u s ˈi ɾ,V;SBJV;PRS;1;SG,52,55,94.55
50L_50NL_2_3,50L_50NL,2,k o p ɾ o d u s ˈi ɾ,V;SBJV;PRS;1;SG,55,55,100.0
50L_50NL_2_4,50L_50NL,2,k o p ɾ o d u s ˈi ɾ,V;SBJV;PRS;1;SG,55,55,100.0
50L_50NL_2_1,50L_50NL,2,k o p ɾ o d u s ˈi ɾ,V;SBJV;PRS;2;PL,55,55,100.0
50L_50NL_2_2,50L_50NL,2,k o p ɾ o d u s ˈi ɾ,V;SBJV;PRS;2;PL,55,55,100.0
50L_50NL_2_3,50L_50NL,2,k o p ɾ o d u s ˈi ɾ,V;SBJV;PRS;2;PL,55,55,100.0
50L_50NL_2_4,50L_50NL,2,k o p ɾ o d u s ˈi ɾ,V;SBJV;PRS;2;PL,55,55,100.0
50L_50NL_2_1,50L_50NL,2,k o p ɾ o d u s ˈi ɾ,V;SBJV;PRS;2;SG,55,55,100.0
50L_50NL_2_2,50L_50NL,2,k o p ɾ o d u s ˈi ɾ,V;SBJV;PRS;2;SG,51,55,92.73
50L_50NL_2_3,50L_50NL,2,k o p ɾ o d u s ˈi ɾ,V;SBJV;PRS;2;SG,55,55,100.0
50L_50NL_2_4,50L_50NL,2,k o p ɾ o d u s ˈi ɾ,V;SBJV;PRS;2;SG,55,55,100.0
50L_50NL_2_1,50L_50NL,2,k o p ɾ o d u s ˈi ɾ,V;SBJV;PRS;3;PL,55,55,100.0
50L_50NL_2_2,50L_50NL,2,k o p ɾ o d u s ˈi ɾ,V;SBJV;PRS;3;PL,54,55,98.18
50L_50NL_2_3,50L_50NL,2,k o p ɾ o d u s ˈi ɾ,V;SBJV;PRS;3;PL,55,55,100.0
50L_50NL_2_4,50L_50NL,2,k o p ɾ o d u s ˈi ɾ,V;SBJV;PRS;3;PL,55,55,100.0
50L_50NL_2_1,50L_50NL,2,k o p ɾ o d u s ˈi ɾ,V;SBJV;PRS;3;SG,55,55,100.0
50L_50NL_2_2,50L_50NL,2,k o p ɾ o d u s ˈi ɾ,V;SBJV;PRS;3;SG,54,55,98.18
50L_50NL_2_3,50L_50NL,2,k o p ɾ o d u s ˈi ɾ,V;SBJV;PRS;3;SG,55,55,100.0
50L_50NL_2_4,50L_50NL,2,k o p ɾ o d u s ˈi ɾ,V;SBJV;PRS;3;SG,55,55,100.0
50L_50NL_2_1,50L_50NL,2,l a n ɡ i d e s ˈe ɾ,V;IND;PRS;1;PL,55,55,100.0
50L_50NL_2_2,50L_50NL,2,l a n ɡ i d e s ˈe ɾ,V;IND;PRS;1;PL,55,55,100.0
50L_50NL_2_3,50L_50NL,2,l a n ɡ i d e s ˈe ɾ,V;IND;PRS;1;PL,55,55,100.0
50L_50NL_2_4,50L_50NL,2,l a n ɡ i d e s ˈe ɾ,V;IND;PRS;1;PL,55,55,100.0
50L_50NL_2_1,50L_50NL,2,l a n ɡ i d e s ˈe ɾ,V;IND;PRS;1;SG,55,55,100.0
50L_50NL_2_2,50L_50NL,2,l a n ɡ i d e s ˈe ɾ,V;IND;PRS;1;SG,45,55,81.82
50L_50NL_2_3,50L_50NL,2,l a n ɡ i d e s ˈe ɾ,V;IND;PRS;1;SG,55,55,100.0
50L_50NL_2_4,50L_50NL,2,l a n ɡ i d e s ˈe ɾ,V;IND;PRS;1;SG,55,55,100.0
50L_50NL_2_1,50L_50NL,2,l a n ɡ i d e s ˈe ɾ,V;IND;PRS;2;PL,55,55,100.0
50L_50NL_2_2,50L_50NL,2,l a n ɡ i d e s ˈe ɾ,V;IND;PRS;2;PL,55,55,100.0
50L_50NL_2_3,50L_50NL,2,l a n ɡ i d e s ˈe ɾ,V;IND;PRS;2;PL,55,55,100.0
50L_50NL_2_4,50L_50NL,2,l a n ɡ i d e s ˈe ɾ,V;IND;PRS;2;PL,55,55,100.0
50L_50NL_2_1,50L_50NL,2,l a n ɡ i d e s ˈe ɾ,V;IND;PRS;2;SG,55,55,100.0
50L_50NL_2_2,50L_50NL,2,l a n ɡ i d e s ˈe ɾ,V;IND;PRS;2;SG,55,55,100.0
50L_50NL_2_3,50L_50NL,2,l a n ɡ i d e s ˈe ɾ,V;IND;PRS;2;SG,55,55,100.0
50L_50NL_2_4,50L_50NL,2,l a n ɡ i d e s ˈe ɾ,V;IND;PRS;2;SG,55,55,100.0
50L_50NL_2_1,50L_50NL,2,l a n ɡ i d e s ˈe ɾ,V;IND;PRS;3;PL,55,55,100.0
50L_50NL_2_2,50L_50NL,2,l a n ɡ i d e s ˈe ɾ,V;IND;PRS;3;PL,55,55,100.0
50L_50NL_2_3,50L_50NL,2,l a n ɡ i d e s ˈe ɾ,V;IND;PRS;3;PL,55,55,100.0
50L_50NL_2_4,50L_50NL,2,l a n ɡ i d e s ˈe ɾ,V;IND;PRS;3;PL,55,55,100.0
50L_50NL_2_1,50L_50NL,2,l a n ɡ i d e s ˈe ɾ,V;IND;PRS;3;SG,55,55,100.0
50L_50NL_2_2,50L_50NL,2,l a n ɡ i d e s ˈe ɾ,V;IND;PRS;3;SG,55,55,100.0
50L_50NL_2_3,50L_50NL,2,l a n ɡ i d e s ˈe ɾ,V;IND;PRS;3;SG,55,55,100.0
50L_50NL_2_4,50L_50NL,2,l a n ɡ i d e s ˈe ɾ,V;IND;PRS;3;SG,55,55,100.0
50L_50NL_2_1,50L_50NL,2,l a n ɡ i d e s ˈe ɾ,V;SBJV;PRS;1;PL,55,55,100.0
50L_50NL_2_2,50L_50NL,2,l a n ɡ i d e s ˈe ɾ,V;SBJV;PRS;1;PL,55,55,100.0
50L_50NL_2_3,50L_50NL,2,l a n ɡ i d e s ˈe ɾ,V;SBJV;PRS;1;PL,55,55,100.0
50L_50NL_2_4,50L_50NL,2,l a n ɡ i d e s ˈe ɾ,V;SBJV;PRS;1;PL,55,55,100.0
50L_50NL_2_1,50L_50NL,2,l a n ɡ i d e s ˈe ɾ,V;SBJV;PRS;1;SG,55,55,100.0
50L_50NL_2_2,50L_50NL,2,l a n ɡ i d e s ˈe ɾ,V;SBJV;PRS;1;SG,51,55,92.73
50L_50NL_2_3,50L_50NL,2,l a n ɡ i d e s ˈe ɾ,V;SBJV;PRS;1;SG,55,55,100.0
50L_50NL_2_4,50L_50NL,2,l a n ɡ i d e s ˈe ɾ,V;SBJV;PRS;1;SG,55,55,100.0
50L_50NL_2_1,50L_50NL,2,l a n ɡ i d e s ˈe ɾ,V;SBJV;PRS;2;PL,55,55,100.0
50L_50NL_2_2,50L_50NL,2,l a n ɡ i d e s ˈe ɾ,V;SBJV;PRS;2;PL,55,55,100.0
50L_50NL_2_3,50L_50NL,2,l a n ɡ i d e s ˈe ɾ,V;SBJV;PRS;2;PL,55,55,100.0
50L_50NL_2_4,50L_50NL,2,l a n ɡ i d e s ˈe ɾ,V;SBJV;PRS;2;PL,55,55,100.0
50L_50NL_2_1,50L_50NL,2,l a n ɡ i d e s ˈe ɾ,V;SBJV;PRS;2;SG,55,55,100.0
50L_50NL_2_2,50L_50NL,2,l a n ɡ i d e s ˈe ɾ,V;SBJV;PRS;2;SG,51,55,92.73
50L_50NL_2_3,50L_50NL,2,l a n ɡ i d e s ˈe ɾ,V;SBJV;PRS;2;SG,55,55,100.0
50L_50NL_2_4,50L_50NL,2,l a n ɡ i d e s ˈe ɾ,V;SBJV;PRS;2;SG,55,55,100.0
50L_50NL_2_1,50L_50NL,2,l a n ɡ i d e s ˈe ɾ,V;SBJV;PRS;3;PL,55,55,100.0
50L_50NL_2_2,50L_50NL,2,l a n ɡ i d e s ˈe ɾ,V;SBJV;PRS;3;PL,51,55,92.73
50L_50NL_2_3,50L_50NL,2,l a n ɡ i d e s ˈe ɾ,V;SBJV;PRS;3;PL,55,55,100.0
50L_50NL_2_4,50L_50NL,2,l a n ɡ i d e s ˈe ɾ,V;SBJV;PRS;3;PL,55,55,100.0
50L_50NL_2_1,50L_50NL,2,l a n ɡ i d e s ˈe ɾ,V;SBJV;PRS;3;SG,55,55,100.0
50L_50NL_2_2,50L_50NL,2,l a n ɡ i d e s ˈe ɾ,V;SBJV;PRS;3;SG,51,55,92.73
50L_50NL_2_3,50L_50NL,2,l a n ɡ i d e s ˈe ɾ,V;SBJV;PRS;3;SG,55,55,100.0
50L_50NL_2_4,50L_50NL,2,l a n ɡ i d e s ˈe ɾ,V;SBJV;PRS;3;SG,55,55,100.0
50L_50NL_2_1,50L_50NL,2,m a l d e s ˈi ɾ,V;IND;PRS;1;PL,0,55,0.0
50L_50NL_2_2,50L_50NL,2,m a l d e s ˈi ɾ,V;IND;PRS;1;PL,0,55,0.0
50L_50NL_2_3,50L_50NL,2,m a l d e s ˈi ɾ,V;IND;PRS;1;PL,3,55,5.45
50L_50NL_2_4,50L_50NL,2,m a l d e s ˈi ɾ,V;IND;PRS;1;PL,0,55,0.0
50L_50NL_2_1,50L_50NL,2,m a l d e s ˈi ɾ,V;IND;PRS;1;SG,40,55,72.73
50L_50NL_2_2,50L_50NL,2,m a l d e s ˈi ɾ,V;IND;PRS;1;SG,14,55,25.45
50L_50NL_2_3,50L_50NL,2,m a l d e s ˈi ɾ,V;IND;PRS;1;SG,55,55,100.0
50L_50NL_2_4,50L_50NL,2,m a l d e s ˈi ɾ,V;IND;PRS;1;SG,45,55,81.82
50L_50NL_2_1,50L_50NL,2,m a l d e s ˈi ɾ,V;IND;PRS;2;PL,1,55,1.82
50L_50NL_2_2,50L_50NL,2,m a l d e s ˈi ɾ,V;IND;PRS;2;PL,1,55,1.82
50L_50NL_2_3,50L_50NL,2,m a l d e s ˈi ɾ,V;IND;PRS;2;PL,0,55,0.0
50L_50NL_2_4,50L_50NL,2,m a l d e s ˈi ɾ,V;IND;PRS;2;PL,8,55,14.55
50L_50NL_2_1,50L_50NL,2,m a l d e s ˈi ɾ,V;IND;PRS;2;SG,55,55,100.0
50L_50NL_2_2,50L_50NL,2,m a l d e s ˈi ɾ,V;IND;PRS;2;SG,51,55,92.73
50L_50NL_2_3,50L_50NL,2,m a l d e s ˈi ɾ,V;IND;PRS;2;SG,55,55,100.0
50L_50NL_2_4,50L_50NL,2,m a l d e s ˈi ɾ,V;IND;PRS;2;SG,54,55,98.18
50L_50NL_2_1,50L_50NL,2,m a l d e s ˈi ɾ,V;IND;PRS;3;PL,55,55,100.0
50L_50NL_2_2,50L_50NL,2,m a l d e s ˈi ɾ,V;IND;PRS;3;PL,52,55,94.55
50L_50NL_2_3,50L_50NL,2,m a l d e s ˈi ɾ,V;IND;PRS;3;PL,55,55,100.0
50L_50NL_2_4,50L_50NL,2,m a l d e s ˈi ɾ,V;IND;PRS;3;PL,54,55,98.18
50L_50NL_2_1,50L_50NL,2,m a l d e s ˈi ɾ,V;IND;PRS;3;SG,55,55,100.0
50L_50NL_2_2,50L_50NL,2,m a l d e s ˈi ɾ,V;IND;PRS;3;SG,52,55,94.55
50L_50NL_2_3,50L_50NL,2,m a l d e s ˈi ɾ,V;IND;PRS;3;SG,55,55,100.0
50L_50NL_2_4,50L_50NL,2,m a l d e s ˈi ɾ,V;IND;PRS;3;SG,54,55,98.18
50L_50NL_2_1,50L_50NL,2,m a l d e s ˈi ɾ,V;SBJV;PRS;1;PL,42,55,76.36
50L_50NL_2_2,50L_50NL,2,m a l d e s ˈi ɾ,V;SBJV;PRS;1;PL,9,55,16.36
50L_50NL_2_3,50L_50NL,2,m a l d e s ˈi ɾ,V;SBJV;PRS;1;PL,55,55,100.0
50L_50NL_2_4,50L_50NL,2,m a l d e s ˈi ɾ,V;SBJV;PRS;1;PL,40,55,72.73
50L_50NL_2_1,50L_50NL,2,m a l d e s ˈi ɾ,V;SBJV;PRS;1;SG,39,55,70.91
50L_50NL_2_2,50L_50NL,2,m a l d e s ˈi ɾ,V;SBJV;PRS;1;SG,12,55,21.82
50L_50NL_2_3,50L_50NL,2,m a l d e s ˈi ɾ,V;SBJV;PRS;1;SG,55,55,100.0
50L_50NL_2_4,50L_50NL,2,m a l d e s ˈi ɾ,V;SBJV;PRS;1;SG,45,55,81.82
50L_50NL_2_1,50L_50NL,2,m a l d e s ˈi ɾ,V;SBJV;PRS;2;PL,37,55,67.27
50L_50NL_2_2,50L_50NL,2,m a l d e s ˈi ɾ,V;SBJV;PRS;2;PL,9,55,16.36
50L_50NL_2_3,50L_50NL,2,m a l d e s ˈi ɾ,V;SBJV;PRS;2;PL,55,55,100.0
50L_50NL_2_4,50L_50NL,2,m a l d e s ˈi ɾ,V;SBJV;PRS;2;PL,38,55,69.09
50L_50NL_2_1,50L_50NL,2,m a l d e s ˈi ɾ,V;SBJV;PRS;2;SG,41,55,74.55
50L_50NL_2_2,50L_50NL,2,m a l d e s ˈi ɾ,V;SBJV;PRS;2;SG,7,55,12.73
50L_50NL_2_3,50L_50NL,2,m a l d e s ˈi ɾ,V;SBJV;PRS;2;SG,55,55,100.0
50L_50NL_2_4,50L_50NL,2,m a l d e s ˈi ɾ,V;SBJV;PRS;2;SG,46,55,83.64
50L_50NL_2_1,50L_50NL,2,m a l d e s ˈi ɾ,V;SBJV;PRS;3;PL,39,55,70.91
50L_50NL_2_2,50L_50NL,2,m a l d e s ˈi ɾ,V;SBJV;PRS;3;PL,12,55,21.82
50L_50NL_2_3,50L_50NL,2,m a l d e s ˈi ɾ,V;SBJV;PRS;3;PL,55,55,100.0
50L_50NL_2_4,50L_50NL,2,m a l d e s ˈi ɾ,V;SBJV;PRS;3;PL,49,55,89.09
50L_50NL_2_1,50L_50NL,2,m a l d e s ˈi ɾ,V;SBJV;PRS;3;SG,40,55,72.73
50L_50NL_2_2,50L_50NL,2,m a l d e s ˈi ɾ,V;SBJV;PRS;3;SG,12,55,21.82
50L_50NL_2_3,50L_50NL,2,m a l d e s ˈi ɾ,V;SBJV;PRS;3;SG,55,55,100.0
50L_50NL_2_4,50L_50NL,2,m a l d e s ˈi ɾ,V;SBJV;PRS;3;SG,45,55,81.82
50L_50NL_2_1,50L_50NL,2,m a n t e n ˈe ɾ,V;IND;PRS;1;PL,55,55,100.0
50L_50NL_2_2,50L_50NL,2,m a n t e n ˈe ɾ,V;IND;PRS;1;PL,55,55,100.0
50L_50NL_2_3,50L_50NL,2,m a n t e n ˈe ɾ,V;IND;PRS;1;PL,55,55,100.0
50L_50NL_2_4,50L_50NL,2,m a n t e n ˈe ɾ,V;IND;PRS;1;PL,55,55,100.0
50L_50NL_2_1,50L_50NL,2,m a n t e n ˈe ɾ,V;IND;PRS;1;SG,55,55,100.0
50L_50NL_2_2,50L_50NL,2,m a n t e n ˈe ɾ,V;IND;PRS;1;SG,48,55,87.27
50L_50NL_2_3,50L_50NL,2,m a n t e n ˈe ɾ,V;IND;PRS;1;SG,55,55,100.0
50L_50NL_2_4,50L_50NL,2,m a n t e n ˈe ɾ,V;IND;PRS;1;SG,55,55,100.0
50L_50NL_2_1,50L_50NL,2,m a n t e n ˈe ɾ,V;IND;PRS;2;PL,55,55,100.0
50L_50NL_2_2,50L_50NL,2,m a n t e n ˈe ɾ,V;IND;PRS;2;PL,55,55,100.0
50L_50NL_2_3,50L_50NL,2,m a n t e n ˈe ɾ,V;IND;PRS;2;PL,55,55,100.0
50L_50NL_2_4,50L_50NL,2,m a n t e n ˈe ɾ,V;IND;PRS;2;PL,55,55,100.0
50L_50NL_2_1,50L_50NL,2,m a n t e n ˈe ɾ,V;IND;PRS;2;SG,53,55,96.36
50L_50NL_2_2,50L_50NL,2,m a n t e n ˈe ɾ,V;IND;PRS;2;SG,55,55,100.0
50L_50NL_2_3,50L_50NL,2,m a n t e n ˈe ɾ,V;IND;PRS;2;SG,55,55,100.0
50L_50NL_2_4,50L_50NL,2,m a n t e n ˈe ɾ,V;IND;PRS;2;SG,55,55,100.0
50L_50NL_2_1,50L_50NL,2,m a n t e n ˈe ɾ,V;IND;PRS;3;PL,51,55,92.73
50L_50NL_2_2,50L_50NL,2,m a n t e n ˈe ɾ,V;IND;PRS;3;PL,55,55,100.0
50L_50NL_2_3,50L_50NL,2,m a n t e n ˈe ɾ,V;IND;PRS;3;PL,55,55,100.0
50L_50NL_2_4,50L_50NL,2,m a n t e n ˈe ɾ,V;IND;PRS;3;PL,55,55,100.0
50L_50NL_2_1,50L_50NL,2,m a n t e n ˈe ɾ,V;IND;PRS;3;SG,54,55,98.18
50L_50NL_2_2,50L_50NL,2,m a n t e n ˈe ɾ,V;IND;PRS;3;SG,55,55,100.0
50L_50NL_2_3,50L_50NL,2,m a n t e n ˈe ɾ,V;IND;PRS;3;SG,55,55,100.0
50L_50NL_2_4,50L_50NL,2,m a n t e n ˈe ɾ,V;IND;PRS;3;SG,54,55,98.18
50L_50NL_2_1,50L_50NL,2,m a n t e n ˈe ɾ,V;SBJV;PRS;1;PL,55,55,100.0
50L_50NL_2_2,50L_50NL,2,m a n t e n ˈe ɾ,V;SBJV;PRS;1;PL,55,55,100.0
50L_50NL_2_3,50L_50NL,2,m a n t e n ˈe ɾ,V;SBJV;PRS;1;PL,54,55,98.18
50L_50NL_2_4,50L_50NL,2,m a n t e n ˈe ɾ,V;SBJV;PRS;1;PL,55,55,100.0
50L_50NL_2_1,50L_50NL,2,m a n t e n ˈe ɾ,V;SBJV;PRS;1;SG,55,55,100.0
50L_50NL_2_2,50L_50NL,2,m a n t e n ˈe ɾ,V;SBJV;PRS;1;SG,51,55,92.73
50L_50NL_2_3,50L_50NL,2,m a n t e n ˈe ɾ,V;SBJV;PRS;1;SG,55,55,100.0
50L_50NL_2_4,50L_50NL,2,m a n t e n ˈe ɾ,V;SBJV;PRS;1;SG,55,55,100.0
50L_50NL_2_1,50L_50NL,2,m a n t e n ˈe ɾ,V;SBJV;PRS;2;PL,55,55,100.0
50L_50NL_2_2,50L_50NL,2,m a n t e n ˈe ɾ,V;SBJV;PRS;2;PL,55,55,100.0
50L_50NL_2_3,50L_50NL,2,m a n t e n ˈe ɾ,V;SBJV;PRS;2;PL,55,55,100.0
50L_50NL_2_4,50L_50NL,2,m a n t e n ˈe ɾ,V;SBJV;PRS;2;PL,54,55,98.18
50L_50NL_2_1,50L_50NL,2,m a n t e n ˈe ɾ,V;SBJV;PRS;2;SG,55,55,100.0
50L_50NL_2_2,50L_50NL,2,m a n t e n ˈe ɾ,V;SBJV;PRS;2;SG,52,55,94.55
50L_50NL_2_3,50L_50NL,2,m a n t e n ˈe ɾ,V;SBJV;PRS;2;SG,55,55,100.0
50L_50NL_2_4,50L_50NL,2,m a n t e n ˈe ɾ,V;SBJV;PRS;2;SG,55,55,100.0
50L_50NL_2_1,50L_50NL,2,m a n t e n ˈe ɾ,V;SBJV;PRS;3;PL,55,55,100.0
50L_50NL_2_2,50L_50NL,2,m a n t e n ˈe ɾ,V;SBJV;PRS;3;PL,52,55,94.55
50L_50NL_2_3,50L_50NL,2,m a n t e n ˈe ɾ,V;SBJV;PRS;3;PL,55,55,100.0
50L_50NL_2_4,50L_50NL,2,m a n t e n ˈe ɾ,V;SBJV;PRS;3;PL,55,55,100.0
50L_50NL_2_1,50L_50NL,2,m a n t e n ˈe ɾ,V;SBJV;PRS;3;SG,55,55,100.0
50L_50NL_2_2,50L_50NL,2,m a n t e n ˈe ɾ,V;SBJV;PRS;3;SG,51,55,92.73
50L_50NL_2_3,50L_50NL,2,m a n t e n ˈe ɾ,V;SBJV;PRS;3;SG,55,55,100.0
50L_50NL_2_4,50L_50NL,2,m a n t e n ˈe ɾ,V;SBJV;PRS;3;SG,55,55,100.0
50L_50NL_2_1,50L_50NL,2,m u l ç ˈe ɾ,V;IND;PRS;1;PL,55,55,100.0
50L_50NL_2_2,50L_50NL,2,m u l ç ˈe ɾ,V;IND;PRS;1;PL,55,55,100.0
50L_50NL_2_3,50L_50NL,2,m u l ç ˈe ɾ,V;IND;PRS;1;PL,55,55,100.0
50L_50NL_2_4,50L_50NL,2,m u l ç ˈe ɾ,V;IND;PRS;1;PL,54,55,98.18
50L_50NL_2_1,50L_50NL,2,m u l ç ˈe ɾ,V;IND;PRS;1;SG,55,55,100.0
50L_50NL_2_2,50L_50NL,2,m u l ç ˈe ɾ,V;IND;PRS;1;SG,55,55,100.0
50L_50NL_2_3,50L_50NL,2,m u l ç ˈe ɾ,V;IND;PRS;1;SG,55,55,100.0
50L_50NL_2_4,50L_50NL,2,m u l ç ˈe ɾ,V;IND;PRS;1;SG,55,55,100.0
50L_50NL_2_1,50L_50NL,2,m u l ç ˈe ɾ,V;IND;PRS;2;PL,55,55,100.0
50L_50NL_2_2,50L_50NL,2,m u l ç ˈe ɾ,V;IND;PRS;2;PL,55,55,100.0
50L_50NL_2_3,50L_50NL,2,m u l ç ˈe ɾ,V;IND;PRS;2;PL,55,55,100.0
50L_50NL_2_4,50L_50NL,2,m u l ç ˈe ɾ,V;IND;PRS;2;PL,55,55,100.0
50L_50NL_2_1,50L_50NL,2,m u l ç ˈe ɾ,V;IND;PRS;2;SG,55,55,100.0
50L_50NL_2_2,50L_50NL,2,m u l ç ˈe ɾ,V;IND;PRS;2;SG,55,55,100.0
50L_50NL_2_3,50L_50NL,2,m u l ç ˈe ɾ,V;IND;PRS;2;SG,55,55,100.0
50L_50NL_2_4,50L_50NL,2,m u l ç ˈe ɾ,V;IND;PRS;2;SG,55,55,100.0
50L_50NL_2_1,50L_50NL,2,m u l ç ˈe ɾ,V;IND;PRS;3;PL,55,55,100.0
50L_50NL_2_2,50L_50NL,2,m u l ç ˈe ɾ,V;IND;PRS;3;PL,55,55,100.0
50L_50NL_2_3,50L_50NL,2,m u l ç ˈe ɾ,V;IND;PRS;3;PL,55,55,100.0
50L_50NL_2_4,50L_50NL,2,m u l ç ˈe ɾ,V;IND;PRS;3;PL,55,55,100.0
50L_50NL_2_1,50L_50NL,2,m u l ç ˈe ɾ,V;IND;PRS;3;SG,55,55,100.0
50L_50NL_2_2,50L_50NL,2,m u l ç ˈe ɾ,V;IND;PRS;3;SG,55,55,100.0
50L_50NL_2_3,50L_50NL,2,m u l ç ˈe ɾ,V;IND;PRS;3;SG,55,55,100.0
50L_50NL_2_4,50L_50NL,2,m u l ç ˈe ɾ,V;IND;PRS;3;SG,55,55,100.0
50L_50NL_2_1,50L_50NL,2,m u l ç ˈe ɾ,V;SBJV;PRS;1;PL,55,55,100.0
50L_50NL_2_2,50L_50NL,2,m u l ç ˈe ɾ,V;SBJV;PRS;1;PL,55,55,100.0
50L_50NL_2_3,50L_50NL,2,m u l ç ˈe ɾ,V;SBJV;PRS;1;PL,55,55,100.0
50L_50NL_2_4,50L_50NL,2,m u l ç ˈe ɾ,V;SBJV;PRS;1;PL,55,55,100.0
50L_50NL_2_1,50L_50NL,2,m u l ç ˈe ɾ,V;SBJV;PRS;1;SG,55,55,100.0
50L_50NL_2_2,50L_50NL,2,m u l ç ˈe ɾ,V;SBJV;PRS;1;SG,55,55,100.0
50L_50NL_2_3,50L_50NL,2,m u l ç ˈe ɾ,V;SBJV;PRS;1;SG,55,55,100.0
50L_50NL_2_4,50L_50NL,2,m u l ç ˈe ɾ,V;SBJV;PRS;1;SG,55,55,100.0
50L_50NL_2_1,50L_50NL,2,m u l ç ˈe ɾ,V;SBJV;PRS;2;PL,55,55,100.0
50L_50NL_2_2,50L_50NL,2,m u l ç ˈe ɾ,V;SBJV;PRS;2;PL,55,55,100.0
50L_50NL_2_3,50L_50NL,2,m u l ç ˈe ɾ,V;SBJV;PRS;2;PL,55,55,100.0
50L_50NL_2_4,50L_50NL,2,m u l ç ˈe ɾ,V;SBJV;PRS;2;PL,55,55,100.0
50L_50NL_2_1,50L_50NL,2,m u l ç ˈe ɾ,V;SBJV;PRS;2;SG,55,55,100.0
50L_50NL_2_2,50L_50NL,2,m u l ç ˈe ɾ,V;SBJV;PRS;2;SG,55,55,100.0
50L_50NL_2_3,50L_50NL,2,m u l ç ˈe ɾ,V;SBJV;PRS;2;SG,55,55,100.0
50L_50NL_2_4,50L_50NL,2,m u l ç ˈe ɾ,V;SBJV;PRS;2;SG,55,55,100.0
50L_50NL_2_1,50L_50NL,2,m u l ç ˈe ɾ,V;SBJV;PRS;3;PL,55,55,100.0
50L_50NL_2_2,50L_50NL,2,m u l ç ˈe ɾ,V;SBJV;PRS;3;PL,55,55,100.0
50L_50NL_2_3,50L_50NL,2,m u l ç ˈe ɾ,V;SBJV;PRS;3;PL,55,55,100.0
50L_50NL_2_4,50L_50NL,2,m u l ç ˈe ɾ,V;SBJV;PRS;3;PL,55,55,100.0
50L_50NL_2_1,50L_50NL,2,m u l ç ˈe ɾ,V;SBJV;PRS;3;SG,55,55,100.0
50L_50NL_2_2,50L_50NL,2,m u l ç ˈe ɾ,V;SBJV;PRS;3;SG,55,55,100.0
50L_50NL_2_3,50L_50NL,2,m u l ç ˈe ɾ,V;SBJV;PRS;3;SG,55,55,100.0
50L_50NL_2_4,50L_50NL,2,m u l ç ˈe ɾ,V;SBJV;PRS;3;SG,55,55,100.0
50L_50NL_2_1,50L_50NL,2,o b s k u ɾ e s ˈe ɾ,V;IND;PRS;1;PL,55,55,100.0
50L_50NL_2_2,50L_50NL,2,o b s k u ɾ e s ˈe ɾ,V;IND;PRS;1;PL,55,55,100.0
50L_50NL_2_3,50L_50NL,2,o b s k u ɾ e s ˈe ɾ,V;IND;PRS;1;PL,55,55,100.0
50L_50NL_2_4,50L_50NL,2,o b s k u ɾ e s ˈe ɾ,V;IND;PRS;1;PL,55,55,100.0
50L_50NL_2_1,50L_50NL,2,o b s k u ɾ e s ˈe ɾ,V;IND;PRS;1;SG,55,55,100.0
50L_50NL_2_2,50L_50NL,2,o b s k u ɾ e s ˈe ɾ,V;IND;PRS;1;SG,45,55,81.82
50L_50NL_2_3,50L_50NL,2,o b s k u ɾ e s ˈe ɾ,V;IND;PRS;1;SG,55,55,100.0
50L_50NL_2_4,50L_50NL,2,o b s k u ɾ e s ˈe ɾ,V;IND;PRS;1;SG,55,55,100.0
50L_50NL_2_1,50L_50NL,2,o b s k u ɾ e s ˈe ɾ,V;IND;PRS;2;PL,55,55,100.0
50L_50NL_2_2,50L_50NL,2,o b s k u ɾ e s ˈe ɾ,V;IND;PRS;2;PL,55,55,100.0
50L_50NL_2_3,50L_50NL,2,o b s k u ɾ e s ˈe ɾ,V;IND;PRS;2;PL,55,55,100.0
50L_50NL_2_4,50L_50NL,2,o b s k u ɾ e s ˈe ɾ,V;IND;PRS;2;PL,55,55,100.0
50L_50NL_2_1,50L_50NL,2,o b s k u ɾ e s ˈe ɾ,V;IND;PRS;2;SG,55,55,100.0
50L_50NL_2_2,50L_50NL,2,o b s k u ɾ e s ˈe ɾ,V;IND;PRS;2;SG,55,55,100.0
50L_50NL_2_3,50L_50NL,2,o b s k u ɾ e s ˈe ɾ,V;IND;PRS;2;SG,55,55,100.0
50L_50NL_2_4,50L_50NL,2,o b s k u ɾ e s ˈe ɾ,V;IND;PRS;2;SG,55,55,100.0
50L_50NL_2_1,50L_50NL,2,o b s k u ɾ e s ˈe ɾ,V;IND;PRS;3;PL,55,55,100.0
50L_50NL_2_2,50L_50NL,2,o b s k u ɾ e s ˈe ɾ,V;IND;PRS;3;PL,55,55,100.0
50L_50NL_2_3,50L_50NL,2,o b s k u ɾ e s ˈe ɾ,V;IND;PRS;3;PL,55,55,100.0
50L_50NL_2_4,50L_50NL,2,o b s k u ɾ e s ˈe ɾ,V;IND;PRS;3;PL,55,55,100.0
50L_50NL_2_1,50L_50NL,2,o b s k u ɾ e s ˈe ɾ,V;IND;PRS;3;SG,55,55,100.0
50L_50NL_2_2,50L_50NL,2,o b s k u ɾ e s ˈe ɾ,V;IND;PRS;3;SG,55,55,100.0
50L_50NL_2_3,50L_50NL,2,o b s k u ɾ e s ˈe ɾ,V;IND;PRS;3;SG,55,55,100.0
50L_50NL_2_4,50L_50NL,2,o b s k u ɾ e s ˈe ɾ,V;IND;PRS;3;SG,55,55,100.0
50L_50NL_2_1,50L_50NL,2,o b s k u ɾ e s ˈe ɾ,V;SBJV;PRS;1;PL,55,55,100.0
50L_50NL_2_2,50L_50NL,2,o b s k u ɾ e s ˈe ɾ,V;SBJV;PRS;1;PL,55,55,100.0
50L_50NL_2_3,50L_50NL,2,o b s k u ɾ e s ˈe ɾ,V;SBJV;PRS;1;PL,55,55,100.0
50L_50NL_2_4,50L_50NL,2,o b s k u ɾ e s ˈe ɾ,V;SBJV;PRS;1;PL,55,55,100.0
50L_50NL_2_1,50L_50NL,2,o b s k u ɾ e s ˈe ɾ,V;SBJV;PRS;1;SG,55,55,100.0
50L_50NL_2_2,50L_50NL,2,o b s k u ɾ e s ˈe ɾ,V;SBJV;PRS;1;SG,55,55,100.0
50L_50NL_2_3,50L_50NL,2,o b s k u ɾ e s ˈe ɾ,V;SBJV;PRS;1;SG,55,55,100.0
50L_50NL_2_4,50L_50NL,2,o b s k u ɾ e s ˈe ɾ,V;SBJV;PRS;1;SG,55,55,100.0
50L_50NL_2_1,50L_50NL,2,o b s k u ɾ e s ˈe ɾ,V;SBJV;PRS;2;PL,55,55,100.0
50L_50NL_2_2,50L_50NL,2,o b s k u ɾ e s ˈe ɾ,V;SBJV;PRS;2;PL,55,55,100.0
50L_50NL_2_3,50L_50NL,2,o b s k u ɾ e s ˈe ɾ,V;SBJV;PRS;2;PL,55,55,100.0
50L_50NL_2_4,50L_50NL,2,o b s k u ɾ e s ˈe ɾ,V;SBJV;PRS;2;PL,55,55,100.0
50L_50NL_2_1,50L_50NL,2,o b s k u ɾ e s ˈe ɾ,V;SBJV;PRS;2;SG,55,55,100.0
50L_50NL_2_2,50L_50NL,2,o b s k u ɾ e s ˈe ɾ,V;SBJV;PRS;2;SG,52,55,94.55
50L_50NL_2_3,50L_50NL,2,o b s k u ɾ e s ˈe ɾ,V;SBJV;PRS;2;SG,55,55,100.0
50L_50NL_2_4,50L_50NL,2,o b s k u ɾ e s ˈe ɾ,V;SBJV;PRS;2;SG,55,55,100.0
50L_50NL_2_1,50L_50NL,2,o b s k u ɾ e s ˈe ɾ,V;SBJV;PRS;3;PL,55,55,100.0
50L_50NL_2_2,50L_50NL,2,o b s k u ɾ e s ˈe ɾ,V;SBJV;PRS;3;PL,55,55,100.0
50L_50NL_2_3,50L_50NL,2,o b s k u ɾ e s ˈe ɾ,V;SBJV;PRS;3;PL,55,55,100.0
50L_50NL_2_4,50L_50NL,2,o b s k u ɾ e s ˈe ɾ,V;SBJV;PRS;3;PL,55,55,100.0
50L_50NL_2_1,50L_50NL,2,o b s k u ɾ e s ˈe ɾ,V;SBJV;PRS;3;SG,55,55,100.0
50L_50NL_2_2,50L_50NL,2,o b s k u ɾ e s ˈe ɾ,V;SBJV;PRS;3;SG,55,55,100.0
50L_50NL_2_3,50L_50NL,2,o b s k u ɾ e s ˈe ɾ,V;SBJV;PRS;3;SG,55,55,100.0
50L_50NL_2_4,50L_50NL,2,o b s k u ɾ e s ˈe ɾ,V;SBJV;PRS;3;SG,55,55,100.0
50L_50NL_2_1,50L_50NL,2,p e ɾ m a n e s ˈe ɾ,V;IND;PRS;1;PL,55,55,100.0
50L_50NL_2_2,50L_50NL,2,p e ɾ m a n e s ˈe ɾ,V;IND;PRS;1;PL,55,55,100.0
50L_50NL_2_3,50L_50NL,2,p e ɾ m a n e s ˈe ɾ,V;IND;PRS;1;PL,55,55,100.0
50L_50NL_2_4,50L_50NL,2,p e ɾ m a n e s ˈe ɾ,V;IND;PRS;1;PL,55,55,100.0
50L_50NL_2_1,50L_50NL,2,p e ɾ m a n e s ˈe ɾ,V;IND;PRS;1;SG,55,55,100.0
50L_50NL_2_2,50L_50NL,2,p e ɾ m a n e s ˈe ɾ,V;IND;PRS;1;SG,35,55,63.64
50L_50NL_2_3,50L_50NL,2,p e ɾ m a n e s ˈe ɾ,V;IND;PRS;1;SG,55,55,100.0
50L_50NL_2_4,50L_50NL,2,p e ɾ m a n e s ˈe ɾ,V;IND;PRS;1;SG,55,55,100.0
50L_50NL_2_1,50L_50NL,2,p e ɾ m a n e s ˈe ɾ,V;IND;PRS;2;PL,55,55,100.0
50L_50NL_2_2,50L_50NL,2,p e ɾ m a n e s ˈe ɾ,V;IND;PRS;2;PL,55,55,100.0
50L_50NL_2_3,50L_50NL,2,p e ɾ m a n e s ˈe ɾ,V;IND;PRS;2;PL,55,55,100.0
50L_50NL_2_4,50L_50NL,2,p e ɾ m a n e s ˈe ɾ,V;IND;PRS;2;PL,55,55,100.0
50L_50NL_2_1,50L_50NL,2,p e ɾ m a n e s ˈe ɾ,V;IND;PRS;2;SG,55,55,100.0
50L_50NL_2_2,50L_50NL,2,p e ɾ m a n e s ˈe ɾ,V;IND;PRS;2;SG,55,55,100.0
50L_50NL_2_3,50L_50NL,2,p e ɾ m a n e s ˈe ɾ,V;IND;PRS;2;SG,55,55,100.0
50L_50NL_2_4,50L_50NL,2,p e ɾ m a n e s ˈe ɾ,V;IND;PRS;2;SG,55,55,100.0
50L_50NL_2_1,50L_50NL,2,p e ɾ m a n e s ˈe ɾ,V;IND;PRS;3;PL,55,55,100.0
50L_50NL_2_2,50L_50NL,2,p e ɾ m a n e s ˈe ɾ,V;IND;PRS;3;PL,55,55,100.0
50L_50NL_2_3,50L_50NL,2,p e ɾ m a n e s ˈe ɾ,V;IND;PRS;3;PL,55,55,100.0
50L_50NL_2_4,50L_50NL,2,p e ɾ m a n e s ˈe ɾ,V;IND;PRS;3;PL,55,55,100.0
50L_50NL_2_1,50L_50NL,2,p e ɾ m a n e s ˈe ɾ,V;IND;PRS;3;SG,55,55,100.0
50L_50NL_2_2,50L_50NL,2,p e ɾ m a n e s ˈe ɾ,V;IND;PRS;3;SG,55,55,100.0
50L_50NL_2_3,50L_50NL,2,p e ɾ m a n e s ˈe ɾ,V;IND;PRS;3;SG,55,55,100.0
50L_50NL_2_4,50L_50NL,2,p e ɾ m a n e s ˈe ɾ,V;IND;PRS;3;SG,55,55,100.0
50L_50NL_2_1,50L_50NL,2,p e ɾ m a n e s ˈe ɾ,V;SBJV;PRS;1;PL,55,55,100.0
50L_50NL_2_2,50L_50NL,2,p e ɾ m a n e s ˈe ɾ,V;SBJV;PRS;1;PL,55,55,100.0
50L_50NL_2_3,50L_50NL,2,p e ɾ m a n e s ˈe ɾ,V;SBJV;PRS;1;PL,55,55,100.0
50L_50NL_2_4,50L_50NL,2,p e ɾ m a n e s ˈe ɾ,V;SBJV;PRS;1;PL,55,55,100.0
50L_50NL_2_1,50L_50NL,2,p e ɾ m a n e s ˈe ɾ,V;SBJV;PRS;1;SG,55,55,100.0
50L_50NL_2_2,50L_50NL,2,p e ɾ m a n e s ˈe ɾ,V;SBJV;PRS;1;SG,50,55,90.91
50L_50NL_2_3,50L_50NL,2,p e ɾ m a n e s ˈe ɾ,V;SBJV;PRS;1;SG,55,55,100.0
50L_50NL_2_4,50L_50NL,2,p e ɾ m a n e s ˈe ɾ,V;SBJV;PRS;1;SG,55,55,100.0
50L_50NL_2_1,50L_50NL,2,p e ɾ m a n e s ˈe ɾ,V;SBJV;PRS;2;PL,55,55,100.0
50L_50NL_2_2,50L_50NL,2,p e ɾ m a n e s ˈe ɾ,V;SBJV;PRS;2;PL,54,55,98.18
50L_50NL_2_3,50L_50NL,2,p e ɾ m a n e s ˈe ɾ,V;SBJV;PRS;2;PL,55,55,100.0
50L_50NL_2_4,50L_50NL,2,p e ɾ m a n e s ˈe ɾ,V;SBJV;PRS;2;PL,55,55,100.0
50L_50NL_2_1,50L_50NL,2,p e ɾ m a n e s ˈe ɾ,V;SBJV;PRS;2;SG,55,55,100.0
50L_50NL_2_2,50L_50NL,2,p e ɾ m a n e s ˈe ɾ,V;SBJV;PRS;2;SG,53,55,96.36
50L_50NL_2_3,50L_50NL,2,p e ɾ m a n e s ˈe ɾ,V;SBJV;PRS;2;SG,55,55,100.0
50L_50NL_2_4,50L_50NL,2,p e ɾ m a n e s ˈe ɾ,V;SBJV;PRS;2;SG,55,55,100.0
50L_50NL_2_1,50L_50NL,2,p e ɾ m a n e s ˈe ɾ,V;SBJV;PRS;3;PL,55,55,100.0
50L_50NL_2_2,50L_50NL,2,p e ɾ m a n e s ˈe ɾ,V;SBJV;PRS;3;PL,53,55,96.36
50L_50NL_2_3,50L_50NL,2,p e ɾ m a n e s ˈe ɾ,V;SBJV;PRS;3;PL,55,55,100.0
50L_50NL_2_4,50L_50NL,2,p e ɾ m a n e s ˈe ɾ,V;SBJV;PRS;3;PL,55,55,100.0
50L_50NL_2_1,50L_50NL,2,p e ɾ m a n e s ˈe ɾ,V;SBJV;PRS;3;SG,55,55,100.0
50L_50NL_2_2,50L_50NL,2,p e ɾ m a n e s ˈe ɾ,V;SBJV;PRS;3;SG,50,55,90.91
50L_50NL_2_3,50L_50NL,2,p e ɾ m a n e s ˈe ɾ,V;SBJV;PRS;3;SG,55,55,100.0
50L_50NL_2_4,50L_50NL,2,p e ɾ m a n e s ˈe ɾ,V;SBJV;PRS;3;SG,55,55,100.0
50L_50NL_2_1,50L_50NL,2,s u b ʃ a s ˈe ɾ,V;IND;PRS;1;PL,55,55,100.0
50L_50NL_2_2,50L_50NL,2,s u b ʃ a s ˈe ɾ,V;IND;PRS;1;PL,55,55,100.0
50L_50NL_2_3,50L_50NL,2,s u b ʃ a s ˈe ɾ,V;IND;PRS;1;PL,55,55,100.0
50L_50NL_2_4,50L_50NL,2,s u b ʃ a s ˈe ɾ,V;IND;PRS;1;PL,55,55,100.0
50L_50NL_2_1,50L_50NL,2,s u b ʃ a s ˈe ɾ,V;IND;PRS;1;SG,55,55,100.0
50L_50NL_2_2,50L_50NL,2,s u b ʃ a s ˈe ɾ,V;IND;PRS;1;SG,29,55,52.73
50L_50NL_2_3,50L_50NL,2,s u b ʃ a s ˈe ɾ,V;IND;PRS;1;SG,55,55,100.0
50L_50NL_2_4,50L_50NL,2,s u b ʃ a s ˈe ɾ,V;IND;PRS;1;SG,55,55,100.0
50L_50NL_2_1,50L_50NL,2,s u b ʃ a s ˈe ɾ,V;IND;PRS;2;PL,55,55,100.0
50L_50NL_2_2,50L_50NL,2,s u b ʃ a s ˈe ɾ,V;IND;PRS;2;PL,55,55,100.0
50L_50NL_2_3,50L_50NL,2,s u b ʃ a s ˈe ɾ,V;IND;PRS;2;PL,55,55,100.0
50L_50NL_2_4,50L_50NL,2,s u b ʃ a s ˈe ɾ,V;IND;PRS;2;PL,55,55,100.0
50L_50NL_2_1,50L_50NL,2,s u b ʃ a s ˈe ɾ,V;IND;PRS;2;SG,55,55,100.0
50L_50NL_2_2,50L_50NL,2,s u b ʃ a s ˈe ɾ,V;IND;PRS;2;SG,1,55,1.82
50L_50NL_2_3,50L_50NL,2,s u b ʃ a s ˈe ɾ,V;IND;PRS;2;SG,55,55,100.0
50L_50NL_2_4,50L_50NL,2,s u b ʃ a s ˈe ɾ,V;IND;PRS;2;SG,55,55,100.0
50L_50NL_2_1,50L_50NL,2,s u b ʃ a s ˈe ɾ,V;IND;PRS;3;PL,55,55,100.0
50L_50NL_2_2,50L_50NL,2,s u b ʃ a s ˈe ɾ,V;IND;PRS;3;PL,6,55,10.91
50L_50NL_2_3,50L_50NL,2,s u b ʃ a s ˈe ɾ,V;IND;PRS;3;PL,55,55,100.0
50L_50NL_2_4,50L_50NL,2,s u b ʃ a s ˈe ɾ,V;IND;PRS;3;PL,55,55,100.0
50L_50NL_2_1,50L_50NL,2,s u b ʃ a s ˈe ɾ,V;IND;PRS;3;SG,55,55,100.0
50L_50NL_2_2,50L_50NL,2,s u b ʃ a s ˈe ɾ,V;IND;PRS;3;SG,21,55,38.18
50L_50NL_2_3,50L_50NL,2,s u b ʃ a s ˈe ɾ,V;IND;PRS;3;SG,55,55,100.0
50L_50NL_2_4,50L_50NL,2,s u b ʃ a s ˈe ɾ,V;IND;PRS;3;SG,55,55,100.0
50L_50NL_2_1,50L_50NL,2,s u b ʃ a s ˈe ɾ,V;SBJV;PRS;1;PL,55,55,100.0
50L_50NL_2_2,50L_50NL,2,s u b ʃ a s ˈe ɾ,V;SBJV;PRS;1;PL,54,55,98.18
50L_50NL_2_3,50L_50NL,2,s u b ʃ a s ˈe ɾ,V;SBJV;PRS;1;PL,55,55,100.0
50L_50NL_2_4,50L_50NL,2,s u b ʃ a s ˈe ɾ,V;SBJV;PRS;1;PL,55,55,100.0
50L_50NL_2_1,50L_50NL,2,s u b ʃ a s ˈe ɾ,V;SBJV;PRS;1;SG,55,55,100.0
50L_50NL_2_2,50L_50NL,2,s u b ʃ a s ˈe ɾ,V;SBJV;PRS;1;SG,5,55,9.09
50L_50NL_2_3,50L_50NL,2,s u b ʃ a s ˈe ɾ,V;SBJV;PRS;1;SG,55,55,100.0
50L_50NL_2_4,50L_50NL,2,s u b ʃ a s ˈe ɾ,V;SBJV;PRS;1;SG,55,55,100.0
50L_50NL_2_1,50L_50NL,2,s u b ʃ a s ˈe ɾ,V;SBJV;PRS;2;PL,55,55,100.0
50L_50NL_2_2,50L_50NL,2,s u b ʃ a s ˈe ɾ,V;SBJV;PRS;2;PL,51,55,92.73
50L_50NL_2_3,50L_50NL,2,s u b ʃ a s ˈe ɾ,V;SBJV;PRS;2;PL,55,55,100.0
50L_50NL_2_4,50L_50NL,2,s u b ʃ a s ˈe ɾ,V;SBJV;PRS;2;PL,55,55,100.0
50L_50NL_2_1,50L_50NL,2,s u b ʃ a s ˈe ɾ,V;SBJV;PRS;2;SG,55,55,100.0
50L_50NL_2_2,50L_50NL,2,s u b ʃ a s ˈe ɾ,V;SBJV;PRS;2;SG,2,55,3.64
50L_50NL_2_3,50L_50NL,2,s u b ʃ a s ˈe ɾ,V;SBJV;PRS;2;SG,55,55,100.0
50L_50NL_2_4,50L_50NL,2,s u b ʃ a s ˈe ɾ,V;SBJV;PRS;2;SG,55,55,100.0
50L_50NL_2_1,50L_50NL,2,s u b ʃ a s ˈe ɾ,V;SBJV;PRS;3;PL,55,55,100.0
50L_50NL_2_2,50L_50NL,2,s u b ʃ a s ˈe ɾ,V;SBJV;PRS;3;PL,4,55,7.27
50L_50NL_2_3,50L_50NL,2,s u b ʃ a s ˈe ɾ,V;SBJV;PRS;3;PL,55,55,100.0
50L_50NL_2_4,50L_50NL,2,s u b ʃ a s ˈe ɾ,V;SBJV;PRS;3;PL,55,55,100.0
50L_50NL_2_1,50L_50NL,2,s u b ʃ a s ˈe ɾ,V;SBJV;PRS;3;SG,55,55,100.0
50L_50NL_2_2,50L_50NL,2,s u b ʃ a s ˈe ɾ,V;SBJV;PRS;3;SG,3,55,5.45
50L_50NL_2_3,50L_50NL,2,s u b ʃ a s ˈe ɾ,V;SBJV;PRS;3;SG,55,55,100.0
50L_50NL_2_4,50L_50NL,2,s u b ʃ a s ˈe ɾ,V;SBJV;PRS;3;SG,55,55,100.0
50L_50NL_2_1,50L_50NL,2,ɡ w a ɾ e s ˈe ɾ,V;IND;PRS;1;PL,55,55,100.0
50L_50NL_2_2,50L_50NL,2,ɡ w a ɾ e s ˈe ɾ,V;IND;PRS;1;PL,54,55,98.18
50L_50NL_2_3,50L_50NL,2,ɡ w a ɾ e s ˈe ɾ,V;IND;PRS;1;PL,20,55,36.36
50L_50NL_2_4,50L_50NL,2,ɡ w a ɾ e s ˈe ɾ,V;IND;PRS;1;PL,55,55,100.0
50L_50NL_2_1,50L_50NL,2,ɡ w a ɾ e s ˈe ɾ,V;IND;PRS;1;SG,55,55,100.0
50L_50NL_2_2,50L_50NL,2,ɡ w a ɾ e s ˈe ɾ,V;IND;PRS;1;SG,1,55,1.82
50L_50NL_2_3,50L_50NL,2,ɡ w a ɾ e s ˈe ɾ,V;IND;PRS;1;SG,33,55,60.0
50L_50NL_2_4,50L_50NL,2,ɡ w a ɾ e s ˈe ɾ,V;IND;PRS;1;SG,55,55,100.0
50L_50NL_2_1,50L_50NL,2,ɡ w a ɾ e s ˈe ɾ,V;IND;PRS;2;PL,55,55,100.0
50L_50NL_2_2,50L_50NL,2,ɡ w a ɾ e s ˈe ɾ,V;IND;PRS;2;PL,54,55,98.18
50L_50NL_2_3,50L_50NL,2,ɡ w a ɾ e s ˈe ɾ,V;IND;PRS;2;PL,11,55,20.0
50L_50NL_2_4,50L_50NL,2,ɡ w a ɾ e s ˈe ɾ,V;IND;PRS;2;PL,55,55,100.0
50L_50NL_2_1,50L_50NL,2,ɡ w a ɾ e s ˈe ɾ,V;IND;PRS;2;SG,55,55,100.0
50L_50NL_2_2,50L_50NL,2,ɡ w a ɾ e s ˈe ɾ,V;IND;PRS;2;SG,46,55,83.64
50L_50NL_2_3,50L_50NL,2,ɡ w a ɾ e s ˈe ɾ,V;IND;PRS;2;SG,33,55,60.0
50L_50NL_2_4,50L_50NL,2,ɡ w a ɾ e s ˈe ɾ,V;IND;PRS;2;SG,55,55,100.0
50L_50NL_2_1,50L_50NL,2,ɡ w a ɾ e s ˈe ɾ,V;IND;PRS;3;PL,55,55,100.0
50L_50NL_2_2,50L_50NL,2,ɡ w a ɾ e s ˈe ɾ,V;IND;PRS;3;PL,38,55,69.09
50L_50NL_2_3,50L_50NL,2,ɡ w a ɾ e s ˈe ɾ,V;IND;PRS;3;PL,31,55,56.36
50L_50NL_2_4,50L_50NL,2,ɡ w a ɾ e s ˈe ɾ,V;IND;PRS;3;PL,55,55,100.0
50L_50NL_2_1,50L_50NL,2,ɡ w a ɾ e s ˈe ɾ,V;IND;PRS;3;SG,55,55,100.0
50L_50NL_2_2,50L_50NL,2,ɡ w a ɾ e s ˈe ɾ,V;IND;PRS;3;SG,49,55,89.09
50L_50NL_2_3,50L_50NL,2,ɡ w a ɾ e s ˈe ɾ,V;IND;PRS;3;SG,33,55,60.0
50L_50NL_2_4,50L_50NL,2,ɡ w a ɾ e s ˈe ɾ,V;IND;PRS;3;SG,55,55,100.0
50L_50NL_2_1,50L_50NL,2,ɡ w a ɾ e s ˈe ɾ,V;SBJV;PRS;1;PL,55,55,100.0
50L_50NL_2_2,50L_50NL,2,ɡ w a ɾ e s ˈe ɾ,V;SBJV;PRS;1;PL,40,55,72.73
50L_50NL_2_3,50L_50NL,2,ɡ w a ɾ e s ˈe ɾ,V;SBJV;PRS;1;PL,5,55,9.09
50L_50NL_2_4,50L_50NL,2,ɡ w a ɾ e s ˈe ɾ,V;SBJV;PRS;1;PL,52,55,94.55
50L_50NL_2_1,50L_50NL,2,ɡ w a ɾ e s ˈe ɾ,V;SBJV;PRS;1;SG,55,55,100.0
50L_50NL_2_2,50L_50NL,2,ɡ w a ɾ e s ˈe ɾ,V;SBJV;PRS;1;SG,10,55,18.18
50L_50NL_2_3,50L_50NL,2,ɡ w a ɾ e s ˈe ɾ,V;SBJV;PRS;1;SG,39,55,70.91
50L_50NL_2_4,50L_50NL,2,ɡ w a ɾ e s ˈe ɾ,V;SBJV;PRS;1;SG,48,55,87.27
50L_50NL_2_1,50L_50NL,2,ɡ w a ɾ e s ˈe ɾ,V;SBJV;PRS;2;PL,55,55,100.0
50L_50NL_2_2,50L_50NL,2,ɡ w a ɾ e s ˈe ɾ,V;SBJV;PRS;2;PL,39,55,70.91
50L_50NL_2_3,50L_50NL,2,ɡ w a ɾ e s ˈe ɾ,V;SBJV;PRS;2;PL,5,55,9.09
50L_50NL_2_4,50L_50NL,2,ɡ w a ɾ e s ˈe ɾ,V;SBJV;PRS;2;PL,51,55,92.73
50L_50NL_2_1,50L_50NL,2,ɡ w a ɾ e s ˈe ɾ,V;SBJV;PRS;2;SG,55,55,100.0
50L_50NL_2_2,50L_50NL,2,ɡ w a ɾ e s ˈe ɾ,V;SBJV;PRS;2;SG,15,55,27.27
50L_50NL_2_3,50L_50NL,2,ɡ w a ɾ e s ˈe ɾ,V;SBJV;PRS;2;SG,39,55,70.91
50L_50NL_2_4,50L_50NL,2,ɡ w a ɾ e s ˈe ɾ,V;SBJV;PRS;2;SG,48,55,87.27
50L_50NL_2_1,50L_50NL,2,ɡ w a ɾ e s ˈe ɾ,V;SBJV;PRS;3;PL,55,55,100.0
50L_50NL_2_2,50L_50NL,2,ɡ w a ɾ e s ˈe ɾ,V;SBJV;PRS;3;PL,10,55,18.18
50L_50NL_2_3,50L_50NL,2,ɡ w a ɾ e s ˈe ɾ,V;SBJV;PRS;3;PL,40,55,72.73
50L_50NL_2_4,50L_50NL,2,ɡ w a ɾ e s ˈe ɾ,V;SBJV;PRS;3;PL,47,55,85.45
50L_50NL_2_1,50L_50NL,2,ɡ w a ɾ e s ˈe ɾ,V;SBJV;PRS;3;SG,55,55,100.0
50L_50NL_2_2,50L_50NL,2,ɡ w a ɾ e s ˈe ɾ,V;SBJV;PRS;3;SG,10,55,18.18
50L_50NL_2_3,50L_50NL,2,ɡ w a ɾ e s ˈe ɾ,V;SBJV;PRS;3;SG,38,55,69.09
50L_50NL_2_4,50L_50NL,2,ɡ w a ɾ e s ˈe ɾ,V;SBJV;PRS;3;SG,48,55,87.27
50L_50NL_2_1,50L_50NL,2,ɾ e d e s ˈi ɾ,V;IND;PRS;1;PL,10,55,18.18
50L_50NL_2_2,50L_50NL,2,ɾ e d e s ˈi ɾ,V;IND;PRS;1;PL,52,55,94.55
50L_50NL_2_3,50L_50NL,2,ɾ e d e s ˈi ɾ,V;IND;PRS;1;PL,55,55,100.0
50L_50NL_2_4,50L_50NL,2,ɾ e d e s ˈi ɾ,V;IND;PRS;1;PL,9,55,16.36
50L_50NL_2_1,50L_50NL,2,ɾ e d e s ˈi ɾ,V;IND;PRS;1;SG,55,55,100.0
50L_50NL_2_2,50L_50NL,2,ɾ e d e s ˈi ɾ,V;IND;PRS;1;SG,54,55,98.18
50L_50NL_2_3,50L_50NL,2,ɾ e d e s ˈi ɾ,V;IND;PRS;1;SG,55,55,100.0
50L_50NL_2_4,50L_50NL,2,ɾ e d e s ˈi ɾ,V;IND;PRS;1;SG,54,55,98.18
50L_50NL_2_1,50L_50NL,2,ɾ e d e s ˈi ɾ,V;IND;PRS;2;PL,7,55,12.73
50L_50NL_2_2,50L_50NL,2,ɾ e d e s ˈi ɾ,V;IND;PRS;2;PL,52,55,94.55
50L_50NL_2_3,50L_50NL,2,ɾ e d e s ˈi ɾ,V;IND;PRS;2;PL,54,55,98.18
50L_50NL_2_4,50L_50NL,2,ɾ e d e s ˈi ɾ,V;IND;PRS;2;PL,10,55,18.18
50L_50NL_2_1,50L_50NL,2,ɾ e d e s ˈi ɾ,V;IND;PRS;2;SG,55,55,100.0
50L_50NL_2_2,50L_50NL,2,ɾ e d e s ˈi ɾ,V;IND;PRS;2;SG,54,55,98.18
50L_50NL_2_3,50L_50NL,2,ɾ e d e s ˈi ɾ,V;IND;PRS;2;SG,55,55,100.0
50L_50NL_2_4,50L_50NL,2,ɾ e d e s ˈi ɾ,V;IND;PRS;2;SG,55,55,100.0
50L_50NL_2_1,50L_50NL,2,ɾ e d e s ˈi ɾ,V;IND;PRS;3;PL,55,55,100.0
50L_50NL_2_2,50L_50NL,2,ɾ e d e s ˈi ɾ,V;IND;PRS;3;PL,54,55,98.18
50L_50NL_2_3,50L_50NL,2,ɾ e d e s ˈi ɾ,V;IND;PRS;3;PL,55,55,100.0
50L_50NL_2_4,50L_50NL,2,ɾ e d e s ˈi ɾ,V;IND;PRS;3;PL,55,55,100.0
50L_50NL_2_1,50L_50NL,2,ɾ e d e s ˈi ɾ,V;IND;PRS;3;SG,54,55,98.18
50L_50NL_2_2,50L_50NL,2,ɾ e d e s ˈi ɾ,V;IND;PRS;3;SG,54,55,98.18
50L_50NL_2_3,50L_50NL,2,ɾ e d e s ˈi ɾ,V;IND;PRS;3;SG,55,55,100.0
50L_50NL_2_4,50L_50NL,2,ɾ e d e s ˈi ɾ,V;IND;PRS;3;SG,55,55,100.0
50L_50NL_2_1,50L_50NL,2,ɾ e d e s ˈi ɾ,V;SBJV;PRS;1;PL,55,55,100.0
50L_50NL_2_2,50L_50NL,2,ɾ e d e s ˈi ɾ,V;SBJV;PRS;1;PL,54,55,98.18
50L_50NL_2_3,50L_50NL,2,ɾ e d e s ˈi ɾ,V;SBJV;PRS;1;PL,55,55,100.0
50L_50NL_2_4,50L_50NL,2,ɾ e d e s ˈi ɾ,V;SBJV;PRS;1;PL,43,55,78.18
50L_50NL_2_1,50L_50NL,2,ɾ e d e s ˈi ɾ,V;SBJV;PRS;1;SG,55,55,100.0
50L_50NL_2_2,50L_50NL,2,ɾ e d e s ˈi ɾ,V;SBJV;PRS;1;SG,54,55,98.18
50L_50NL_2_3,50L_50NL,2,ɾ e d e s ˈi ɾ,V;SBJV;PRS;1;SG,55,55,100.0
50L_50NL_2_4,50L_50NL,2,ɾ e d e s ˈi ɾ,V;SBJV;PRS;1;SG,55,55,100.0
50L_50NL_2_1,50L_50NL,2,ɾ e d e s ˈi ɾ,V;SBJV;PRS;2;PL,55,55,100.0
50L_50NL_2_2,50L_50NL,2,ɾ e d e s ˈi ɾ,V;SBJV;PRS;2;PL,54,55,98.18
50L_50NL_2_3,50L_50NL,2,ɾ e d e s ˈi ɾ,V;SBJV;PRS;2;PL,55,55,100.0
50L_50NL_2_4,50L_50NL,2,ɾ e d e s ˈi ɾ,V;SBJV;PRS;2;PL,40,55,72.73
50L_50NL_2_1,50L_50NL,2,ɾ e d e s ˈi ɾ,V;SBJV;PRS;2;SG,55,55,100.0
50L_50NL_2_2,50L_50NL,2,ɾ e d e s ˈi ɾ,V;SBJV;PRS;2;SG,55,55,100.0
50L_50NL_2_3,50L_50NL,2,ɾ e d e s ˈi ɾ,V;SBJV;PRS;2;SG,55,55,100.0
50L_50NL_2_4,50L_50NL,2,ɾ e d e s ˈi ɾ,V;SBJV;PRS;2;SG,55,55,100.0
50L_50NL_2_1,50L_50NL,2,ɾ e d e s ˈi ɾ,V;SBJV;PRS;3;PL,55,55,100.0
50L_50NL_2_2,50L_50NL,2,ɾ e d e s ˈi ɾ,V;SBJV;PRS;3;PL,55,55,100.0
50L_50NL_2_3,50L_50NL,2,ɾ e d e s ˈi ɾ,V;SBJV;PRS;3;PL,55,55,100.0
50L_50NL_2_4,50L_50NL,2,ɾ e d e s ˈi ɾ,V;SBJV;PRS;3;PL,55,55,100.0
50L_50NL_2_1,50L_50NL,2,ɾ e d e s ˈi ɾ,V;SBJV;PRS;3;SG,55,55,100.0
50L_50NL_2_2,50L_50NL,2,ɾ e d e s ˈi ɾ,V;SBJV;PRS;3;SG,54,55,98.18
50L_50NL_2_3,50L_50NL,2,ɾ e d e s ˈi ɾ,V;SBJV;PRS;3;SG,55,55,100.0
50L_50NL_2_4,50L_50NL,2,ɾ e d e s ˈi ɾ,V;SBJV;PRS;3;SG,55,55,100.0
50L_50NL_2_1,50L_50NL,2,ɾ e s t a b l e s ˈe ɾ,V;IND;PRS;1;PL,55,55,100.0
50L_50NL_2_2,50L_50NL,2,ɾ e s t a b l e s ˈe ɾ,V;IND;PRS;1;PL,55,55,100.0
50L_50NL_2_3,50L_50NL,2,ɾ e s t a b l e s ˈe ɾ,V;IND;PRS;1;PL,55,55,100.0
50L_50NL_2_4,50L_50NL,2,ɾ e s t a b l e s ˈe ɾ,V;IND;PRS;1;PL,55,55,100.0
50L_50NL_2_1,50L_50NL,2,ɾ e s t a b l e s ˈe ɾ,V;IND;PRS;1;SG,55,55,100.0
50L_50NL_2_2,50L_50NL,2,ɾ e s t a b l e s ˈe ɾ,V;IND;PRS;1;SG,45,55,81.82
50L_50NL_2_3,50L_50NL,2,ɾ e s t a b l e s ˈe ɾ,V;IND;PRS;1;SG,55,55,100.0
50L_50NL_2_4,50L_50NL,2,ɾ e s t a b l e s ˈe ɾ,V;IND;PRS;1;SG,55,55,100.0
50L_50NL_2_1,50L_50NL,2,ɾ e s t a b l e s ˈe ɾ,V;IND;PRS;2;PL,55,55,100.0
50L_50NL_2_2,50L_50NL,2,ɾ e s t a b l e s ˈe ɾ,V;IND;PRS;2;PL,55,55,100.0
50L_50NL_2_3,50L_50NL,2,ɾ e s t a b l e s ˈe ɾ,V;IND;PRS;2;PL,55,55,100.0
50L_50NL_2_4,50L_50NL,2,ɾ e s t a b l e s ˈe ɾ,V;IND;PRS;2;PL,55,55,100.0
50L_50NL_2_1,50L_50NL,2,ɾ e s t a b l e s ˈe ɾ,V;IND;PRS;2;SG,55,55,100.0
50L_50NL_2_2,50L_50NL,2,ɾ e s t a b l e s ˈe ɾ,V;IND;PRS;2;SG,55,55,100.0
50L_50NL_2_3,50L_50NL,2,ɾ e s t a b l e s ˈe ɾ,V;IND;PRS;2;SG,55,55,100.0
50L_50NL_2_4,50L_50NL,2,ɾ e s t a b l e s ˈe ɾ,V;IND;PRS;2;SG,55,55,100.0
50L_50NL_2_1,50L_50NL,2,ɾ e s t a b l e s ˈe ɾ,V;IND;PRS;3;PL,55,55,100.0
50L_50NL_2_2,50L_50NL,2,ɾ e s t a b l e s ˈe ɾ,V;IND;PRS;3;PL,55,55,100.0
50L_50NL_2_3,50L_50NL,2,ɾ e s t a b l e s ˈe ɾ,V;IND;PRS;3;PL,55,55,100.0
50L_50NL_2_4,50L_50NL,2,ɾ e s t a b l e s ˈe ɾ,V;IND;PRS;3;PL,55,55,100.0
50L_50NL_2_1,50L_50NL,2,ɾ e s t a b l e s ˈe ɾ,V;IND;PRS;3;SG,55,55,100.0
50L_50NL_2_2,50L_50NL,2,ɾ e s t a b l e s ˈe ɾ,V;IND;PRS;3;SG,55,55,100.0
50L_50NL_2_3,50L_50NL,2,ɾ e s t a b l e s ˈe ɾ,V;IND;PRS;3;SG,55,55,100.0
50L_50NL_2_4,50L_50NL,2,ɾ e s t a b l e s ˈe ɾ,V;IND;PRS;3;SG,55,55,100.0
50L_50NL_2_1,50L_50NL,2,ɾ e s t a b l e s ˈe ɾ,V;SBJV;PRS;1;PL,55,55,100.0
50L_50NL_2_2,50L_50NL,2,ɾ e s t a b l e s ˈe ɾ,V;SBJV;PRS;1;PL,55,55,100.0
50L_50NL_2_3,50L_50NL,2,ɾ e s t a b l e s ˈe ɾ,V;SBJV;PRS;1;PL,55,55,100.0
50L_50NL_2_4,50L_50NL,2,ɾ e s t a b l e s ˈe ɾ,V;SBJV;PRS;1;PL,55,55,100.0
50L_50NL_2_1,50L_50NL,2,ɾ e s t a b l e s ˈe ɾ,V;SBJV;PRS;1;SG,55,55,100.0
50L_50NL_2_2,50L_50NL,2,ɾ e s t a b l e s ˈe ɾ,V;SBJV;PRS;1;SG,55,55,100.0
50L_50NL_2_3,50L_50NL,2,ɾ e s t a b l e s ˈe ɾ,V;SBJV;PRS;1;SG,55,55,100.0
50L_50NL_2_4,50L_50NL,2,ɾ e s t a b l e s ˈe ɾ,V;SBJV;PRS;1;SG,55,55,100.0
50L_50NL_2_1,50L_50NL,2,ɾ e s t a b l e s ˈe ɾ,V;SBJV;PRS;2;PL,55,55,100.0
50L_50NL_2_2,50L_50NL,2,ɾ e s t a b l e s ˈe ɾ,V;SBJV;PRS;2;PL,55,55,100.0
50L_50NL_2_3,50L_50NL,2,ɾ e s t a b l e s ˈe ɾ,V;SBJV;PRS;2;PL,55,55,100.0
50L_50NL_2_4,50L_50NL,2,ɾ e s t a b l e s ˈe ɾ,V;SBJV;PRS;2;PL,55,55,100.0
50L_50NL_2_1,50L_50NL,2,ɾ e s t a b l e s ˈe ɾ,V;SBJV;PRS;2;SG,55,55,100.0
50L_50NL_2_2,50L_50NL,2,ɾ e s t a b l e s ˈe ɾ,V;SBJV;PRS;2;SG,54,55,98.18
50L_50NL_2_3,50L_50NL,2,ɾ e s t a b l e s ˈe ɾ,V;SBJV;PRS;2;SG,55,55,100.0
50L_50NL_2_4,50L_50NL,2,ɾ e s t a b l e s ˈe ɾ,V;SBJV;PRS;2;SG,55,55,100.0
50L_50NL_2_1,50L_50NL,2,ɾ e s t a b l e s ˈe ɾ,V;SBJV;PRS;3;PL,55,55,100.0
50L_50NL_2_2,50L_50NL,2,ɾ e s t a b l e s ˈe ɾ,V;SBJV;PRS;3;PL,55,55,100.0
50L_50NL_2_3,50L_50NL,2,ɾ e s t a b l e s ˈe ɾ,V;SBJV;PRS;3;PL,55,55,100.0
50L_50NL_2_4,50L_50NL,2,ɾ e s t a b l e s ˈe ɾ,V;SBJV;PRS;3;PL,55,55,100.0
50L_50NL_2_1,50L_50NL,2,ɾ e s t a b l e s ˈe ɾ,V;SBJV;PRS;3;SG,55,55,100.0
50L_50NL_2_2,50L_50NL,2,ɾ e s t a b l e s ˈe ɾ,V;SBJV;PRS;3;SG,55,55,100.0
50L_50NL_2_3,50L_50NL,2,ɾ e s t a b l e s ˈe ɾ,V;SBJV;PRS;3;SG,55,55,100.0
50L_50NL_2_4,50L_50NL,2,ɾ e s t a b l e s ˈe ɾ,V;SBJV;PRS;3;SG,55,55,100.0
50L_50NL_2_1,50L_50NL,2,ɾ o b u s t e s ˈe ɾ,V;IND;PRS;1;PL,55,55,100.0
50L_50NL_2_2,50L_50NL,2,ɾ o b u s t e s ˈe ɾ,V;IND;PRS;1;PL,55,55,100.0
50L_50NL_2_3,50L_50NL,2,ɾ o b u s t e s ˈe ɾ,V;IND;PRS;1;PL,55,55,100.0
50L_50NL_2_4,50L_50NL,2,ɾ o b u s t e s ˈe ɾ,V;IND;PRS;1;PL,55,55,100.0
50L_50NL_2_1,50L_50NL,2,ɾ o b u s t e s ˈe ɾ,V;IND;PRS;1;SG,55,55,100.0
50L_50NL_2_2,50L_50NL,2,ɾ o b u s t e s ˈe ɾ,V;IND;PRS;1;SG,40,55,72.73
50L_50NL_2_3,50L_50NL,2,ɾ o b u s t e s ˈe ɾ,V;IND;PRS;1;SG,55,55,100.0
50L_50NL_2_4,50L_50NL,2,ɾ o b u s t e s ˈe ɾ,V;IND;PRS;1;SG,55,55,100.0
50L_50NL_2_1,50L_50NL,2,ɾ o b u s t e s ˈe ɾ,V;IND;PRS;2;PL,55,55,100.0
50L_50NL_2_2,50L_50NL,2,ɾ o b u s t e s ˈe ɾ,V;IND;PRS;2;PL,55,55,100.0
50L_50NL_2_3,50L_50NL,2,ɾ o b u s t e s ˈe ɾ,V;IND;PRS;2;PL,55,55,100.0
50L_50NL_2_4,50L_50NL,2,ɾ o b u s t e s ˈe ɾ,V;IND;PRS;2;PL,55,55,100.0
50L_50NL_2_1,50L_50NL,2,ɾ o b u s t e s ˈe ɾ,V;IND;PRS;2;SG,55,55,100.0
50L_50NL_2_2,50L_50NL,2,ɾ o b u s t e s ˈe ɾ,V;IND;PRS;2;SG,55,55,100.0
50L_50NL_2_3,50L_50NL,2,ɾ o b u s t e s ˈe ɾ,V;IND;PRS;2;SG,55,55,100.0
50L_50NL_2_4,50L_50NL,2,ɾ o b u s t e s ˈe ɾ,V;IND;PRS;2;SG,55,55,100.0
50L_50NL_2_1,50L_50NL,2,ɾ o b u s t e s ˈe ɾ,V;IND;PRS;3;PL,55,55,100.0
50L_50NL_2_2,50L_50NL,2,ɾ o b u s t e s ˈe ɾ,V;IND;PRS;3;PL,55,55,100.0
50L_50NL_2_3,50L_50NL,2,ɾ o b u s t e s ˈe ɾ,V;IND;PRS;3;PL,55,55,100.0
50L_50NL_2_4,50L_50NL,2,ɾ o b u s t e s ˈe ɾ,V;IND;PRS;3;PL,55,55,100.0
50L_50NL_2_1,50L_50NL,2,ɾ o b u s t e s ˈe ɾ,V;IND;PRS;3;SG,55,55,100.0
50L_50NL_2_2,50L_50NL,2,ɾ o b u s t e s ˈe ɾ,V;IND;PRS;3;SG,55,55,100.0
50L_50NL_2_3,50L_50NL,2,ɾ o b u s t e s ˈe ɾ,V;IND;PRS;3;SG,55,55,100.0
50L_50NL_2_4,50L_50NL,2,ɾ o b u s t e s ˈe ɾ,V;IND;PRS;3;SG,55,55,100.0
50L_50NL_2_1,50L_50NL,2,ɾ o b u s t e s ˈe ɾ,V;SBJV;PRS;1;PL,55,55,100.0
50L_50NL_2_2,50L_50NL,2,ɾ o b u s t e s ˈe ɾ,V;SBJV;PRS;1;PL,55,55,100.0
50L_50NL_2_3,50L_50NL,2,ɾ o b u s t e s ˈe ɾ,V;SBJV;PRS;1;PL,55,55,100.0
50L_50NL_2_4,50L_50NL,2,ɾ o b u s t e s ˈe ɾ,V;SBJV;PRS;1;PL,55,55,100.0
50L_50NL_2_1,50L_50NL,2,ɾ o b u s t e s ˈe ɾ,V;SBJV;PRS;1;SG,55,55,100.0
50L_50NL_2_2,50L_50NL,2,ɾ o b u s t e s ˈe ɾ,V;SBJV;PRS;1;SG,44,55,80.0
50L_50NL_2_3,50L_50NL,2,ɾ o b u s t e s ˈe ɾ,V;SBJV;PRS;1;SG,55,55,100.0
50L_50NL_2_4,50L_50NL,2,ɾ o b u s t e s ˈe ɾ,V;SBJV;PRS;1;SG,55,55,100.0
50L_50NL_2_1,50L_50NL,2,ɾ o b u s t e s ˈe ɾ,V;SBJV;PRS;2;PL,55,55,100.0
50L_50NL_2_2,50L_50NL,2,ɾ o b u s t e s ˈe ɾ,V;SBJV;PRS;2;PL,54,55,98.18
50L_50NL_2_3,50L_50NL,2,ɾ o b u s t e s ˈe ɾ,V;SBJV;PRS;2;PL,55,55,100.0
50L_50NL_2_4,50L_50NL,2,ɾ o b u s t e s ˈe ɾ,V;SBJV;PRS;2;PL,55,55,100.0
50L_50NL_2_1,50L_50NL,2,ɾ o b u s t e s ˈe ɾ,V;SBJV;PRS;2;SG,55,55,100.0
50L_50NL_2_2,50L_50NL,2,ɾ o b u s t e s ˈe ɾ,V;SBJV;PRS;2;SG,45,55,81.82
50L_50NL_2_3,50L_50NL,2,ɾ o b u s t e s ˈe ɾ,V;SBJV;PRS;2;SG,55,55,100.0
50L_50NL_2_4,50L_50NL,2,ɾ o b u s t e s ˈe ɾ,V;SBJV;PRS;2;SG,55,55,100.0
50L_50NL_2_1,50L_50NL,2,ɾ o b u s t e s ˈe ɾ,V;SBJV;PRS;3;PL,55,55,100.0
50L_50NL_2_2,50L_50NL,2,ɾ o b u s t e s ˈe ɾ,V;SBJV;PRS;3;PL,45,55,81.82
50L_50NL_2_3,50L_50NL,2,ɾ o b u s t e s ˈe ɾ,V;SBJV;PRS;3;PL,55,55,100.0
50L_50NL_2_4,50L_50NL,2,ɾ o b u s t e s ˈe ɾ,V;SBJV;PRS;3;PL,55,55,100.0
50L_50NL_2_1,50L_50NL,2,ɾ o b u s t e s ˈe ɾ,V;SBJV;PRS;3;SG,55,55,100.0
50L_50NL_2_2,50L_50NL,2,ɾ o b u s t e s ˈe ɾ,V;SBJV;PRS;3;SG,45,55,81.82
50L_50NL_2_3,50L_50NL,2,ɾ o b u s t e s ˈe ɾ,V;SBJV;PRS;3;SG,55,55,100.0
50L_50NL_2_4,50L_50NL,2,ɾ o b u s t e s ˈe ɾ,V;SBJV;PRS;3;SG,55,55,100.0
50L_50NL_3_1,50L_50NL,3,a m a n e s ˈe ɾ,V;IND;PRS;1;PL,55,55,100.0
50L_50NL_3_2,50L_50NL,3,a m a n e s ˈe ɾ,V;IND;PRS;1;PL,55,55,100.0
50L_50NL_3_3,50L_50NL,3,a m a n e s ˈe ɾ,V;IND;PRS;1;PL,55,55,100.0
50L_50NL_3_4,50L_50NL,3,a m a n e s ˈe ɾ,V;IND;PRS;1;PL,55,55,100.0
50L_50NL_3_1,50L_50NL,3,a m a n e s ˈe ɾ,V;IND;PRS;1;SG,55,55,100.0
50L_50NL_3_2,50L_50NL,3,a m a n e s ˈe ɾ,V;IND;PRS;1;SG,55,55,100.0
50L_50NL_3_3,50L_50NL,3,a m a n e s ˈe ɾ,V;IND;PRS;1;SG,55,55,100.0
50L_50NL_3_4,50L_50NL,3,a m a n e s ˈe ɾ,V;IND;PRS;1;SG,55,55,100.0
50L_50NL_3_1,50L_50NL,3,a m a n e s ˈe ɾ,V;IND;PRS;2;PL,55,55,100.0
50L_50NL_3_2,50L_50NL,3,a m a n e s ˈe ɾ,V;IND;PRS;2;PL,55,55,100.0
50L_50NL_3_3,50L_50NL,3,a m a n e s ˈe ɾ,V;IND;PRS;2;PL,55,55,100.0
50L_50NL_3_4,50L_50NL,3,a m a n e s ˈe ɾ,V;IND;PRS;2;PL,55,55,100.0
50L_50NL_3_1,50L_50NL,3,a m a n e s ˈe ɾ,V;IND;PRS;2;SG,55,55,100.0
50L_50NL_3_2,50L_50NL,3,a m a n e s ˈe ɾ,V;IND;PRS;2;SG,55,55,100.0
50L_50NL_3_3,50L_50NL,3,a m a n e s ˈe ɾ,V;IND;PRS;2;SG,55,55,100.0
50L_50NL_3_4,50L_50NL,3,a m a n e s ˈe ɾ,V;IND;PRS;2;SG,55,55,100.0
50L_50NL_3_1,50L_50NL,3,a m a n e s ˈe ɾ,V;IND;PRS;3;PL,55,55,100.0
50L_50NL_3_2,50L_50NL,3,a m a n e s ˈe ɾ,V;IND;PRS;3;PL,55,55,100.0
50L_50NL_3_3,50L_50NL,3,a m a n e s ˈe ɾ,V;IND;PRS;3;PL,55,55,100.0
50L_50NL_3_4,50L_50NL,3,a m a n e s ˈe ɾ,V;IND;PRS;3;PL,55,55,100.0
50L_50NL_3_1,50L_50NL,3,a m a n e s ˈe ɾ,V;IND;PRS;3;SG,55,55,100.0
50L_50NL_3_2,50L_50NL,3,a m a n e s ˈe ɾ,V;IND;PRS;3;SG,55,55,100.0
50L_50NL_3_3,50L_50NL,3,a m a n e s ˈe ɾ,V;IND;PRS;3;SG,55,55,100.0
50L_50NL_3_4,50L_50NL,3,a m a n e s ˈe ɾ,V;IND;PRS;3;SG,55,55,100.0
50L_50NL_3_1,50L_50NL,3,a m a n e s ˈe ɾ,V;SBJV;PRS;1;PL,55,55,100.0
50L_50NL_3_2,50L_50NL,3,a m a n e s ˈe ɾ,V;SBJV;PRS;1;PL,55,55,100.0
50L_50NL_3_3,50L_50NL,3,a m a n e s ˈe ɾ,V;SBJV;PRS;1;PL,55,55,100.0
50L_50NL_3_4,50L_50NL,3,a m a n e s ˈe ɾ,V;SBJV;PRS;1;PL,55,55,100.0
50L_50NL_3_1,50L_50NL,3,a m a n e s ˈe ɾ,V;SBJV;PRS;1;SG,55,55,100.0
50L_50NL_3_2,50L_50NL,3,a m a n e s ˈe ɾ,V;SBJV;PRS;1;SG,55,55,100.0
50L_50NL_3_3,50L_50NL,3,a m a n e s ˈe ɾ,V;SBJV;PRS;1;SG,55,55,100.0
50L_50NL_3_4,50L_50NL,3,a m a n e s ˈe ɾ,V;SBJV;PRS;1;SG,55,55,100.0
50L_50NL_3_1,50L_50NL,3,a m a n e s ˈe ɾ,V;SBJV;PRS;2;PL,55,55,100.0
50L_50NL_3_2,50L_50NL,3,a m a n e s ˈe ɾ,V;SBJV;PRS;2;PL,55,55,100.0
50L_50NL_3_3,50L_50NL,3,a m a n e s ˈe ɾ,V;SBJV;PRS;2;PL,55,55,100.0
50L_50NL_3_4,50L_50NL,3,a m a n e s ˈe ɾ,V;SBJV;PRS;2;PL,55,55,100.0
50L_50NL_3_1,50L_50NL,3,a m a n e s ˈe ɾ,V;SBJV;PRS;2;SG,55,55,100.0
50L_50NL_3_2,50L_50NL,3,a m a n e s ˈe ɾ,V;SBJV;PRS;2;SG,55,55,100.0
50L_50NL_3_3,50L_50NL,3,a m a n e s ˈe ɾ,V;SBJV;PRS;2;SG,55,55,100.0
50L_50NL_3_4,50L_50NL,3,a m a n e s ˈe ɾ,V;SBJV;PRS;2;SG,55,55,100.0
50L_50NL_3_1,50L_50NL,3,a m a n e s ˈe ɾ,V;SBJV;PRS;3;PL,55,55,100.0
50L_50NL_3_2,50L_50NL,3,a m a n e s ˈe ɾ,V;SBJV;PRS;3;PL,55,55,100.0
50L_50NL_3_3,50L_50NL,3,a m a n e s ˈe ɾ,V;SBJV;PRS;3;PL,55,55,100.0
50L_50NL_3_4,50L_50NL,3,a m a n e s ˈe ɾ,V;SBJV;PRS;3;PL,55,55,100.0
50L_50NL_3_1,50L_50NL,3,a m a n e s ˈe ɾ,V;SBJV;PRS;3;SG,55,55,100.0
50L_50NL_3_2,50L_50NL,3,a m a n e s ˈe ɾ,V;SBJV;PRS;3;SG,55,55,100.0
50L_50NL_3_3,50L_50NL,3,a m a n e s ˈe ɾ,V;SBJV;PRS;3;SG,55,55,100.0
50L_50NL_3_4,50L_50NL,3,a m a n e s ˈe ɾ,V;SBJV;PRS;3;SG,55,55,100.0
50L_50NL_3_1,50L_50NL,3,a t ɾ a ˈe ɾ,V;IND;PRS;1;PL,55,55,100.0
50L_50NL_3_2,50L_50NL,3,a t ɾ a ˈe ɾ,V;IND;PRS;1;PL,55,55,100.0
50L_50NL_3_3,50L_50NL,3,a t ɾ a ˈe ɾ,V;IND;PRS;1;PL,55,55,100.0
50L_50NL_3_4,50L_50NL,3,a t ɾ a ˈe ɾ,V;IND;PRS;1;PL,55,55,100.0
50L_50NL_3_1,50L_50NL,3,a t ɾ a ˈe ɾ,V;IND;PRS;1;SG,55,55,100.0
50L_50NL_3_2,50L_50NL,3,a t ɾ a ˈe ɾ,V;IND;PRS;1;SG,55,55,100.0
50L_50NL_3_3,50L_50NL,3,a t ɾ a ˈe ɾ,V;IND;PRS;1;SG,55,55,100.0
50L_50NL_3_4,50L_50NL,3,a t ɾ a ˈe ɾ,V;IND;PRS;1;SG,55,55,100.0
50L_50NL_3_1,50L_50NL,3,a t ɾ a ˈe ɾ,V;IND;PRS;2;PL,55,55,100.0
50L_50NL_3_2,50L_50NL,3,a t ɾ a ˈe ɾ,V;IND;PRS;2;PL,55,55,100.0
50L_50NL_3_3,50L_50NL,3,a t ɾ a ˈe ɾ,V;IND;PRS;2;PL,55,55,100.0
50L_50NL_3_4,50L_50NL,3,a t ɾ a ˈe ɾ,V;IND;PRS;2;PL,55,55,100.0
50L_50NL_3_1,50L_50NL,3,a t ɾ a ˈe ɾ,V;IND;PRS;2;SG,55,55,100.0
50L_50NL_3_2,50L_50NL,3,a t ɾ a ˈe ɾ,V;IND;PRS;2;SG,55,55,100.0
50L_50NL_3_3,50L_50NL,3,a t ɾ a ˈe ɾ,V;IND;PRS;2;SG,55,55,100.0
50L_50NL_3_4,50L_50NL,3,a t ɾ a ˈe ɾ,V;IND;PRS;2;SG,55,55,100.0
50L_50NL_3_1,50L_50NL,3,a t ɾ a ˈe ɾ,V;IND;PRS;3;PL,55,55,100.0
50L_50NL_3_2,50L_50NL,3,a t ɾ a ˈe ɾ,V;IND;PRS;3;PL,55,55,100.0
50L_50NL_3_3,50L_50NL,3,a t ɾ a ˈe ɾ,V;IND;PRS;3;PL,55,55,100.0
50L_50NL_3_4,50L_50NL,3,a t ɾ a ˈe ɾ,V;IND;PRS;3;PL,55,55,100.0
50L_50NL_3_1,50L_50NL,3,a t ɾ a ˈe ɾ,V;IND;PRS;3;SG,55,55,100.0
50L_50NL_3_2,50L_50NL,3,a t ɾ a ˈe ɾ,V;IND;PRS;3;SG,55,55,100.0
50L_50NL_3_3,50L_50NL,3,a t ɾ a ˈe ɾ,V;IND;PRS;3;SG,54,55,98.18
50L_50NL_3_4,50L_50NL,3,a t ɾ a ˈe ɾ,V;IND;PRS;3;SG,55,55,100.0
50L_50NL_3_1,50L_50NL,3,a t ɾ a ˈe ɾ,V;SBJV;PRS;1;PL,55,55,100.0
50L_50NL_3_2,50L_50NL,3,a t ɾ a ˈe ɾ,V;SBJV;PRS;1;PL,46,55,83.64
50L_50NL_3_3,50L_50NL,3,a t ɾ a ˈe ɾ,V;SBJV;PRS;1;PL,55,55,100.0
50L_50NL_3_4,50L_50NL,3,a t ɾ a ˈe ɾ,V;SBJV;PRS;1;PL,55,55,100.0
50L_50NL_3_1,50L_50NL,3,a t ɾ a ˈe ɾ,V;SBJV;PRS;1;SG,55,55,100.0
50L_50NL_3_2,50L_50NL,3,a t ɾ a ˈe ɾ,V;SBJV;PRS;1;SG,55,55,100.0
50L_50NL_3_3,50L_50NL,3,a t ɾ a ˈe ɾ,V;SBJV;PRS;1;SG,55,55,100.0
50L_50NL_3_4,50L_50NL,3,a t ɾ a ˈe ɾ,V;SBJV;PRS;1;SG,55,55,100.0
50L_50NL_3_1,50L_50NL,3,a t ɾ a ˈe ɾ,V;SBJV;PRS;2;PL,55,55,100.0
50L_50NL_3_2,50L_50NL,3,a t ɾ a ˈe ɾ,V;SBJV;PRS;2;PL,45,55,81.82
50L_50NL_3_3,50L_50NL,3,a t ɾ a ˈe ɾ,V;SBJV;PRS;2;PL,55,55,100.0
50L_50NL_3_4,50L_50NL,3,a t ɾ a ˈe ɾ,V;SBJV;PRS;2;PL,55,55,100.0
50L_50NL_3_1,50L_50NL,3,a t ɾ a ˈe ɾ,V;SBJV;PRS;2;SG,55,55,100.0
50L_50NL_3_2,50L_50NL,3,a t ɾ a ˈe ɾ,V;SBJV;PRS;2;SG,55,55,100.0
50L_50NL_3_3,50L_50NL,3,a t ɾ a ˈe ɾ,V;SBJV;PRS;2;SG,55,55,100.0
50L_50NL_3_4,50L_50NL,3,a t ɾ a ˈe ɾ,V;SBJV;PRS;2;SG,55,55,100.0
50L_50NL_3_1,50L_50NL,3,a t ɾ a ˈe ɾ,V;SBJV;PRS;3;PL,55,55,100.0
50L_50NL_3_2,50L_50NL,3,a t ɾ a ˈe ɾ,V;SBJV;PRS;3;PL,55,55,100.0
50L_50NL_3_3,50L_50NL,3,a t ɾ a ˈe ɾ,V;SBJV;PRS;3;PL,55,55,100.0
50L_50NL_3_4,50L_50NL,3,a t ɾ a ˈe ɾ,V;SBJV;PRS;3;PL,55,55,100.0
50L_50NL_3_1,50L_50NL,3,a t ɾ a ˈe ɾ,V;SBJV;PRS;3;SG,55,55,100.0
50L_50NL_3_2,50L_50NL,3,a t ɾ a ˈe ɾ,V;SBJV;PRS;3;SG,55,55,100.0
50L_50NL_3_3,50L_50NL,3,a t ɾ a ˈe ɾ,V;SBJV;PRS;3;SG,55,55,100.0
50L_50NL_3_4,50L_50NL,3,a t ɾ a ˈe ɾ,V;SBJV;PRS;3;SG,55,55,100.0
50L_50NL_3_1,50L_50NL,3,d e s a s ˈe ɾ,V;IND;PRS;1;PL,34,55,61.82
50L_50NL_3_2,50L_50NL,3,d e s a s ˈe ɾ,V;IND;PRS;1;PL,31,55,56.36
50L_50NL_3_3,50L_50NL,3,d e s a s ˈe ɾ,V;IND;PRS;1;PL,34,55,61.82
50L_50NL_3_4,50L_50NL,3,d e s a s ˈe ɾ,V;IND;PRS;1;PL,25,55,45.45
50L_50NL_3_1,50L_50NL,3,d e s a s ˈe ɾ,V;IND;PRS;1;SG,12,55,21.82
50L_50NL_3_2,50L_50NL,3,d e s a s ˈe ɾ,V;IND;PRS;1;SG,15,55,27.27
50L_50NL_3_3,50L_50NL,3,d e s a s ˈe ɾ,V;IND;PRS;1;SG,14,55,25.45
50L_50NL_3_4,50L_50NL,3,d e s a s ˈe ɾ,V;IND;PRS;1;SG,0,55,0.0
50L_50NL_3_1,50L_50NL,3,d e s a s ˈe ɾ,V;IND;PRS;2;PL,31,55,56.36
50L_50NL_3_2,50L_50NL,3,d e s a s ˈe ɾ,V;IND;PRS;2;PL,31,55,56.36
50L_50NL_3_3,50L_50NL,3,d e s a s ˈe ɾ,V;IND;PRS;2;PL,34,55,61.82
50L_50NL_3_4,50L_50NL,3,d e s a s ˈe ɾ,V;IND;PRS;2;PL,32,55,58.18
50L_50NL_3_1,50L_50NL,3,d e s a s ˈe ɾ,V;IND;PRS;2;SG,34,55,61.82
50L_50NL_3_2,50L_50NL,3,d e s a s ˈe ɾ,V;IND;PRS;2;SG,42,55,76.36
50L_50NL_3_3,50L_50NL,3,d e s a s ˈe ɾ,V;IND;PRS;2;SG,35,55,63.64
50L_50NL_3_4,50L_50NL,3,d e s a s ˈe ɾ,V;IND;PRS;2;SG,34,55,61.82
50L_50NL_3_1,50L_50NL,3,d e s a s ˈe ɾ,V;IND;PRS;3;PL,34,55,61.82
50L_50NL_3_2,50L_50NL,3,d e s a s ˈe ɾ,V;IND;PRS;3;PL,35,55,63.64
50L_50NL_3_3,50L_50NL,3,d e s a s ˈe ɾ,V;IND;PRS;3;PL,35,55,63.64
50L_50NL_3_4,50L_50NL,3,d e s a s ˈe ɾ,V;IND;PRS;3;PL,34,55,61.82
50L_50NL_3_1,50L_50NL,3,d e s a s ˈe ɾ,V;IND;PRS;3;SG,35,55,63.64
50L_50NL_3_2,50L_50NL,3,d e s a s ˈe ɾ,V;IND;PRS;3;SG,35,55,63.64
50L_50NL_3_3,50L_50NL,3,d e s a s ˈe ɾ,V;IND;PRS;3;SG,35,55,63.64
50L_50NL_3_4,50L_50NL,3,d e s a s ˈe ɾ,V;IND;PRS;3;SG,33,55,60.0
50L_50NL_3_1,50L_50NL,3,d e s a s ˈe ɾ,V;SBJV;PRS;1;PL,5,55,9.09
50L_50NL_3_2,50L_50NL,3,d e s a s ˈe ɾ,V;SBJV;PRS;1;PL,9,55,16.36
50L_50NL_3_3,50L_50NL,3,d e s a s ˈe ɾ,V;SBJV;PRS;1;PL,15,55,27.27
50L_50NL_3_4,50L_50NL,3,d e s a s ˈe ɾ,V;SBJV;PRS;1;PL,0,55,0.0
50L_50NL_3_1,50L_50NL,3,d e s a s ˈe ɾ,V;SBJV;PRS;1;SG,13,55,23.64
50L_50NL_3_2,50L_50NL,3,d e s a s ˈe ɾ,V;SBJV;PRS;1;SG,15,55,27.27
50L_50NL_3_3,50L_50NL,3,d e s a s ˈe ɾ,V;SBJV;PRS;1;SG,15,55,27.27
50L_50NL_3_4,50L_50NL,3,d e s a s ˈe ɾ,V;SBJV;PRS;1;SG,0,55,0.0
50L_50NL_3_1,50L_50NL,3,d e s a s ˈe ɾ,V;SBJV;PRS;2;PL,4,55,7.27
50L_50NL_3_2,50L_50NL,3,d e s a s ˈe ɾ,V;SBJV;PRS;2;PL,0,55,0.0
50L_50NL_3_3,50L_50NL,3,d e s a s ˈe ɾ,V;SBJV;PRS;2;PL,15,55,27.27
50L_50NL_3_4,50L_50NL,3,d e s a s ˈe ɾ,V;SBJV;PRS;2;PL,0,55,0.0
50L_50NL_3_1,50L_50NL,3,d e s a s ˈe ɾ,V;SBJV;PRS;2;SG,12,55,21.82
50L_50NL_3_2,50L_50NL,3,d e s a s ˈe ɾ,V;SBJV;PRS;2;SG,15,55,27.27
50L_50NL_3_3,50L_50NL,3,d e s a s ˈe ɾ,V;SBJV;PRS;2;SG,15,55,27.27
50L_50NL_3_4,50L_50NL,3,d e s a s ˈe ɾ,V;SBJV;PRS;2;SG,0,55,0.0
50L_50NL_3_1,50L_50NL,3,d e s a s ˈe ɾ,V;SBJV;PRS;3;PL,9,55,16.36
50L_50NL_3_2,50L_50NL,3,d e s a s ˈe ɾ,V;SBJV;PRS;3;PL,15,55,27.27
50L_50NL_3_3,50L_50NL,3,d e s a s ˈe ɾ,V;SBJV;PRS;3;PL,15,55,27.27
50L_50NL_3_4,50L_50NL,3,d e s a s ˈe ɾ,V;SBJV;PRS;3;PL,0,55,0.0
50L_50NL_3_1,50L_50NL,3,d e s a s ˈe ɾ,V;SBJV;PRS;3;SG,13,55,23.64
50L_50NL_3_2,50L_50NL,3,d e s a s ˈe ɾ,V;SBJV;PRS;3;SG,15,55,27.27
50L_50NL_3_3,50L_50NL,3,d e s a s ˈe ɾ,V;SBJV;PRS;3;SG,15,55,27.27
50L_50NL_3_4,50L_50NL,3,d e s a s ˈe ɾ,V;SBJV;PRS;3;SG,0,55,0.0
50L_50NL_3_1,50L_50NL,3,d e s p a ɾ e s ˈe ɾ,V;IND;PRS;1;PL,55,55,100.0
50L_50NL_3_2,50L_50NL,3,d e s p a ɾ e s ˈe ɾ,V;IND;PRS;1;PL,55,55,100.0
50L_50NL_3_3,50L_50NL,3,d e s p a ɾ e s ˈe ɾ,V;IND;PRS;1;PL,55,55,100.0
50L_50NL_3_4,50L_50NL,3,d e s p a ɾ e s ˈe ɾ,V;IND;PRS;1;PL,55,55,100.0
50L_50NL_3_1,50L_50NL,3,d e s p a ɾ e s ˈe ɾ,V;IND;PRS;1;SG,55,55,100.0
50L_50NL_3_2,50L_50NL,3,d e s p a ɾ e s ˈe ɾ,V;IND;PRS;1;SG,55,55,100.0
50L_50NL_3_3,50L_50NL,3,d e s p a ɾ e s ˈe ɾ,V;IND;PRS;1;SG,55,55,100.0
50L_50NL_3_4,50L_50NL,3,d e s p a ɾ e s ˈe ɾ,V;IND;PRS;1;SG,55,55,100.0
50L_50NL_3_1,50L_50NL,3,d e s p a ɾ e s ˈe ɾ,V;IND;PRS;2;PL,55,55,100.0
50L_50NL_3_2,50L_50NL,3,d e s p a ɾ e s ˈe ɾ,V;IND;PRS;2;PL,55,55,100.0
50L_50NL_3_3,50L_50NL,3,d e s p a ɾ e s ˈe ɾ,V;IND;PRS;2;PL,55,55,100.0
50L_50NL_3_4,50L_50NL,3,d e s p a ɾ e s ˈe ɾ,V;IND;PRS;2;PL,55,55,100.0
50L_50NL_3_1,50L_50NL,3,d e s p a ɾ e s ˈe ɾ,V;IND;PRS;2;SG,55,55,100.0
50L_50NL_3_2,50L_50NL,3,d e s p a ɾ e s ˈe ɾ,V;IND;PRS;2;SG,55,55,100.0
50L_50NL_3_3,50L_50NL,3,d e s p a ɾ e s ˈe ɾ,V;IND;PRS;2;SG,55,55,100.0
50L_50NL_3_4,50L_50NL,3,d e s p a ɾ e s ˈe ɾ,V;IND;PRS;2;SG,55,55,100.0
50L_50NL_3_1,50L_50NL,3,d e s p a ɾ e s ˈe ɾ,V;IND;PRS;3;PL,55,55,100.0
50L_50NL_3_2,50L_50NL,3,d e s p a ɾ e s ˈe ɾ,V;IND;PRS;3;PL,55,55,100.0
50L_50NL_3_3,50L_50NL,3,d e s p a ɾ e s ˈe ɾ,V;IND;PRS;3;PL,55,55,100.0
50L_50NL_3_4,50L_50NL,3,d e s p a ɾ e s ˈe ɾ,V;IND;PRS;3;PL,55,55,100.0
50L_50NL_3_1,50L_50NL,3,d e s p a ɾ e s ˈe ɾ,V;IND;PRS;3;SG,55,55,100.0
50L_50NL_3_2,50L_50NL,3,d e s p a ɾ e s ˈe ɾ,V;IND;PRS;3;SG,55,55,100.0
50L_50NL_3_3,50L_50NL,3,d e s p a ɾ e s ˈe ɾ,V;IND;PRS;3;SG,55,55,100.0
50L_50NL_3_4,50L_50NL,3,d e s p a ɾ e s ˈe ɾ,V;IND;PRS;3;SG,55,55,100.0
50L_50NL_3_1,50L_50NL,3,d e s p a ɾ e s ˈe ɾ,V;SBJV;PRS;1;PL,55,55,100.0
50L_50NL_3_2,50L_50NL,3,d e s p a ɾ e s ˈe ɾ,V;SBJV;PRS;1;PL,55,55,100.0
50L_50NL_3_3,50L_50NL,3,d e s p a ɾ e s ˈe ɾ,V;SBJV;PRS;1;PL,55,55,100.0
50L_50NL_3_4,50L_50NL,3,d e s p a ɾ e s ˈe ɾ,V;SBJV;PRS;1;PL,55,55,100.0
50L_50NL_3_1,50L_50NL,3,d e s p a ɾ e s ˈe ɾ,V;SBJV;PRS;1;SG,55,55,100.0
50L_50NL_3_2,50L_50NL,3,d e s p a ɾ e s ˈe ɾ,V;SBJV;PRS;1;SG,55,55,100.0
50L_50NL_3_3,50L_50NL,3,d e s p a ɾ e s ˈe ɾ,V;SBJV;PRS;1;SG,55,55,100.0
50L_50NL_3_4,50L_50NL,3,d e s p a ɾ e s ˈe ɾ,V;SBJV;PRS;1;SG,55,55,100.0
50L_50NL_3_1,50L_50NL,3,d e s p a ɾ e s ˈe ɾ,V;SBJV;PRS;2;PL,55,55,100.0
50L_50NL_3_2,50L_50NL,3,d e s p a ɾ e s ˈe ɾ,V;SBJV;PRS;2;PL,55,55,100.0
50L_50NL_3_3,50L_50NL,3,d e s p a ɾ e s ˈe ɾ,V;SBJV;PRS;2;PL,55,55,100.0
50L_50NL_3_4,50L_50NL,3,d e s p a ɾ e s ˈe ɾ,V;SBJV;PRS;2;PL,55,55,100.0
50L_50NL_3_1,50L_50NL,3,d e s p a ɾ e s ˈe ɾ,V;SBJV;PRS;2;SG,55,55,100.0
50L_50NL_3_2,50L_50NL,3,d e s p a ɾ e s ˈe ɾ,V;SBJV;PRS;2;SG,55,55,100.0
50L_50NL_3_3,50L_50NL,3,d e s p a ɾ e s ˈe ɾ,V;SBJV;PRS;2;SG,55,55,100.0
50L_50NL_3_4,50L_50NL,3,d e s p a ɾ e s ˈe ɾ,V;SBJV;PRS;2;SG,55,55,100.0
50L_50NL_3_1,50L_50NL,3,d e s p a ɾ e s ˈe ɾ,V;SBJV;PRS;3;PL,55,55,100.0
50L_50NL_3_2,50L_50NL,3,d e s p a ɾ e s ˈe ɾ,V;SBJV;PRS;3;PL,55,55,100.0
50L_50NL_3_3,50L_50NL,3,d e s p a ɾ e s ˈe ɾ,V;SBJV;PRS;3;PL,55,55,100.0
50L_50NL_3_4,50L_50NL,3,d e s p a ɾ e s ˈe ɾ,V;SBJV;PRS;3;PL,55,55,100.0
50L_50NL_3_1,50L_50NL,3,d e s p a ɾ e s ˈe ɾ,V;SBJV;PRS;3;SG,55,55,100.0
50L_50NL_3_2,50L_50NL,3,d e s p a ɾ e s ˈe ɾ,V;SBJV;PRS;3;SG,55,55,100.0
50L_50NL_3_3,50L_50NL,3,d e s p a ɾ e s ˈe ɾ,V;SBJV;PRS;3;SG,55,55,100.0
50L_50NL_3_4,50L_50NL,3,d e s p a ɾ e s ˈe ɾ,V;SBJV;PRS;3;SG,55,55,100.0
50L_50NL_3_1,50L_50NL,3,d e t ɾ a ˈe ɾ,V;IND;PRS;1;PL,55,55,100.0
50L_50NL_3_2,50L_50NL,3,d e t ɾ a ˈe ɾ,V;IND;PRS;1;PL,55,55,100.0
50L_50NL_3_3,50L_50NL,3,d e t ɾ a ˈe ɾ,V;IND;PRS;1;PL,55,55,100.0
50L_50NL_3_4,50L_50NL,3,d e t ɾ a ˈe ɾ,V;IND;PRS;1;PL,55,55,100.0
50L_50NL_3_1,50L_50NL,3,d e t ɾ a ˈe ɾ,V;IND;PRS;1;SG,55,55,100.0
50L_50NL_3_2,50L_50NL,3,d e t ɾ a ˈe ɾ,V;IND;PRS;1;SG,55,55,100.0
50L_50NL_3_3,50L_50NL,3,d e t ɾ a ˈe ɾ,V;IND;PRS;1;SG,55,55,100.0
50L_50NL_3_4,50L_50NL,3,d e t ɾ a ˈe ɾ,V;IND;PRS;1;SG,55,55,100.0
50L_50NL_3_1,50L_50NL,3,d e t ɾ a ˈe ɾ,V;IND;PRS;2;PL,55,55,100.0
50L_50NL_3_2,50L_50NL,3,d e t ɾ a ˈe ɾ,V;IND;PRS;2;PL,55,55,100.0
50L_50NL_3_3,50L_50NL,3,d e t ɾ a ˈe ɾ,V;IND;PRS;2;PL,55,55,100.0
50L_50NL_3_4,50L_50NL,3,d e t ɾ a ˈe ɾ,V;IND;PRS;2;PL,55,55,100.0
50L_50NL_3_1,50L_50NL,3,d e t ɾ a ˈe ɾ,V;IND;PRS;2;SG,55,55,100.0
50L_50NL_3_2,50L_50NL,3,d e t ɾ a ˈe ɾ,V;IND;PRS;2;SG,55,55,100.0
50L_50NL_3_3,50L_50NL,3,d e t ɾ a ˈe ɾ,V;IND;PRS;2;SG,55,55,100.0
50L_50NL_3_4,50L_50NL,3,d e t ɾ a ˈe ɾ,V;IND;PRS;2;SG,55,55,100.0
50L_50NL_3_1,50L_50NL,3,d e t ɾ a ˈe ɾ,V;IND;PRS;3;PL,55,55,100.0
50L_50NL_3_2,50L_50NL,3,d e t ɾ a ˈe ɾ,V;IND;PRS;3;PL,55,55,100.0
50L_50NL_3_3,50L_50NL,3,d e t ɾ a ˈe ɾ,V;IND;PRS;3;PL,55,55,100.0
50L_50NL_3_4,50L_50NL,3,d e t ɾ a ˈe ɾ,V;IND;PRS;3;PL,55,55,100.0
50L_50NL_3_1,50L_50NL,3,d e t ɾ a ˈe ɾ,V;IND;PRS;3;SG,55,55,100.0
50L_50NL_3_2,50L_50NL,3,d e t ɾ a ˈe ɾ,V;IND;PRS;3;SG,55,55,100.0
50L_50NL_3_3,50L_50NL,3,d e t ɾ a ˈe ɾ,V;IND;PRS;3;SG,55,55,100.0
50L_50NL_3_4,50L_50NL,3,d e t ɾ a ˈe ɾ,V;IND;PRS;3;SG,55,55,100.0
50L_50NL_3_1,50L_50NL,3,d e t ɾ a ˈe ɾ,V;SBJV;PRS;1;PL,55,55,100.0
50L_50NL_3_2,50L_50NL,3,d e t ɾ a ˈe ɾ,V;SBJV;PRS;1;PL,55,55,100.0
50L_50NL_3_3,50L_50NL,3,d e t ɾ a ˈe ɾ,V;SBJV;PRS;1;PL,55,55,100.0
50L_50NL_3_4,50L_50NL,3,d e t ɾ a ˈe ɾ,V;SBJV;PRS;1;PL,55,55,100.0
50L_50NL_3_1,50L_50NL,3,d e t ɾ a ˈe ɾ,V;SBJV;PRS;1;SG,55,55,100.0
50L_50NL_3_2,50L_50NL,3,d e t ɾ a ˈe ɾ,V;SBJV;PRS;1;SG,55,55,100.0
50L_50NL_3_3,50L_50NL,3,d e t ɾ a ˈe ɾ,V;SBJV;PRS;1;SG,55,55,100.0
50L_50NL_3_4,50L_50NL,3,d e t ɾ a ˈe ɾ,V;SBJV;PRS;1;SG,55,55,100.0
50L_50NL_3_1,50L_50NL,3,d e t ɾ a ˈe ɾ,V;SBJV;PRS;2;PL,55,55,100.0
50L_50NL_3_2,50L_50NL,3,d e t ɾ a ˈe ɾ,V;SBJV;PRS;2;PL,55,55,100.0
50L_50NL_3_3,50L_50NL,3,d e t ɾ a ˈe ɾ,V;SBJV;PRS;2;PL,55,55,100.0
50L_50NL_3_4,50L_50NL,3,d e t ɾ a ˈe ɾ,V;SBJV;PRS;2;PL,55,55,100.0
50L_50NL_3_1,50L_50NL,3,d e t ɾ a ˈe ɾ,V;SBJV;PRS;2;SG,55,55,100.0
50L_50NL_3_2,50L_50NL,3,d e t ɾ a ˈe ɾ,V;SBJV;PRS;2;SG,55,55,100.0
50L_50NL_3_3,50L_50NL,3,d e t ɾ a ˈe ɾ,V;SBJV;PRS;2;SG,55,55,100.0
50L_50NL_3_4,50L_50NL,3,d e t ɾ a ˈe ɾ,V;SBJV;PRS;2;SG,55,55,100.0
50L_50NL_3_1,50L_50NL,3,d e t ɾ a ˈe ɾ,V;SBJV;PRS;3;PL,55,55,100.0
50L_50NL_3_2,50L_50NL,3,d e t ɾ a ˈe ɾ,V;SBJV;PRS;3;PL,55,55,100.0
50L_50NL_3_3,50L_50NL,3,d e t ɾ a ˈe ɾ,V;SBJV;PRS;3;PL,55,55,100.0
50L_50NL_3_4,50L_50NL,3,d e t ɾ a ˈe ɾ,V;SBJV;PRS;3;PL,55,55,100.0
50L_50NL_3_1,50L_50NL,3,d e t ɾ a ˈe ɾ,V;SBJV;PRS;3;SG,55,55,100.0
50L_50NL_3_2,50L_50NL,3,d e t ɾ a ˈe ɾ,V;SBJV;PRS;3;SG,55,55,100.0
50L_50NL_3_3,50L_50NL,3,d e t ɾ a ˈe ɾ,V;SBJV;PRS;3;SG,55,55,100.0
50L_50NL_3_4,50L_50NL,3,d e t ɾ a ˈe ɾ,V;SBJV;PRS;3;SG,55,55,100.0
50L_50NL_3_1,50L_50NL,3,e k i b a l ˈe ɾ,V;IND;PRS;1;PL,51,55,92.73
50L_50NL_3_2,50L_50NL,3,e k i b a l ˈe ɾ,V;IND;PRS;1;PL,10,55,18.18
50L_50NL_3_3,50L_50NL,3,e k i b a l ˈe ɾ,V;IND;PRS;1;PL,49,55,89.09
50L_50NL_3_4,50L_50NL,3,e k i b a l ˈe ɾ,V;IND;PRS;1;PL,35,55,63.64
50L_50NL_3_1,50L_50NL,3,e k i b a l ˈe ɾ,V;IND;PRS;1;SG,29,55,52.73
50L_50NL_3_2,50L_50NL,3,e k i b a l ˈe ɾ,V;IND;PRS;1;SG,48,55,87.27
50L_50NL_3_3,50L_50NL,3,e k i b a l ˈe ɾ,V;IND;PRS;1;SG,45,55,81.82
50L_50NL_3_4,50L_50NL,3,e k i b a l ˈe ɾ,V;IND;PRS;1;SG,42,55,76.36
50L_50NL_3_1,50L_50NL,3,e k i b a l ˈe ɾ,V;IND;PRS;2;PL,46,55,83.64
50L_50NL_3_2,50L_50NL,3,e k i b a l ˈe ɾ,V;IND;PRS;2;PL,6,55,10.91
50L_50NL_3_3,50L_50NL,3,e k i b a l ˈe ɾ,V;IND;PRS;2;PL,49,55,89.09
50L_50NL_3_4,50L_50NL,3,e k i b a l ˈe ɾ,V;IND;PRS;2;PL,38,55,69.09
50L_50NL_3_1,50L_50NL,3,e k i b a l ˈe ɾ,V;IND;PRS;2;SG,52,55,94.55
50L_50NL_3_2,50L_50NL,3,e k i b a l ˈe ɾ,V;IND;PRS;2;SG,17,55,30.91
50L_50NL_3_3,50L_50NL,3,e k i b a l ˈe ɾ,V;IND;PRS;2;SG,49,55,89.09
50L_50NL_3_4,50L_50NL,3,e k i b a l ˈe ɾ,V;IND;PRS;2;SG,25,55,45.45
50L_50NL_3_1,50L_50NL,3,e k i b a l ˈe ɾ,V;IND;PRS;3;PL,53,55,96.36
50L_50NL_3_2,50L_50NL,3,e k i b a l ˈe ɾ,V;IND;PRS;3;PL,17,55,30.91
50L_50NL_3_3,50L_50NL,3,e k i b a l ˈe ɾ,V;IND;PRS;3;PL,52,55,94.55
50L_50NL_3_4,50L_50NL,3,e k i b a l ˈe ɾ,V;IND;PRS;3;PL,20,55,36.36
50L_50NL_3_1,50L_50NL,3,e k i b a l ˈe ɾ,V;IND;PRS;3;SG,50,55,90.91
50L_50NL_3_2,50L_50NL,3,e k i b a l ˈe ɾ,V;IND;PRS;3;SG,6,55,10.91
50L_50NL_3_3,50L_50NL,3,e k i b a l ˈe ɾ,V;IND;PRS;3;SG,41,55,74.55
50L_50NL_3_4,50L_50NL,3,e k i b a l ˈe ɾ,V;IND;PRS;3;SG,17,55,30.91
50L_50NL_3_1,50L_50NL,3,e k i b a l ˈe ɾ,V;SBJV;PRS;1;PL,39,55,70.91
50L_50NL_3_2,50L_50NL,3,e k i b a l ˈe ɾ,V;SBJV;PRS;1;PL,51,55,92.73
50L_50NL_3_3,50L_50NL,3,e k i b a l ˈe ɾ,V;SBJV;PRS;1;PL,44,55,80.0
50L_50NL_3_4,50L_50NL,3,e k i b a l ˈe ɾ,V;SBJV;PRS;1;PL,36,55,65.45
50L_50NL_3_1,50L_50NL,3,e k i b a l ˈe ɾ,V;SBJV;PRS;1;SG,28,55,50.91
50L_50NL_3_2,50L_50NL,3,e k i b a l ˈe ɾ,V;SBJV;PRS;1;SG,54,55,98.18
50L_50NL_3_3,50L_50NL,3,e k i b a l ˈe ɾ,V;SBJV;PRS;1;SG,45,55,81.82
50L_50NL_3_4,50L_50NL,3,e k i b a l ˈe ɾ,V;SBJV;PRS;1;SG,49,55,89.09
50L_50NL_3_1,50L_50NL,3,e k i b a l ˈe ɾ,V;SBJV;PRS;2;PL,20,55,36.36
50L_50NL_3_2,50L_50NL,3,e k i b a l ˈe ɾ,V;SBJV;PRS;2;PL,7,55,12.73
50L_50NL_3_3,50L_50NL,3,e k i b a l ˈe ɾ,V;SBJV;PRS;2;PL,7,55,12.73
50L_50NL_3_4,50L_50NL,3,e k i b a l ˈe ɾ,V;SBJV;PRS;2;PL,14,55,25.45
50L_50NL_3_1,50L_50NL,3,e k i b a l ˈe ɾ,V;SBJV;PRS;2;SG,30,55,54.55
50L_50NL_3_2,50L_50NL,3,e k i b a l ˈe ɾ,V;SBJV;PRS;2;SG,52,55,94.55
50L_50NL_3_3,50L_50NL,3,e k i b a l ˈe ɾ,V;SBJV;PRS;2;SG,45,55,81.82
50L_50NL_3_4,50L_50NL,3,e k i b a l ˈe ɾ,V;SBJV;PRS;2;SG,51,55,92.73
50L_50NL_3_1,50L_50NL,3,e k i b a l ˈe ɾ,V;SBJV;PRS;3;PL,29,55,52.73
50L_50NL_3_2,50L_50NL,3,e k i b a l ˈe ɾ,V;SBJV;PRS;3;PL,54,55,98.18
50L_50NL_3_3,50L_50NL,3,e k i b a l ˈe ɾ,V;SBJV;PRS;3;PL,45,55,81.82
50L_50NL_3_4,50L_50NL,3,e k i b a l ˈe ɾ,V;SBJV;PRS;3;PL,49,55,89.09
50L_50NL_3_1,50L_50NL,3,e k i b a l ˈe ɾ,V;SBJV;PRS;3;SG,28,55,50.91
50L_50NL_3_2,50L_50NL,3,e k i b a l ˈe ɾ,V;SBJV;PRS;3;SG,55,55,100.0
50L_50NL_3_3,50L_50NL,3,e k i b a l ˈe ɾ,V;SBJV;PRS;3;SG,45,55,81.82
50L_50NL_3_4,50L_50NL,3,e k i b a l ˈe ɾ,V;SBJV;PRS;3;SG,49,55,89.09
50L_50NL_3_1,50L_50NL,3,e k s t ɾ a ˈe ɾ,V;IND;PRS;1;PL,55,55,100.0
50L_50NL_3_2,50L_50NL,3,e k s t ɾ a ˈe ɾ,V;IND;PRS;1;PL,55,55,100.0
50L_50NL_3_3,50L_50NL,3,e k s t ɾ a ˈe ɾ,V;IND;PRS;1;PL,55,55,100.0
50L_50NL_3_4,50L_50NL,3,e k s t ɾ a ˈe ɾ,V;IND;PRS;1;PL,55,55,100.0
50L_50NL_3_1,50L_50NL,3,e k s t ɾ a ˈe ɾ,V;IND;PRS;1;SG,55,55,100.0
50L_50NL_3_2,50L_50NL,3,e k s t ɾ a ˈe ɾ,V;IND;PRS;1;SG,55,55,100.0
50L_50NL_3_3,50L_50NL,3,e k s t ɾ a ˈe ɾ,V;IND;PRS;1;SG,55,55,100.0
50L_50NL_3_4,50L_50NL,3,e k s t ɾ a ˈe ɾ,V;IND;PRS;1;SG,55,55,100.0
50L_50NL_3_1,50L_50NL,3,e k s t ɾ a ˈe ɾ,V;IND;PRS;2;PL,54,55,98.18
50L_50NL_3_2,50L_50NL,3,e k s t ɾ a ˈe ɾ,V;IND;PRS;2;PL,55,55,100.0
50L_50NL_3_3,50L_50NL,3,e k s t ɾ a ˈe ɾ,V;IND;PRS;2;PL,55,55,100.0
50L_50NL_3_4,50L_50NL,3,e k s t ɾ a ˈe ɾ,V;IND;PRS;2;PL,55,55,100.0
50L_50NL_3_1,50L_50NL,3,e k s t ɾ a ˈe ɾ,V;IND;PRS;2;SG,55,55,100.0
50L_50NL_3_2,50L_50NL,3,e k s t ɾ a ˈe ɾ,V;IND;PRS;2;SG,55,55,100.0
50L_50NL_3_3,50L_50NL,3,e k s t ɾ a ˈe ɾ,V;IND;PRS;2;SG,55,55,100.0
50L_50NL_3_4,50L_50NL,3,e k s t ɾ a ˈe ɾ,V;IND;PRS;2;SG,55,55,100.0
50L_50NL_3_1,50L_50NL,3,e k s t ɾ a ˈe ɾ,V;IND;PRS;3;PL,55,55,100.0
50L_50NL_3_2,50L_50NL,3,e k s t ɾ a ˈe ɾ,V;IND;PRS;3;PL,54,55,98.18
50L_50NL_3_3,50L_50NL,3,e k s t ɾ a ˈe ɾ,V;IND;PRS;3;PL,55,55,100.0
50L_50NL_3_4,50L_50NL,3,e k s t ɾ a ˈe ɾ,V;IND;PRS;3;PL,55,55,100.0
50L_50NL_3_1,50L_50NL,3,e k s t ɾ a ˈe ɾ,V;IND;PRS;3;SG,55,55,100.0
50L_50NL_3_2,50L_50NL,3,e k s t ɾ a ˈe ɾ,V;IND;PRS;3;SG,54,55,98.18
50L_50NL_3_3,50L_50NL,3,e k s t ɾ a ˈe ɾ,V;IND;PRS;3;SG,55,55,100.0
50L_50NL_3_4,50L_50NL,3,e k s t ɾ a ˈe ɾ,V;IND;PRS;3;SG,55,55,100.0
50L_50NL_3_1,50L_50NL,3,e k s t ɾ a ˈe ɾ,V;SBJV;PRS;1;PL,55,55,100.0
50L_50NL_3_2,50L_50NL,3,e k s t ɾ a ˈe ɾ,V;SBJV;PRS;1;PL,55,55,100.0
50L_50NL_3_3,50L_50NL,3,e k s t ɾ a ˈe ɾ,V;SBJV;PRS;1;PL,55,55,100.0
50L_50NL_3_4,50L_50NL,3,e k s t ɾ a ˈe ɾ,V;SBJV;PRS;1;PL,55,55,100.0
50L_50NL_3_1,50L_50NL,3,e k s t ɾ a ˈe ɾ,V;SBJV;PRS;1;SG,55,55,100.0
50L_50NL_3_2,50L_50NL,3,e k s t ɾ a ˈe ɾ,V;SBJV;PRS;1;SG,55,55,100.0
50L_50NL_3_3,50L_50NL,3,e k s t ɾ a ˈe ɾ,V;SBJV;PRS;1;SG,55,55,100.0
50L_50NL_3_4,50L_50NL,3,e k s t ɾ a ˈe ɾ,V;SBJV;PRS;1;SG,55,55,100.0
50L_50NL_3_1,50L_50NL,3,e k s t ɾ a ˈe ɾ,V;SBJV;PRS;2;PL,55,55,100.0
50L_50NL_3_2,50L_50NL,3,e k s t ɾ a ˈe ɾ,V;SBJV;PRS;2;PL,55,55,100.0
50L_50NL_3_3,50L_50NL,3,e k s t ɾ a ˈe ɾ,V;SBJV;PRS;2;PL,55,55,100.0
50L_50NL_3_4,50L_50NL,3,e k s t ɾ a ˈe ɾ,V;SBJV;PRS;2;PL,55,55,100.0
50L_50NL_3_1,50L_50NL,3,e k s t ɾ a ˈe ɾ,V;SBJV;PRS;2;SG,55,55,100.0
50L_50NL_3_2,50L_50NL,3,e k s t ɾ a ˈe ɾ,V;SBJV;PRS;2;SG,55,55,100.0
50L_50NL_3_3,50L_50NL,3,e k s t ɾ a ˈe ɾ,V;SBJV;PRS;2;SG,55,55,100.0
50L_50NL_3_4,50L_50NL,3,e k s t ɾ a ˈe ɾ,V;SBJV;PRS;2;SG,55,55,100.0
50L_50NL_3_1,50L_50NL,3,e k s t ɾ a ˈe ɾ,V;SBJV;PRS;3;PL,55,55,100.0
50L_50NL_3_2,50L_50NL,3,e k s t ɾ a ˈe ɾ,V;SBJV;PRS;3;PL,55,55,100.0
50L_50NL_3_3,50L_50NL,3,e k s t ɾ a ˈe ɾ,V;SBJV;PRS;3;PL,55,55,100.0
50L_50NL_3_4,50L_50NL,3,e k s t ɾ a ˈe ɾ,V;SBJV;PRS;3;PL,55,55,100.0
50L_50NL_3_1,50L_50NL,3,e k s t ɾ a ˈe ɾ,V;SBJV;PRS;3;SG,55,55,100.0
50L_50NL_3_2,50L_50NL,3,e k s t ɾ a ˈe ɾ,V;SBJV;PRS;3;SG,55,55,100.0
50L_50NL_3_3,50L_50NL,3,e k s t ɾ a ˈe ɾ,V;SBJV;PRS;3;SG,55,55,100.0
50L_50NL_3_4,50L_50NL,3,e k s t ɾ a ˈe ɾ,V;SBJV;PRS;3;SG,55,55,100.0
50L_50NL_3_1,50L_50NL,3,e n b i l e s ˈe ɾ,V;IND;PRS;1;PL,55,55,100.0
50L_50NL_3_2,50L_50NL,3,e n b i l e s ˈe ɾ,V;IND;PRS;1;PL,55,55,100.0
50L_50NL_3_3,50L_50NL,3,e n b i l e s ˈe ɾ,V;IND;PRS;1;PL,55,55,100.0
50L_50NL_3_4,50L_50NL,3,e n b i l e s ˈe ɾ,V;IND;PRS;1;PL,55,55,100.0
50L_50NL_3_1,50L_50NL,3,e n b i l e s ˈe ɾ,V;IND;PRS;1;SG,55,55,100.0
50L_50NL_3_2,50L_50NL,3,e n b i l e s ˈe ɾ,V;IND;PRS;1;SG,55,55,100.0
50L_50NL_3_3,50L_50NL,3,e n b i l e s ˈe ɾ,V;IND;PRS;1;SG,55,55,100.0
50L_50NL_3_4,50L_50NL,3,e n b i l e s ˈe ɾ,V;IND;PRS;1;SG,55,55,100.0
50L_50NL_3_1,50L_50NL,3,e n b i l e s ˈe ɾ,V;IND;PRS;2;PL,55,55,100.0
50L_50NL_3_2,50L_50NL,3,e n b i l e s ˈe ɾ,V;IND;PRS;2;PL,55,55,100.0
50L_50NL_3_3,50L_50NL,3,e n b i l e s ˈe ɾ,V;IND;PRS;2;PL,55,55,100.0
50L_50NL_3_4,50L_50NL,3,e n b i l e s ˈe ɾ,V;IND;PRS;2;PL,55,55,100.0
50L_50NL_3_1,50L_50NL,3,e n b i l e s ˈe ɾ,V;IND;PRS;2;SG,55,55,100.0
50L_50NL_3_2,50L_50NL,3,e n b i l e s ˈe ɾ,V;IND;PRS;2;SG,55,55,100.0
50L_50NL_3_3,50L_50NL,3,e n b i l e s ˈe ɾ,V;IND;PRS;2;SG,55,55,100.0
50L_50NL_3_4,50L_50NL,3,e n b i l e s ˈe ɾ,V;IND;PRS;2;SG,55,55,100.0
50L_50NL_3_1,50L_50NL,3,e n b i l e s ˈe ɾ,V;IND;PRS;3;PL,55,55,100.0
50L_50NL_3_2,50L_50NL,3,e n b i l e s ˈe ɾ,V;IND;PRS;3;PL,55,55,100.0
50L_50NL_3_3,50L_50NL,3,e n b i l e s ˈe ɾ,V;IND;PRS;3;PL,55,55,100.0
50L_50NL_3_4,50L_50NL,3,e n b i l e s ˈe ɾ,V;IND;PRS;3;PL,55,55,100.0
50L_50NL_3_1,50L_50NL,3,e n b i l e s ˈe ɾ,V;IND;PRS;3;SG,55,55,100.0
50L_50NL_3_2,50L_50NL,3,e n b i l e s ˈe ɾ,V;IND;PRS;3;SG,55,55,100.0
50L_50NL_3_3,50L_50NL,3,e n b i l e s ˈe ɾ,V;IND;PRS;3;SG,55,55,100.0
50L_50NL_3_4,50L_50NL,3,e n b i l e s ˈe ɾ,V;IND;PRS;3;SG,55,55,100.0
50L_50NL_3_1,50L_50NL,3,e n b i l e s ˈe ɾ,V;SBJV;PRS;1;PL,55,55,100.0
50L_50NL_3_2,50L_50NL,3,e n b i l e s ˈe ɾ,V;SBJV;PRS;1;PL,55,55,100.0
50L_50NL_3_3,50L_50NL,3,e n b i l e s ˈe ɾ,V;SBJV;PRS;1;PL,55,55,100.0
50L_50NL_3_4,50L_50NL,3,e n b i l e s ˈe ɾ,V;SBJV;PRS;1;PL,55,55,100.0
50L_50NL_3_1,50L_50NL,3,e n b i l e s ˈe ɾ,V;SBJV;PRS;1;SG,55,55,100.0
50L_50NL_3_2,50L_50NL,3,e n b i l e s ˈe ɾ,V;SBJV;PRS;1;SG,55,55,100.0
50L_50NL_3_3,50L_50NL,3,e n b i l e s ˈe ɾ,V;SBJV;PRS;1;SG,55,55,100.0
50L_50NL_3_4,50L_50NL,3,e n b i l e s ˈe ɾ,V;SBJV;PRS;1;SG,55,55,100.0
50L_50NL_3_1,50L_50NL,3,e n b i l e s ˈe ɾ,V;SBJV;PRS;2;PL,55,55,100.0
50L_50NL_3_2,50L_50NL,3,e n b i l e s ˈe ɾ,V;SBJV;PRS;2;PL,55,55,100.0
50L_50NL_3_3,50L_50NL,3,e n b i l e s ˈe ɾ,V;SBJV;PRS;2;PL,55,55,100.0
50L_50NL_3_4,50L_50NL,3,e n b i l e s ˈe ɾ,V;SBJV;PRS;2;PL,55,55,100.0
50L_50NL_3_1,50L_50NL,3,e n b i l e s ˈe ɾ,V;SBJV;PRS;2;SG,55,55,100.0
50L_50NL_3_2,50L_50NL,3,e n b i l e s ˈe ɾ,V;SBJV;PRS;2;SG,55,55,100.0
50L_50NL_3_3,50L_50NL,3,e n b i l e s ˈe ɾ,V;SBJV;PRS;2;SG,55,55,100.0
50L_50NL_3_4,50L_50NL,3,e n b i l e s ˈe ɾ,V;SBJV;PRS;2;SG,55,55,100.0
50L_50NL_3_1,50L_50NL,3,e n b i l e s ˈe ɾ,V;SBJV;PRS;3;PL,55,55,100.0
50L_50NL_3_2,50L_50NL,3,e n b i l e s ˈe ɾ,V;SBJV;PRS;3;PL,55,55,100.0
50L_50NL_3_3,50L_50NL,3,e n b i l e s ˈe ɾ,V;SBJV;PRS;3;PL,55,55,100.0
50L_50NL_3_4,50L_50NL,3,e n b i l e s ˈe ɾ,V;SBJV;PRS;3;PL,55,55,100.0
50L_50NL_3_1,50L_50NL,3,e n b i l e s ˈe ɾ,V;SBJV;PRS;3;SG,55,55,100.0
50L_50NL_3_2,50L_50NL,3,e n b i l e s ˈe ɾ,V;SBJV;PRS;3;SG,55,55,100.0
50L_50NL_3_3,50L_50NL,3,e n b i l e s ˈe ɾ,V;SBJV;PRS;3;SG,55,55,100.0
50L_50NL_3_4,50L_50NL,3,e n b i l e s ˈe ɾ,V;SBJV;PRS;3;SG,55,55,100.0
50L_50NL_3_1,50L_50NL,3,e n f l a k e s ˈe ɾ,V;IND;PRS;1;PL,55,55,100.0
50L_50NL_3_2,50L_50NL,3,e n f l a k e s ˈe ɾ,V;IND;PRS;1;PL,55,55,100.0
50L_50NL_3_3,50L_50NL,3,e n f l a k e s ˈe ɾ,V;IND;PRS;1;PL,55,55,100.0
50L_50NL_3_4,50L_50NL,3,e n f l a k e s ˈe ɾ,V;IND;PRS;1;PL,55,55,100.0
50L_50NL_3_1,50L_50NL,3,e n f l a k e s ˈe ɾ,V;IND;PRS;1;SG,55,55,100.0
50L_50NL_3_2,50L_50NL,3,e n f l a k e s ˈe ɾ,V;IND;PRS;1;SG,55,55,100.0
50L_50NL_3_3,50L_50NL,3,e n f l a k e s ˈe ɾ,V;IND;PRS;1;SG,55,55,100.0
50L_50NL_3_4,50L_50NL,3,e n f l a k e s ˈe ɾ,V;IND;PRS;1;SG,55,55,100.0
50L_50NL_3_1,50L_50NL,3,e n f l a k e s ˈe ɾ,V;IND;PRS;2;PL,55,55,100.0
50L_50NL_3_2,50L_50NL,3,e n f l a k e s ˈe ɾ,V;IND;PRS;2;PL,55,55,100.0
50L_50NL_3_3,50L_50NL,3,e n f l a k e s ˈe ɾ,V;IND;PRS;2;PL,55,55,100.0
50L_50NL_3_4,50L_50NL,3,e n f l a k e s ˈe ɾ,V;IND;PRS;2;PL,55,55,100.0
50L_50NL_3_1,50L_50NL,3,e n f l a k e s ˈe ɾ,V;IND;PRS;2;SG,55,55,100.0
50L_50NL_3_2,50L_50NL,3,e n f l a k e s ˈe ɾ,V;IND;PRS;2;SG,55,55,100.0
50L_50NL_3_3,50L_50NL,3,e n f l a k e s ˈe ɾ,V;IND;PRS;2;SG,55,55,100.0
50L_50NL_3_4,50L_50NL,3,e n f l a k e s ˈe ɾ,V;IND;PRS;2;SG,55,55,100.0
50L_50NL_3_1,50L_50NL,3,e n f l a k e s ˈe ɾ,V;IND;PRS;3;PL,55,55,100.0
50L_50NL_3_2,50L_50NL,3,e n f l a k e s ˈe ɾ,V;IND;PRS;3;PL,55,55,100.0
50L_50NL_3_3,50L_50NL,3,e n f l a k e s ˈe ɾ,V;IND;PRS;3;PL,55,55,100.0
50L_50NL_3_4,50L_50NL,3,e n f l a k e s ˈe ɾ,V;IND;PRS;3;PL,55,55,100.0
50L_50NL_3_1,50L_50NL,3,e n f l a k e s ˈe ɾ,V;IND;PRS;3;SG,55,55,100.0
50L_50NL_3_2,50L_50NL,3,e n f l a k e s ˈe ɾ,V;IND;PRS;3;SG,55,55,100.0
50L_50NL_3_3,50L_50NL,3,e n f l a k e s ˈe ɾ,V;IND;PRS;3;SG,55,55,100.0
50L_50NL_3_4,50L_50NL,3,e n f l a k e s ˈe ɾ,V;IND;PRS;3;SG,55,55,100.0
50L_50NL_3_1,50L_50NL,3,e n f l a k e s ˈe ɾ,V;SBJV;PRS;1;PL,55,55,100.0
50L_50NL_3_2,50L_50NL,3,e n f l a k e s ˈe ɾ,V;SBJV;PRS;1;PL,55,55,100.0
50L_50NL_3_3,50L_50NL,3,e n f l a k e s ˈe ɾ,V;SBJV;PRS;1;PL,55,55,100.0
50L_50NL_3_4,50L_50NL,3,e n f l a k e s ˈe ɾ,V;SBJV;PRS;1;PL,55,55,100.0
50L_50NL_3_1,50L_50NL,3,e n f l a k e s ˈe ɾ,V;SBJV;PRS;1;SG,55,55,100.0
50L_50NL_3_2,50L_50NL,3,e n f l a k e s ˈe ɾ,V;SBJV;PRS;1;SG,55,55,100.0
50L_50NL_3_3,50L_50NL,3,e n f l a k e s ˈe ɾ,V;SBJV;PRS;1;SG,55,55,100.0
50L_50NL_3_4,50L_50NL,3,e n f l a k e s ˈe ɾ,V;SBJV;PRS;1;SG,55,55,100.0
50L_50NL_3_1,50L_50NL,3,e n f l a k e s ˈe ɾ,V;SBJV;PRS;2;PL,55,55,100.0
50L_50NL_3_2,50L_50NL,3,e n f l a k e s ˈe ɾ,V;SBJV;PRS;2;PL,55,55,100.0
50L_50NL_3_3,50L_50NL,3,e n f l a k e s ˈe ɾ,V;SBJV;PRS;2;PL,55,55,100.0
50L_50NL_3_4,50L_50NL,3,e n f l a k e s ˈe ɾ,V;SBJV;PRS;2;PL,55,55,100.0
50L_50NL_3_1,50L_50NL,3,e n f l a k e s ˈe ɾ,V;SBJV;PRS;2;SG,55,55,100.0
50L_50NL_3_2,50L_50NL,3,e n f l a k e s ˈe ɾ,V;SBJV;PRS;2;SG,55,55,100.0
50L_50NL_3_3,50L_50NL,3,e n f l a k e s ˈe ɾ,V;SBJV;PRS;2;SG,55,55,100.0
50L_50NL_3_4,50L_50NL,3,e n f l a k e s ˈe ɾ,V;SBJV;PRS;2;SG,55,55,100.0
50L_50NL_3_1,50L_50NL,3,e n f l a k e s ˈe ɾ,V;SBJV;PRS;3;PL,55,55,100.0
50L_50NL_3_2,50L_50NL,3,e n f l a k e s ˈe ɾ,V;SBJV;PRS;3;PL,55,55,100.0
50L_50NL_3_3,50L_50NL,3,e n f l a k e s ˈe ɾ,V;SBJV;PRS;3;PL,55,55,100.0
50L_50NL_3_4,50L_50NL,3,e n f l a k e s ˈe ɾ,V;SBJV;PRS;3;PL,55,55,100.0
50L_50NL_3_1,50L_50NL,3,e n f l a k e s ˈe ɾ,V;SBJV;PRS;3;SG,55,55,100.0
50L_50NL_3_2,50L_50NL,3,e n f l a k e s ˈe ɾ,V;SBJV;PRS;3;SG,55,55,100.0
50L_50NL_3_3,50L_50NL,3,e n f l a k e s ˈe ɾ,V;SBJV;PRS;3;SG,55,55,100.0
50L_50NL_3_4,50L_50NL,3,e n f l a k e s ˈe ɾ,V;SBJV;PRS;3;SG,55,55,100.0
50L_50NL_3_1,50L_50NL,3,e n s o m b ɾ e s ˈe ɾ,V;IND;PRS;1;PL,55,55,100.0
50L_50NL_3_2,50L_50NL,3,e n s o m b ɾ e s ˈe ɾ,V;IND;PRS;1;PL,55,55,100.0
50L_50NL_3_3,50L_50NL,3,e n s o m b ɾ e s ˈe ɾ,V;IND;PRS;1;PL,55,55,100.0
50L_50NL_3_4,50L_50NL,3,e n s o m b ɾ e s ˈe ɾ,V;IND;PRS;1;PL,55,55,100.0
50L_50NL_3_1,50L_50NL,3,e n s o m b ɾ e s ˈe ɾ,V;IND;PRS;1;SG,55,55,100.0
50L_50NL_3_2,50L_50NL,3,e n s o m b ɾ e s ˈe ɾ,V;IND;PRS;1;SG,55,55,100.0
50L_50NL_3_3,50L_50NL,3,e n s o m b ɾ e s ˈe ɾ,V;IND;PRS;1;SG,55,55,100.0
50L_50NL_3_4,50L_50NL,3,e n s o m b ɾ e s ˈe ɾ,V;IND;PRS;1;SG,55,55,100.0
50L_50NL_3_1,50L_50NL,3,e n s o m b ɾ e s ˈe ɾ,V;IND;PRS;2;PL,55,55,100.0
50L_50NL_3_2,50L_50NL,3,e n s o m b ɾ e s ˈe ɾ,V;IND;PRS;2;PL,55,55,100.0
50L_50NL_3_3,50L_50NL,3,e n s o m b ɾ e s ˈe ɾ,V;IND;PRS;2;PL,55,55,100.0
50L_50NL_3_4,50L_50NL,3,e n s o m b ɾ e s ˈe ɾ,V;IND;PRS;2;PL,55,55,100.0
50L_50NL_3_1,50L_50NL,3,e n s o m b ɾ e s ˈe ɾ,V;IND;PRS;2;SG,55,55,100.0
50L_50NL_3_2,50L_50NL,3,e n s o m b ɾ e s ˈe ɾ,V;IND;PRS;2;SG,55,55,100.0
50L_50NL_3_3,50L_50NL,3,e n s o m b ɾ e s ˈe ɾ,V;IND;PRS;2;SG,55,55,100.0
50L_50NL_3_4,50L_50NL,3,e n s o m b ɾ e s ˈe ɾ,V;IND;PRS;2;SG,55,55,100.0
50L_50NL_3_1,50L_50NL,3,e n s o m b ɾ e s ˈe ɾ,V;IND;PRS;3;PL,55,55,100.0
50L_50NL_3_2,50L_50NL,3,e n s o m b ɾ e s ˈe ɾ,V;IND;PRS;3;PL,55,55,100.0
50L_50NL_3_3,50L_50NL,3,e n s o m b ɾ e s ˈe ɾ,V;IND;PRS;3;PL,55,55,100.0
50L_50NL_3_4,50L_50NL,3,e n s o m b ɾ e s ˈe ɾ,V;IND;PRS;3;PL,55,55,100.0
50L_50NL_3_1,50L_50NL,3,e n s o m b ɾ e s ˈe ɾ,V;IND;PRS;3;SG,55,55,100.0
50L_50NL_3_2,50L_50NL,3,e n s o m b ɾ e s ˈe ɾ,V;IND;PRS;3;SG,55,55,100.0
50L_50NL_3_3,50L_50NL,3,e n s o m b ɾ e s ˈe ɾ,V;IND;PRS;3;SG,55,55,100.0
50L_50NL_3_4,50L_50NL,3,e n s o m b ɾ e s ˈe ɾ,V;IND;PRS;3;SG,55,55,100.0
50L_50NL_3_1,50L_50NL,3,e n s o m b ɾ e s ˈe ɾ,V;SBJV;PRS;1;PL,55,55,100.0
50L_50NL_3_2,50L_50NL,3,e n s o m b ɾ e s ˈe ɾ,V;SBJV;PRS;1;PL,55,55,100.0
50L_50NL_3_3,50L_50NL,3,e n s o m b ɾ e s ˈe ɾ,V;SBJV;PRS;1;PL,55,55,100.0
50L_50NL_3_4,50L_50NL,3,e n s o m b ɾ e s ˈe ɾ,V;SBJV;PRS;1;PL,55,55,100.0
50L_50NL_3_1,50L_50NL,3,e n s o m b ɾ e s ˈe ɾ,V;SBJV;PRS;1;SG,55,55,100.0
50L_50NL_3_2,50L_50NL,3,e n s o m b ɾ e s ˈe ɾ,V;SBJV;PRS;1;SG,55,55,100.0
50L_50NL_3_3,50L_50NL,3,e n s o m b ɾ e s ˈe ɾ,V;SBJV;PRS;1;SG,55,55,100.0
50L_50NL_3_4,50L_50NL,3,e n s o m b ɾ e s ˈe ɾ,V;SBJV;PRS;1;SG,55,55,100.0
50L_50NL_3_1,50L_50NL,3,e n s o m b ɾ e s ˈe ɾ,V;SBJV;PRS;2;PL,55,55,100.0
50L_50NL_3_2,50L_50NL,3,e n s o m b ɾ e s ˈe ɾ,V;SBJV;PRS;2;PL,55,55,100.0
50L_50NL_3_3,50L_50NL,3,e n s o m b ɾ e s ˈe ɾ,V;SBJV;PRS;2;PL,55,55,100.0
50L_50NL_3_4,50L_50NL,3,e n s o m b ɾ e s ˈe ɾ,V;SBJV;PRS;2;PL,55,55,100.0
50L_50NL_3_1,50L_50NL,3,e n s o m b ɾ e s ˈe ɾ,V;SBJV;PRS;2;SG,55,55,100.0
50L_50NL_3_2,50L_50NL,3,e n s o m b ɾ e s ˈe ɾ,V;SBJV;PRS;2;SG,55,55,100.0
50L_50NL_3_3,50L_50NL,3,e n s o m b ɾ e s ˈe ɾ,V;SBJV;PRS;2;SG,55,55,100.0
50L_50NL_3_4,50L_50NL,3,e n s o m b ɾ e s ˈe ɾ,V;SBJV;PRS;2;SG,55,55,100.0
50L_50NL_3_1,50L_50NL,3,e n s o m b ɾ e s ˈe ɾ,V;SBJV;PRS;3;PL,55,55,100.0
50L_50NL_3_2,50L_50NL,3,e n s o m b ɾ e s ˈe ɾ,V;SBJV;PRS;3;PL,55,55,100.0
50L_50NL_3_3,50L_50NL,3,e n s o m b ɾ e s ˈe ɾ,V;SBJV;PRS;3;PL,55,55,100.0
50L_50NL_3_4,50L_50NL,3,e n s o m b ɾ e s ˈe ɾ,V;SBJV;PRS;3;PL,55,55,100.0
50L_50NL_3_1,50L_50NL,3,e n s o m b ɾ e s ˈe ɾ,V;SBJV;PRS;3;SG,55,55,100.0
50L_50NL_3_2,50L_50NL,3,e n s o m b ɾ e s ˈe ɾ,V;SBJV;PRS;3;SG,55,55,100.0
50L_50NL_3_3,50L_50NL,3,e n s o m b ɾ e s ˈe ɾ,V;SBJV;PRS;3;SG,55,55,100.0
50L_50NL_3_4,50L_50NL,3,e n s o m b ɾ e s ˈe ɾ,V;SBJV;PRS;3;SG,55,55,100.0
50L_50NL_3_1,50L_50NL,3,e n t e ɾ n e s ˈe ɾ,V;IND;PRS;1;PL,55,55,100.0
50L_50NL_3_2,50L_50NL,3,e n t e ɾ n e s ˈe ɾ,V;IND;PRS;1;PL,55,55,100.0
50L_50NL_3_3,50L_50NL,3,e n t e ɾ n e s ˈe ɾ,V;IND;PRS;1;PL,55,55,100.0
50L_50NL_3_4,50L_50NL,3,e n t e ɾ n e s ˈe ɾ,V;IND;PRS;1;PL,55,55,100.0
50L_50NL_3_1,50L_50NL,3,e n t e ɾ n e s ˈe ɾ,V;IND;PRS;1;SG,55,55,100.0
50L_50NL_3_2,50L_50NL,3,e n t e ɾ n e s ˈe ɾ,V;IND;PRS;1;SG,55,55,100.0
50L_50NL_3_3,50L_50NL,3,e n t e ɾ n e s ˈe ɾ,V;IND;PRS;1;SG,55,55,100.0
50L_50NL_3_4,50L_50NL,3,e n t e ɾ n e s ˈe ɾ,V;IND;PRS;1;SG,55,55,100.0
50L_50NL_3_1,50L_50NL,3,e n t e ɾ n e s ˈe ɾ,V;IND;PRS;2;PL,55,55,100.0
50L_50NL_3_2,50L_50NL,3,e n t e ɾ n e s ˈe ɾ,V;IND;PRS;2;PL,55,55,100.0
50L_50NL_3_3,50L_50NL,3,e n t e ɾ n e s ˈe ɾ,V;IND;PRS;2;PL,55,55,100.0
50L_50NL_3_4,50L_50NL,3,e n t e ɾ n e s ˈe ɾ,V;IND;PRS;2;PL,55,55,100.0
50L_50NL_3_1,50L_50NL,3,e n t e ɾ n e s ˈe ɾ,V;IND;PRS;2;SG,55,55,100.0
50L_50NL_3_2,50L_50NL,3,e n t e ɾ n e s ˈe ɾ,V;IND;PRS;2;SG,55,55,100.0
50L_50NL_3_3,50L_50NL,3,e n t e ɾ n e s ˈe ɾ,V;IND;PRS;2;SG,55,55,100.0
50L_50NL_3_4,50L_50NL,3,e n t e ɾ n e s ˈe ɾ,V;IND;PRS;2;SG,55,55,100.0
50L_50NL_3_1,50L_50NL,3,e n t e ɾ n e s ˈe ɾ,V;IND;PRS;3;PL,55,55,100.0
50L_50NL_3_2,50L_50NL,3,e n t e ɾ n e s ˈe ɾ,V;IND;PRS;3;PL,55,55,100.0
50L_50NL_3_3,50L_50NL,3,e n t e ɾ n e s ˈe ɾ,V;IND;PRS;3;PL,55,55,100.0
50L_50NL_3_4,50L_50NL,3,e n t e ɾ n e s ˈe ɾ,V;IND;PRS;3;PL,55,55,100.0
50L_50NL_3_1,50L_50NL,3,e n t e ɾ n e s ˈe ɾ,V;IND;PRS;3;SG,55,55,100.0
50L_50NL_3_2,50L_50NL,3,e n t e ɾ n e s ˈe ɾ,V;IND;PRS;3;SG,55,55,100.0
50L_50NL_3_3,50L_50NL,3,e n t e ɾ n e s ˈe ɾ,V;IND;PRS;3;SG,55,55,100.0
50L_50NL_3_4,50L_50NL,3,e n t e ɾ n e s ˈe ɾ,V;IND;PRS;3;SG,55,55,100.0
50L_50NL_3_1,50L_50NL,3,e n t e ɾ n e s ˈe ɾ,V;SBJV;PRS;1;PL,55,55,100.0
50L_50NL_3_2,50L_50NL,3,e n t e ɾ n e s ˈe ɾ,V;SBJV;PRS;1;PL,55,55,100.0
50L_50NL_3_3,50L_50NL,3,e n t e ɾ n e s ˈe ɾ,V;SBJV;PRS;1;PL,55,55,100.0
50L_50NL_3_4,50L_50NL,3,e n t e ɾ n e s ˈe ɾ,V;SBJV;PRS;1;PL,55,55,100.0
50L_50NL_3_1,50L_50NL,3,e n t e ɾ n e s ˈe ɾ,V;SBJV;PRS;1;SG,55,55,100.0
50L_50NL_3_2,50L_50NL,3,e n t e ɾ n e s ˈe ɾ,V;SBJV;PRS;1;SG,55,55,100.0
50L_50NL_3_3,50L_50NL,3,e n t e ɾ n e s ˈe ɾ,V;SBJV;PRS;1;SG,55,55,100.0
50L_50NL_3_4,50L_50NL,3,e n t e ɾ n e s ˈe ɾ,V;SBJV;PRS;1;SG,55,55,100.0
50L_50NL_3_1,50L_50NL,3,e n t e ɾ n e s ˈe ɾ,V;SBJV;PRS;2;PL,55,55,100.0
50L_50NL_3_2,50L_50NL,3,e n t e ɾ n e s ˈe ɾ,V;SBJV;PRS;2;PL,55,55,100.0
50L_50NL_3_3,50L_50NL,3,e n t e ɾ n e s ˈe ɾ,V;SBJV;PRS;2;PL,55,55,100.0
50L_50NL_3_4,50L_50NL,3,e n t e ɾ n e s ˈe ɾ,V;SBJV;PRS;2;PL,55,55,100.0
50L_50NL_3_1,50L_50NL,3,e n t e ɾ n e s ˈe ɾ,V;SBJV;PRS;2;SG,55,55,100.0
50L_50NL_3_2,50L_50NL,3,e n t e ɾ n e s ˈe ɾ,V;SBJV;PRS;2;SG,55,55,100.0
50L_50NL_3_3,50L_50NL,3,e n t e ɾ n e s ˈe ɾ,V;SBJV;PRS;2;SG,55,55,100.0
50L_50NL_3_4,50L_50NL,3,e n t e ɾ n e s ˈe ɾ,V;SBJV;PRS;2;SG,55,55,100.0
50L_50NL_3_1,50L_50NL,3,e n t e ɾ n e s ˈe ɾ,V;SBJV;PRS;3;PL,55,55,100.0
50L_50NL_3_2,50L_50NL,3,e n t e ɾ n e s ˈe ɾ,V;SBJV;PRS;3;PL,55,55,100.0
50L_50NL_3_3,50L_50NL,3,e n t e ɾ n e s ˈe ɾ,V;SBJV;PRS;3;PL,55,55,100.0
50L_50NL_3_4,50L_50NL,3,e n t e ɾ n e s ˈe ɾ,V;SBJV;PRS;3;PL,55,55,100.0
50L_50NL_3_1,50L_50NL,3,e n t e ɾ n e s ˈe ɾ,V;SBJV;PRS;3;SG,55,55,100.0
50L_50NL_3_2,50L_50NL,3,e n t e ɾ n e s ˈe ɾ,V;SBJV;PRS;3;SG,55,55,100.0
50L_50NL_3_3,50L_50NL,3,e n t e ɾ n e s ˈe ɾ,V;SBJV;PRS;3;SG,55,55,100.0
50L_50NL_3_4,50L_50NL,3,e n t e ɾ n e s ˈe ɾ,V;SBJV;PRS;3;SG,55,55,100.0
50L_50NL_3_1,50L_50NL,3,e s k a ɾ n e s ˈe ɾ,V;IND;PRS;1;PL,55,55,100.0
50L_50NL_3_2,50L_50NL,3,e s k a ɾ n e s ˈe ɾ,V;IND;PRS;1;PL,55,55,100.0
50L_50NL_3_3,50L_50NL,3,e s k a ɾ n e s ˈe ɾ,V;IND;PRS;1;PL,55,55,100.0
50L_50NL_3_4,50L_50NL,3,e s k a ɾ n e s ˈe ɾ,V;IND;PRS;1;PL,39,55,70.91
50L_50NL_3_1,50L_50NL,3,e s k a ɾ n e s ˈe ɾ,V;IND;PRS;1;SG,55,55,100.0
50L_50NL_3_2,50L_50NL,3,e s k a ɾ n e s ˈe ɾ,V;IND;PRS;1;SG,55,55,100.0
50L_50NL_3_3,50L_50NL,3,e s k a ɾ n e s ˈe ɾ,V;IND;PRS;1;SG,55,55,100.0
50L_50NL_3_4,50L_50NL,3,e s k a ɾ n e s ˈe ɾ,V;IND;PRS;1;SG,33,55,60.0
50L_50NL_3_1,50L_50NL,3,e s k a ɾ n e s ˈe ɾ,V;IND;PRS;2;PL,55,55,100.0
50L_50NL_3_2,50L_50NL,3,e s k a ɾ n e s ˈe ɾ,V;IND;PRS;2;PL,55,55,100.0
50L_50NL_3_3,50L_50NL,3,e s k a ɾ n e s ˈe ɾ,V;IND;PRS;2;PL,55,55,100.0
50L_50NL_3_4,50L_50NL,3,e s k a ɾ n e s ˈe ɾ,V;IND;PRS;2;PL,48,55,87.27
50L_50NL_3_1,50L_50NL,3,e s k a ɾ n e s ˈe ɾ,V;IND;PRS;2;SG,55,55,100.0
50L_50NL_3_2,50L_50NL,3,e s k a ɾ n e s ˈe ɾ,V;IND;PRS;2;SG,55,55,100.0
50L_50NL_3_3,50L_50NL,3,e s k a ɾ n e s ˈe ɾ,V;IND;PRS;2;SG,55,55,100.0
50L_50NL_3_4,50L_50NL,3,e s k a ɾ n e s ˈe ɾ,V;IND;PRS;2;SG,33,55,60.0
50L_50NL_3_1,50L_50NL,3,e s k a ɾ n e s ˈe ɾ,V;IND;PRS;3;PL,55,55,100.0
50L_50NL_3_2,50L_50NL,3,e s k a ɾ n e s ˈe ɾ,V;IND;PRS;3;PL,55,55,100.0
50L_50NL_3_3,50L_50NL,3,e s k a ɾ n e s ˈe ɾ,V;IND;PRS;3;PL,55,55,100.0
50L_50NL_3_4,50L_50NL,3,e s k a ɾ n e s ˈe ɾ,V;IND;PRS;3;PL,31,55,56.36
50L_50NL_3_1,50L_50NL,3,e s k a ɾ n e s ˈe ɾ,V;IND;PRS;3;SG,55,55,100.0
50L_50NL_3_2,50L_50NL,3,e s k a ɾ n e s ˈe ɾ,V;IND;PRS;3;SG,55,55,100.0
50L_50NL_3_3,50L_50NL,3,e s k a ɾ n e s ˈe ɾ,V;IND;PRS;3;SG,55,55,100.0
50L_50NL_3_4,50L_50NL,3,e s k a ɾ n e s ˈe ɾ,V;IND;PRS;3;SG,37,55,67.27
50L_50NL_3_1,50L_50NL,3,e s k a ɾ n e s ˈe ɾ,V;SBJV;PRS;1;PL,55,55,100.0
50L_50NL_3_2,50L_50NL,3,e s k a ɾ n e s ˈe ɾ,V;SBJV;PRS;1;PL,55,55,100.0
50L_50NL_3_3,50L_50NL,3,e s k a ɾ n e s ˈe ɾ,V;SBJV;PRS;1;PL,55,55,100.0
50L_50NL_3_4,50L_50NL,3,e s k a ɾ n e s ˈe ɾ,V;SBJV;PRS;1;PL,26,55,47.27
50L_50NL_3_1,50L_50NL,3,e s k a ɾ n e s ˈe ɾ,V;SBJV;PRS;1;SG,55,55,100.0
50L_50NL_3_2,50L_50NL,3,e s k a ɾ n e s ˈe ɾ,V;SBJV;PRS;1;SG,55,55,100.0
50L_50NL_3_3,50L_50NL,3,e s k a ɾ n e s ˈe ɾ,V;SBJV;PRS;1;SG,55,55,100.0
50L_50NL_3_4,50L_50NL,3,e s k a ɾ n e s ˈe ɾ,V;SBJV;PRS;1;SG,37,55,67.27
50L_50NL_3_1,50L_50NL,3,e s k a ɾ n e s ˈe ɾ,V;SBJV;PRS;2;PL,55,55,100.0
50L_50NL_3_2,50L_50NL,3,e s k a ɾ n e s ˈe ɾ,V;SBJV;PRS;2;PL,55,55,100.0
50L_50NL_3_3,50L_50NL,3,e s k a ɾ n e s ˈe ɾ,V;SBJV;PRS;2;PL,55,55,100.0
50L_50NL_3_4,50L_50NL,3,e s k a ɾ n e s ˈe ɾ,V;SBJV;PRS;2;PL,43,55,78.18
50L_50NL_3_1,50L_50NL,3,e s k a ɾ n e s ˈe ɾ,V;SBJV;PRS;2;SG,55,55,100.0
50L_50NL_3_2,50L_50NL,3,e s k a ɾ n e s ˈe ɾ,V;SBJV;PRS;2;SG,55,55,100.0
50L_50NL_3_3,50L_50NL,3,e s k a ɾ n e s ˈe ɾ,V;SBJV;PRS;2;SG,55,55,100.0
50L_50NL_3_4,50L_50NL,3,e s k a ɾ n e s ˈe ɾ,V;SBJV;PRS;2;SG,35,55,63.64
50L_50NL_3_1,50L_50NL,3,e s k a ɾ n e s ˈe ɾ,V;SBJV;PRS;3;PL,55,55,100.0
50L_50NL_3_2,50L_50NL,3,e s k a ɾ n e s ˈe ɾ,V;SBJV;PRS;3;PL,55,55,100.0
50L_50NL_3_3,50L_50NL,3,e s k a ɾ n e s ˈe ɾ,V;SBJV;PRS;3;PL,55,55,100.0
50L_50NL_3_4,50L_50NL,3,e s k a ɾ n e s ˈe ɾ,V;SBJV;PRS;3;PL,30,55,54.55
50L_50NL_3_1,50L_50NL,3,e s k a ɾ n e s ˈe ɾ,V;SBJV;PRS;3;SG,55,55,100.0
50L_50NL_3_2,50L_50NL,3,e s k a ɾ n e s ˈe ɾ,V;SBJV;PRS;3;SG,55,55,100.0
50L_50NL_3_3,50L_50NL,3,e s k a ɾ n e s ˈe ɾ,V;SBJV;PRS;3;SG,55,55,100.0
50L_50NL_3_4,50L_50NL,3,e s k a ɾ n e s ˈe ɾ,V;SBJV;PRS;3;SG,36,55,65.45
50L_50NL_3_1,50L_50NL,3,e s p a ɾ s ˈi ɾ,V;IND;PRS;1;PL,55,55,100.0
50L_50NL_3_2,50L_50NL,3,e s p a ɾ s ˈi ɾ,V;IND;PRS;1;PL,55,55,100.0
50L_50NL_3_3,50L_50NL,3,e s p a ɾ s ˈi ɾ,V;IND;PRS;1;PL,55,55,100.0
50L_50NL_3_4,50L_50NL,3,e s p a ɾ s ˈi ɾ,V;IND;PRS;1;PL,55,55,100.0
50L_50NL_3_1,50L_50NL,3,e s p a ɾ s ˈi ɾ,V;IND;PRS;1;SG,54,55,98.18
50L_50NL_3_2,50L_50NL,3,e s p a ɾ s ˈi ɾ,V;IND;PRS;1;SG,55,55,100.0
50L_50NL_3_3,50L_50NL,3,e s p a ɾ s ˈi ɾ,V;IND;PRS;1;SG,55,55,100.0
50L_50NL_3_4,50L_50NL,3,e s p a ɾ s ˈi ɾ,V;IND;PRS;1;SG,55,55,100.0
50L_50NL_3_1,50L_50NL,3,e s p a ɾ s ˈi ɾ,V;IND;PRS;2;PL,55,55,100.0
50L_50NL_3_2,50L_50NL,3,e s p a ɾ s ˈi ɾ,V;IND;PRS;2;PL,55,55,100.0
50L_50NL_3_3,50L_50NL,3,e s p a ɾ s ˈi ɾ,V;IND;PRS;2;PL,55,55,100.0
50L_50NL_3_4,50L_50NL,3,e s p a ɾ s ˈi ɾ,V;IND;PRS;2;PL,55,55,100.0
50L_50NL_3_1,50L_50NL,3,e s p a ɾ s ˈi ɾ,V;IND;PRS;2;SG,55,55,100.0
50L_50NL_3_2,50L_50NL,3,e s p a ɾ s ˈi ɾ,V;IND;PRS;2;SG,55,55,100.0
50L_50NL_3_3,50L_50NL,3,e s p a ɾ s ˈi ɾ,V;IND;PRS;2;SG,55,55,100.0
50L_50NL_3_4,50L_50NL,3,e s p a ɾ s ˈi ɾ,V;IND;PRS;2;SG,55,55,100.0
50L_50NL_3_1,50L_50NL,3,e s p a ɾ s ˈi ɾ,V;IND;PRS;3;PL,55,55,100.0
50L_50NL_3_2,50L_50NL,3,e s p a ɾ s ˈi ɾ,V;IND;PRS;3;PL,55,55,100.0
50L_50NL_3_3,50L_50NL,3,e s p a ɾ s ˈi ɾ,V;IND;PRS;3;PL,55,55,100.0
50L_50NL_3_4,50L_50NL,3,e s p a ɾ s ˈi ɾ,V;IND;PRS;3;PL,55,55,100.0
50L_50NL_3_1,50L_50NL,3,e s p a ɾ s ˈi ɾ,V;IND;PRS;3;SG,55,55,100.0
50L_50NL_3_2,50L_50NL,3,e s p a ɾ s ˈi ɾ,V;IND;PRS;3;SG,55,55,100.0
50L_50NL_3_3,50L_50NL,3,e s p a ɾ s ˈi ɾ,V;IND;PRS;3;SG,55,55,100.0
50L_50NL_3_4,50L_50NL,3,e s p a ɾ s ˈi ɾ,V;IND;PRS;3;SG,55,55,100.0
50L_50NL_3_1,50L_50NL,3,e s p a ɾ s ˈi ɾ,V;SBJV;PRS;1;PL,55,55,100.0
50L_50NL_3_2,50L_50NL,3,e s p a ɾ s ˈi ɾ,V;SBJV;PRS;1;PL,55,55,100.0
50L_50NL_3_3,50L_50NL,3,e s p a ɾ s ˈi ɾ,V;SBJV;PRS;1;PL,55,55,100.0
50L_50NL_3_4,50L_50NL,3,e s p a ɾ s ˈi ɾ,V;SBJV;PRS;1;PL,55,55,100.0
50L_50NL_3_1,50L_50NL,3,e s p a ɾ s ˈi ɾ,V;SBJV;PRS;1;SG,55,55,100.0
50L_50NL_3_2,50L_50NL,3,e s p a ɾ s ˈi ɾ,V;SBJV;PRS;1;SG,55,55,100.0
50L_50NL_3_3,50L_50NL,3,e s p a ɾ s ˈi ɾ,V;SBJV;PRS;1;SG,55,55,100.0
50L_50NL_3_4,50L_50NL,3,e s p a ɾ s ˈi ɾ,V;SBJV;PRS;1;SG,55,55,100.0
50L_50NL_3_1,50L_50NL,3,e s p a ɾ s ˈi ɾ,V;SBJV;PRS;2;PL,55,55,100.0
50L_50NL_3_2,50L_50NL,3,e s p a ɾ s ˈi ɾ,V;SBJV;PRS;2;PL,55,55,100.0
50L_50NL_3_3,50L_50NL,3,e s p a ɾ s ˈi ɾ,V;SBJV;PRS;2;PL,55,55,100.0
50L_50NL_3_4,50L_50NL,3,e s p a ɾ s ˈi ɾ,V;SBJV;PRS;2;PL,55,55,100.0
50L_50NL_3_1,50L_50NL,3,e s p a ɾ s ˈi ɾ,V;SBJV;PRS;2;SG,55,55,100.0
50L_50NL_3_2,50L_50NL,3,e s p a ɾ s ˈi ɾ,V;SBJV;PRS;2;SG,55,55,100.0
50L_50NL_3_3,50L_50NL,3,e s p a ɾ s ˈi ɾ,V;SBJV;PRS;2;SG,55,55,100.0
50L_50NL_3_4,50L_50NL,3,e s p a ɾ s ˈi ɾ,V;SBJV;PRS;2;SG,55,55,100.0
50L_50NL_3_1,50L_50NL,3,e s p a ɾ s ˈi ɾ,V;SBJV;PRS;3;PL,55,55,100.0
50L_50NL_3_2,50L_50NL,3,e s p a ɾ s ˈi ɾ,V;SBJV;PRS;3;PL,55,55,100.0
50L_50NL_3_3,50L_50NL,3,e s p a ɾ s ˈi ɾ,V;SBJV;PRS;3;PL,55,55,100.0
50L_50NL_3_4,50L_50NL,3,e s p a ɾ s ˈi ɾ,V;SBJV;PRS;3;PL,55,55,100.0
50L_50NL_3_1,50L_50NL,3,e s p a ɾ s ˈi ɾ,V;SBJV;PRS;3;SG,55,55,100.0
50L_50NL_3_2,50L_50NL,3,e s p a ɾ s ˈi ɾ,V;SBJV;PRS;3;SG,55,55,100.0
50L_50NL_3_3,50L_50NL,3,e s p a ɾ s ˈi ɾ,V;SBJV;PRS;3;SG,55,55,100.0
50L_50NL_3_4,50L_50NL,3,e s p a ɾ s ˈi ɾ,V;SBJV;PRS;3;SG,55,55,100.0
50L_50NL_3_1,50L_50NL,3,e x e ɾ s ˈe ɾ,V;IND;PRS;1;PL,55,55,100.0
50L_50NL_3_2,50L_50NL,3,e x e ɾ s ˈe ɾ,V;IND;PRS;1;PL,0,55,0.0
50L_50NL_3_3,50L_50NL,3,e x e ɾ s ˈe ɾ,V;IND;PRS;1;PL,44,55,80.0
50L_50NL_3_4,50L_50NL,3,e x e ɾ s ˈe ɾ,V;IND;PRS;1;PL,22,55,40.0
50L_50NL_3_1,50L_50NL,3,e x e ɾ s ˈe ɾ,V;IND;PRS;1;SG,36,55,65.45
50L_50NL_3_2,50L_50NL,3,e x e ɾ s ˈe ɾ,V;IND;PRS;1;SG,55,55,100.0
50L_50NL_3_3,50L_50NL,3,e x e ɾ s ˈe ɾ,V;IND;PRS;1;SG,55,55,100.0
50L_50NL_3_4,50L_50NL,3,e x e ɾ s ˈe ɾ,V;IND;PRS;1;SG,55,55,100.0
50L_50NL_3_1,50L_50NL,3,e x e ɾ s ˈe ɾ,V;IND;PRS;2;PL,52,55,94.55
50L_50NL_3_2,50L_50NL,3,e x e ɾ s ˈe ɾ,V;IND;PRS;2;PL,0,55,0.0
50L_50NL_3_3,50L_50NL,3,e x e ɾ s ˈe ɾ,V;IND;PRS;2;PL,34,55,61.82
50L_50NL_3_4,50L_50NL,3,e x e ɾ s ˈe ɾ,V;IND;PRS;2;PL,23,55,41.82
50L_50NL_3_1,50L_50NL,3,e x e ɾ s ˈe ɾ,V;IND;PRS;2;SG,55,55,100.0
50L_50NL_3_2,50L_50NL,3,e x e ɾ s ˈe ɾ,V;IND;PRS;2;SG,55,55,100.0
50L_50NL_3_3,50L_50NL,3,e x e ɾ s ˈe ɾ,V;IND;PRS;2;SG,50,55,90.91
50L_50NL_3_4,50L_50NL,3,e x e ɾ s ˈe ɾ,V;IND;PRS;2;SG,55,55,100.0
50L_50NL_3_1,50L_50NL,3,e x e ɾ s ˈe ɾ,V;IND;PRS;3;PL,55,55,100.0
50L_50NL_3_2,50L_50NL,3,e x e ɾ s ˈe ɾ,V;IND;PRS;3;PL,55,55,100.0
50L_50NL_3_3,50L_50NL,3,e x e ɾ s ˈe ɾ,V;IND;PRS;3;PL,50,55,90.91
50L_50NL_3_4,50L_50NL,3,e x e ɾ s ˈe ɾ,V;IND;PRS;3;PL,55,55,100.0
50L_50NL_3_1,50L_50NL,3,e x e ɾ s ˈe ɾ,V;IND;PRS;3;SG,55,55,100.0
50L_50NL_3_2,50L_50NL,3,e x e ɾ s ˈe ɾ,V;IND;PRS;3;SG,55,55,100.0
50L_50NL_3_3,50L_50NL,3,e x e ɾ s ˈe ɾ,V;IND;PRS;3;SG,54,55,98.18
50L_50NL_3_4,50L_50NL,3,e x e ɾ s ˈe ɾ,V;IND;PRS;3;SG,55,55,100.0
50L_50NL_3_1,50L_50NL,3,e x e ɾ s ˈe ɾ,V;SBJV;PRS;1;PL,18,55,32.73
50L_50NL_3_2,50L_50NL,3,e x e ɾ s ˈe ɾ,V;SBJV;PRS;1;PL,0,55,0.0
50L_50NL_3_3,50L_50NL,3,e x e ɾ s ˈe ɾ,V;SBJV;PRS;1;PL,40,55,72.73
50L_50NL_3_4,50L_50NL,3,e x e ɾ s ˈe ɾ,V;SBJV;PRS;1;PL,51,55,92.73
50L_50NL_3_1,50L_50NL,3,e x e ɾ s ˈe ɾ,V;SBJV;PRS;1;SG,32,55,58.18
50L_50NL_3_2,50L_50NL,3,e x e ɾ s ˈe ɾ,V;SBJV;PRS;1;SG,55,55,100.0
50L_50NL_3_3,50L_50NL,3,e x e ɾ s ˈe ɾ,V;SBJV;PRS;1;SG,53,55,96.36
50L_50NL_3_4,50L_50NL,3,e x e ɾ s ˈe ɾ,V;SBJV;PRS;1;SG,55,55,100.0
50L_50NL_3_1,50L_50NL,3,e x e ɾ s ˈe ɾ,V;SBJV;PRS;2;PL,17,55,30.91
50L_50NL_3_2,50L_50NL,3,e x e ɾ s ˈe ɾ,V;SBJV;PRS;2;PL,0,55,0.0
50L_50NL_3_3,50L_50NL,3,e x e ɾ s ˈe ɾ,V;SBJV;PRS;2;PL,40,55,72.73
50L_50NL_3_4,50L_50NL,3,e x e ɾ s ˈe ɾ,V;SBJV;PRS;2;PL,51,55,92.73
50L_50NL_3_1,50L_50NL,3,e x e ɾ s ˈe ɾ,V;SBJV;PRS;2;SG,34,55,61.82
50L_50NL_3_2,50L_50NL,3,e x e ɾ s ˈe ɾ,V;SBJV;PRS;2;SG,55,55,100.0
50L_50NL_3_3,50L_50NL,3,e x e ɾ s ˈe ɾ,V;SBJV;PRS;2;SG,48,55,87.27
50L_50NL_3_4,50L_50NL,3,e x e ɾ s ˈe ɾ,V;SBJV;PRS;2;SG,55,55,100.0
50L_50NL_3_1,50L_50NL,3,e x e ɾ s ˈe ɾ,V;SBJV;PRS;3;PL,23,55,41.82
50L_50NL_3_2,50L_50NL,3,e x e ɾ s ˈe ɾ,V;SBJV;PRS;3;PL,55,55,100.0
50L_50NL_3_3,50L_50NL,3,e x e ɾ s ˈe ɾ,V;SBJV;PRS;3;PL,50,55,90.91
50L_50NL_3_4,50L_50NL,3,e x e ɾ s ˈe ɾ,V;SBJV;PRS;3;PL,55,55,100.0
50L_50NL_3_1,50L_50NL,3,e x e ɾ s ˈe ɾ,V;SBJV;PRS;3;SG,33,55,60.0
50L_50NL_3_2,50L_50NL,3,e x e ɾ s ˈe ɾ,V;SBJV;PRS;3;SG,55,55,100.0
50L_50NL_3_3,50L_50NL,3,e x e ɾ s ˈe ɾ,V;SBJV;PRS;3;SG,53,55,96.36
50L_50NL_3_4,50L_50NL,3,e x e ɾ s ˈe ɾ,V;SBJV;PRS;3;SG,55,55,100.0
50L_50NL_3_1,50L_50NL,3,f a b o ɾ e s ˈe ɾ,V;IND;PRS;1;PL,55,55,100.0
50L_50NL_3_2,50L_50NL,3,f a b o ɾ e s ˈe ɾ,V;IND;PRS;1;PL,55,55,100.0
50L_50NL_3_3,50L_50NL,3,f a b o ɾ e s ˈe ɾ,V;IND;PRS;1;PL,55,55,100.0
50L_50NL_3_4,50L_50NL,3,f a b o ɾ e s ˈe ɾ,V;IND;PRS;1;PL,55,55,100.0
50L_50NL_3_1,50L_50NL,3,f a b o ɾ e s ˈe ɾ,V;IND;PRS;1;SG,55,55,100.0
50L_50NL_3_2,50L_50NL,3,f a b o ɾ e s ˈe ɾ,V;IND;PRS;1;SG,55,55,100.0
50L_50NL_3_3,50L_50NL,3,f a b o ɾ e s ˈe ɾ,V;IND;PRS;1;SG,55,55,100.0
50L_50NL_3_4,50L_50NL,3,f a b o ɾ e s ˈe ɾ,V;IND;PRS;1;SG,55,55,100.0
50L_50NL_3_1,50L_50NL,3,f a b o ɾ e s ˈe ɾ,V;IND;PRS;2;PL,55,55,100.0
50L_50NL_3_2,50L_50NL,3,f a b o ɾ e s ˈe ɾ,V;IND;PRS;2;PL,55,55,100.0
50L_50NL_3_3,50L_50NL,3,f a b o ɾ e s ˈe ɾ,V;IND;PRS;2;PL,55,55,100.0
50L_50NL_3_4,50L_50NL,3,f a b o ɾ e s ˈe ɾ,V;IND;PRS;2;PL,55,55,100.0
50L_50NL_3_1,50L_50NL,3,f a b o ɾ e s ˈe ɾ,V;IND;PRS;2;SG,55,55,100.0
50L_50NL_3_2,50L_50NL,3,f a b o ɾ e s ˈe ɾ,V;IND;PRS;2;SG,55,55,100.0
50L_50NL_3_3,50L_50NL,3,f a b o ɾ e s ˈe ɾ,V;IND;PRS;2;SG,55,55,100.0
50L_50NL_3_4,50L_50NL,3,f a b o ɾ e s ˈe ɾ,V;IND;PRS;2;SG,55,55,100.0
50L_50NL_3_1,50L_50NL,3,f a b o ɾ e s ˈe ɾ,V;IND;PRS;3;PL,55,55,100.0
50L_50NL_3_2,50L_50NL,3,f a b o ɾ e s ˈe ɾ,V;IND;PRS;3;PL,55,55,100.0
50L_50NL_3_3,50L_50NL,3,f a b o ɾ e s ˈe ɾ,V;IND;PRS;3;PL,55,55,100.0
50L_50NL_3_4,50L_50NL,3,f a b o ɾ e s ˈe ɾ,V;IND;PRS;3;PL,55,55,100.0
50L_50NL_3_1,50L_50NL,3,f a b o ɾ e s ˈe ɾ,V;IND;PRS;3;SG,55,55,100.0
50L_50NL_3_2,50L_50NL,3,f a b o ɾ e s ˈe ɾ,V;IND;PRS;3;SG,55,55,100.0
50L_50NL_3_3,50L_50NL,3,f a b o ɾ e s ˈe ɾ,V;IND;PRS;3;SG,55,55,100.0
50L_50NL_3_4,50L_50NL,3,f a b o ɾ e s ˈe ɾ,V;IND;PRS;3;SG,55,55,100.0
50L_50NL_3_1,50L_50NL,3,f a b o ɾ e s ˈe ɾ,V;SBJV;PRS;1;PL,55,55,100.0
50L_50NL_3_2,50L_50NL,3,f a b o ɾ e s ˈe ɾ,V;SBJV;PRS;1;PL,55,55,100.0
50L_50NL_3_3,50L_50NL,3,f a b o ɾ e s ˈe ɾ,V;SBJV;PRS;1;PL,55,55,100.0
50L_50NL_3_4,50L_50NL,3,f a b o ɾ e s ˈe ɾ,V;SBJV;PRS;1;PL,55,55,100.0
50L_50NL_3_1,50L_50NL,3,f a b o ɾ e s ˈe ɾ,V;SBJV;PRS;1;SG,55,55,100.0
50L_50NL_3_2,50L_50NL,3,f a b o ɾ e s ˈe ɾ,V;SBJV;PRS;1;SG,55,55,100.0
50L_50NL_3_3,50L_50NL,3,f a b o ɾ e s ˈe ɾ,V;SBJV;PRS;1;SG,55,55,100.0
50L_50NL_3_4,50L_50NL,3,f a b o ɾ e s ˈe ɾ,V;SBJV;PRS;1;SG,55,55,100.0
50L_50NL_3_1,50L_50NL,3,f a b o ɾ e s ˈe ɾ,V;SBJV;PRS;2;PL,55,55,100.0
50L_50NL_3_2,50L_50NL,3,f a b o ɾ e s ˈe ɾ,V;SBJV;PRS;2;PL,55,55,100.0
50L_50NL_3_3,50L_50NL,3,f a b o ɾ e s ˈe ɾ,V;SBJV;PRS;2;PL,55,55,100.0
50L_50NL_3_4,50L_50NL,3,f a b o ɾ e s ˈe ɾ,V;SBJV;PRS;2;PL,55,55,100.0
50L_50NL_3_1,50L_50NL,3,f a b o ɾ e s ˈe ɾ,V;SBJV;PRS;2;SG,55,55,100.0
50L_50NL_3_2,50L_50NL,3,f a b o ɾ e s ˈe ɾ,V;SBJV;PRS;2;SG,55,55,100.0
50L_50NL_3_3,50L_50NL,3,f a b o ɾ e s ˈe ɾ,V;SBJV;PRS;2;SG,55,55,100.0
50L_50NL_3_4,50L_50NL,3,f a b o ɾ e s ˈe ɾ,V;SBJV;PRS;2;SG,55,55,100.0
50L_50NL_3_1,50L_50NL,3,f a b o ɾ e s ˈe ɾ,V;SBJV;PRS;3;PL,55,55,100.0
50L_50NL_3_2,50L_50NL,3,f a b o ɾ e s ˈe ɾ,V;SBJV;PRS;3;PL,55,55,100.0
50L_50NL_3_3,50L_50NL,3,f a b o ɾ e s ˈe ɾ,V;SBJV;PRS;3;PL,55,55,100.0
50L_50NL_3_4,50L_50NL,3,f a b o ɾ e s ˈe ɾ,V;SBJV;PRS;3;PL,55,55,100.0
50L_50NL_3_1,50L_50NL,3,f a b o ɾ e s ˈe ɾ,V;SBJV;PRS;3;SG,55,55,100.0
50L_50NL_3_2,50L_50NL,3,f a b o ɾ e s ˈe ɾ,V;SBJV;PRS;3;SG,55,55,100.0
50L_50NL_3_3,50L_50NL,3,f a b o ɾ e s ˈe ɾ,V;SBJV;PRS;3;SG,55,55,100.0
50L_50NL_3_4,50L_50NL,3,f a b o ɾ e s ˈe ɾ,V;SBJV;PRS;3;SG,55,55,100.0
50L_50NL_3_1,50L_50NL,3,f e n e s ˈe ɾ,V;IND;PRS;1;PL,55,55,100.0
50L_50NL_3_2,50L_50NL,3,f e n e s ˈe ɾ,V;IND;PRS;1;PL,55,55,100.0
50L_50NL_3_3,50L_50NL,3,f e n e s ˈe ɾ,V;IND;PRS;1;PL,55,55,100.0
50L_50NL_3_4,50L_50NL,3,f e n e s ˈe ɾ,V;IND;PRS;1;PL,55,55,100.0
50L_50NL_3_1,50L_50NL,3,f e n e s ˈe ɾ,V;IND;PRS;1;SG,55,55,100.0
50L_50NL_3_2,50L_50NL,3,f e n e s ˈe ɾ,V;IND;PRS;1;SG,55,55,100.0
50L_50NL_3_3,50L_50NL,3,f e n e s ˈe ɾ,V;IND;PRS;1;SG,55,55,100.0
50L_50NL_3_4,50L_50NL,3,f e n e s ˈe ɾ,V;IND;PRS;1;SG,55,55,100.0
50L_50NL_3_1,50L_50NL,3,f e n e s ˈe ɾ,V;IND;PRS;2;PL,55,55,100.0
50L_50NL_3_2,50L_50NL,3,f e n e s ˈe ɾ,V;IND;PRS;2;PL,55,55,100.0
50L_50NL_3_3,50L_50NL,3,f e n e s ˈe ɾ,V;IND;PRS;2;PL,55,55,100.0
50L_50NL_3_4,50L_50NL,3,f e n e s ˈe ɾ,V;IND;PRS;2;PL,55,55,100.0
50L_50NL_3_1,50L_50NL,3,f e n e s ˈe ɾ,V;IND;PRS;2;SG,55,55,100.0
50L_50NL_3_2,50L_50NL,3,f e n e s ˈe ɾ,V;IND;PRS;2;SG,55,55,100.0
50L_50NL_3_3,50L_50NL,3,f e n e s ˈe ɾ,V;IND;PRS;2;SG,55,55,100.0
50L_50NL_3_4,50L_50NL,3,f e n e s ˈe ɾ,V;IND;PRS;2;SG,55,55,100.0
50L_50NL_3_1,50L_50NL,3,f e n e s ˈe ɾ,V;IND;PRS;3;PL,55,55,100.0
50L_50NL_3_2,50L_50NL,3,f e n e s ˈe ɾ,V;IND;PRS;3;PL,55,55,100.0
50L_50NL_3_3,50L_50NL,3,f e n e s ˈe ɾ,V;IND;PRS;3;PL,55,55,100.0
50L_50NL_3_4,50L_50NL,3,f e n e s ˈe ɾ,V;IND;PRS;3;PL,55,55,100.0
50L_50NL_3_1,50L_50NL,3,f e n e s ˈe ɾ,V;IND;PRS;3;SG,55,55,100.0
50L_50NL_3_2,50L_50NL,3,f e n e s ˈe ɾ,V;IND;PRS;3;SG,55,55,100.0
50L_50NL_3_3,50L_50NL,3,f e n e s ˈe ɾ,V;IND;PRS;3;SG,55,55,100.0
50L_50NL_3_4,50L_50NL,3,f e n e s ˈe ɾ,V;IND;PRS;3;SG,55,55,100.0
50L_50NL_3_1,50L_50NL,3,f e n e s ˈe ɾ,V;SBJV;PRS;1;PL,55,55,100.0
50L_50NL_3_2,50L_50NL,3,f e n e s ˈe ɾ,V;SBJV;PRS;1;PL,55,55,100.0
50L_50NL_3_3,50L_50NL,3,f e n e s ˈe ɾ,V;SBJV;PRS;1;PL,55,55,100.0
50L_50NL_3_4,50L_50NL,3,f e n e s ˈe ɾ,V;SBJV;PRS;1;PL,55,55,100.0
50L_50NL_3_1,50L_50NL,3,f e n e s ˈe ɾ,V;SBJV;PRS;1;SG,55,55,100.0
50L_50NL_3_2,50L_50NL,3,f e n e s ˈe ɾ,V;SBJV;PRS;1;SG,55,55,100.0
50L_50NL_3_3,50L_50NL,3,f e n e s ˈe ɾ,V;SBJV;PRS;1;SG,55,55,100.0
50L_50NL_3_4,50L_50NL,3,f e n e s ˈe ɾ,V;SBJV;PRS;1;SG,55,55,100.0
50L_50NL_3_1,50L_50NL,3,f e n e s ˈe ɾ,V;SBJV;PRS;2;PL,55,55,100.0
50L_50NL_3_2,50L_50NL,3,f e n e s ˈe ɾ,V;SBJV;PRS;2;PL,55,55,100.0
50L_50NL_3_3,50L_50NL,3,f e n e s ˈe ɾ,V;SBJV;PRS;2;PL,55,55,100.0
50L_50NL_3_4,50L_50NL,3,f e n e s ˈe ɾ,V;SBJV;PRS;2;PL,55,55,100.0
50L_50NL_3_1,50L_50NL,3,f e n e s ˈe ɾ,V;SBJV;PRS;2;SG,55,55,100.0
50L_50NL_3_2,50L_50NL,3,f e n e s ˈe ɾ,V;SBJV;PRS;2;SG,55,55,100.0
50L_50NL_3_3,50L_50NL,3,f e n e s ˈe ɾ,V;SBJV;PRS;2;SG,55,55,100.0
50L_50NL_3_4,50L_50NL,3,f e n e s ˈe ɾ,V;SBJV;PRS;2;SG,55,55,100.0
50L_50NL_3_1,50L_50NL,3,f e n e s ˈe ɾ,V;SBJV;PRS;3;PL,55,55,100.0
50L_50NL_3_2,50L_50NL,3,f e n e s ˈe ɾ,V;SBJV;PRS;3;PL,55,55,100.0
50L_50NL_3_3,50L_50NL,3,f e n e s ˈe ɾ,V;SBJV;PRS;3;PL,55,55,100.0
50L_50NL_3_4,50L_50NL,3,f e n e s ˈe ɾ,V;SBJV;PRS;3;PL,55,55,100.0
50L_50NL_3_1,50L_50NL,3,f e n e s ˈe ɾ,V;SBJV;PRS;3;SG,55,55,100.0
50L_50NL_3_2,50L_50NL,3,f e n e s ˈe ɾ,V;SBJV;PRS;3;SG,55,55,100.0
50L_50NL_3_3,50L_50NL,3,f e n e s ˈe ɾ,V;SBJV;PRS;3;SG,55,55,100.0
50L_50NL_3_4,50L_50NL,3,f e n e s ˈe ɾ,V;SBJV;PRS;3;SG,55,55,100.0
50L_50NL_3_1,50L_50NL,3,f u n ç ˈi ɾ,V;IND;PRS;1;PL,55,55,100.0
50L_50NL_3_2,50L_50NL,3,f u n ç ˈi ɾ,V;IND;PRS;1;PL,55,55,100.0
50L_50NL_3_3,50L_50NL,3,f u n ç ˈi ɾ,V;IND;PRS;1;PL,55,55,100.0
50L_50NL_3_4,50L_50NL,3,f u n ç ˈi ɾ,V;IND;PRS;1;PL,55,55,100.0
50L_50NL_3_1,50L_50NL,3,f u n ç ˈi ɾ,V;IND;PRS;1;SG,55,55,100.0
50L_50NL_3_2,50L_50NL,3,f u n ç ˈi ɾ,V;IND;PRS;1;SG,55,55,100.0
50L_50NL_3_3,50L_50NL,3,f u n ç ˈi ɾ,V;IND;PRS;1;SG,55,55,100.0
50L_50NL_3_4,50L_50NL,3,f u n ç ˈi ɾ,V;IND;PRS;1;SG,55,55,100.0
50L_50NL_3_1,50L_50NL,3,f u n ç ˈi ɾ,V;IND;PRS;2;PL,55,55,100.0
50L_50NL_3_2,50L_50NL,3,f u n ç ˈi ɾ,V;IND;PRS;2;PL,55,55,100.0
50L_50NL_3_3,50L_50NL,3,f u n ç ˈi ɾ,V;IND;PRS;2;PL,55,55,100.0
50L_50NL_3_4,50L_50NL,3,f u n ç ˈi ɾ,V;IND;PRS;2;PL,55,55,100.0
50L_50NL_3_1,50L_50NL,3,f u n ç ˈi ɾ,V;IND;PRS;2;SG,55,55,100.0
50L_50NL_3_2,50L_50NL,3,f u n ç ˈi ɾ,V;IND;PRS;2;SG,55,55,100.0
50L_50NL_3_3,50L_50NL,3,f u n ç ˈi ɾ,V;IND;PRS;2;SG,55,55,100.0
50L_50NL_3_4,50L_50NL,3,f u n ç ˈi ɾ,V;IND;PRS;2;SG,55,55,100.0
50L_50NL_3_1,50L_50NL,3,f u n ç ˈi ɾ,V;IND;PRS;3;PL,55,55,100.0
50L_50NL_3_2,50L_50NL,3,f u n ç ˈi ɾ,V;IND;PRS;3;PL,55,55,100.0
50L_50NL_3_3,50L_50NL,3,f u n ç ˈi ɾ,V;IND;PRS;3;PL,55,55,100.0
50L_50NL_3_4,50L_50NL,3,f u n ç ˈi ɾ,V;IND;PRS;3;PL,55,55,100.0
50L_50NL_3_1,50L_50NL,3,f u n ç ˈi ɾ,V;IND;PRS;3;SG,55,55,100.0
50L_50NL_3_2,50L_50NL,3,f u n ç ˈi ɾ,V;IND;PRS;3;SG,55,55,100.0
50L_50NL_3_3,50L_50NL,3,f u n ç ˈi ɾ,V;IND;PRS;3;SG,55,55,100.0
50L_50NL_3_4,50L_50NL,3,f u n ç ˈi ɾ,V;IND;PRS;3;SG,55,55,100.0
50L_50NL_3_1,50L_50NL,3,f u n ç ˈi ɾ,V;SBJV;PRS;1;PL,55,55,100.0
50L_50NL_3_2,50L_50NL,3,f u n ç ˈi ɾ,V;SBJV;PRS;1;PL,55,55,100.0
50L_50NL_3_3,50L_50NL,3,f u n ç ˈi ɾ,V;SBJV;PRS;1;PL,55,55,100.0
50L_50NL_3_4,50L_50NL,3,f u n ç ˈi ɾ,V;SBJV;PRS;1;PL,55,55,100.0
50L_50NL_3_1,50L_50NL,3,f u n ç ˈi ɾ,V;SBJV;PRS;1;SG,55,55,100.0
50L_50NL_3_2,50L_50NL,3,f u n ç ˈi ɾ,V;SBJV;PRS;1;SG,55,55,100.0
50L_50NL_3_3,50L_50NL,3,f u n ç ˈi ɾ,V;SBJV;PRS;1;SG,55,55,100.0
50L_50NL_3_4,50L_50NL,3,f u n ç ˈi ɾ,V;SBJV;PRS;1;SG,55,55,100.0
50L_50NL_3_1,50L_50NL,3,f u n ç ˈi ɾ,V;SBJV;PRS;2;PL,55,55,100.0
50L_50NL_3_2,50L_50NL,3,f u n ç ˈi ɾ,V;SBJV;PRS;2;PL,55,55,100.0
50L_50NL_3_3,50L_50NL,3,f u n ç ˈi ɾ,V;SBJV;PRS;2;PL,55,55,100.0
50L_50NL_3_4,50L_50NL,3,f u n ç ˈi ɾ,V;SBJV;PRS;2;PL,55,55,100.0
50L_50NL_3_1,50L_50NL,3,f u n ç ˈi ɾ,V;SBJV;PRS;2;SG,55,55,100.0
50L_50NL_3_2,50L_50NL,3,f u n ç ˈi ɾ,V;SBJV;PRS;2;SG,55,55,100.0
50L_50NL_3_3,50L_50NL,3,f u n ç ˈi ɾ,V;SBJV;PRS;2;SG,55,55,100.0
50L_50NL_3_4,50L_50NL,3,f u n ç ˈi ɾ,V;SBJV;PRS;2;SG,55,55,100.0
50L_50NL_3_1,50L_50NL,3,f u n ç ˈi ɾ,V;SBJV;PRS;3;PL,55,55,100.0
50L_50NL_3_2,50L_50NL,3,f u n ç ˈi ɾ,V;SBJV;PRS;3;PL,55,55,100.0
50L_50NL_3_3,50L_50NL,3,f u n ç ˈi ɾ,V;SBJV;PRS;3;PL,55,55,100.0
50L_50NL_3_4,50L_50NL,3,f u n ç ˈi ɾ,V;SBJV;PRS;3;PL,55,55,100.0
50L_50NL_3_1,50L_50NL,3,f u n ç ˈi ɾ,V;SBJV;PRS;3;SG,55,55,100.0
50L_50NL_3_2,50L_50NL,3,f u n ç ˈi ɾ,V;SBJV;PRS;3;SG,55,55,100.0
50L_50NL_3_3,50L_50NL,3,f u n ç ˈi ɾ,V;SBJV;PRS;3;SG,55,55,100.0
50L_50NL_3_4,50L_50NL,3,f u n ç ˈi ɾ,V;SBJV;PRS;3;SG,55,55,100.0
50L_50NL_3_1,50L_50NL,3,f ɾ a n ç ˈi ɾ,V;IND;PRS;1;PL,55,55,100.0
50L_50NL_3_2,50L_50NL,3,f ɾ a n ç ˈi ɾ,V;IND;PRS;1;PL,55,55,100.0
50L_50NL_3_3,50L_50NL,3,f ɾ a n ç ˈi ɾ,V;IND;PRS;1;PL,55,55,100.0
50L_50NL_3_4,50L_50NL,3,f ɾ a n ç ˈi ɾ,V;IND;PRS;1;PL,55,55,100.0
50L_50NL_3_1,50L_50NL,3,f ɾ a n ç ˈi ɾ,V;IND;PRS;1;SG,55,55,100.0
50L_50NL_3_2,50L_50NL,3,f ɾ a n ç ˈi ɾ,V;IND;PRS;1;SG,55,55,100.0
50L_50NL_3_3,50L_50NL,3,f ɾ a n ç ˈi ɾ,V;IND;PRS;1;SG,55,55,100.0
50L_50NL_3_4,50L_50NL,3,f ɾ a n ç ˈi ɾ,V;IND;PRS;1;SG,55,55,100.0
50L_50NL_3_1,50L_50NL,3,f ɾ a n ç ˈi ɾ,V;IND;PRS;2;PL,55,55,100.0
50L_50NL_3_2,50L_50NL,3,f ɾ a n ç ˈi ɾ,V;IND;PRS;2;PL,55,55,100.0
50L_50NL_3_3,50L_50NL,3,f ɾ a n ç ˈi ɾ,V;IND;PRS;2;PL,55,55,100.0
50L_50NL_3_4,50L_50NL,3,f ɾ a n ç ˈi ɾ,V;IND;PRS;2;PL,55,55,100.0
50L_50NL_3_1,50L_50NL,3,f ɾ a n ç ˈi ɾ,V;IND;PRS;2;SG,55,55,100.0
50L_50NL_3_2,50L_50NL,3,f ɾ a n ç ˈi ɾ,V;IND;PRS;2;SG,55,55,100.0
50L_50NL_3_3,50L_50NL,3,f ɾ a n ç ˈi ɾ,V;IND;PRS;2;SG,55,55,100.0
50L_50NL_3_4,50L_50NL,3,f ɾ a n ç ˈi ɾ,V;IND;PRS;2;SG,55,55,100.0
50L_50NL_3_1,50L_50NL,3,f ɾ a n ç ˈi ɾ,V;IND;PRS;3;PL,55,55,100.0
50L_50NL_3_2,50L_50NL,3,f ɾ a n ç ˈi ɾ,V;IND;PRS;3;PL,55,55,100.0
50L_50NL_3_3,50L_50NL,3,f ɾ a n ç ˈi ɾ,V;IND;PRS;3;PL,55,55,100.0
50L_50NL_3_4,50L_50NL,3,f ɾ a n ç ˈi ɾ,V;IND;PRS;3;PL,55,55,100.0
50L_50NL_3_1,50L_50NL,3,f ɾ a n ç ˈi ɾ,V;IND;PRS;3;SG,55,55,100.0
50L_50NL_3_2,50L_50NL,3,f ɾ a n ç ˈi ɾ,V;IND;PRS;3;SG,55,55,100.0
50L_50NL_3_3,50L_50NL,3,f ɾ a n ç ˈi ɾ,V;IND;PRS;3;SG,55,55,100.0
50L_50NL_3_4,50L_50NL,3,f ɾ a n ç ˈi ɾ,V;IND;PRS;3;SG,55,55,100.0
50L_50NL_3_1,50L_50NL,3,f ɾ a n ç ˈi ɾ,V;SBJV;PRS;1;PL,50,55,90.91
50L_50NL_3_2,50L_50NL,3,f ɾ a n ç ˈi ɾ,V;SBJV;PRS;1;PL,55,55,100.0
50L_50NL_3_3,50L_50NL,3,f ɾ a n ç ˈi ɾ,V;SBJV;PRS;1;PL,55,55,100.0
50L_50NL_3_4,50L_50NL,3,f ɾ a n ç ˈi ɾ,V;SBJV;PRS;1;PL,55,55,100.0
50L_50NL_3_1,50L_50NL,3,f ɾ a n ç ˈi ɾ,V;SBJV;PRS;1;SG,55,55,100.0
50L_50NL_3_2,50L_50NL,3,f ɾ a n ç ˈi ɾ,V;SBJV;PRS;1;SG,55,55,100.0
50L_50NL_3_3,50L_50NL,3,f ɾ a n ç ˈi ɾ,V;SBJV;PRS;1;SG,55,55,100.0
50L_50NL_3_4,50L_50NL,3,f ɾ a n ç ˈi ɾ,V;SBJV;PRS;1;SG,55,55,100.0
50L_50NL_3_1,50L_50NL,3,f ɾ a n ç ˈi ɾ,V;SBJV;PRS;2;PL,50,55,90.91
50L_50NL_3_2,50L_50NL,3,f ɾ a n ç ˈi ɾ,V;SBJV;PRS;2;PL,55,55,100.0
50L_50NL_3_3,50L_50NL,3,f ɾ a n ç ˈi ɾ,V;SBJV;PRS;2;PL,55,55,100.0
50L_50NL_3_4,50L_50NL,3,f ɾ a n ç ˈi ɾ,V;SBJV;PRS;2;PL,55,55,100.0
50L_50NL_3_1,50L_50NL,3,f ɾ a n ç ˈi ɾ,V;SBJV;PRS;2;SG,55,55,100.0
50L_50NL_3_2,50L_50NL,3,f ɾ a n ç ˈi ɾ,V;SBJV;PRS;2;SG,55,55,100.0
50L_50NL_3_3,50L_50NL,3,f ɾ a n ç ˈi ɾ,V;SBJV;PRS;2;SG,55,55,100.0
50L_50NL_3_4,50L_50NL,3,f ɾ a n ç ˈi ɾ,V;SBJV;PRS;2;SG,55,55,100.0
50L_50NL_3_1,50L_50NL,3,f ɾ a n ç ˈi ɾ,V;SBJV;PRS;3;PL,55,55,100.0
50L_50NL_3_2,50L_50NL,3,f ɾ a n ç ˈi ɾ,V;SBJV;PRS;3;PL,55,55,100.0
50L_50NL_3_3,50L_50NL,3,f ɾ a n ç ˈi ɾ,V;SBJV;PRS;3;PL,55,55,100.0
50L_50NL_3_4,50L_50NL,3,f ɾ a n ç ˈi ɾ,V;SBJV;PRS;3;PL,55,55,100.0
50L_50NL_3_1,50L_50NL,3,f ɾ a n ç ˈi ɾ,V;SBJV;PRS;3;SG,55,55,100.0
50L_50NL_3_2,50L_50NL,3,f ɾ a n ç ˈi ɾ,V;SBJV;PRS;3;SG,55,55,100.0
50L_50NL_3_3,50L_50NL,3,f ɾ a n ç ˈi ɾ,V;SBJV;PRS;3;SG,55,55,100.0
50L_50NL_3_4,50L_50NL,3,f ɾ a n ç ˈi ɾ,V;SBJV;PRS;3;SG,55,55,100.0
50L_50NL_3_1,50L_50NL,3,k a ɾ e s ˈe ɾ,V;IND;PRS;1;PL,55,55,100.0
50L_50NL_3_2,50L_50NL,3,k a ɾ e s ˈe ɾ,V;IND;PRS;1;PL,55,55,100.0
50L_50NL_3_3,50L_50NL,3,k a ɾ e s ˈe ɾ,V;IND;PRS;1;PL,55,55,100.0
50L_50NL_3_4,50L_50NL,3,k a ɾ e s ˈe ɾ,V;IND;PRS;1;PL,55,55,100.0
50L_50NL_3_1,50L_50NL,3,k a ɾ e s ˈe ɾ,V;IND;PRS;1;SG,55,55,100.0
50L_50NL_3_2,50L_50NL,3,k a ɾ e s ˈe ɾ,V;IND;PRS;1;SG,55,55,100.0
50L_50NL_3_3,50L_50NL,3,k a ɾ e s ˈe ɾ,V;IND;PRS;1;SG,55,55,100.0
50L_50NL_3_4,50L_50NL,3,k a ɾ e s ˈe ɾ,V;IND;PRS;1;SG,55,55,100.0
50L_50NL_3_1,50L_50NL,3,k a ɾ e s ˈe ɾ,V;IND;PRS;2;PL,55,55,100.0
50L_50NL_3_2,50L_50NL,3,k a ɾ e s ˈe ɾ,V;IND;PRS;2;PL,55,55,100.0
50L_50NL_3_3,50L_50NL,3,k a ɾ e s ˈe ɾ,V;IND;PRS;2;PL,55,55,100.0
50L_50NL_3_4,50L_50NL,3,k a ɾ e s ˈe ɾ,V;IND;PRS;2;PL,55,55,100.0
50L_50NL_3_1,50L_50NL,3,k a ɾ e s ˈe ɾ,V;IND;PRS;2;SG,55,55,100.0
50L_50NL_3_2,50L_50NL,3,k a ɾ e s ˈe ɾ,V;IND;PRS;2;SG,55,55,100.0
50L_50NL_3_3,50L_50NL,3,k a ɾ e s ˈe ɾ,V;IND;PRS;2;SG,55,55,100.0
50L_50NL_3_4,50L_50NL,3,k a ɾ e s ˈe ɾ,V;IND;PRS;2;SG,55,55,100.0
50L_50NL_3_1,50L_50NL,3,k a ɾ e s ˈe ɾ,V;IND;PRS;3;PL,55,55,100.0
50L_50NL_3_2,50L_50NL,3,k a ɾ e s ˈe ɾ,V;IND;PRS;3;PL,55,55,100.0
50L_50NL_3_3,50L_50NL,3,k a ɾ e s ˈe ɾ,V;IND;PRS;3;PL,55,55,100.0
50L_50NL_3_4,50L_50NL,3,k a ɾ e s ˈe ɾ,V;IND;PRS;3;PL,55,55,100.0
50L_50NL_3_1,50L_50NL,3,k a ɾ e s ˈe ɾ,V;IND;PRS;3;SG,55,55,100.0
50L_50NL_3_2,50L_50NL,3,k a ɾ e s ˈe ɾ,V;IND;PRS;3;SG,55,55,100.0
50L_50NL_3_3,50L_50NL,3,k a ɾ e s ˈe ɾ,V;IND;PRS;3;SG,55,55,100.0
50L_50NL_3_4,50L_50NL,3,k a ɾ e s ˈe ɾ,V;IND;PRS;3;SG,55,55,100.0
50L_50NL_3_1,50L_50NL,3,k a ɾ e s ˈe ɾ,V;SBJV;PRS;1;PL,55,55,100.0
50L_50NL_3_2,50L_50NL,3,k a ɾ e s ˈe ɾ,V;SBJV;PRS;1;PL,55,55,100.0
50L_50NL_3_3,50L_50NL,3,k a ɾ e s ˈe ɾ,V;SBJV;PRS;1;PL,55,55,100.0
50L_50NL_3_4,50L_50NL,3,k a ɾ e s ˈe ɾ,V;SBJV;PRS;1;PL,55,55,100.0
50L_50NL_3_1,50L_50NL,3,k a ɾ e s ˈe ɾ,V;SBJV;PRS;1;SG,55,55,100.0
50L_50NL_3_2,50L_50NL,3,k a ɾ e s ˈe ɾ,V;SBJV;PRS;1;SG,55,55,100.0
50L_50NL_3_3,50L_50NL,3,k a ɾ e s ˈe ɾ,V;SBJV;PRS;1;SG,55,55,100.0
50L_50NL_3_4,50L_50NL,3,k a ɾ e s ˈe ɾ,V;SBJV;PRS;1;SG,55,55,100.0
50L_50NL_3_1,50L_50NL,3,k a ɾ e s ˈe ɾ,V;SBJV;PRS;2;PL,55,55,100.0
50L_50NL_3_2,50L_50NL,3,k a ɾ e s ˈe ɾ,V;SBJV;PRS;2;PL,55,55,100.0
50L_50NL_3_3,50L_50NL,3,k a ɾ e s ˈe ɾ,V;SBJV;PRS;2;PL,55,55,100.0
50L_50NL_3_4,50L_50NL,3,k a ɾ e s ˈe ɾ,V;SBJV;PRS;2;PL,55,55,100.0
50L_50NL_3_1,50L_50NL,3,k a ɾ e s ˈe ɾ,V;SBJV;PRS;2;SG,55,55,100.0
50L_50NL_3_2,50L_50NL,3,k a ɾ e s ˈe ɾ,V;SBJV;PRS;2;SG,55,55,100.0
50L_50NL_3_3,50L_50NL,3,k a ɾ e s ˈe ɾ,V;SBJV;PRS;2;SG,55,55,100.0
50L_50NL_3_4,50L_50NL,3,k a ɾ e s ˈe ɾ,V;SBJV;PRS;2;SG,55,55,100.0
50L_50NL_3_1,50L_50NL,3,k a ɾ e s ˈe ɾ,V;SBJV;PRS;3;PL,55,55,100.0
50L_50NL_3_2,50L_50NL,3,k a ɾ e s ˈe ɾ,V;SBJV;PRS;3;PL,55,55,100.0
50L_50NL_3_3,50L_50NL,3,k a ɾ e s ˈe ɾ,V;SBJV;PRS;3;PL,55,55,100.0
50L_50NL_3_4,50L_50NL,3,k a ɾ e s ˈe ɾ,V;SBJV;PRS;3;PL,55,55,100.0
50L_50NL_3_1,50L_50NL,3,k a ɾ e s ˈe ɾ,V;SBJV;PRS;3;SG,55,55,100.0
50L_50NL_3_2,50L_50NL,3,k a ɾ e s ˈe ɾ,V;SBJV;PRS;3;SG,55,55,100.0
50L_50NL_3_3,50L_50NL,3,k a ɾ e s ˈe ɾ,V;SBJV;PRS;3;SG,55,55,100.0
50L_50NL_3_4,50L_50NL,3,k a ɾ e s ˈe ɾ,V;SBJV;PRS;3;SG,55,55,100.0
50L_50NL_3_1,50L_50NL,3,k o d i ɾ i ç ˈi ɾ,V;IND;PRS;1;PL,54,55,98.18
50L_50NL_3_2,50L_50NL,3,k o d i ɾ i ç ˈi ɾ,V;IND;PRS;1;PL,50,55,90.91
50L_50NL_3_3,50L_50NL,3,k o d i ɾ i ç ˈi ɾ,V;IND;PRS;1;PL,54,55,98.18
50L_50NL_3_4,50L_50NL,3,k o d i ɾ i ç ˈi ɾ,V;IND;PRS;1;PL,55,55,100.0
50L_50NL_3_1,50L_50NL,3,k o d i ɾ i ç ˈi ɾ,V;IND;PRS;1;SG,54,55,98.18
50L_50NL_3_2,50L_50NL,3,k o d i ɾ i ç ˈi ɾ,V;IND;PRS;1;SG,55,55,100.0
50L_50NL_3_3,50L_50NL,3,k o d i ɾ i ç ˈi ɾ,V;IND;PRS;1;SG,55,55,100.0
50L_50NL_3_4,50L_50NL,3,k o d i ɾ i ç ˈi ɾ,V;IND;PRS;1;SG,55,55,100.0
50L_50NL_3_1,50L_50NL,3,k o d i ɾ i ç ˈi ɾ,V;IND;PRS;2;PL,55,55,100.0
50L_50NL_3_2,50L_50NL,3,k o d i ɾ i ç ˈi ɾ,V;IND;PRS;2;PL,55,55,100.0
50L_50NL_3_3,50L_50NL,3,k o d i ɾ i ç ˈi ɾ,V;IND;PRS;2;PL,55,55,100.0
50L_50NL_3_4,50L_50NL,3,k o d i ɾ i ç ˈi ɾ,V;IND;PRS;2;PL,55,55,100.0
50L_50NL_3_1,50L_50NL,3,k o d i ɾ i ç ˈi ɾ,V;IND;PRS;2;SG,52,55,94.55
50L_50NL_3_2,50L_50NL,3,k o d i ɾ i ç ˈi ɾ,V;IND;PRS;2;SG,52,55,94.55
50L_50NL_3_3,50L_50NL,3,k o d i ɾ i ç ˈi ɾ,V;IND;PRS;2;SG,53,55,96.36
50L_50NL_3_4,50L_50NL,3,k o d i ɾ i ç ˈi ɾ,V;IND;PRS;2;SG,55,55,100.0
50L_50NL_3_1,50L_50NL,3,k o d i ɾ i ç ˈi ɾ,V;IND;PRS;3;PL,49,55,89.09
50L_50NL_3_2,50L_50NL,3,k o d i ɾ i ç ˈi ɾ,V;IND;PRS;3;PL,49,55,89.09
50L_50NL_3_3,50L_50NL,3,k o d i ɾ i ç ˈi ɾ,V;IND;PRS;3;PL,53,55,96.36
50L_50NL_3_4,50L_50NL,3,k o d i ɾ i ç ˈi ɾ,V;IND;PRS;3;PL,53,55,96.36
50L_50NL_3_1,50L_50NL,3,k o d i ɾ i ç ˈi ɾ,V;IND;PRS;3;SG,52,55,94.55
50L_50NL_3_2,50L_50NL,3,k o d i ɾ i ç ˈi ɾ,V;IND;PRS;3;SG,55,55,100.0
50L_50NL_3_3,50L_50NL,3,k o d i ɾ i ç ˈi ɾ,V;IND;PRS;3;SG,54,55,98.18
50L_50NL_3_4,50L_50NL,3,k o d i ɾ i ç ˈi ɾ,V;IND;PRS;3;SG,55,55,100.0
50L_50NL_3_1,50L_50NL,3,k o d i ɾ i ç ˈi ɾ,V;SBJV;PRS;1;PL,55,55,100.0
50L_50NL_3_2,50L_50NL,3,k o d i ɾ i ç ˈi ɾ,V;SBJV;PRS;1;PL,55,55,100.0
50L_50NL_3_3,50L_50NL,3,k o d i ɾ i ç ˈi ɾ,V;SBJV;PRS;1;PL,55,55,100.0
50L_50NL_3_4,50L_50NL,3,k o d i ɾ i ç ˈi ɾ,V;SBJV;PRS;1;PL,55,55,100.0
50L_50NL_3_1,50L_50NL,3,k o d i ɾ i ç ˈi ɾ,V;SBJV;PRS;1;SG,55,55,100.0
50L_50NL_3_2,50L_50NL,3,k o d i ɾ i ç ˈi ɾ,V;SBJV;PRS;1;SG,53,55,96.36
50L_50NL_3_3,50L_50NL,3,k o d i ɾ i ç ˈi ɾ,V;SBJV;PRS;1;SG,55,55,100.0
50L_50NL_3_4,50L_50NL,3,k o d i ɾ i ç ˈi ɾ,V;SBJV;PRS;1;SG,55,55,100.0
50L_50NL_3_1,50L_50NL,3,k o d i ɾ i ç ˈi ɾ,V;SBJV;PRS;2;PL,55,55,100.0
50L_50NL_3_2,50L_50NL,3,k o d i ɾ i ç ˈi ɾ,V;SBJV;PRS;2;PL,55,55,100.0
50L_50NL_3_3,50L_50NL,3,k o d i ɾ i ç ˈi ɾ,V;SBJV;PRS;2;PL,55,55,100.0
50L_50NL_3_4,50L_50NL,3,k o d i ɾ i ç ˈi ɾ,V;SBJV;PRS;2;PL,55,55,100.0
50L_50NL_3_1,50L_50NL,3,k o d i ɾ i ç ˈi ɾ,V;SBJV;PRS;2;SG,55,55,100.0
50L_50NL_3_2,50L_50NL,3,k o d i ɾ i ç ˈi ɾ,V;SBJV;PRS;2;SG,52,55,94.55
50L_50NL_3_3,50L_50NL,3,k o d i ɾ i ç ˈi ɾ,V;SBJV;PRS;2;SG,54,55,98.18
50L_50NL_3_4,50L_50NL,3,k o d i ɾ i ç ˈi ɾ,V;SBJV;PRS;2;SG,55,55,100.0
50L_50NL_3_1,50L_50NL,3,k o d i ɾ i ç ˈi ɾ,V;SBJV;PRS;3;PL,53,55,96.36
50L_50NL_3_2,50L_50NL,3,k o d i ɾ i ç ˈi ɾ,V;SBJV;PRS;3;PL,55,55,100.0
50L_50NL_3_3,50L_50NL,3,k o d i ɾ i ç ˈi ɾ,V;SBJV;PRS;3;PL,55,55,100.0
50L_50NL_3_4,50L_50NL,3,k o d i ɾ i ç ˈi ɾ,V;SBJV;PRS;3;PL,55,55,100.0
50L_50NL_3_1,50L_50NL,3,k o d i ɾ i ç ˈi ɾ,V;SBJV;PRS;3;SG,55,55,100.0
50L_50NL_3_2,50L_50NL,3,k o d i ɾ i ç ˈi ɾ,V;SBJV;PRS;3;SG,53,55,96.36
50L_50NL_3_3,50L_50NL,3,k o d i ɾ i ç ˈi ɾ,V;SBJV;PRS;3;SG,55,55,100.0
50L_50NL_3_4,50L_50NL,3,k o d i ɾ i ç ˈi ɾ,V;SBJV;PRS;3;SG,55,55,100.0
50L_50NL_3_1,50L_50NL,3,k o l e ç ˈi ɾ,V;IND;PRS;1;PL,55,55,100.0
50L_50NL_3_2,50L_50NL,3,k o l e ç ˈi ɾ,V;IND;PRS;1;PL,55,55,100.0
50L_50NL_3_3,50L_50NL,3,k o l e ç ˈi ɾ,V;IND;PRS;1;PL,55,55,100.0
50L_50NL_3_4,50L_50NL,3,k o l e ç ˈi ɾ,V;IND;PRS;1;PL,55,55,100.0
50L_50NL_3_1,50L_50NL,3,k o l e ç ˈi ɾ,V;IND;PRS;1;SG,55,55,100.0
50L_50NL_3_2,50L_50NL,3,k o l e ç ˈi ɾ,V;IND;PRS;1;SG,55,55,100.0
50L_50NL_3_3,50L_50NL,3,k o l e ç ˈi ɾ,V;IND;PRS;1;SG,55,55,100.0
50L_50NL_3_4,50L_50NL,3,k o l e ç ˈi ɾ,V;IND;PRS;1;SG,55,55,100.0
50L_50NL_3_1,50L_50NL,3,k o l e ç ˈi ɾ,V;IND;PRS;2;PL,55,55,100.0
50L_50NL_3_2,50L_50NL,3,k o l e ç ˈi ɾ,V;IND;PRS;2;PL,55,55,100.0
50L_50NL_3_3,50L_50NL,3,k o l e ç ˈi ɾ,V;IND;PRS;2;PL,55,55,100.0
50L_50NL_3_4,50L_50NL,3,k o l e ç ˈi ɾ,V;IND;PRS;2;PL,55,55,100.0
50L_50NL_3_1,50L_50NL,3,k o l e ç ˈi ɾ,V;IND;PRS;2;SG,55,55,100.0
50L_50NL_3_2,50L_50NL,3,k o l e ç ˈi ɾ,V;IND;PRS;2;SG,55,55,100.0
50L_50NL_3_3,50L_50NL,3,k o l e ç ˈi ɾ,V;IND;PRS;2;SG,55,55,100.0
50L_50NL_3_4,50L_50NL,3,k o l e ç ˈi ɾ,V;IND;PRS;2;SG,55,55,100.0
50L_50NL_3_1,50L_50NL,3,k o l e ç ˈi ɾ,V;IND;PRS;3;PL,55,55,100.0
50L_50NL_3_2,50L_50NL,3,k o l e ç ˈi ɾ,V;IND;PRS;3;PL,55,55,100.0
50L_50NL_3_3,50L_50NL,3,k o l e ç ˈi ɾ,V;IND;PRS;3;PL,55,55,100.0
50L_50NL_3_4,50L_50NL,3,k o l e ç ˈi ɾ,V;IND;PRS;3;PL,55,55,100.0
50L_50NL_3_1,50L_50NL,3,k o l e ç ˈi ɾ,V;IND;PRS;3;SG,55,55,100.0
50L_50NL_3_2,50L_50NL,3,k o l e ç ˈi ɾ,V;IND;PRS;3;SG,55,55,100.0
50L_50NL_3_3,50L_50NL,3,k o l e ç ˈi ɾ,V;IND;PRS;3;SG,55,55,100.0
50L_50NL_3_4,50L_50NL,3,k o l e ç ˈi ɾ,V;IND;PRS;3;SG,55,55,100.0
50L_50NL_3_1,50L_50NL,3,k o l e ç ˈi ɾ,V;SBJV;PRS;1;PL,55,55,100.0
50L_50NL_3_2,50L_50NL,3,k o l e ç ˈi ɾ,V;SBJV;PRS;1;PL,55,55,100.0
50L_50NL_3_3,50L_50NL,3,k o l e ç ˈi ɾ,V;SBJV;PRS;1;PL,55,55,100.0
50L_50NL_3_4,50L_50NL,3,k o l e ç ˈi ɾ,V;SBJV;PRS;1;PL,55,55,100.0
50L_50NL_3_1,50L_50NL,3,k o l e ç ˈi ɾ,V;SBJV;PRS;1;SG,55,55,100.0
50L_50NL_3_2,50L_50NL,3,k o l e ç ˈi ɾ,V;SBJV;PRS;1;SG,55,55,100.0
50L_50NL_3_3,50L_50NL,3,k o l e ç ˈi ɾ,V;SBJV;PRS;1;SG,55,55,100.0
50L_50NL_3_4,50L_50NL,3,k o l e ç ˈi ɾ,V;SBJV;PRS;1;SG,55,55,100.0
50L_50NL_3_1,50L_50NL,3,k o l e ç ˈi ɾ,V;SBJV;PRS;2;PL,55,55,100.0
50L_50NL_3_2,50L_50NL,3,k o l e ç ˈi ɾ,V;SBJV;PRS;2;PL,55,55,100.0
50L_50NL_3_3,50L_50NL,3,k o l e ç ˈi ɾ,V;SBJV;PRS;2;PL,55,55,100.0
50L_50NL_3_4,50L_50NL,3,k o l e ç ˈi ɾ,V;SBJV;PRS;2;PL,55,55,100.0
50L_50NL_3_1,50L_50NL,3,k o l e ç ˈi ɾ,V;SBJV;PRS;2;SG,55,55,100.0
50L_50NL_3_2,50L_50NL,3,k o l e ç ˈi ɾ,V;SBJV;PRS;2;SG,55,55,100.0
50L_50NL_3_3,50L_50NL,3,k o l e ç ˈi ɾ,V;SBJV;PRS;2;SG,55,55,100.0
50L_50NL_3_4,50L_50NL,3,k o l e ç ˈi ɾ,V;SBJV;PRS;2;SG,55,55,100.0
50L_50NL_3_1,50L_50NL,3,k o l e ç ˈi ɾ,V;SBJV;PRS;3;PL,55,55,100.0
50L_50NL_3_2,50L_50NL,3,k o l e ç ˈi ɾ,V;SBJV;PRS;3;PL,55,55,100.0
50L_50NL_3_3,50L_50NL,3,k o l e ç ˈi ɾ,V;SBJV;PRS;3;PL,55,55,100.0
50L_50NL_3_4,50L_50NL,3,k o l e ç ˈi ɾ,V;SBJV;PRS;3;PL,55,55,100.0
50L_50NL_3_1,50L_50NL,3,k o l e ç ˈi ɾ,V;SBJV;PRS;3;SG,55,55,100.0
50L_50NL_3_2,50L_50NL,3,k o l e ç ˈi ɾ,V;SBJV;PRS;3;SG,55,55,100.0
50L_50NL_3_3,50L_50NL,3,k o l e ç ˈi ɾ,V;SBJV;PRS;3;SG,55,55,100.0
50L_50NL_3_4,50L_50NL,3,k o l e ç ˈi ɾ,V;SBJV;PRS;3;SG,55,55,100.0
50L_50NL_3_1,50L_50NL,3,k o n d e s ˈi ɾ,V;IND;PRS;1;PL,55,55,100.0
50L_50NL_3_2,50L_50NL,3,k o n d e s ˈi ɾ,V;IND;PRS;1;PL,55,55,100.0
50L_50NL_3_3,50L_50NL,3,k o n d e s ˈi ɾ,V;IND;PRS;1;PL,54,55,98.18
50L_50NL_3_4,50L_50NL,3,k o n d e s ˈi ɾ,V;IND;PRS;1;PL,55,55,100.0
50L_50NL_3_1,50L_50NL,3,k o n d e s ˈi ɾ,V;IND;PRS;1;SG,55,55,100.0
50L_50NL_3_2,50L_50NL,3,k o n d e s ˈi ɾ,V;IND;PRS;1;SG,55,55,100.0
50L_50NL_3_3,50L_50NL,3,k o n d e s ˈi ɾ,V;IND;PRS;1;SG,55,55,100.0
50L_50NL_3_4,50L_50NL,3,k o n d e s ˈi ɾ,V;IND;PRS;1;SG,55,55,100.0
50L_50NL_3_1,50L_50NL,3,k o n d e s ˈi ɾ,V;IND;PRS;2;PL,55,55,100.0
50L_50NL_3_2,50L_50NL,3,k o n d e s ˈi ɾ,V;IND;PRS;2;PL,55,55,100.0
50L_50NL_3_3,50L_50NL,3,k o n d e s ˈi ɾ,V;IND;PRS;2;PL,55,55,100.0
50L_50NL_3_4,50L_50NL,3,k o n d e s ˈi ɾ,V;IND;PRS;2;PL,55,55,100.0
50L_50NL_3_1,50L_50NL,3,k o n d e s ˈi ɾ,V;IND;PRS;2;SG,55,55,100.0
50L_50NL_3_2,50L_50NL,3,k o n d e s ˈi ɾ,V;IND;PRS;2;SG,55,55,100.0
50L_50NL_3_3,50L_50NL,3,k o n d e s ˈi ɾ,V;IND;PRS;2;SG,55,55,100.0
50L_50NL_3_4,50L_50NL,3,k o n d e s ˈi ɾ,V;IND;PRS;2;SG,55,55,100.0
50L_50NL_3_1,50L_50NL,3,k o n d e s ˈi ɾ,V;IND;PRS;3;PL,55,55,100.0
50L_50NL_3_2,50L_50NL,3,k o n d e s ˈi ɾ,V;IND;PRS;3;PL,55,55,100.0
50L_50NL_3_3,50L_50NL,3,k o n d e s ˈi ɾ,V;IND;PRS;3;PL,55,55,100.0
50L_50NL_3_4,50L_50NL,3,k o n d e s ˈi ɾ,V;IND;PRS;3;PL,55,55,100.0
50L_50NL_3_1,50L_50NL,3,k o n d e s ˈi ɾ,V;IND;PRS;3;SG,55,55,100.0
50L_50NL_3_2,50L_50NL,3,k o n d e s ˈi ɾ,V;IND;PRS;3;SG,55,55,100.0
50L_50NL_3_3,50L_50NL,3,k o n d e s ˈi ɾ,V;IND;PRS;3;SG,55,55,100.0
50L_50NL_3_4,50L_50NL,3,k o n d e s ˈi ɾ,V;IND;PRS;3;SG,55,55,100.0
50L_50NL_3_1,50L_50NL,3,k o n d e s ˈi ɾ,V;SBJV;PRS;1;PL,53,55,96.36
50L_50NL_3_2,50L_50NL,3,k o n d e s ˈi ɾ,V;SBJV;PRS;1;PL,54,55,98.18
50L_50NL_3_3,50L_50NL,3,k o n d e s ˈi ɾ,V;SBJV;PRS;1;PL,55,55,100.0
50L_50NL_3_4,50L_50NL,3,k o n d e s ˈi ɾ,V;SBJV;PRS;1;PL,55,55,100.0
50L_50NL_3_1,50L_50NL,3,k o n d e s ˈi ɾ,V;SBJV;PRS;1;SG,55,55,100.0
50L_50NL_3_2,50L_50NL,3,k o n d e s ˈi ɾ,V;SBJV;PRS;1;SG,55,55,100.0
50L_50NL_3_3,50L_50NL,3,k o n d e s ˈi ɾ,V;SBJV;PRS;1;SG,55,55,100.0
50L_50NL_3_4,50L_50NL,3,k o n d e s ˈi ɾ,V;SBJV;PRS;1;SG,55,55,100.0
50L_50NL_3_1,50L_50NL,3,k o n d e s ˈi ɾ,V;SBJV;PRS;2;PL,55,55,100.0
50L_50NL_3_2,50L_50NL,3,k o n d e s ˈi ɾ,V;SBJV;PRS;2;PL,54,55,98.18
50L_50NL_3_3,50L_50NL,3,k o n d e s ˈi ɾ,V;SBJV;PRS;2;PL,55,55,100.0
50L_50NL_3_4,50L_50NL,3,k o n d e s ˈi ɾ,V;SBJV;PRS;2;PL,55,55,100.0
50L_50NL_3_1,50L_50NL,3,k o n d e s ˈi ɾ,V;SBJV;PRS;2;SG,55,55,100.0
50L_50NL_3_2,50L_50NL,3,k o n d e s ˈi ɾ,V;SBJV;PRS;2;SG,55,55,100.0
50L_50NL_3_3,50L_50NL,3,k o n d e s ˈi ɾ,V;SBJV;PRS;2;SG,55,55,100.0
50L_50NL_3_4,50L_50NL,3,k o n d e s ˈi ɾ,V;SBJV;PRS;2;SG,55,55,100.0
50L_50NL_3_1,50L_50NL,3,k o n d e s ˈi ɾ,V;SBJV;PRS;3;PL,55,55,100.0
50L_50NL_3_2,50L_50NL,3,k o n d e s ˈi ɾ,V;SBJV;PRS;3;PL,55,55,100.0
50L_50NL_3_3,50L_50NL,3,k o n d e s ˈi ɾ,V;SBJV;PRS;3;PL,55,55,100.0
50L_50NL_3_4,50L_50NL,3,k o n d e s ˈi ɾ,V;SBJV;PRS;3;PL,55,55,100.0
50L_50NL_3_1,50L_50NL,3,k o n d e s ˈi ɾ,V;SBJV;PRS;3;SG,55,55,100.0
50L_50NL_3_2,50L_50NL,3,k o n d e s ˈi ɾ,V;SBJV;PRS;3;SG,55,55,100.0
50L_50NL_3_3,50L_50NL,3,k o n d e s ˈi ɾ,V;SBJV;PRS;3;SG,55,55,100.0
50L_50NL_3_4,50L_50NL,3,k o n d e s ˈi ɾ,V;SBJV;PRS;3;SG,55,55,100.0
50L_50NL_3_1,50L_50NL,3,k o n t ɾ a a s ˈe ɾ,V;IND;PRS;1;PL,0,55,0.0
50L_50NL_3_2,50L_50NL,3,k o n t ɾ a a s ˈe ɾ,V;IND;PRS;1;PL,0,55,0.0
50L_50NL_3_3,50L_50NL,3,k o n t ɾ a a s ˈe ɾ,V;IND;PRS;1;PL,0,55,0.0
50L_50NL_3_4,50L_50NL,3,k o n t ɾ a a s ˈe ɾ,V;IND;PRS;1;PL,0,55,0.0
50L_50NL_3_1,50L_50NL,3,k o n t ɾ a a s ˈe ɾ,V;IND;PRS;1;SG,0,55,0.0
50L_50NL_3_2,50L_50NL,3,k o n t ɾ a a s ˈe ɾ,V;IND;PRS;1;SG,0,55,0.0
50L_50NL_3_3,50L_50NL,3,k o n t ɾ a a s ˈe ɾ,V;IND;PRS;1;SG,0,55,0.0
50L_50NL_3_4,50L_50NL,3,k o n t ɾ a a s ˈe ɾ,V;IND;PRS;1;SG,0,55,0.0
50L_50NL_3_1,50L_50NL,3,k o n t ɾ a a s ˈe ɾ,V;IND;PRS;2;PL,0,55,0.0
50L_50NL_3_2,50L_50NL,3,k o n t ɾ a a s ˈe ɾ,V;IND;PRS;2;PL,0,55,0.0
50L_50NL_3_3,50L_50NL,3,k o n t ɾ a a s ˈe ɾ,V;IND;PRS;2;PL,0,55,0.0
50L_50NL_3_4,50L_50NL,3,k o n t ɾ a a s ˈe ɾ,V;IND;PRS;2;PL,0,55,0.0
50L_50NL_3_1,50L_50NL,3,k o n t ɾ a a s ˈe ɾ,V;IND;PRS;2;SG,9,55,16.36
50L_50NL_3_2,50L_50NL,3,k o n t ɾ a a s ˈe ɾ,V;IND;PRS;2;SG,0,55,0.0
50L_50NL_3_3,50L_50NL,3,k o n t ɾ a a s ˈe ɾ,V;IND;PRS;2;SG,0,55,0.0
50L_50NL_3_4,50L_50NL,3,k o n t ɾ a a s ˈe ɾ,V;IND;PRS;2;SG,0,55,0.0
50L_50NL_3_1,50L_50NL,3,k o n t ɾ a a s ˈe ɾ,V;IND;PRS;3;PL,13,55,23.64
50L_50NL_3_2,50L_50NL,3,k o n t ɾ a a s ˈe ɾ,V;IND;PRS;3;PL,0,55,0.0
50L_50NL_3_3,50L_50NL,3,k o n t ɾ a a s ˈe ɾ,V;IND;PRS;3;PL,0,55,0.0
50L_50NL_3_4,50L_50NL,3,k o n t ɾ a a s ˈe ɾ,V;IND;PRS;3;PL,0,55,0.0
50L_50NL_3_1,50L_50NL,3,k o n t ɾ a a s ˈe ɾ,V;IND;PRS;3;SG,14,55,25.45
50L_50NL_3_2,50L_50NL,3,k o n t ɾ a a s ˈe ɾ,V;IND;PRS;3;SG,0,55,0.0
50L_50NL_3_3,50L_50NL,3,k o n t ɾ a a s ˈe ɾ,V;IND;PRS;3;SG,0,55,0.0
50L_50NL_3_4,50L_50NL,3,k o n t ɾ a a s ˈe ɾ,V;IND;PRS;3;SG,0,55,0.0
50L_50NL_3_1,50L_50NL,3,k o n t ɾ a a s ˈe ɾ,V;SBJV;PRS;1;PL,0,55,0.0
50L_50NL_3_2,50L_50NL,3,k o n t ɾ a a s ˈe ɾ,V;SBJV;PRS;1;PL,0,55,0.0
50L_50NL_3_3,50L_50NL,3,k o n t ɾ a a s ˈe ɾ,V;SBJV;PRS;1;PL,0,55,0.0
50L_50NL_3_4,50L_50NL,3,k o n t ɾ a a s ˈe ɾ,V;SBJV;PRS;1;PL,0,55,0.0
50L_50NL_3_1,50L_50NL,3,k o n t ɾ a a s ˈe ɾ,V;SBJV;PRS;1;SG,0,55,0.0
50L_50NL_3_2,50L_50NL,3,k o n t ɾ a a s ˈe ɾ,V;SBJV;PRS;1;SG,0,55,0.0
50L_50NL_3_3,50L_50NL,3,k o n t ɾ a a s ˈe ɾ,V;SBJV;PRS;1;SG,0,55,0.0
50L_50NL_3_4,50L_50NL,3,k o n t ɾ a a s ˈe ɾ,V;SBJV;PRS;1;SG,0,55,0.0
50L_50NL_3_1,50L_50NL,3,k o n t ɾ a a s ˈe ɾ,V;SBJV;PRS;2;PL,0,55,0.0
50L_50NL_3_2,50L_50NL,3,k o n t ɾ a a s ˈe ɾ,V;SBJV;PRS;2;PL,0,55,0.0
50L_50NL_3_3,50L_50NL,3,k o n t ɾ a a s ˈe ɾ,V;SBJV;PRS;2;PL,0,55,0.0
50L_50NL_3_4,50L_50NL,3,k o n t ɾ a a s ˈe ɾ,V;SBJV;PRS;2;PL,0,55,0.0
50L_50NL_3_1,50L_50NL,3,k o n t ɾ a a s ˈe ɾ,V;SBJV;PRS;2;SG,0,55,0.0
50L_50NL_3_2,50L_50NL,3,k o n t ɾ a a s ˈe ɾ,V;SBJV;PRS;2;SG,0,55,0.0
50L_50NL_3_3,50L_50NL,3,k o n t ɾ a a s ˈe ɾ,V;SBJV;PRS;2;SG,0,55,0.0
50L_50NL_3_4,50L_50NL,3,k o n t ɾ a a s ˈe ɾ,V;SBJV;PRS;2;SG,0,55,0.0
50L_50NL_3_1,50L_50NL,3,k o n t ɾ a a s ˈe ɾ,V;SBJV;PRS;3;PL,0,55,0.0
50L_50NL_3_2,50L_50NL,3,k o n t ɾ a a s ˈe ɾ,V;SBJV;PRS;3;PL,0,55,0.0
50L_50NL_3_3,50L_50NL,3,k o n t ɾ a a s ˈe ɾ,V;SBJV;PRS;3;PL,0,55,0.0
50L_50NL_3_4,50L_50NL,3,k o n t ɾ a a s ˈe ɾ,V;SBJV;PRS;3;PL,0,55,0.0
50L_50NL_3_1,50L_50NL,3,k o n t ɾ a a s ˈe ɾ,V;SBJV;PRS;3;SG,0,55,0.0
50L_50NL_3_2,50L_50NL,3,k o n t ɾ a a s ˈe ɾ,V;SBJV;PRS;3;SG,0,55,0.0
50L_50NL_3_3,50L_50NL,3,k o n t ɾ a a s ˈe ɾ,V;SBJV;PRS;3;SG,0,55,0.0
50L_50NL_3_4,50L_50NL,3,k o n t ɾ a a s ˈe ɾ,V;SBJV;PRS;3;SG,0,55,0.0
50L_50NL_3_1,50L_50NL,3,o b t e n ˈe ɾ,V;IND;PRS;1;PL,55,55,100.0
50L_50NL_3_2,50L_50NL,3,o b t e n ˈe ɾ,V;IND;PRS;1;PL,50,55,90.91
50L_50NL_3_3,50L_50NL,3,o b t e n ˈe ɾ,V;IND;PRS;1;PL,55,55,100.0
50L_50NL_3_4,50L_50NL,3,o b t e n ˈe ɾ,V;IND;PRS;1;PL,51,55,92.73
50L_50NL_3_1,50L_50NL,3,o b t e n ˈe ɾ,V;IND;PRS;1;SG,55,55,100.0
50L_50NL_3_2,50L_50NL,3,o b t e n ˈe ɾ,V;IND;PRS;1;SG,55,55,100.0
50L_50NL_3_3,50L_50NL,3,o b t e n ˈe ɾ,V;IND;PRS;1;SG,55,55,100.0
50L_50NL_3_4,50L_50NL,3,o b t e n ˈe ɾ,V;IND;PRS;1;SG,54,55,98.18
50L_50NL_3_1,50L_50NL,3,o b t e n ˈe ɾ,V;IND;PRS;2;PL,52,55,94.55
50L_50NL_3_2,50L_50NL,3,o b t e n ˈe ɾ,V;IND;PRS;2;PL,53,55,96.36
50L_50NL_3_3,50L_50NL,3,o b t e n ˈe ɾ,V;IND;PRS;2;PL,55,55,100.0
50L_50NL_3_4,50L_50NL,3,o b t e n ˈe ɾ,V;IND;PRS;2;PL,55,55,100.0
50L_50NL_3_1,50L_50NL,3,o b t e n ˈe ɾ,V;IND;PRS;2;SG,10,55,18.18
50L_50NL_3_2,50L_50NL,3,o b t e n ˈe ɾ,V;IND;PRS;2;SG,10,55,18.18
50L_50NL_3_3,50L_50NL,3,o b t e n ˈe ɾ,V;IND;PRS;2;SG,0,55,0.0
50L_50NL_3_4,50L_50NL,3,o b t e n ˈe ɾ,V;IND;PRS;2;SG,1,55,1.82
50L_50NL_3_1,50L_50NL,3,o b t e n ˈe ɾ,V;IND;PRS;3;PL,10,55,18.18
50L_50NL_3_2,50L_50NL,3,o b t e n ˈe ɾ,V;IND;PRS;3;PL,11,55,20.0
50L_50NL_3_3,50L_50NL,3,o b t e n ˈe ɾ,V;IND;PRS;3;PL,0,55,0.0
50L_50NL_3_4,50L_50NL,3,o b t e n ˈe ɾ,V;IND;PRS;3;PL,1,55,1.82
50L_50NL_3_1,50L_50NL,3,o b t e n ˈe ɾ,V;IND;PRS;3;SG,11,55,20.0
50L_50NL_3_2,50L_50NL,3,o b t e n ˈe ɾ,V;IND;PRS;3;SG,8,55,14.55
50L_50NL_3_3,50L_50NL,3,o b t e n ˈe ɾ,V;IND;PRS;3;SG,0,55,0.0
50L_50NL_3_4,50L_50NL,3,o b t e n ˈe ɾ,V;IND;PRS;3;SG,1,55,1.82
50L_50NL_3_1,50L_50NL,3,o b t e n ˈe ɾ,V;SBJV;PRS;1;PL,55,55,100.0
50L_50NL_3_2,50L_50NL,3,o b t e n ˈe ɾ,V;SBJV;PRS;1;PL,54,55,98.18
50L_50NL_3_3,50L_50NL,3,o b t e n ˈe ɾ,V;SBJV;PRS;1;PL,55,55,100.0
50L_50NL_3_4,50L_50NL,3,o b t e n ˈe ɾ,V;SBJV;PRS;1;PL,55,55,100.0
50L_50NL_3_1,50L_50NL,3,o b t e n ˈe ɾ,V;SBJV;PRS;1;SG,55,55,100.0
50L_50NL_3_2,50L_50NL,3,o b t e n ˈe ɾ,V;SBJV;PRS;1;SG,55,55,100.0
50L_50NL_3_3,50L_50NL,3,o b t e n ˈe ɾ,V;SBJV;PRS;1;SG,55,55,100.0
50L_50NL_3_4,50L_50NL,3,o b t e n ˈe ɾ,V;SBJV;PRS;1;SG,52,55,94.55
50L_50NL_3_1,50L_50NL,3,o b t e n ˈe ɾ,V;SBJV;PRS;2;PL,55,55,100.0
50L_50NL_3_2,50L_50NL,3,o b t e n ˈe ɾ,V;SBJV;PRS;2;PL,55,55,100.0
50L_50NL_3_3,50L_50NL,3,o b t e n ˈe ɾ,V;SBJV;PRS;2;PL,55,55,100.0
50L_50NL_3_4,50L_50NL,3,o b t e n ˈe ɾ,V;SBJV;PRS;2;PL,55,55,100.0
50L_50NL_3_1,50L_50NL,3,o b t e n ˈe ɾ,V;SBJV;PRS;2;SG,55,55,100.0
50L_50NL_3_2,50L_50NL,3,o b t e n ˈe ɾ,V;SBJV;PRS;2;SG,55,55,100.0
50L_50NL_3_3,50L_50NL,3,o b t e n ˈe ɾ,V;SBJV;PRS;2;SG,55,55,100.0
50L_50NL_3_4,50L_50NL,3,o b t e n ˈe ɾ,V;SBJV;PRS;2;SG,53,55,96.36
50L_50NL_3_1,50L_50NL,3,o b t e n ˈe ɾ,V;SBJV;PRS;3;PL,55,55,100.0
50L_50NL_3_2,50L_50NL,3,o b t e n ˈe ɾ,V;SBJV;PRS;3;PL,55,55,100.0
50L_50NL_3_3,50L_50NL,3,o b t e n ˈe ɾ,V;SBJV;PRS;3;PL,55,55,100.0
50L_50NL_3_4,50L_50NL,3,o b t e n ˈe ɾ,V;SBJV;PRS;3;PL,53,55,96.36
50L_50NL_3_1,50L_50NL,3,o b t e n ˈe ɾ,V;SBJV;PRS;3;SG,55,55,100.0
50L_50NL_3_2,50L_50NL,3,o b t e n ˈe ɾ,V;SBJV;PRS;3;SG,55,55,100.0
50L_50NL_3_3,50L_50NL,3,o b t e n ˈe ɾ,V;SBJV;PRS;3;SG,55,55,100.0
50L_50NL_3_4,50L_50NL,3,o b t e n ˈe ɾ,V;SBJV;PRS;3;SG,52,55,94.55
50L_50NL_3_1,50L_50NL,3,p a d e s ˈe ɾ,V;IND;PRS;1;PL,55,55,100.0
50L_50NL_3_2,50L_50NL,3,p a d e s ˈe ɾ,V;IND;PRS;1;PL,55,55,100.0
50L_50NL_3_3,50L_50NL,3,p a d e s ˈe ɾ,V;IND;PRS;1;PL,55,55,100.0
50L_50NL_3_4,50L_50NL,3,p a d e s ˈe ɾ,V;IND;PRS;1;PL,55,55,100.0
50L_50NL_3_1,50L_50NL,3,p a d e s ˈe ɾ,V;IND;PRS;1;SG,55,55,100.0
50L_50NL_3_2,50L_50NL,3,p a d e s ˈe ɾ,V;IND;PRS;1;SG,55,55,100.0
50L_50NL_3_3,50L_50NL,3,p a d e s ˈe ɾ,V;IND;PRS;1;SG,55,55,100.0
50L_50NL_3_4,50L_50NL,3,p a d e s ˈe ɾ,V;IND;PRS;1;SG,55,55,100.0
50L_50NL_3_1,50L_50NL,3,p a d e s ˈe ɾ,V;IND;PRS;2;PL,55,55,100.0
50L_50NL_3_2,50L_50NL,3,p a d e s ˈe ɾ,V;IND;PRS;2;PL,55,55,100.0
50L_50NL_3_3,50L_50NL,3,p a d e s ˈe ɾ,V;IND;PRS;2;PL,55,55,100.0
50L_50NL_3_4,50L_50NL,3,p a d e s ˈe ɾ,V;IND;PRS;2;PL,55,55,100.0
50L_50NL_3_1,50L_50NL,3,p a d e s ˈe ɾ,V;IND;PRS;2;SG,55,55,100.0
50L_50NL_3_2,50L_50NL,3,p a d e s ˈe ɾ,V;IND;PRS;2;SG,55,55,100.0
50L_50NL_3_3,50L_50NL,3,p a d e s ˈe ɾ,V;IND;PRS;2;SG,55,55,100.0
50L_50NL_3_4,50L_50NL,3,p a d e s ˈe ɾ,V;IND;PRS;2;SG,55,55,100.0
50L_50NL_3_1,50L_50NL,3,p a d e s ˈe ɾ,V;IND;PRS;3;PL,55,55,100.0
50L_50NL_3_2,50L_50NL,3,p a d e s ˈe ɾ,V;IND;PRS;3;PL,55,55,100.0
50L_50NL_3_3,50L_50NL,3,p a d e s ˈe ɾ,V;IND;PRS;3;PL,55,55,100.0
50L_50NL_3_4,50L_50NL,3,p a d e s ˈe ɾ,V;IND;PRS;3;PL,55,55,100.0
50L_50NL_3_1,50L_50NL,3,p a d e s ˈe ɾ,V;IND;PRS;3;SG,55,55,100.0
50L_50NL_3_2,50L_50NL,3,p a d e s ˈe ɾ,V;IND;PRS;3;SG,55,55,100.0
50L_50NL_3_3,50L_50NL,3,p a d e s ˈe ɾ,V;IND;PRS;3;SG,55,55,100.0
50L_50NL_3_4,50L_50NL,3,p a d e s ˈe ɾ,V;IND;PRS;3;SG,55,55,100.0
50L_50NL_3_1,50L_50NL,3,p a d e s ˈe ɾ,V;SBJV;PRS;1;PL,55,55,100.0
50L_50NL_3_2,50L_50NL,3,p a d e s ˈe ɾ,V;SBJV;PRS;1;PL,55,55,100.0
50L_50NL_3_3,50L_50NL,3,p a d e s ˈe ɾ,V;SBJV;PRS;1;PL,55,55,100.0
50L_50NL_3_4,50L_50NL,3,p a d e s ˈe ɾ,V;SBJV;PRS;1;PL,55,55,100.0
50L_50NL_3_1,50L_50NL,3,p a d e s ˈe ɾ,V;SBJV;PRS;1;SG,55,55,100.0
50L_50NL_3_2,50L_50NL,3,p a d e s ˈe ɾ,V;SBJV;PRS;1;SG,55,55,100.0
50L_50NL_3_3,50L_50NL,3,p a d e s ˈe ɾ,V;SBJV;PRS;1;SG,55,55,100.0
50L_50NL_3_4,50L_50NL,3,p a d e s ˈe ɾ,V;SBJV;PRS;1;SG,55,55,100.0
50L_50NL_3_1,50L_50NL,3,p a d e s ˈe ɾ,V;SBJV;PRS;2;PL,55,55,100.0
50L_50NL_3_2,50L_50NL,3,p a d e s ˈe ɾ,V;SBJV;PRS;2;PL,55,55,100.0
50L_50NL_3_3,50L_50NL,3,p a d e s ˈe ɾ,V;SBJV;PRS;2;PL,55,55,100.0
50L_50NL_3_4,50L_50NL,3,p a d e s ˈe ɾ,V;SBJV;PRS;2;PL,55,55,100.0
50L_50NL_3_1,50L_50NL,3,p a d e s ˈe ɾ,V;SBJV;PRS;2;SG,55,55,100.0
50L_50NL_3_2,50L_50NL,3,p a d e s ˈe ɾ,V;SBJV;PRS;2;SG,55,55,100.0
50L_50NL_3_3,50L_50NL,3,p a d e s ˈe ɾ,V;SBJV;PRS;2;SG,55,55,100.0
50L_50NL_3_4,50L_50NL,3,p a d e s ˈe ɾ,V;SBJV;PRS;2;SG,55,55,100.0
50L_50NL_3_1,50L_50NL,3,p a d e s ˈe ɾ,V;SBJV;PRS;3;PL,55,55,100.0
50L_50NL_3_2,50L_50NL,3,p a d e s ˈe ɾ,V;SBJV;PRS;3;PL,55,55,100.0
50L_50NL_3_3,50L_50NL,3,p a d e s ˈe ɾ,V;SBJV;PRS;3;PL,55,55,100.0
50L_50NL_3_4,50L_50NL,3,p a d e s ˈe ɾ,V;SBJV;PRS;3;PL,55,55,100.0
50L_50NL_3_1,50L_50NL,3,p a d e s ˈe ɾ,V;SBJV;PRS;3;SG,55,55,100.0
50L_50NL_3_2,50L_50NL,3,p a d e s ˈe ɾ,V;SBJV;PRS;3;SG,55,55,100.0
50L_50NL_3_3,50L_50NL,3,p a d e s ˈe ɾ,V;SBJV;PRS;3;SG,55,55,100.0
50L_50NL_3_4,50L_50NL,3,p a d e s ˈe ɾ,V;SBJV;PRS;3;SG,55,55,100.0
50L_50NL_3_1,50L_50NL,3,p e ɾ m a n e s ˈe ɾ,V;IND;PRS;1;PL,55,55,100.0
50L_50NL_3_2,50L_50NL,3,p e ɾ m a n e s ˈe ɾ,V;IND;PRS;1;PL,55,55,100.0
50L_50NL_3_3,50L_50NL,3,p e ɾ m a n e s ˈe ɾ,V;IND;PRS;1;PL,55,55,100.0
50L_50NL_3_4,50L_50NL,3,p e ɾ m a n e s ˈe ɾ,V;IND;PRS;1;PL,55,55,100.0
50L_50NL_3_1,50L_50NL,3,p e ɾ m a n e s ˈe ɾ,V;IND;PRS;1;SG,55,55,100.0
50L_50NL_3_2,50L_50NL,3,p e ɾ m a n e s ˈe ɾ,V;IND;PRS;1;SG,55,55,100.0
50L_50NL_3_3,50L_50NL,3,p e ɾ m a n e s ˈe ɾ,V;IND;PRS;1;SG,55,55,100.0
50L_50NL_3_4,50L_50NL,3,p e ɾ m a n e s ˈe ɾ,V;IND;PRS;1;SG,55,55,100.0
50L_50NL_3_1,50L_50NL,3,p e ɾ m a n e s ˈe ɾ,V;IND;PRS;2;PL,55,55,100.0
50L_50NL_3_2,50L_50NL,3,p e ɾ m a n e s ˈe ɾ,V;IND;PRS;2;PL,55,55,100.0
50L_50NL_3_3,50L_50NL,3,p e ɾ m a n e s ˈe ɾ,V;IND;PRS;2;PL,55,55,100.0
50L_50NL_3_4,50L_50NL,3,p e ɾ m a n e s ˈe ɾ,V;IND;PRS;2;PL,55,55,100.0
50L_50NL_3_1,50L_50NL,3,p e ɾ m a n e s ˈe ɾ,V;IND;PRS;2;SG,55,55,100.0
50L_50NL_3_2,50L_50NL,3,p e ɾ m a n e s ˈe ɾ,V;IND;PRS;2;SG,55,55,100.0
50L_50NL_3_3,50L_50NL,3,p e ɾ m a n e s ˈe ɾ,V;IND;PRS;2;SG,55,55,100.0
50L_50NL_3_4,50L_50NL,3,p e ɾ m a n e s ˈe ɾ,V;IND;PRS;2;SG,55,55,100.0
50L_50NL_3_1,50L_50NL,3,p e ɾ m a n e s ˈe ɾ,V;IND;PRS;3;PL,55,55,100.0
50L_50NL_3_2,50L_50NL,3,p e ɾ m a n e s ˈe ɾ,V;IND;PRS;3;PL,55,55,100.0
50L_50NL_3_3,50L_50NL,3,p e ɾ m a n e s ˈe ɾ,V;IND;PRS;3;PL,55,55,100.0
50L_50NL_3_4,50L_50NL,3,p e ɾ m a n e s ˈe ɾ,V;IND;PRS;3;PL,55,55,100.0
50L_50NL_3_1,50L_50NL,3,p e ɾ m a n e s ˈe ɾ,V;IND;PRS;3;SG,55,55,100.0
50L_50NL_3_2,50L_50NL,3,p e ɾ m a n e s ˈe ɾ,V;IND;PRS;3;SG,55,55,100.0
50L_50NL_3_3,50L_50NL,3,p e ɾ m a n e s ˈe ɾ,V;IND;PRS;3;SG,55,55,100.0
50L_50NL_3_4,50L_50NL,3,p e ɾ m a n e s ˈe ɾ,V;IND;PRS;3;SG,55,55,100.0
50L_50NL_3_1,50L_50NL,3,p e ɾ m a n e s ˈe ɾ,V;SBJV;PRS;1;PL,55,55,100.0
50L_50NL_3_2,50L_50NL,3,p e ɾ m a n e s ˈe ɾ,V;SBJV;PRS;1;PL,55,55,100.0
50L_50NL_3_3,50L_50NL,3,p e ɾ m a n e s ˈe ɾ,V;SBJV;PRS;1;PL,55,55,100.0
50L_50NL_3_4,50L_50NL,3,p e ɾ m a n e s ˈe ɾ,V;SBJV;PRS;1;PL,55,55,100.0
50L_50NL_3_1,50L_50NL,3,p e ɾ m a n e s ˈe ɾ,V;SBJV;PRS;1;SG,55,55,100.0
50L_50NL_3_2,50L_50NL,3,p e ɾ m a n e s ˈe ɾ,V;SBJV;PRS;1;SG,55,55,100.0
50L_50NL_3_3,50L_50NL,3,p e ɾ m a n e s ˈe ɾ,V;SBJV;PRS;1;SG,55,55,100.0
50L_50NL_3_4,50L_50NL,3,p e ɾ m a n e s ˈe ɾ,V;SBJV;PRS;1;SG,55,55,100.0
50L_50NL_3_1,50L_50NL,3,p e ɾ m a n e s ˈe ɾ,V;SBJV;PRS;2;PL,55,55,100.0
50L_50NL_3_2,50L_50NL,3,p e ɾ m a n e s ˈe ɾ,V;SBJV;PRS;2;PL,55,55,100.0
50L_50NL_3_3,50L_50NL,3,p e ɾ m a n e s ˈe ɾ,V;SBJV;PRS;2;PL,55,55,100.0
50L_50NL_3_4,50L_50NL,3,p e ɾ m a n e s ˈe ɾ,V;SBJV;PRS;2;PL,55,55,100.0
50L_50NL_3_1,50L_50NL,3,p e ɾ m a n e s ˈe ɾ,V;SBJV;PRS;2;SG,55,55,100.0
50L_50NL_3_2,50L_50NL,3,p e ɾ m a n e s ˈe ɾ,V;SBJV;PRS;2;SG,55,55,100.0
50L_50NL_3_3,50L_50NL,3,p e ɾ m a n e s ˈe ɾ,V;SBJV;PRS;2;SG,55,55,100.0
50L_50NL_3_4,50L_50NL,3,p e ɾ m a n e s ˈe ɾ,V;SBJV;PRS;2;SG,55,55,100.0
50L_50NL_3_1,50L_50NL,3,p e ɾ m a n e s ˈe ɾ,V;SBJV;PRS;3;PL,55,55,100.0
50L_50NL_3_2,50L_50NL,3,p e ɾ m a n e s ˈe ɾ,V;SBJV;PRS;3;PL,55,55,100.0
50L_50NL_3_3,50L_50NL,3,p e ɾ m a n e s ˈe ɾ,V;SBJV;PRS;3;PL,55,55,100.0
50L_50NL_3_4,50L_50NL,3,p e ɾ m a n e s ˈe ɾ,V;SBJV;PRS;3;PL,55,55,100.0
50L_50NL_3_1,50L_50NL,3,p e ɾ m a n e s ˈe ɾ,V;SBJV;PRS;3;SG,55,55,100.0
50L_50NL_3_2,50L_50NL,3,p e ɾ m a n e s ˈe ɾ,V;SBJV;PRS;3;SG,55,55,100.0
50L_50NL_3_3,50L_50NL,3,p e ɾ m a n e s ˈe ɾ,V;SBJV;PRS;3;SG,55,55,100.0
50L_50NL_3_4,50L_50NL,3,p e ɾ m a n e s ˈe ɾ,V;SBJV;PRS;3;SG,55,55,100.0
50L_50NL_3_1,50L_50NL,3,p ɾ e s u p o n ˈe ɾ,V;IND;PRS;1;PL,55,55,100.0
50L_50NL_3_2,50L_50NL,3,p ɾ e s u p o n ˈe ɾ,V;IND;PRS;1;PL,55,55,100.0
50L_50NL_3_3,50L_50NL,3,p ɾ e s u p o n ˈe ɾ,V;IND;PRS;1;PL,55,55,100.0
50L_50NL_3_4,50L_50NL,3,p ɾ e s u p o n ˈe ɾ,V;IND;PRS;1;PL,55,55,100.0
50L_50NL_3_1,50L_50NL,3,p ɾ e s u p o n ˈe ɾ,V;IND;PRS;1;SG,55,55,100.0
50L_50NL_3_2,50L_50NL,3,p ɾ e s u p o n ˈe ɾ,V;IND;PRS;1;SG,55,55,100.0
50L_50NL_3_3,50L_50NL,3,p ɾ e s u p o n ˈe ɾ,V;IND;PRS;1;SG,55,55,100.0
50L_50NL_3_4,50L_50NL,3,p ɾ e s u p o n ˈe ɾ,V;IND;PRS;1;SG,55,55,100.0
50L_50NL_3_1,50L_50NL,3,p ɾ e s u p o n ˈe ɾ,V;IND;PRS;2;PL,55,55,100.0
50L_50NL_3_2,50L_50NL,3,p ɾ e s u p o n ˈe ɾ,V;IND;PRS;2;PL,55,55,100.0
50L_50NL_3_3,50L_50NL,3,p ɾ e s u p o n ˈe ɾ,V;IND;PRS;2;PL,55,55,100.0
50L_50NL_3_4,50L_50NL,3,p ɾ e s u p o n ˈe ɾ,V;IND;PRS;2;PL,55,55,100.0
50L_50NL_3_1,50L_50NL,3,p ɾ e s u p o n ˈe ɾ,V;IND;PRS;2;SG,55,55,100.0
50L_50NL_3_2,50L_50NL,3,p ɾ e s u p o n ˈe ɾ,V;IND;PRS;2;SG,55,55,100.0
50L_50NL_3_3,50L_50NL,3,p ɾ e s u p o n ˈe ɾ,V;IND;PRS;2;SG,55,55,100.0
50L_50NL_3_4,50L_50NL,3,p ɾ e s u p o n ˈe ɾ,V;IND;PRS;2;SG,55,55,100.0
50L_50NL_3_1,50L_50NL,3,p ɾ e s u p o n ˈe ɾ,V;IND;PRS;3;PL,55,55,100.0
50L_50NL_3_2,50L_50NL,3,p ɾ e s u p o n ˈe ɾ,V;IND;PRS;3;PL,55,55,100.0
50L_50NL_3_3,50L_50NL,3,p ɾ e s u p o n ˈe ɾ,V;IND;PRS;3;PL,55,55,100.0
50L_50NL_3_4,50L_50NL,3,p ɾ e s u p o n ˈe ɾ,V;IND;PRS;3;PL,55,55,100.0
50L_50NL_3_1,50L_50NL,3,p ɾ e s u p o n ˈe ɾ,V;IND;PRS;3;SG,55,55,100.0
50L_50NL_3_2,50L_50NL,3,p ɾ e s u p o n ˈe ɾ,V;IND;PRS;3;SG,55,55,100.0
50L_50NL_3_3,50L_50NL,3,p ɾ e s u p o n ˈe ɾ,V;IND;PRS;3;SG,55,55,100.0
50L_50NL_3_4,50L_50NL,3,p ɾ e s u p o n ˈe ɾ,V;IND;PRS;3;SG,55,55,100.0
50L_50NL_3_1,50L_50NL,3,p ɾ e s u p o n ˈe ɾ,V;SBJV;PRS;1;PL,55,55,100.0
50L_50NL_3_2,50L_50NL,3,p ɾ e s u p o n ˈe ɾ,V;SBJV;PRS;1;PL,55,55,100.0
50L_50NL_3_3,50L_50NL,3,p ɾ e s u p o n ˈe ɾ,V;SBJV;PRS;1;PL,55,55,100.0
50L_50NL_3_4,50L_50NL,3,p ɾ e s u p o n ˈe ɾ,V;SBJV;PRS;1;PL,55,55,100.0
50L_50NL_3_1,50L_50NL,3,p ɾ e s u p o n ˈe ɾ,V;SBJV;PRS;1;SG,55,55,100.0
50L_50NL_3_2,50L_50NL,3,p ɾ e s u p o n ˈe ɾ,V;SBJV;PRS;1;SG,55,55,100.0
50L_50NL_3_3,50L_50NL,3,p ɾ e s u p o n ˈe ɾ,V;SBJV;PRS;1;SG,55,55,100.0
50L_50NL_3_4,50L_50NL,3,p ɾ e s u p o n ˈe ɾ,V;SBJV;PRS;1;SG,55,55,100.0
50L_50NL_3_1,50L_50NL,3,p ɾ e s u p o n ˈe ɾ,V;SBJV;PRS;2;PL,55,55,100.0
50L_50NL_3_2,50L_50NL,3,p ɾ e s u p o n ˈe ɾ,V;SBJV;PRS;2;PL,55,55,100.0
50L_50NL_3_3,50L_50NL,3,p ɾ e s u p o n ˈe ɾ,V;SBJV;PRS;2;PL,55,55,100.0
50L_50NL_3_4,50L_50NL,3,p ɾ e s u p o n ˈe ɾ,V;SBJV;PRS;2;PL,55,55,100.0
50L_50NL_3_1,50L_50NL,3,p ɾ e s u p o n ˈe ɾ,V;SBJV;PRS;2;SG,55,55,100.0
50L_50NL_3_2,50L_50NL,3,p ɾ e s u p o n ˈe ɾ,V;SBJV;PRS;2;SG,55,55,100.0
50L_50NL_3_3,50L_50NL,3,p ɾ e s u p o n ˈe ɾ,V;SBJV;PRS;2;SG,55,55,100.0
50L_50NL_3_4,50L_50NL,3,p ɾ e s u p o n ˈe ɾ,V;SBJV;PRS;2;SG,55,55,100.0
50L_50NL_3_1,50L_50NL,3,p ɾ e s u p o n ˈe ɾ,V;SBJV;PRS;3;PL,55,55,100.0
50L_50NL_3_2,50L_50NL,3,p ɾ e s u p o n ˈe ɾ,V;SBJV;PRS;3;PL,55,55,100.0
50L_50NL_3_3,50L_50NL,3,p ɾ e s u p o n ˈe ɾ,V;SBJV;PRS;3;PL,55,55,100.0
50L_50NL_3_4,50L_50NL,3,p ɾ e s u p o n ˈe ɾ,V;SBJV;PRS;3;PL,55,55,100.0
50L_50NL_3_1,50L_50NL,3,p ɾ e s u p o n ˈe ɾ,V;SBJV;PRS;3;SG,55,55,100.0
50L_50NL_3_2,50L_50NL,3,p ɾ e s u p o n ˈe ɾ,V;SBJV;PRS;3;SG,55,55,100.0
50L_50NL_3_3,50L_50NL,3,p ɾ e s u p o n ˈe ɾ,V;SBJV;PRS;3;SG,55,55,100.0
50L_50NL_3_4,50L_50NL,3,p ɾ e s u p o n ˈe ɾ,V;SBJV;PRS;3;SG,55,55,100.0
50L_50NL_3_1,50L_50NL,3,s u ɾ s ˈi ɾ,V;IND;PRS;1;PL,55,55,100.0
50L_50NL_3_2,50L_50NL,3,s u ɾ s ˈi ɾ,V;IND;PRS;1;PL,55,55,100.0
50L_50NL_3_3,50L_50NL,3,s u ɾ s ˈi ɾ,V;IND;PRS;1;PL,55,55,100.0
50L_50NL_3_4,50L_50NL,3,s u ɾ s ˈi ɾ,V;IND;PRS;1;PL,55,55,100.0
50L_50NL_3_1,50L_50NL,3,s u ɾ s ˈi ɾ,V;IND;PRS;1;SG,55,55,100.0
50L_50NL_3_2,50L_50NL,3,s u ɾ s ˈi ɾ,V;IND;PRS;1;SG,55,55,100.0
50L_50NL_3_3,50L_50NL,3,s u ɾ s ˈi ɾ,V;IND;PRS;1;SG,55,55,100.0
50L_50NL_3_4,50L_50NL,3,s u ɾ s ˈi ɾ,V;IND;PRS;1;SG,55,55,100.0
50L_50NL_3_1,50L_50NL,3,s u ɾ s ˈi ɾ,V;IND;PRS;2;PL,55,55,100.0
50L_50NL_3_2,50L_50NL,3,s u ɾ s ˈi ɾ,V;IND;PRS;2;PL,55,55,100.0
50L_50NL_3_3,50L_50NL,3,s u ɾ s ˈi ɾ,V;IND;PRS;2;PL,55,55,100.0
50L_50NL_3_4,50L_50NL,3,s u ɾ s ˈi ɾ,V;IND;PRS;2;PL,55,55,100.0
50L_50NL_3_1,50L_50NL,3,s u ɾ s ˈi ɾ,V;IND;PRS;2;SG,55,55,100.0
50L_50NL_3_2,50L_50NL,3,s u ɾ s ˈi ɾ,V;IND;PRS;2;SG,55,55,100.0
50L_50NL_3_3,50L_50NL,3,s u ɾ s ˈi ɾ,V;IND;PRS;2;SG,55,55,100.0
50L_50NL_3_4,50L_50NL,3,s u ɾ s ˈi ɾ,V;IND;PRS;2;SG,55,55,100.0
50L_50NL_3_1,50L_50NL,3,s u ɾ s ˈi ɾ,V;IND;PRS;3;PL,55,55,100.0
50L_50NL_3_2,50L_50NL,3,s u ɾ s ˈi ɾ,V;IND;PRS;3;PL,55,55,100.0
50L_50NL_3_3,50L_50NL,3,s u ɾ s ˈi ɾ,V;IND;PRS;3;PL,55,55,100.0
50L_50NL_3_4,50L_50NL,3,s u ɾ s ˈi ɾ,V;IND;PRS;3;PL,55,55,100.0
50L_50NL_3_1,50L_50NL,3,s u ɾ s ˈi ɾ,V;IND;PRS;3;SG,55,55,100.0
50L_50NL_3_2,50L_50NL,3,s u ɾ s ˈi ɾ,V;IND;PRS;3;SG,55,55,100.0
50L_50NL_3_3,50L_50NL,3,s u ɾ s ˈi ɾ,V;IND;PRS;3;SG,55,55,100.0
50L_50NL_3_4,50L_50NL,3,s u ɾ s ˈi ɾ,V;IND;PRS;3;SG,55,55,100.0
50L_50NL_3_1,50L_50NL,3,s u ɾ s ˈi ɾ,V;SBJV;PRS;1;PL,55,55,100.0
50L_50NL_3_2,50L_50NL,3,s u ɾ s ˈi ɾ,V;SBJV;PRS;1;PL,53,55,96.36
50L_50NL_3_3,50L_50NL,3,s u ɾ s ˈi ɾ,V;SBJV;PRS;1;PL,55,55,100.0
50L_50NL_3_4,50L_50NL,3,s u ɾ s ˈi ɾ,V;SBJV;PRS;1;PL,55,55,100.0
50L_50NL_3_1,50L_50NL,3,s u ɾ s ˈi ɾ,V;SBJV;PRS;1;SG,55,55,100.0
50L_50NL_3_2,50L_50NL,3,s u ɾ s ˈi ɾ,V;SBJV;PRS;1;SG,55,55,100.0
50L_50NL_3_3,50L_50NL,3,s u ɾ s ˈi ɾ,V;SBJV;PRS;1;SG,55,55,100.0
50L_50NL_3_4,50L_50NL,3,s u ɾ s ˈi ɾ,V;SBJV;PRS;1;SG,53,55,96.36
50L_50NL_3_1,50L_50NL,3,s u ɾ s ˈi ɾ,V;SBJV;PRS;2;PL,54,55,98.18
50L_50NL_3_2,50L_50NL,3,s u ɾ s ˈi ɾ,V;SBJV;PRS;2;PL,52,55,94.55
50L_50NL_3_3,50L_50NL,3,s u ɾ s ˈi ɾ,V;SBJV;PRS;2;PL,55,55,100.0
50L_50NL_3_4,50L_50NL,3,s u ɾ s ˈi ɾ,V;SBJV;PRS;2;PL,55,55,100.0
50L_50NL_3_1,50L_50NL,3,s u ɾ s ˈi ɾ,V;SBJV;PRS;2;SG,55,55,100.0
50L_50NL_3_2,50L_50NL,3,s u ɾ s ˈi ɾ,V;SBJV;PRS;2;SG,55,55,100.0
50L_50NL_3_3,50L_50NL,3,s u ɾ s ˈi ɾ,V;SBJV;PRS;2;SG,55,55,100.0
50L_50NL_3_4,50L_50NL,3,s u ɾ s ˈi ɾ,V;SBJV;PRS;2;SG,54,55,98.18
50L_50NL_3_1,50L_50NL,3,s u ɾ s ˈi ɾ,V;SBJV;PRS;3;PL,55,55,100.0
50L_50NL_3_2,50L_50NL,3,s u ɾ s ˈi ɾ,V;SBJV;PRS;3;PL,55,55,100.0
50L_50NL_3_3,50L_50NL,3,s u ɾ s ˈi ɾ,V;SBJV;PRS;3;PL,55,55,100.0
50L_50NL_3_4,50L_50NL,3,s u ɾ s ˈi ɾ,V;SBJV;PRS;3;PL,54,55,98.18
50L_50NL_3_1,50L_50NL,3,s u ɾ s ˈi ɾ,V;SBJV;PRS;3;SG,55,55,100.0
50L_50NL_3_2,50L_50NL,3,s u ɾ s ˈi ɾ,V;SBJV;PRS;3;SG,55,55,100.0
50L_50NL_3_3,50L_50NL,3,s u ɾ s ˈi ɾ,V;SBJV;PRS;3;SG,55,55,100.0
50L_50NL_3_4,50L_50NL,3,s u ɾ s ˈi ɾ,V;SBJV;PRS;3;SG,53,55,96.36
50L_50NL_3_1,50L_50NL,3,u n s ˈi ɾ,V;IND;PRS;1;PL,54,55,98.18
50L_50NL_3_2,50L_50NL,3,u n s ˈi ɾ,V;IND;PRS;1;PL,55,55,100.0
50L_50NL_3_3,50L_50NL,3,u n s ˈi ɾ,V;IND;PRS;1;PL,55,55,100.0
50L_50NL_3_4,50L_50NL,3,u n s ˈi ɾ,V;IND;PRS;1;PL,55,55,100.0
50L_50NL_3_1,50L_50NL,3,u n s ˈi ɾ,V;IND;PRS;1;SG,54,55,98.18
50L_50NL_3_2,50L_50NL,3,u n s ˈi ɾ,V;IND;PRS;1;SG,18,55,32.73
50L_50NL_3_3,50L_50NL,3,u n s ˈi ɾ,V;IND;PRS;1;SG,55,55,100.0
50L_50NL_3_4,50L_50NL,3,u n s ˈi ɾ,V;IND;PRS;1;SG,17,55,30.91
50L_50NL_3_1,50L_50NL,3,u n s ˈi ɾ,V;IND;PRS;2;PL,50,55,90.91
50L_50NL_3_2,50L_50NL,3,u n s ˈi ɾ,V;IND;PRS;2;PL,53,55,96.36
50L_50NL_3_3,50L_50NL,3,u n s ˈi ɾ,V;IND;PRS;2;PL,54,55,98.18
50L_50NL_3_4,50L_50NL,3,u n s ˈi ɾ,V;IND;PRS;2;PL,55,55,100.0
50L_50NL_3_1,50L_50NL,3,u n s ˈi ɾ,V;IND;PRS;2;SG,55,55,100.0
50L_50NL_3_2,50L_50NL,3,u n s ˈi ɾ,V;IND;PRS;2;SG,55,55,100.0
50L_50NL_3_3,50L_50NL,3,u n s ˈi ɾ,V;IND;PRS;2;SG,55,55,100.0
50L_50NL_3_4,50L_50NL,3,u n s ˈi ɾ,V;IND;PRS;2;SG,55,55,100.0
50L_50NL_3_1,50L_50NL,3,u n s ˈi ɾ,V;IND;PRS;3;PL,55,55,100.0
50L_50NL_3_2,50L_50NL,3,u n s ˈi ɾ,V;IND;PRS;3;PL,55,55,100.0
50L_50NL_3_3,50L_50NL,3,u n s ˈi ɾ,V;IND;PRS;3;PL,55,55,100.0
50L_50NL_3_4,50L_50NL,3,u n s ˈi ɾ,V;IND;PRS;3;PL,52,55,94.55
50L_50NL_3_1,50L_50NL,3,u n s ˈi ɾ,V;IND;PRS;3;SG,55,55,100.0
50L_50NL_3_2,50L_50NL,3,u n s ˈi ɾ,V;IND;PRS;3;SG,55,55,100.0
50L_50NL_3_3,50L_50NL,3,u n s ˈi ɾ,V;IND;PRS;3;SG,55,55,100.0
50L_50NL_3_4,50L_50NL,3,u n s ˈi ɾ,V;IND;PRS;3;SG,55,55,100.0
50L_50NL_3_1,50L_50NL,3,u n s ˈi ɾ,V;SBJV;PRS;1;PL,45,55,81.82
50L_50NL_3_2,50L_50NL,3,u n s ˈi ɾ,V;SBJV;PRS;1;PL,9,55,16.36
50L_50NL_3_3,50L_50NL,3,u n s ˈi ɾ,V;SBJV;PRS;1;PL,55,55,100.0
50L_50NL_3_4,50L_50NL,3,u n s ˈi ɾ,V;SBJV;PRS;1;PL,47,55,85.45
50L_50NL_3_1,50L_50NL,3,u n s ˈi ɾ,V;SBJV;PRS;1;SG,55,55,100.0
50L_50NL_3_2,50L_50NL,3,u n s ˈi ɾ,V;SBJV;PRS;1;SG,3,55,5.45
50L_50NL_3_3,50L_50NL,3,u n s ˈi ɾ,V;SBJV;PRS;1;SG,55,55,100.0
50L_50NL_3_4,50L_50NL,3,u n s ˈi ɾ,V;SBJV;PRS;1;SG,34,55,61.82
50L_50NL_3_1,50L_50NL,3,u n s ˈi ɾ,V;SBJV;PRS;2;PL,40,55,72.73
50L_50NL_3_2,50L_50NL,3,u n s ˈi ɾ,V;SBJV;PRS;2;PL,23,55,41.82
50L_50NL_3_3,50L_50NL,3,u n s ˈi ɾ,V;SBJV;PRS;2;PL,55,55,100.0
50L_50NL_3_4,50L_50NL,3,u n s ˈi ɾ,V;SBJV;PRS;2;PL,47,55,85.45
50L_50NL_3_1,50L_50NL,3,u n s ˈi ɾ,V;SBJV;PRS;2;SG,55,55,100.0
50L_50NL_3_2,50L_50NL,3,u n s ˈi ɾ,V;SBJV;PRS;2;SG,7,55,12.73
50L_50NL_3_3,50L_50NL,3,u n s ˈi ɾ,V;SBJV;PRS;2;SG,55,55,100.0
50L_50NL_3_4,50L_50NL,3,u n s ˈi ɾ,V;SBJV;PRS;2;SG,25,55,45.45
50L_50NL_3_1,50L_50NL,3,u n s ˈi ɾ,V;SBJV;PRS;3;PL,55,55,100.0
50L_50NL_3_2,50L_50NL,3,u n s ˈi ɾ,V;SBJV;PRS;3;PL,14,55,25.45
50L_50NL_3_3,50L_50NL,3,u n s ˈi ɾ,V;SBJV;PRS;3;PL,55,55,100.0
50L_50NL_3_4,50L_50NL,3,u n s ˈi ɾ,V;SBJV;PRS;3;PL,34,55,61.82
50L_50NL_3_1,50L_50NL,3,u n s ˈi ɾ,V;SBJV;PRS;3;SG,55,55,100.0
50L_50NL_3_2,50L_50NL,3,u n s ˈi ɾ,V;SBJV;PRS;3;SG,4,55,7.27
50L_50NL_3_3,50L_50NL,3,u n s ˈi ɾ,V;SBJV;PRS;3;SG,55,55,100.0
50L_50NL_3_4,50L_50NL,3,u n s ˈi ɾ,V;SBJV;PRS;3;SG,32,55,58.18
50L_50NL_3_1,50L_50NL,3,ɾ e d e s ˈi ɾ,V;IND;PRS;1;PL,55,55,100.0
50L_50NL_3_2,50L_50NL,3,ɾ e d e s ˈi ɾ,V;IND;PRS;1;PL,55,55,100.0
50L_50NL_3_3,50L_50NL,3,ɾ e d e s ˈi ɾ,V;IND;PRS;1;PL,55,55,100.0
50L_50NL_3_4,50L_50NL,3,ɾ e d e s ˈi ɾ,V;IND;PRS;1;PL,55,55,100.0
50L_50NL_3_1,50L_50NL,3,ɾ e d e s ˈi ɾ,V;IND;PRS;1;SG,55,55,100.0
50L_50NL_3_2,50L_50NL,3,ɾ e d e s ˈi ɾ,V;IND;PRS;1;SG,55,55,100.0
50L_50NL_3_3,50L_50NL,3,ɾ e d e s ˈi ɾ,V;IND;PRS;1;SG,55,55,100.0
50L_50NL_3_4,50L_50NL,3,ɾ e d e s ˈi ɾ,V;IND;PRS;1;SG,55,55,100.0
50L_50NL_3_1,50L_50NL,3,ɾ e d e s ˈi ɾ,V;IND;PRS;2;PL,55,55,100.0
50L_50NL_3_2,50L_50NL,3,ɾ e d e s ˈi ɾ,V;IND;PRS;2;PL,54,55,98.18
50L_50NL_3_3,50L_50NL,3,ɾ e d e s ˈi ɾ,V;IND;PRS;2;PL,55,55,100.0
50L_50NL_3_4,50L_50NL,3,ɾ e d e s ˈi ɾ,V;IND;PRS;2;PL,55,55,100.0
50L_50NL_3_1,50L_50NL,3,ɾ e d e s ˈi ɾ,V;IND;PRS;2;SG,55,55,100.0
50L_50NL_3_2,50L_50NL,3,ɾ e d e s ˈi ɾ,V;IND;PRS;2;SG,55,55,100.0
50L_50NL_3_3,50L_50NL,3,ɾ e d e s ˈi ɾ,V;IND;PRS;2;SG,55,55,100.0
50L_50NL_3_4,50L_50NL,3,ɾ e d e s ˈi ɾ,V;IND;PRS;2;SG,55,55,100.0
50L_50NL_3_1,50L_50NL,3,ɾ e d e s ˈi ɾ,V;IND;PRS;3;PL,55,55,100.0
50L_50NL_3_2,50L_50NL,3,ɾ e d e s ˈi ɾ,V;IND;PRS;3;PL,55,55,100.0
50L_50NL_3_3,50L_50NL,3,ɾ e d e s ˈi ɾ,V;IND;PRS;3;PL,55,55,100.0
50L_50NL_3_4,50L_50NL,3,ɾ e d e s ˈi ɾ,V;IND;PRS;3;PL,55,55,100.0
50L_50NL_3_1,50L_50NL,3,ɾ e d e s ˈi ɾ,V;IND;PRS;3;SG,55,55,100.0
50L_50NL_3_2,50L_50NL,3,ɾ e d e s ˈi ɾ,V;IND;PRS;3;SG,55,55,100.0
50L_50NL_3_3,50L_50NL,3,ɾ e d e s ˈi ɾ,V;IND;PRS;3;SG,55,55,100.0
50L_50NL_3_4,50L_50NL,3,ɾ e d e s ˈi ɾ,V;IND;PRS;3;SG,55,55,100.0
50L_50NL_3_1,50L_50NL,3,ɾ e d e s ˈi ɾ,V;SBJV;PRS;1;PL,54,55,98.18
50L_50NL_3_2,50L_50NL,3,ɾ e d e s ˈi ɾ,V;SBJV;PRS;1;PL,55,55,100.0
50L_50NL_3_3,50L_50NL,3,ɾ e d e s ˈi ɾ,V;SBJV;PRS;1;PL,55,55,100.0
50L_50NL_3_4,50L_50NL,3,ɾ e d e s ˈi ɾ,V;SBJV;PRS;1;PL,55,55,100.0
50L_50NL_3_1,50L_50NL,3,ɾ e d e s ˈi ɾ,V;SBJV;PRS;1;SG,55,55,100.0
50L_50NL_3_2,50L_50NL,3,ɾ e d e s ˈi ɾ,V;SBJV;PRS;1;SG,55,55,100.0
50L_50NL_3_3,50L_50NL,3,ɾ e d e s ˈi ɾ,V;SBJV;PRS;1;SG,55,55,100.0
50L_50NL_3_4,50L_50NL,3,ɾ e d e s ˈi ɾ,V;SBJV;PRS;1;SG,55,55,100.0
50L_50NL_3_1,50L_50NL,3,ɾ e d e s ˈi ɾ,V;SBJV;PRS;2;PL,55,55,100.0
50L_50NL_3_2,50L_50NL,3,ɾ e d e s ˈi ɾ,V;SBJV;PRS;2;PL,55,55,100.0
50L_50NL_3_3,50L_50NL,3,ɾ e d e s ˈi ɾ,V;SBJV;PRS;2;PL,55,55,100.0
50L_50NL_3_4,50L_50NL,3,ɾ e d e s ˈi ɾ,V;SBJV;PRS;2;PL,55,55,100.0
50L_50NL_3_1,50L_50NL,3,ɾ e d e s ˈi ɾ,V;SBJV;PRS;2;SG,55,55,100.0
50L_50NL_3_2,50L_50NL,3,ɾ e d e s ˈi ɾ,V;SBJV;PRS;2;SG,55,55,100.0
50L_50NL_3_3,50L_50NL,3,ɾ e d e s ˈi ɾ,V;SBJV;PRS;2;SG,55,55,100.0
50L_50NL_3_4,50L_50NL,3,ɾ e d e s ˈi ɾ,V;SBJV;PRS;2;SG,55,55,100.0
50L_50NL_3_1,50L_50NL,3,ɾ e d e s ˈi ɾ,V;SBJV;PRS;3;PL,55,55,100.0
50L_50NL_3_2,50L_50NL,3,ɾ e d e s ˈi ɾ,V;SBJV;PRS;3;PL,55,55,100.0
50L_50NL_3_3,50L_50NL,3,ɾ e d e s ˈi ɾ,V;SBJV;PRS;3;PL,55,55,100.0
50L_50NL_3_4,50L_50NL,3,ɾ e d e s ˈi ɾ,V;SBJV;PRS;3;PL,55,55,100.0
50L_50NL_3_1,50L_50NL,3,ɾ e d e s ˈi ɾ,V;SBJV;PRS;3;SG,55,55,100.0
50L_50NL_3_2,50L_50NL,3,ɾ e d e s ˈi ɾ,V;SBJV;PRS;3;SG,55,55,100.0
50L_50NL_3_3,50L_50NL,3,ɾ e d e s ˈi ɾ,V;SBJV;PRS;3;SG,55,55,100.0
50L_50NL_3_4,50L_50NL,3,ɾ e d e s ˈi ɾ,V;SBJV;PRS;3;SG,55,55,100.0
50L_50NL_3_1,50L_50NL,3,ɾ e k o n d u s ˈi ɾ,V;IND;PRS;1;PL,55,55,100.0
50L_50NL_3_2,50L_50NL,3,ɾ e k o n d u s ˈi ɾ,V;IND;PRS;1;PL,55,55,100.0
50L_50NL_3_3,50L_50NL,3,ɾ e k o n d u s ˈi ɾ,V;IND;PRS;1;PL,55,55,100.0
50L_50NL_3_4,50L_50NL,3,ɾ e k o n d u s ˈi ɾ,V;IND;PRS;1;PL,55,55,100.0
50L_50NL_3_1,50L_50NL,3,ɾ e k o n d u s ˈi ɾ,V;IND;PRS;1;SG,55,55,100.0
50L_50NL_3_2,50L_50NL,3,ɾ e k o n d u s ˈi ɾ,V;IND;PRS;1;SG,55,55,100.0
50L_50NL_3_3,50L_50NL,3,ɾ e k o n d u s ˈi ɾ,V;IND;PRS;1;SG,55,55,100.0
50L_50NL_3_4,50L_50NL,3,ɾ e k o n d u s ˈi ɾ,V;IND;PRS;1;SG,55,55,100.0
50L_50NL_3_1,50L_50NL,3,ɾ e k o n d u s ˈi ɾ,V;IND;PRS;2;PL,55,55,100.0
50L_50NL_3_2,50L_50NL,3,ɾ e k o n d u s ˈi ɾ,V;IND;PRS;2;PL,55,55,100.0
50L_50NL_3_3,50L_50NL,3,ɾ e k o n d u s ˈi ɾ,V;IND;PRS;2;PL,55,55,100.0
50L_50NL_3_4,50L_50NL,3,ɾ e k o n d u s ˈi ɾ,V;IND;PRS;2;PL,55,55,100.0
50L_50NL_3_1,50L_50NL,3,ɾ e k o n d u s ˈi ɾ,V;IND;PRS;2;SG,55,55,100.0
50L_50NL_3_2,50L_50NL,3,ɾ e k o n d u s ˈi ɾ,V;IND;PRS;2;SG,55,55,100.0
50L_50NL_3_3,50L_50NL,3,ɾ e k o n d u s ˈi ɾ,V;IND;PRS;2;SG,55,55,100.0
50L_50NL_3_4,50L_50NL,3,ɾ e k o n d u s ˈi ɾ,V;IND;PRS;2;SG,55,55,100.0
50L_50NL_3_1,50L_50NL,3,ɾ e k o n d u s ˈi ɾ,V;IND;PRS;3;PL,55,55,100.0
50L_50NL_3_2,50L_50NL,3,ɾ e k o n d u s ˈi ɾ,V;IND;PRS;3;PL,55,55,100.0
50L_50NL_3_3,50L_50NL,3,ɾ e k o n d u s ˈi ɾ,V;IND;PRS;3;PL,55,55,100.0
50L_50NL_3_4,50L_50NL,3,ɾ e k o n d u s ˈi ɾ,V;IND;PRS;3;PL,55,55,100.0
50L_50NL_3_1,50L_50NL,3,ɾ e k o n d u s ˈi ɾ,V;IND;PRS;3;SG,55,55,100.0
50L_50NL_3_2,50L_50NL,3,ɾ e k o n d u s ˈi ɾ,V;IND;PRS;3;SG,55,55,100.0
50L_50NL_3_3,50L_50NL,3,ɾ e k o n d u s ˈi ɾ,V;IND;PRS;3;SG,55,55,100.0
50L_50NL_3_4,50L_50NL,3,ɾ e k o n d u s ˈi ɾ,V;IND;PRS;3;SG,55,55,100.0
50L_50NL_3_1,50L_50NL,3,ɾ e k o n d u s ˈi ɾ,V;SBJV;PRS;1;PL,55,55,100.0
50L_50NL_3_2,50L_50NL,3,ɾ e k o n d u s ˈi ɾ,V;SBJV;PRS;1;PL,55,55,100.0
50L_50NL_3_3,50L_50NL,3,ɾ e k o n d u s ˈi ɾ,V;SBJV;PRS;1;PL,55,55,100.0
50L_50NL_3_4,50L_50NL,3,ɾ e k o n d u s ˈi ɾ,V;SBJV;PRS;1;PL,55,55,100.0
50L_50NL_3_1,50L_50NL,3,ɾ e k o n d u s ˈi ɾ,V;SBJV;PRS;1;SG,55,55,100.0
50L_50NL_3_2,50L_50NL,3,ɾ e k o n d u s ˈi ɾ,V;SBJV;PRS;1;SG,55,55,100.0
50L_50NL_3_3,50L_50NL,3,ɾ e k o n d u s ˈi ɾ,V;SBJV;PRS;1;SG,55,55,100.0
50L_50NL_3_4,50L_50NL,3,ɾ e k o n d u s ˈi ɾ,V;SBJV;PRS;1;SG,55,55,100.0
50L_50NL_3_1,50L_50NL,3,ɾ e k o n d u s ˈi ɾ,V;SBJV;PRS;2;PL,55,55,100.0
50L_50NL_3_2,50L_50NL,3,ɾ e k o n d u s ˈi ɾ,V;SBJV;PRS;2;PL,55,55,100.0
50L_50NL_3_3,50L_50NL,3,ɾ e k o n d u s ˈi ɾ,V;SBJV;PRS;2;PL,55,55,100.0
50L_50NL_3_4,50L_50NL,3,ɾ e k o n d u s ˈi ɾ,V;SBJV;PRS;2;PL,55,55,100.0
50L_50NL_3_1,50L_50NL,3,ɾ e k o n d u s ˈi ɾ,V;SBJV;PRS;2;SG,55,55,100.0
50L_50NL_3_2,50L_50NL,3,ɾ e k o n d u s ˈi ɾ,V;SBJV;PRS;2;SG,55,55,100.0
50L_50NL_3_3,50L_50NL,3,ɾ e k o n d u s ˈi ɾ,V;SBJV;PRS;2;SG,55,55,100.0
50L_50NL_3_4,50L_50NL,3,ɾ e k o n d u s ˈi ɾ,V;SBJV;PRS;2;SG,55,55,100.0
50L_50NL_3_1,50L_50NL,3,ɾ e k o n d u s ˈi ɾ,V;SBJV;PRS;3;PL,55,55,100.0
50L_50NL_3_2,50L_50NL,3,ɾ e k o n d u s ˈi ɾ,V;SBJV;PRS;3;PL,55,55,100.0
50L_50NL_3_3,50L_50NL,3,ɾ e k o n d u s ˈi ɾ,V;SBJV;PRS;3;PL,55,55,100.0
50L_50NL_3_4,50L_50NL,3,ɾ e k o n d u s ˈi ɾ,V;SBJV;PRS;3;PL,55,55,100.0
50L_50NL_3_1,50L_50NL,3,ɾ e k o n d u s ˈi ɾ,V;SBJV;PRS;3;SG,55,55,100.0
50L_50NL_3_2,50L_50NL,3,ɾ e k o n d u s ˈi ɾ,V;SBJV;PRS;3;SG,55,55,100.0
50L_50NL_3_3,50L_50NL,3,ɾ e k o n d u s ˈi ɾ,V;SBJV;PRS;3;SG,55,55,100.0
50L_50NL_3_4,50L_50NL,3,ɾ e k o n d u s ˈi ɾ,V;SBJV;PRS;3;SG,55,55,100.0
50L_50NL_3_1,50L_50NL,3,ɾ e l u s ˈi ɾ,V;IND;PRS;1;PL,52,55,94.55
50L_50NL_3_2,50L_50NL,3,ɾ e l u s ˈi ɾ,V;IND;PRS;1;PL,55,55,100.0
50L_50NL_3_3,50L_50NL,3,ɾ e l u s ˈi ɾ,V;IND;PRS;1;PL,33,55,60.0
50L_50NL_3_4,50L_50NL,3,ɾ e l u s ˈi ɾ,V;IND;PRS;1;PL,52,55,94.55
50L_50NL_3_1,50L_50NL,3,ɾ e l u s ˈi ɾ,V;IND;PRS;1;SG,55,55,100.0
50L_50NL_3_2,50L_50NL,3,ɾ e l u s ˈi ɾ,V;IND;PRS;1;SG,55,55,100.0
50L_50NL_3_3,50L_50NL,3,ɾ e l u s ˈi ɾ,V;IND;PRS;1;SG,48,55,87.27
50L_50NL_3_4,50L_50NL,3,ɾ e l u s ˈi ɾ,V;IND;PRS;1;SG,55,55,100.0
50L_50NL_3_1,50L_50NL,3,ɾ e l u s ˈi ɾ,V;IND;PRS;2;PL,45,55,81.82
50L_50NL_3_2,50L_50NL,3,ɾ e l u s ˈi ɾ,V;IND;PRS;2;PL,52,55,94.55
50L_50NL_3_3,50L_50NL,3,ɾ e l u s ˈi ɾ,V;IND;PRS;2;PL,15,55,27.27
50L_50NL_3_4,50L_50NL,3,ɾ e l u s ˈi ɾ,V;IND;PRS;2;PL,55,55,100.0
50L_50NL_3_1,50L_50NL,3,ɾ e l u s ˈi ɾ,V;IND;PRS;2;SG,55,55,100.0
50L_50NL_3_2,50L_50NL,3,ɾ e l u s ˈi ɾ,V;IND;PRS;2;SG,55,55,100.0
50L_50NL_3_3,50L_50NL,3,ɾ e l u s ˈi ɾ,V;IND;PRS;2;SG,52,55,94.55
50L_50NL_3_4,50L_50NL,3,ɾ e l u s ˈi ɾ,V;IND;PRS;2;SG,55,55,100.0
50L_50NL_3_1,50L_50NL,3,ɾ e l u s ˈi ɾ,V;IND;PRS;3;PL,55,55,100.0
50L_50NL_3_2,50L_50NL,3,ɾ e l u s ˈi ɾ,V;IND;PRS;3;PL,55,55,100.0
50L_50NL_3_3,50L_50NL,3,ɾ e l u s ˈi ɾ,V;IND;PRS;3;PL,51,55,92.73
50L_50NL_3_4,50L_50NL,3,ɾ e l u s ˈi ɾ,V;IND;PRS;3;PL,55,55,100.0
50L_50NL_3_1,50L_50NL,3,ɾ e l u s ˈi ɾ,V;IND;PRS;3;SG,55,55,100.0
50L_50NL_3_2,50L_50NL,3,ɾ e l u s ˈi ɾ,V;IND;PRS;3;SG,55,55,100.0
50L_50NL_3_3,50L_50NL,3,ɾ e l u s ˈi ɾ,V;IND;PRS;3;SG,52,55,94.55
50L_50NL_3_4,50L_50NL,3,ɾ e l u s ˈi ɾ,V;IND;PRS;3;SG,55,55,100.0
50L_50NL_3_1,50L_50NL,3,ɾ e l u s ˈi ɾ,V;SBJV;PRS;1;PL,54,55,98.18
50L_50NL_3_2,50L_50NL,3,ɾ e l u s ˈi ɾ,V;SBJV;PRS;1;PL,55,55,100.0
50L_50NL_3_3,50L_50NL,3,ɾ e l u s ˈi ɾ,V;SBJV;PRS;1;PL,43,55,78.18
50L_50NL_3_4,50L_50NL,3,ɾ e l u s ˈi ɾ,V;SBJV;PRS;1;PL,55,55,100.0
50L_50NL_3_1,50L_50NL,3,ɾ e l u s ˈi ɾ,V;SBJV;PRS;1;SG,48,55,87.27
50L_50NL_3_2,50L_50NL,3,ɾ e l u s ˈi ɾ,V;SBJV;PRS;1;SG,55,55,100.0
50L_50NL_3_3,50L_50NL,3,ɾ e l u s ˈi ɾ,V;SBJV;PRS;1;SG,48,55,87.27
50L_50NL_3_4,50L_50NL,3,ɾ e l u s ˈi ɾ,V;SBJV;PRS;1;SG,55,55,100.0
50L_50NL_3_1,50L_50NL,3,ɾ e l u s ˈi ɾ,V;SBJV;PRS;2;PL,55,55,100.0
50L_50NL_3_2,50L_50NL,3,ɾ e l u s ˈi ɾ,V;SBJV;PRS;2;PL,55,55,100.0
50L_50NL_3_3,50L_50NL,3,ɾ e l u s ˈi ɾ,V;SBJV;PRS;2;PL,47,55,85.45
50L_50NL_3_4,50L_50NL,3,ɾ e l u s ˈi ɾ,V;SBJV;PRS;2;PL,55,55,100.0
50L_50NL_3_1,50L_50NL,3,ɾ e l u s ˈi ɾ,V;SBJV;PRS;2;SG,47,55,85.45
50L_50NL_3_2,50L_50NL,3,ɾ e l u s ˈi ɾ,V;SBJV;PRS;2;SG,55,55,100.0
50L_50NL_3_3,50L_50NL,3,ɾ e l u s ˈi ɾ,V;SBJV;PRS;2;SG,46,55,83.64
50L_50NL_3_4,50L_50NL,3,ɾ e l u s ˈi ɾ,V;SBJV;PRS;2;SG,55,55,100.0
50L_50NL_3_1,50L_50NL,3,ɾ e l u s ˈi ɾ,V;SBJV;PRS;3;PL,51,55,92.73
50L_50NL_3_2,50L_50NL,3,ɾ e l u s ˈi ɾ,V;SBJV;PRS;3;PL,55,55,100.0
50L_50NL_3_3,50L_50NL,3,ɾ e l u s ˈi ɾ,V;SBJV;PRS;3;PL,48,55,87.27
50L_50NL_3_4,50L_50NL,3,ɾ e l u s ˈi ɾ,V;SBJV;PRS;3;PL,55,55,100.0
50L_50NL_3_1,50L_50NL,3,ɾ e l u s ˈi ɾ,V;SBJV;PRS;3;SG,49,55,89.09
50L_50NL_3_2,50L_50NL,3,ɾ e l u s ˈi ɾ,V;SBJV;PRS;3;SG,55,55,100.0
50L_50NL_3_3,50L_50NL,3,ɾ e l u s ˈi ɾ,V;SBJV;PRS;3;SG,49,55,89.09
50L_50NL_3_4,50L_50NL,3,ɾ e l u s ˈi ɾ,V;SBJV;PRS;3;SG,55,55,100.0
50L_50NL_3_1,50L_50NL,3,ɾ e s u ɾ ç ˈi ɾ,V;IND;PRS;1;PL,55,55,100.0
50L_50NL_3_2,50L_50NL,3,ɾ e s u ɾ ç ˈi ɾ,V;IND;PRS;1;PL,55,55,100.0
50L_50NL_3_3,50L_50NL,3,ɾ e s u ɾ ç ˈi ɾ,V;IND;PRS;1;PL,55,55,100.0
50L_50NL_3_4,50L_50NL,3,ɾ e s u ɾ ç ˈi ɾ,V;IND;PRS;1;PL,55,55,100.0
50L_50NL_3_1,50L_50NL,3,ɾ e s u ɾ ç ˈi ɾ,V;IND;PRS;1;SG,55,55,100.0
50L_50NL_3_2,50L_50NL,3,ɾ e s u ɾ ç ˈi ɾ,V;IND;PRS;1;SG,55,55,100.0
50L_50NL_3_3,50L_50NL,3,ɾ e s u ɾ ç ˈi ɾ,V;IND;PRS;1;SG,55,55,100.0
50L_50NL_3_4,50L_50NL,3,ɾ e s u ɾ ç ˈi ɾ,V;IND;PRS;1;SG,55,55,100.0
50L_50NL_3_1,50L_50NL,3,ɾ e s u ɾ ç ˈi ɾ,V;IND;PRS;2;PL,55,55,100.0
50L_50NL_3_2,50L_50NL,3,ɾ e s u ɾ ç ˈi ɾ,V;IND;PRS;2;PL,55,55,100.0
50L_50NL_3_3,50L_50NL,3,ɾ e s u ɾ ç ˈi ɾ,V;IND;PRS;2;PL,55,55,100.0
50L_50NL_3_4,50L_50NL,3,ɾ e s u ɾ ç ˈi ɾ,V;IND;PRS;2;PL,55,55,100.0
50L_50NL_3_1,50L_50NL,3,ɾ e s u ɾ ç ˈi ɾ,V;IND;PRS;2;SG,55,55,100.0
50L_50NL_3_2,50L_50NL,3,ɾ e s u ɾ ç ˈi ɾ,V;IND;PRS;2;SG,55,55,100.0
50L_50NL_3_3,50L_50NL,3,ɾ e s u ɾ ç ˈi ɾ,V;IND;PRS;2;SG,55,55,100.0
50L_50NL_3_4,50L_50NL,3,ɾ e s u ɾ ç ˈi ɾ,V;IND;PRS;2;SG,55,55,100.0
50L_50NL_3_1,50L_50NL,3,ɾ e s u ɾ ç ˈi ɾ,V;IND;PRS;3;PL,55,55,100.0
50L_50NL_3_2,50L_50NL,3,ɾ e s u ɾ ç ˈi ɾ,V;IND;PRS;3;PL,55,55,100.0
50L_50NL_3_3,50L_50NL,3,ɾ e s u ɾ ç ˈi ɾ,V;IND;PRS;3;PL,55,55,100.0
50L_50NL_3_4,50L_50NL,3,ɾ e s u ɾ ç ˈi ɾ,V;IND;PRS;3;PL,55,55,100.0
50L_50NL_3_1,50L_50NL,3,ɾ e s u ɾ ç ˈi ɾ,V;IND;PRS;3;SG,55,55,100.0
50L_50NL_3_2,50L_50NL,3,ɾ e s u ɾ ç ˈi ɾ,V;IND;PRS;3;SG,55,55,100.0
50L_50NL_3_3,50L_50NL,3,ɾ e s u ɾ ç ˈi ɾ,V;IND;PRS;3;SG,55,55,100.0
50L_50NL_3_4,50L_50NL,3,ɾ e s u ɾ ç ˈi ɾ,V;IND;PRS;3;SG,55,55,100.0
50L_50NL_3_1,50L_50NL,3,ɾ e s u ɾ ç ˈi ɾ,V;SBJV;PRS;1;PL,55,55,100.0
50L_50NL_3_2,50L_50NL,3,ɾ e s u ɾ ç ˈi ɾ,V;SBJV;PRS;1;PL,55,55,100.0
50L_50NL_3_3,50L_50NL,3,ɾ e s u ɾ ç ˈi ɾ,V;SBJV;PRS;1;PL,55,55,100.0
50L_50NL_3_4,50L_50NL,3,ɾ e s u ɾ ç ˈi ɾ,V;SBJV;PRS;1;PL,55,55,100.0
50L_50NL_3_1,50L_50NL,3,ɾ e s u ɾ ç ˈi ɾ,V;SBJV;PRS;1;SG,55,55,100.0
50L_50NL_3_2,50L_50NL,3,ɾ e s u ɾ ç ˈi ɾ,V;SBJV;PRS;1;SG,55,55,100.0
50L_50NL_3_3,50L_50NL,3,ɾ e s u ɾ ç ˈi ɾ,V;SBJV;PRS;1;SG,55,55,100.0
50L_50NL_3_4,50L_50NL,3,ɾ e s u ɾ ç ˈi ɾ,V;SBJV;PRS;1;SG,55,55,100.0
50L_50NL_3_1,50L_50NL,3,ɾ e s u ɾ ç ˈi ɾ,V;SBJV;PRS;2;PL,55,55,100.0
50L_50NL_3_2,50L_50NL,3,ɾ e s u ɾ ç ˈi ɾ,V;SBJV;PRS;2;PL,55,55,100.0
50L_50NL_3_3,50L_50NL,3,ɾ e s u ɾ ç ˈi ɾ,V;SBJV;PRS;2;PL,55,55,100.0
50L_50NL_3_4,50L_50NL,3,ɾ e s u ɾ ç ˈi ɾ,V;SBJV;PRS;2;PL,55,55,100.0
50L_50NL_3_1,50L_50NL,3,ɾ e s u ɾ ç ˈi ɾ,V;SBJV;PRS;2;SG,55,55,100.0
50L_50NL_3_2,50L_50NL,3,ɾ e s u ɾ ç ˈi ɾ,V;SBJV;PRS;2;SG,55,55,100.0
50L_50NL_3_3,50L_50NL,3,ɾ e s u ɾ ç ˈi ɾ,V;SBJV;PRS;2;SG,55,55,100.0
50L_50NL_3_4,50L_50NL,3,ɾ e s u ɾ ç ˈi ɾ,V;SBJV;PRS;2;SG,55,55,100.0
50L_50NL_3_1,50L_50NL,3,ɾ e s u ɾ ç ˈi ɾ,V;SBJV;PRS;3;PL,55,55,100.0
50L_50NL_3_2,50L_50NL,3,ɾ e s u ɾ ç ˈi ɾ,V;SBJV;PRS;3;PL,55,55,100.0
50L_50NL_3_3,50L_50NL,3,ɾ e s u ɾ ç ˈi ɾ,V;SBJV;PRS;3;PL,55,55,100.0
50L_50NL_3_4,50L_50NL,3,ɾ e s u ɾ ç ˈi ɾ,V;SBJV;PRS;3;PL,55,55,100.0
50L_50NL_3_1,50L_50NL,3,ɾ e s u ɾ ç ˈi ɾ,V;SBJV;PRS;3;SG,55,55,100.0
50L_50NL_3_2,50L_50NL,3,ɾ e s u ɾ ç ˈi ɾ,V;SBJV;PRS;3;SG,55,55,100.0
50L_50NL_3_3,50L_50NL,3,ɾ e s u ɾ ç ˈi ɾ,V;SBJV;PRS;3;SG,55,55,100.0
50L_50NL_3_4,50L_50NL,3,ɾ e s u ɾ ç ˈi ɾ,V;SBJV;PRS;3;SG,55,55,100.0
90L_10NL_1_1,90L_10NL,1,a b s t ɾ a ˈe ɾ,V;IND;PRS;1;PL,55,55,100.0
90L_10NL_1_2,90L_10NL,1,a b s t ɾ a ˈe ɾ,V;IND;PRS;1;PL,55,55,100.0
90L_10NL_1_3,90L_10NL,1,a b s t ɾ a ˈe ɾ,V;IND;PRS;1;PL,55,55,100.0
90L_10NL_1_4,90L_10NL,1,a b s t ɾ a ˈe ɾ,V;IND;PRS;1;PL,55,55,100.0
90L_10NL_1_1,90L_10NL,1,a b s t ɾ a ˈe ɾ,V;IND;PRS;1;SG,55,55,100.0
90L_10NL_1_2,90L_10NL,1,a b s t ɾ a ˈe ɾ,V;IND;PRS;1;SG,55,55,100.0
90L_10NL_1_3,90L_10NL,1,a b s t ɾ a ˈe ɾ,V;IND;PRS;1;SG,55,55,100.0
90L_10NL_1_4,90L_10NL,1,a b s t ɾ a ˈe ɾ,V;IND;PRS;1;SG,45,55,81.82
90L_10NL_1_1,90L_10NL,1,a b s t ɾ a ˈe ɾ,V;IND;PRS;2;PL,55,55,100.0
90L_10NL_1_2,90L_10NL,1,a b s t ɾ a ˈe ɾ,V;IND;PRS;2;PL,55,55,100.0
90L_10NL_1_3,90L_10NL,1,a b s t ɾ a ˈe ɾ,V;IND;PRS;2;PL,55,55,100.0
90L_10NL_1_4,90L_10NL,1,a b s t ɾ a ˈe ɾ,V;IND;PRS;2;PL,55,55,100.0
90L_10NL_1_1,90L_10NL,1,a b s t ɾ a ˈe ɾ,V;IND;PRS;2;SG,55,55,100.0
90L_10NL_1_2,90L_10NL,1,a b s t ɾ a ˈe ɾ,V;IND;PRS;2;SG,55,55,100.0
90L_10NL_1_3,90L_10NL,1,a b s t ɾ a ˈe ɾ,V;IND;PRS;2;SG,55,55,100.0
90L_10NL_1_4,90L_10NL,1,a b s t ɾ a ˈe ɾ,V;IND;PRS;2;SG,49,55,89.09
90L_10NL_1_1,90L_10NL,1,a b s t ɾ a ˈe ɾ,V;IND;PRS;3;PL,55,55,100.0
90L_10NL_1_2,90L_10NL,1,a b s t ɾ a ˈe ɾ,V;IND;PRS;3;PL,55,55,100.0
90L_10NL_1_3,90L_10NL,1,a b s t ɾ a ˈe ɾ,V;IND;PRS;3;PL,55,55,100.0
90L_10NL_1_4,90L_10NL,1,a b s t ɾ a ˈe ɾ,V;IND;PRS;3;PL,49,55,89.09
90L_10NL_1_1,90L_10NL,1,a b s t ɾ a ˈe ɾ,V;IND;PRS;3;SG,55,55,100.0
90L_10NL_1_2,90L_10NL,1,a b s t ɾ a ˈe ɾ,V;IND;PRS;3;SG,55,55,100.0
90L_10NL_1_3,90L_10NL,1,a b s t ɾ a ˈe ɾ,V;IND;PRS;3;SG,55,55,100.0
90L_10NL_1_4,90L_10NL,1,a b s t ɾ a ˈe ɾ,V;IND;PRS;3;SG,50,55,90.91
90L_10NL_1_1,90L_10NL,1,a b s t ɾ a ˈe ɾ,V;SBJV;PRS;1;PL,55,55,100.0
90L_10NL_1_2,90L_10NL,1,a b s t ɾ a ˈe ɾ,V;SBJV;PRS;1;PL,55,55,100.0
90L_10NL_1_3,90L_10NL,1,a b s t ɾ a ˈe ɾ,V;SBJV;PRS;1;PL,55,55,100.0
90L_10NL_1_4,90L_10NL,1,a b s t ɾ a ˈe ɾ,V;SBJV;PRS;1;PL,55,55,100.0
90L_10NL_1_1,90L_10NL,1,a b s t ɾ a ˈe ɾ,V;SBJV;PRS;1;SG,54,55,98.18
90L_10NL_1_2,90L_10NL,1,a b s t ɾ a ˈe ɾ,V;SBJV;PRS;1;SG,55,55,100.0
90L_10NL_1_3,90L_10NL,1,a b s t ɾ a ˈe ɾ,V;SBJV;PRS;1;SG,55,55,100.0
90L_10NL_1_4,90L_10NL,1,a b s t ɾ a ˈe ɾ,V;SBJV;PRS;1;SG,45,55,81.82
90L_10NL_1_1,90L_10NL,1,a b s t ɾ a ˈe ɾ,V;SBJV;PRS;2;PL,54,55,98.18
90L_10NL_1_2,90L_10NL,1,a b s t ɾ a ˈe ɾ,V;SBJV;PRS;2;PL,55,55,100.0
90L_10NL_1_3,90L_10NL,1,a b s t ɾ a ˈe ɾ,V;SBJV;PRS;2;PL,55,55,100.0
90L_10NL_1_4,90L_10NL,1,a b s t ɾ a ˈe ɾ,V;SBJV;PRS;2;PL,55,55,100.0
90L_10NL_1_1,90L_10NL,1,a b s t ɾ a ˈe ɾ,V;SBJV;PRS;2;SG,55,55,100.0
90L_10NL_1_2,90L_10NL,1,a b s t ɾ a ˈe ɾ,V;SBJV;PRS;2;SG,55,55,100.0
90L_10NL_1_3,90L_10NL,1,a b s t ɾ a ˈe ɾ,V;SBJV;PRS;2;SG,55,55,100.0
90L_10NL_1_4,90L_10NL,1,a b s t ɾ a ˈe ɾ,V;SBJV;PRS;2;SG,46,55,83.64
90L_10NL_1_1,90L_10NL,1,a b s t ɾ a ˈe ɾ,V;SBJV;PRS;3;PL,55,55,100.0
90L_10NL_1_2,90L_10NL,1,a b s t ɾ a ˈe ɾ,V;SBJV;PRS;3;PL,55,55,100.0
90L_10NL_1_3,90L_10NL,1,a b s t ɾ a ˈe ɾ,V;SBJV;PRS;3;PL,55,55,100.0
90L_10NL_1_4,90L_10NL,1,a b s t ɾ a ˈe ɾ,V;SBJV;PRS;3;PL,45,55,81.82
90L_10NL_1_1,90L_10NL,1,a b s t ɾ a ˈe ɾ,V;SBJV;PRS;3;SG,55,55,100.0
90L_10NL_1_2,90L_10NL,1,a b s t ɾ a ˈe ɾ,V;SBJV;PRS;3;SG,55,55,100.0
90L_10NL_1_3,90L_10NL,1,a b s t ɾ a ˈe ɾ,V;SBJV;PRS;3;SG,55,55,100.0
90L_10NL_1_4,90L_10NL,1,a b s t ɾ a ˈe ɾ,V;SBJV;PRS;3;SG,45,55,81.82
90L_10NL_1_1,90L_10NL,1,a d o l e s ˈe ɾ,V;IND;PRS;1;PL,55,55,100.0
90L_10NL_1_2,90L_10NL,1,a d o l e s ˈe ɾ,V;IND;PRS;1;PL,55,55,100.0
90L_10NL_1_3,90L_10NL,1,a d o l e s ˈe ɾ,V;IND;PRS;1;PL,55,55,100.0
90L_10NL_1_4,90L_10NL,1,a d o l e s ˈe ɾ,V;IND;PRS;1;PL,55,55,100.0
90L_10NL_1_1,90L_10NL,1,a d o l e s ˈe ɾ,V;IND;PRS;1;SG,55,55,100.0
90L_10NL_1_2,90L_10NL,1,a d o l e s ˈe ɾ,V;IND;PRS;1;SG,55,55,100.0
90L_10NL_1_3,90L_10NL,1,a d o l e s ˈe ɾ,V;IND;PRS;1;SG,55,55,100.0
90L_10NL_1_4,90L_10NL,1,a d o l e s ˈe ɾ,V;IND;PRS;1;SG,55,55,100.0
90L_10NL_1_1,90L_10NL,1,a d o l e s ˈe ɾ,V;IND;PRS;2;PL,55,55,100.0
90L_10NL_1_2,90L_10NL,1,a d o l e s ˈe ɾ,V;IND;PRS;2;PL,55,55,100.0
90L_10NL_1_3,90L_10NL,1,a d o l e s ˈe ɾ,V;IND;PRS;2;PL,55,55,100.0
90L_10NL_1_4,90L_10NL,1,a d o l e s ˈe ɾ,V;IND;PRS;2;PL,55,55,100.0
90L_10NL_1_1,90L_10NL,1,a d o l e s ˈe ɾ,V;IND;PRS;2;SG,55,55,100.0
90L_10NL_1_2,90L_10NL,1,a d o l e s ˈe ɾ,V;IND;PRS;2;SG,55,55,100.0
90L_10NL_1_3,90L_10NL,1,a d o l e s ˈe ɾ,V;IND;PRS;2;SG,55,55,100.0
90L_10NL_1_4,90L_10NL,1,a d o l e s ˈe ɾ,V;IND;PRS;2;SG,55,55,100.0
90L_10NL_1_1,90L_10NL,1,a d o l e s ˈe ɾ,V;IND;PRS;3;PL,55,55,100.0
90L_10NL_1_2,90L_10NL,1,a d o l e s ˈe ɾ,V;IND;PRS;3;PL,55,55,100.0
90L_10NL_1_3,90L_10NL,1,a d o l e s ˈe ɾ,V;IND;PRS;3;PL,55,55,100.0
90L_10NL_1_4,90L_10NL,1,a d o l e s ˈe ɾ,V;IND;PRS;3;PL,55,55,100.0
90L_10NL_1_1,90L_10NL,1,a d o l e s ˈe ɾ,V;IND;PRS;3;SG,55,55,100.0
90L_10NL_1_2,90L_10NL,1,a d o l e s ˈe ɾ,V;IND;PRS;3;SG,55,55,100.0
90L_10NL_1_3,90L_10NL,1,a d o l e s ˈe ɾ,V;IND;PRS;3;SG,55,55,100.0
90L_10NL_1_4,90L_10NL,1,a d o l e s ˈe ɾ,V;IND;PRS;3;SG,55,55,100.0
90L_10NL_1_1,90L_10NL,1,a d o l e s ˈe ɾ,V;SBJV;PRS;1;PL,55,55,100.0
90L_10NL_1_2,90L_10NL,1,a d o l e s ˈe ɾ,V;SBJV;PRS;1;PL,55,55,100.0
90L_10NL_1_3,90L_10NL,1,a d o l e s ˈe ɾ,V;SBJV;PRS;1;PL,55,55,100.0
90L_10NL_1_4,90L_10NL,1,a d o l e s ˈe ɾ,V;SBJV;PRS;1;PL,55,55,100.0
90L_10NL_1_1,90L_10NL,1,a d o l e s ˈe ɾ,V;SBJV;PRS;1;SG,55,55,100.0
90L_10NL_1_2,90L_10NL,1,a d o l e s ˈe ɾ,V;SBJV;PRS;1;SG,55,55,100.0
90L_10NL_1_3,90L_10NL,1,a d o l e s ˈe ɾ,V;SBJV;PRS;1;SG,55,55,100.0
90L_10NL_1_4,90L_10NL,1,a d o l e s ˈe ɾ,V;SBJV;PRS;1;SG,55,55,100.0
90L_10NL_1_1,90L_10NL,1,a d o l e s ˈe ɾ,V;SBJV;PRS;2;PL,55,55,100.0
90L_10NL_1_2,90L_10NL,1,a d o l e s ˈe ɾ,V;SBJV;PRS;2;PL,55,55,100.0
90L_10NL_1_3,90L_10NL,1,a d o l e s ˈe ɾ,V;SBJV;PRS;2;PL,55,55,100.0
90L_10NL_1_4,90L_10NL,1,a d o l e s ˈe ɾ,V;SBJV;PRS;2;PL,55,55,100.0
90L_10NL_1_1,90L_10NL,1,a d o l e s ˈe ɾ,V;SBJV;PRS;2;SG,55,55,100.0
90L_10NL_1_2,90L_10NL,1,a d o l e s ˈe ɾ,V;SBJV;PRS;2;SG,55,55,100.0
90L_10NL_1_3,90L_10NL,1,a d o l e s ˈe ɾ,V;SBJV;PRS;2;SG,55,55,100.0
90L_10NL_1_4,90L_10NL,1,a d o l e s ˈe ɾ,V;SBJV;PRS;2;SG,55,55,100.0
90L_10NL_1_1,90L_10NL,1,a d o l e s ˈe ɾ,V;SBJV;PRS;3;PL,55,55,100.0
90L_10NL_1_2,90L_10NL,1,a d o l e s ˈe ɾ,V;SBJV;PRS;3;PL,55,55,100.0
90L_10NL_1_3,90L_10NL,1,a d o l e s ˈe ɾ,V;SBJV;PRS;3;PL,55,55,100.0
90L_10NL_1_4,90L_10NL,1,a d o l e s ˈe ɾ,V;SBJV;PRS;3;PL,55,55,100.0
90L_10NL_1_1,90L_10NL,1,a d o l e s ˈe ɾ,V;SBJV;PRS;3;SG,55,55,100.0
90L_10NL_1_2,90L_10NL,1,a d o l e s ˈe ɾ,V;SBJV;PRS;3;SG,55,55,100.0
90L_10NL_1_3,90L_10NL,1,a d o l e s ˈe ɾ,V;SBJV;PRS;3;SG,55,55,100.0
90L_10NL_1_4,90L_10NL,1,a d o l e s ˈe ɾ,V;SBJV;PRS;3;SG,55,55,100.0
90L_10NL_1_1,90L_10NL,1,a k o n t e s ˈe ɾ,V;IND;PRS;1;PL,55,55,100.0
90L_10NL_1_2,90L_10NL,1,a k o n t e s ˈe ɾ,V;IND;PRS;1;PL,55,55,100.0
90L_10NL_1_3,90L_10NL,1,a k o n t e s ˈe ɾ,V;IND;PRS;1;PL,55,55,100.0
90L_10NL_1_4,90L_10NL,1,a k o n t e s ˈe ɾ,V;IND;PRS;1;PL,55,55,100.0
90L_10NL_1_1,90L_10NL,1,a k o n t e s ˈe ɾ,V;IND;PRS;1;SG,55,55,100.0
90L_10NL_1_2,90L_10NL,1,a k o n t e s ˈe ɾ,V;IND;PRS;1;SG,55,55,100.0
90L_10NL_1_3,90L_10NL,1,a k o n t e s ˈe ɾ,V;IND;PRS;1;SG,55,55,100.0
90L_10NL_1_4,90L_10NL,1,a k o n t e s ˈe ɾ,V;IND;PRS;1;SG,55,55,100.0
90L_10NL_1_1,90L_10NL,1,a k o n t e s ˈe ɾ,V;IND;PRS;2;PL,55,55,100.0
90L_10NL_1_2,90L_10NL,1,a k o n t e s ˈe ɾ,V;IND;PRS;2;PL,55,55,100.0
90L_10NL_1_3,90L_10NL,1,a k o n t e s ˈe ɾ,V;IND;PRS;2;PL,55,55,100.0
90L_10NL_1_4,90L_10NL,1,a k o n t e s ˈe ɾ,V;IND;PRS;2;PL,55,55,100.0
90L_10NL_1_1,90L_10NL,1,a k o n t e s ˈe ɾ,V;IND;PRS;2;SG,55,55,100.0
90L_10NL_1_2,90L_10NL,1,a k o n t e s ˈe ɾ,V;IND;PRS;2;SG,55,55,100.0
90L_10NL_1_3,90L_10NL,1,a k o n t e s ˈe ɾ,V;IND;PRS;2;SG,55,55,100.0
90L_10NL_1_4,90L_10NL,1,a k o n t e s ˈe ɾ,V;IND;PRS;2;SG,55,55,100.0
90L_10NL_1_1,90L_10NL,1,a k o n t e s ˈe ɾ,V;IND;PRS;3;PL,55,55,100.0
90L_10NL_1_2,90L_10NL,1,a k o n t e s ˈe ɾ,V;IND;PRS;3;PL,55,55,100.0
90L_10NL_1_3,90L_10NL,1,a k o n t e s ˈe ɾ,V;IND;PRS;3;PL,55,55,100.0
90L_10NL_1_4,90L_10NL,1,a k o n t e s ˈe ɾ,V;IND;PRS;3;PL,55,55,100.0
90L_10NL_1_1,90L_10NL,1,a k o n t e s ˈe ɾ,V;IND;PRS;3;SG,55,55,100.0
90L_10NL_1_2,90L_10NL,1,a k o n t e s ˈe ɾ,V;IND;PRS;3;SG,55,55,100.0
90L_10NL_1_3,90L_10NL,1,a k o n t e s ˈe ɾ,V;IND;PRS;3;SG,55,55,100.0
90L_10NL_1_4,90L_10NL,1,a k o n t e s ˈe ɾ,V;IND;PRS;3;SG,55,55,100.0
90L_10NL_1_1,90L_10NL,1,a k o n t e s ˈe ɾ,V;SBJV;PRS;1;PL,55,55,100.0
90L_10NL_1_2,90L_10NL,1,a k o n t e s ˈe ɾ,V;SBJV;PRS;1;PL,55,55,100.0
90L_10NL_1_3,90L_10NL,1,a k o n t e s ˈe ɾ,V;SBJV;PRS;1;PL,55,55,100.0
90L_10NL_1_4,90L_10NL,1,a k o n t e s ˈe ɾ,V;SBJV;PRS;1;PL,55,55,100.0
90L_10NL_1_1,90L_10NL,1,a k o n t e s ˈe ɾ,V;SBJV;PRS;1;SG,55,55,100.0
90L_10NL_1_2,90L_10NL,1,a k o n t e s ˈe ɾ,V;SBJV;PRS;1;SG,55,55,100.0
90L_10NL_1_3,90L_10NL,1,a k o n t e s ˈe ɾ,V;SBJV;PRS;1;SG,55,55,100.0
90L_10NL_1_4,90L_10NL,1,a k o n t e s ˈe ɾ,V;SBJV;PRS;1;SG,55,55,100.0
90L_10NL_1_1,90L_10NL,1,a k o n t e s ˈe ɾ,V;SBJV;PRS;2;PL,55,55,100.0
90L_10NL_1_2,90L_10NL,1,a k o n t e s ˈe ɾ,V;SBJV;PRS;2;PL,55,55,100.0
90L_10NL_1_3,90L_10NL,1,a k o n t e s ˈe ɾ,V;SBJV;PRS;2;PL,55,55,100.0
90L_10NL_1_4,90L_10NL,1,a k o n t e s ˈe ɾ,V;SBJV;PRS;2;PL,55,55,100.0
90L_10NL_1_1,90L_10NL,1,a k o n t e s ˈe ɾ,V;SBJV;PRS;2;SG,55,55,100.0
90L_10NL_1_2,90L_10NL,1,a k o n t e s ˈe ɾ,V;SBJV;PRS;2;SG,55,55,100.0
90L_10NL_1_3,90L_10NL,1,a k o n t e s ˈe ɾ,V;SBJV;PRS;2;SG,55,55,100.0
90L_10NL_1_4,90L_10NL,1,a k o n t e s ˈe ɾ,V;SBJV;PRS;2;SG,55,55,100.0
90L_10NL_1_1,90L_10NL,1,a k o n t e s ˈe ɾ,V;SBJV;PRS;3;PL,55,55,100.0
90L_10NL_1_2,90L_10NL,1,a k o n t e s ˈe ɾ,V;SBJV;PRS;3;PL,55,55,100.0
90L_10NL_1_3,90L_10NL,1,a k o n t e s ˈe ɾ,V;SBJV;PRS;3;PL,55,55,100.0
90L_10NL_1_4,90L_10NL,1,a k o n t e s ˈe ɾ,V;SBJV;PRS;3;PL,55,55,100.0
90L_10NL_1_1,90L_10NL,1,a k o n t e s ˈe ɾ,V;SBJV;PRS;3;SG,55,55,100.0
90L_10NL_1_2,90L_10NL,1,a k o n t e s ˈe ɾ,V;SBJV;PRS;3;SG,55,55,100.0
90L_10NL_1_3,90L_10NL,1,a k o n t e s ˈe ɾ,V;SBJV;PRS;3;SG,55,55,100.0
90L_10NL_1_4,90L_10NL,1,a k o n t e s ˈe ɾ,V;SBJV;PRS;3;SG,55,55,100.0
90L_10NL_1_1,90L_10NL,1,d e d u s ˈi ɾ,V;IND;PRS;1;PL,55,55,100.0
90L_10NL_1_2,90L_10NL,1,d e d u s ˈi ɾ,V;IND;PRS;1;PL,55,55,100.0
90L_10NL_1_3,90L_10NL,1,d e d u s ˈi ɾ,V;IND;PRS;1;PL,55,55,100.0
90L_10NL_1_4,90L_10NL,1,d e d u s ˈi ɾ,V;IND;PRS;1;PL,55,55,100.0
90L_10NL_1_1,90L_10NL,1,d e d u s ˈi ɾ,V;IND;PRS;1;SG,55,55,100.0
90L_10NL_1_2,90L_10NL,1,d e d u s ˈi ɾ,V;IND;PRS;1;SG,55,55,100.0
90L_10NL_1_3,90L_10NL,1,d e d u s ˈi ɾ,V;IND;PRS;1;SG,55,55,100.0
90L_10NL_1_4,90L_10NL,1,d e d u s ˈi ɾ,V;IND;PRS;1;SG,55,55,100.0
90L_10NL_1_1,90L_10NL,1,d e d u s ˈi ɾ,V;IND;PRS;2;PL,55,55,100.0
90L_10NL_1_2,90L_10NL,1,d e d u s ˈi ɾ,V;IND;PRS;2;PL,55,55,100.0
90L_10NL_1_3,90L_10NL,1,d e d u s ˈi ɾ,V;IND;PRS;2;PL,55,55,100.0
90L_10NL_1_4,90L_10NL,1,d e d u s ˈi ɾ,V;IND;PRS;2;PL,55,55,100.0
90L_10NL_1_1,90L_10NL,1,d e d u s ˈi ɾ,V;IND;PRS;2;SG,55,55,100.0
90L_10NL_1_2,90L_10NL,1,d e d u s ˈi ɾ,V;IND;PRS;2;SG,55,55,100.0
90L_10NL_1_3,90L_10NL,1,d e d u s ˈi ɾ,V;IND;PRS;2;SG,55,55,100.0
90L_10NL_1_4,90L_10NL,1,d e d u s ˈi ɾ,V;IND;PRS;2;SG,55,55,100.0
90L_10NL_1_1,90L_10NL,1,d e d u s ˈi ɾ,V;IND;PRS;3;PL,55,55,100.0
90L_10NL_1_2,90L_10NL,1,d e d u s ˈi ɾ,V;IND;PRS;3;PL,55,55,100.0
90L_10NL_1_3,90L_10NL,1,d e d u s ˈi ɾ,V;IND;PRS;3;PL,55,55,100.0
90L_10NL_1_4,90L_10NL,1,d e d u s ˈi ɾ,V;IND;PRS;3;PL,55,55,100.0
90L_10NL_1_1,90L_10NL,1,d e d u s ˈi ɾ,V;IND;PRS;3;SG,55,55,100.0
90L_10NL_1_2,90L_10NL,1,d e d u s ˈi ɾ,V;IND;PRS;3;SG,55,55,100.0
90L_10NL_1_3,90L_10NL,1,d e d u s ˈi ɾ,V;IND;PRS;3;SG,55,55,100.0
90L_10NL_1_4,90L_10NL,1,d e d u s ˈi ɾ,V;IND;PRS;3;SG,55,55,100.0
90L_10NL_1_1,90L_10NL,1,d e d u s ˈi ɾ,V;SBJV;PRS;1;PL,55,55,100.0
90L_10NL_1_2,90L_10NL,1,d e d u s ˈi ɾ,V;SBJV;PRS;1;PL,55,55,100.0
90L_10NL_1_3,90L_10NL,1,d e d u s ˈi ɾ,V;SBJV;PRS;1;PL,55,55,100.0
90L_10NL_1_4,90L_10NL,1,d e d u s ˈi ɾ,V;SBJV;PRS;1;PL,55,55,100.0
90L_10NL_1_1,90L_10NL,1,d e d u s ˈi ɾ,V;SBJV;PRS;1;SG,55,55,100.0
90L_10NL_1_2,90L_10NL,1,d e d u s ˈi ɾ,V;SBJV;PRS;1;SG,55,55,100.0
90L_10NL_1_3,90L_10NL,1,d e d u s ˈi ɾ,V;SBJV;PRS;1;SG,55,55,100.0
90L_10NL_1_4,90L_10NL,1,d e d u s ˈi ɾ,V;SBJV;PRS;1;SG,55,55,100.0
90L_10NL_1_1,90L_10NL,1,d e d u s ˈi ɾ,V;SBJV;PRS;2;PL,54,55,98.18
90L_10NL_1_2,90L_10NL,1,d e d u s ˈi ɾ,V;SBJV;PRS;2;PL,55,55,100.0
90L_10NL_1_3,90L_10NL,1,d e d u s ˈi ɾ,V;SBJV;PRS;2;PL,55,55,100.0
90L_10NL_1_4,90L_10NL,1,d e d u s ˈi ɾ,V;SBJV;PRS;2;PL,55,55,100.0
90L_10NL_1_1,90L_10NL,1,d e d u s ˈi ɾ,V;SBJV;PRS;2;SG,55,55,100.0
90L_10NL_1_2,90L_10NL,1,d e d u s ˈi ɾ,V;SBJV;PRS;2;SG,55,55,100.0
90L_10NL_1_3,90L_10NL,1,d e d u s ˈi ɾ,V;SBJV;PRS;2;SG,55,55,100.0
90L_10NL_1_4,90L_10NL,1,d e d u s ˈi ɾ,V;SBJV;PRS;2;SG,55,55,100.0
90L_10NL_1_1,90L_10NL,1,d e d u s ˈi ɾ,V;SBJV;PRS;3;PL,55,55,100.0
90L_10NL_1_2,90L_10NL,1,d e d u s ˈi ɾ,V;SBJV;PRS;3;PL,55,55,100.0
90L_10NL_1_3,90L_10NL,1,d e d u s ˈi ɾ,V;SBJV;PRS;3;PL,55,55,100.0
90L_10NL_1_4,90L_10NL,1,d e d u s ˈi ɾ,V;SBJV;PRS;3;PL,55,55,100.0
90L_10NL_1_1,90L_10NL,1,d e d u s ˈi ɾ,V;SBJV;PRS;3;SG,55,55,100.0
90L_10NL_1_2,90L_10NL,1,d e d u s ˈi ɾ,V;SBJV;PRS;3;SG,55,55,100.0
90L_10NL_1_3,90L_10NL,1,d e d u s ˈi ɾ,V;SBJV;PRS;3;SG,55,55,100.0
90L_10NL_1_4,90L_10NL,1,d e d u s ˈi ɾ,V;SBJV;PRS;3;SG,55,55,100.0
90L_10NL_1_1,90L_10NL,1,d e s b a n e s ˈe ɾ,V;IND;PRS;1;PL,55,55,100.0
90L_10NL_1_2,90L_10NL,1,d e s b a n e s ˈe ɾ,V;IND;PRS;1;PL,55,55,100.0
90L_10NL_1_3,90L_10NL,1,d e s b a n e s ˈe ɾ,V;IND;PRS;1;PL,55,55,100.0
90L_10NL_1_4,90L_10NL,1,d e s b a n e s ˈe ɾ,V;IND;PRS;1;PL,55,55,100.0
90L_10NL_1_1,90L_10NL,1,d e s b a n e s ˈe ɾ,V;IND;PRS;1;SG,55,55,100.0
90L_10NL_1_2,90L_10NL,1,d e s b a n e s ˈe ɾ,V;IND;PRS;1;SG,55,55,100.0
90L_10NL_1_3,90L_10NL,1,d e s b a n e s ˈe ɾ,V;IND;PRS;1;SG,55,55,100.0
90L_10NL_1_4,90L_10NL,1,d e s b a n e s ˈe ɾ,V;IND;PRS;1;SG,55,55,100.0
90L_10NL_1_1,90L_10NL,1,d e s b a n e s ˈe ɾ,V;IND;PRS;2;PL,55,55,100.0
90L_10NL_1_2,90L_10NL,1,d e s b a n e s ˈe ɾ,V;IND;PRS;2;PL,55,55,100.0
90L_10NL_1_3,90L_10NL,1,d e s b a n e s ˈe ɾ,V;IND;PRS;2;PL,55,55,100.0
90L_10NL_1_4,90L_10NL,1,d e s b a n e s ˈe ɾ,V;IND;PRS;2;PL,55,55,100.0
90L_10NL_1_1,90L_10NL,1,d e s b a n e s ˈe ɾ,V;IND;PRS;2;SG,55,55,100.0
90L_10NL_1_2,90L_10NL,1,d e s b a n e s ˈe ɾ,V;IND;PRS;2;SG,55,55,100.0
90L_10NL_1_3,90L_10NL,1,d e s b a n e s ˈe ɾ,V;IND;PRS;2;SG,55,55,100.0
90L_10NL_1_4,90L_10NL,1,d e s b a n e s ˈe ɾ,V;IND;PRS;2;SG,55,55,100.0
90L_10NL_1_1,90L_10NL,1,d e s b a n e s ˈe ɾ,V;IND;PRS;3;PL,55,55,100.0
90L_10NL_1_2,90L_10NL,1,d e s b a n e s ˈe ɾ,V;IND;PRS;3;PL,55,55,100.0
90L_10NL_1_3,90L_10NL,1,d e s b a n e s ˈe ɾ,V;IND;PRS;3;PL,55,55,100.0
90L_10NL_1_4,90L_10NL,1,d e s b a n e s ˈe ɾ,V;IND;PRS;3;PL,55,55,100.0
90L_10NL_1_1,90L_10NL,1,d e s b a n e s ˈe ɾ,V;IND;PRS;3;SG,55,55,100.0
90L_10NL_1_2,90L_10NL,1,d e s b a n e s ˈe ɾ,V;IND;PRS;3;SG,55,55,100.0
90L_10NL_1_3,90L_10NL,1,d e s b a n e s ˈe ɾ,V;IND;PRS;3;SG,55,55,100.0
90L_10NL_1_4,90L_10NL,1,d e s b a n e s ˈe ɾ,V;IND;PRS;3;SG,55,55,100.0
90L_10NL_1_1,90L_10NL,1,d e s b a n e s ˈe ɾ,V;SBJV;PRS;1;PL,55,55,100.0
90L_10NL_1_2,90L_10NL,1,d e s b a n e s ˈe ɾ,V;SBJV;PRS;1;PL,55,55,100.0
90L_10NL_1_3,90L_10NL,1,d e s b a n e s ˈe ɾ,V;SBJV;PRS;1;PL,55,55,100.0
90L_10NL_1_4,90L_10NL,1,d e s b a n e s ˈe ɾ,V;SBJV;PRS;1;PL,55,55,100.0
90L_10NL_1_1,90L_10NL,1,d e s b a n e s ˈe ɾ,V;SBJV;PRS;1;SG,55,55,100.0
90L_10NL_1_2,90L_10NL,1,d e s b a n e s ˈe ɾ,V;SBJV;PRS;1;SG,55,55,100.0
90L_10NL_1_3,90L_10NL,1,d e s b a n e s ˈe ɾ,V;SBJV;PRS;1;SG,55,55,100.0
90L_10NL_1_4,90L_10NL,1,d e s b a n e s ˈe ɾ,V;SBJV;PRS;1;SG,55,55,100.0
90L_10NL_1_1,90L_10NL,1,d e s b a n e s ˈe ɾ,V;SBJV;PRS;2;PL,55,55,100.0
90L_10NL_1_2,90L_10NL,1,d e s b a n e s ˈe ɾ,V;SBJV;PRS;2;PL,55,55,100.0
90L_10NL_1_3,90L_10NL,1,d e s b a n e s ˈe ɾ,V;SBJV;PRS;2;PL,55,55,100.0
90L_10NL_1_4,90L_10NL,1,d e s b a n e s ˈe ɾ,V;SBJV;PRS;2;PL,55,55,100.0
90L_10NL_1_1,90L_10NL,1,d e s b a n e s ˈe ɾ,V;SBJV;PRS;2;SG,55,55,100.0
90L_10NL_1_2,90L_10NL,1,d e s b a n e s ˈe ɾ,V;SBJV;PRS;2;SG,55,55,100.0
90L_10NL_1_3,90L_10NL,1,d e s b a n e s ˈe ɾ,V;SBJV;PRS;2;SG,55,55,100.0
90L_10NL_1_4,90L_10NL,1,d e s b a n e s ˈe ɾ,V;SBJV;PRS;2;SG,55,55,100.0
90L_10NL_1_1,90L_10NL,1,d e s b a n e s ˈe ɾ,V;SBJV;PRS;3;PL,55,55,100.0
90L_10NL_1_2,90L_10NL,1,d e s b a n e s ˈe ɾ,V;SBJV;PRS;3;PL,55,55,100.0
90L_10NL_1_3,90L_10NL,1,d e s b a n e s ˈe ɾ,V;SBJV;PRS;3;PL,55,55,100.0
90L_10NL_1_4,90L_10NL,1,d e s b a n e s ˈe ɾ,V;SBJV;PRS;3;PL,55,55,100.0
90L_10NL_1_1,90L_10NL,1,d e s b a n e s ˈe ɾ,V;SBJV;PRS;3;SG,55,55,100.0
90L_10NL_1_2,90L_10NL,1,d e s b a n e s ˈe ɾ,V;SBJV;PRS;3;SG,55,55,100.0
90L_10NL_1_3,90L_10NL,1,d e s b a n e s ˈe ɾ,V;SBJV;PRS;3;SG,55,55,100.0
90L_10NL_1_4,90L_10NL,1,d e s b a n e s ˈe ɾ,V;SBJV;PRS;3;SG,55,55,100.0
90L_10NL_1_1,90L_10NL,1,d e s o b e d e s ˈe ɾ,V;IND;PRS;1;PL,55,55,100.0
90L_10NL_1_2,90L_10NL,1,d e s o b e d e s ˈe ɾ,V;IND;PRS;1;PL,55,55,100.0
90L_10NL_1_3,90L_10NL,1,d e s o b e d e s ˈe ɾ,V;IND;PRS;1;PL,54,55,98.18
90L_10NL_1_4,90L_10NL,1,d e s o b e d e s ˈe ɾ,V;IND;PRS;1;PL,0,55,0.0
90L_10NL_1_1,90L_10NL,1,d e s o b e d e s ˈe ɾ,V;IND;PRS;1;SG,55,55,100.0
90L_10NL_1_2,90L_10NL,1,d e s o b e d e s ˈe ɾ,V;IND;PRS;1;SG,55,55,100.0
90L_10NL_1_3,90L_10NL,1,d e s o b e d e s ˈe ɾ,V;IND;PRS;1;SG,55,55,100.0
90L_10NL_1_4,90L_10NL,1,d e s o b e d e s ˈe ɾ,V;IND;PRS;1;SG,0,55,0.0
90L_10NL_1_1,90L_10NL,1,d e s o b e d e s ˈe ɾ,V;IND;PRS;2;PL,55,55,100.0
90L_10NL_1_2,90L_10NL,1,d e s o b e d e s ˈe ɾ,V;IND;PRS;2;PL,55,55,100.0
90L_10NL_1_3,90L_10NL,1,d e s o b e d e s ˈe ɾ,V;IND;PRS;2;PL,54,55,98.18
90L_10NL_1_4,90L_10NL,1,d e s o b e d e s ˈe ɾ,V;IND;PRS;2;PL,0,55,0.0
90L_10NL_1_1,90L_10NL,1,d e s o b e d e s ˈe ɾ,V;IND;PRS;2;SG,55,55,100.0
90L_10NL_1_2,90L_10NL,1,d e s o b e d e s ˈe ɾ,V;IND;PRS;2;SG,55,55,100.0
90L_10NL_1_3,90L_10NL,1,d e s o b e d e s ˈe ɾ,V;IND;PRS;2;SG,54,55,98.18
90L_10NL_1_4,90L_10NL,1,d e s o b e d e s ˈe ɾ,V;IND;PRS;2;SG,0,55,0.0
90L_10NL_1_1,90L_10NL,1,d e s o b e d e s ˈe ɾ,V;IND;PRS;3;PL,55,55,100.0
90L_10NL_1_2,90L_10NL,1,d e s o b e d e s ˈe ɾ,V;IND;PRS;3;PL,55,55,100.0
90L_10NL_1_3,90L_10NL,1,d e s o b e d e s ˈe ɾ,V;IND;PRS;3;PL,55,55,100.0
90L_10NL_1_4,90L_10NL,1,d e s o b e d e s ˈe ɾ,V;IND;PRS;3;PL,0,55,0.0
90L_10NL_1_1,90L_10NL,1,d e s o b e d e s ˈe ɾ,V;IND;PRS;3;SG,55,55,100.0
90L_10NL_1_2,90L_10NL,1,d e s o b e d e s ˈe ɾ,V;IND;PRS;3;SG,55,55,100.0
90L_10NL_1_3,90L_10NL,1,d e s o b e d e s ˈe ɾ,V;IND;PRS;3;SG,54,55,98.18
90L_10NL_1_4,90L_10NL,1,d e s o b e d e s ˈe ɾ,V;IND;PRS;3;SG,0,55,0.0
90L_10NL_1_1,90L_10NL,1,d e s o b e d e s ˈe ɾ,V;SBJV;PRS;1;PL,55,55,100.0
90L_10NL_1_2,90L_10NL,1,d e s o b e d e s ˈe ɾ,V;SBJV;PRS;1;PL,55,55,100.0
90L_10NL_1_3,90L_10NL,1,d e s o b e d e s ˈe ɾ,V;SBJV;PRS;1;PL,55,55,100.0
90L_10NL_1_4,90L_10NL,1,d e s o b e d e s ˈe ɾ,V;SBJV;PRS;1;PL,0,55,0.0
90L_10NL_1_1,90L_10NL,1,d e s o b e d e s ˈe ɾ,V;SBJV;PRS;1;SG,55,55,100.0
90L_10NL_1_2,90L_10NL,1,d e s o b e d e s ˈe ɾ,V;SBJV;PRS;1;SG,55,55,100.0
90L_10NL_1_3,90L_10NL,1,d e s o b e d e s ˈe ɾ,V;SBJV;PRS;1;SG,55,55,100.0
90L_10NL_1_4,90L_10NL,1,d e s o b e d e s ˈe ɾ,V;SBJV;PRS;1;SG,0,55,0.0
90L_10NL_1_1,90L_10NL,1,d e s o b e d e s ˈe ɾ,V;SBJV;PRS;2;PL,55,55,100.0
90L_10NL_1_2,90L_10NL,1,d e s o b e d e s ˈe ɾ,V;SBJV;PRS;2;PL,55,55,100.0
90L_10NL_1_3,90L_10NL,1,d e s o b e d e s ˈe ɾ,V;SBJV;PRS;2;PL,55,55,100.0
90L_10NL_1_4,90L_10NL,1,d e s o b e d e s ˈe ɾ,V;SBJV;PRS;2;PL,0,55,0.0
90L_10NL_1_1,90L_10NL,1,d e s o b e d e s ˈe ɾ,V;SBJV;PRS;2;SG,55,55,100.0
90L_10NL_1_2,90L_10NL,1,d e s o b e d e s ˈe ɾ,V;SBJV;PRS;2;SG,55,55,100.0
90L_10NL_1_3,90L_10NL,1,d e s o b e d e s ˈe ɾ,V;SBJV;PRS;2;SG,55,55,100.0
90L_10NL_1_4,90L_10NL,1,d e s o b e d e s ˈe ɾ,V;SBJV;PRS;2;SG,0,55,0.0
90L_10NL_1_1,90L_10NL,1,d e s o b e d e s ˈe ɾ,V;SBJV;PRS;3;PL,55,55,100.0
90L_10NL_1_2,90L_10NL,1,d e s o b e d e s ˈe ɾ,V;SBJV;PRS;3;PL,55,55,100.0
90L_10NL_1_3,90L_10NL,1,d e s o b e d e s ˈe ɾ,V;SBJV;PRS;3;PL,55,55,100.0
90L_10NL_1_4,90L_10NL,1,d e s o b e d e s ˈe ɾ,V;SBJV;PRS;3;PL,0,55,0.0
90L_10NL_1_1,90L_10NL,1,d e s o b e d e s ˈe ɾ,V;SBJV;PRS;3;SG,55,55,100.0
90L_10NL_1_2,90L_10NL,1,d e s o b e d e s ˈe ɾ,V;SBJV;PRS;3;SG,55,55,100.0
90L_10NL_1_3,90L_10NL,1,d e s o b e d e s ˈe ɾ,V;SBJV;PRS;3;SG,55,55,100.0
90L_10NL_1_4,90L_10NL,1,d e s o b e d e s ˈe ɾ,V;SBJV;PRS;3;SG,0,55,0.0
90L_10NL_1_1,90L_10NL,1,d e s p a ɾ e s ˈe ɾ,V;IND;PRS;1;PL,55,55,100.0
90L_10NL_1_2,90L_10NL,1,d e s p a ɾ e s ˈe ɾ,V;IND;PRS;1;PL,55,55,100.0
90L_10NL_1_3,90L_10NL,1,d e s p a ɾ e s ˈe ɾ,V;IND;PRS;1;PL,55,55,100.0
90L_10NL_1_4,90L_10NL,1,d e s p a ɾ e s ˈe ɾ,V;IND;PRS;1;PL,55,55,100.0
90L_10NL_1_1,90L_10NL,1,d e s p a ɾ e s ˈe ɾ,V;IND;PRS;1;SG,55,55,100.0
90L_10NL_1_2,90L_10NL,1,d e s p a ɾ e s ˈe ɾ,V;IND;PRS;1;SG,55,55,100.0
90L_10NL_1_3,90L_10NL,1,d e s p a ɾ e s ˈe ɾ,V;IND;PRS;1;SG,55,55,100.0
90L_10NL_1_4,90L_10NL,1,d e s p a ɾ e s ˈe ɾ,V;IND;PRS;1;SG,55,55,100.0
90L_10NL_1_1,90L_10NL,1,d e s p a ɾ e s ˈe ɾ,V;IND;PRS;2;PL,55,55,100.0
90L_10NL_1_2,90L_10NL,1,d e s p a ɾ e s ˈe ɾ,V;IND;PRS;2;PL,55,55,100.0
90L_10NL_1_3,90L_10NL,1,d e s p a ɾ e s ˈe ɾ,V;IND;PRS;2;PL,55,55,100.0
90L_10NL_1_4,90L_10NL,1,d e s p a ɾ e s ˈe ɾ,V;IND;PRS;2;PL,55,55,100.0
90L_10NL_1_1,90L_10NL,1,d e s p a ɾ e s ˈe ɾ,V;IND;PRS;2;SG,55,55,100.0
90L_10NL_1_2,90L_10NL,1,d e s p a ɾ e s ˈe ɾ,V;IND;PRS;2;SG,55,55,100.0
90L_10NL_1_3,90L_10NL,1,d e s p a ɾ e s ˈe ɾ,V;IND;PRS;2;SG,55,55,100.0
90L_10NL_1_4,90L_10NL,1,d e s p a ɾ e s ˈe ɾ,V;IND;PRS;2;SG,55,55,100.0
90L_10NL_1_1,90L_10NL,1,d e s p a ɾ e s ˈe ɾ,V;IND;PRS;3;PL,55,55,100.0
90L_10NL_1_2,90L_10NL,1,d e s p a ɾ e s ˈe ɾ,V;IND;PRS;3;PL,55,55,100.0
90L_10NL_1_3,90L_10NL,1,d e s p a ɾ e s ˈe ɾ,V;IND;PRS;3;PL,55,55,100.0
90L_10NL_1_4,90L_10NL,1,d e s p a ɾ e s ˈe ɾ,V;IND;PRS;3;PL,55,55,100.0
90L_10NL_1_1,90L_10NL,1,d e s p a ɾ e s ˈe ɾ,V;IND;PRS;3;SG,55,55,100.0
90L_10NL_1_2,90L_10NL,1,d e s p a ɾ e s ˈe ɾ,V;IND;PRS;3;SG,55,55,100.0
90L_10NL_1_3,90L_10NL,1,d e s p a ɾ e s ˈe ɾ,V;IND;PRS;3;SG,55,55,100.0
90L_10NL_1_4,90L_10NL,1,d e s p a ɾ e s ˈe ɾ,V;IND;PRS;3;SG,55,55,100.0
90L_10NL_1_1,90L_10NL,1,d e s p a ɾ e s ˈe ɾ,V;SBJV;PRS;1;PL,55,55,100.0
90L_10NL_1_2,90L_10NL,1,d e s p a ɾ e s ˈe ɾ,V;SBJV;PRS;1;PL,55,55,100.0
90L_10NL_1_3,90L_10NL,1,d e s p a ɾ e s ˈe ɾ,V;SBJV;PRS;1;PL,55,55,100.0
90L_10NL_1_4,90L_10NL,1,d e s p a ɾ e s ˈe ɾ,V;SBJV;PRS;1;PL,55,55,100.0
90L_10NL_1_1,90L_10NL,1,d e s p a ɾ e s ˈe ɾ,V;SBJV;PRS;1;SG,55,55,100.0
90L_10NL_1_2,90L_10NL,1,d e s p a ɾ e s ˈe ɾ,V;SBJV;PRS;1;SG,55,55,100.0
90L_10NL_1_3,90L_10NL,1,d e s p a ɾ e s ˈe ɾ,V;SBJV;PRS;1;SG,55,55,100.0
90L_10NL_1_4,90L_10NL,1,d e s p a ɾ e s ˈe ɾ,V;SBJV;PRS;1;SG,55,55,100.0
90L_10NL_1_1,90L_10NL,1,d e s p a ɾ e s ˈe ɾ,V;SBJV;PRS;2;PL,55,55,100.0
90L_10NL_1_2,90L_10NL,1,d e s p a ɾ e s ˈe ɾ,V;SBJV;PRS;2;PL,55,55,100.0
90L_10NL_1_3,90L_10NL,1,d e s p a ɾ e s ˈe ɾ,V;SBJV;PRS;2;PL,55,55,100.0
90L_10NL_1_4,90L_10NL,1,d e s p a ɾ e s ˈe ɾ,V;SBJV;PRS;2;PL,55,55,100.0
90L_10NL_1_1,90L_10NL,1,d e s p a ɾ e s ˈe ɾ,V;SBJV;PRS;2;SG,55,55,100.0
90L_10NL_1_2,90L_10NL,1,d e s p a ɾ e s ˈe ɾ,V;SBJV;PRS;2;SG,55,55,100.0
90L_10NL_1_3,90L_10NL,1,d e s p a ɾ e s ˈe ɾ,V;SBJV;PRS;2;SG,55,55,100.0
90L_10NL_1_4,90L_10NL,1,d e s p a ɾ e s ˈe ɾ,V;SBJV;PRS;2;SG,55,55,100.0
90L_10NL_1_1,90L_10NL,1,d e s p a ɾ e s ˈe ɾ,V;SBJV;PRS;3;PL,55,55,100.0
90L_10NL_1_2,90L_10NL,1,d e s p a ɾ e s ˈe ɾ,V;SBJV;PRS;3;PL,55,55,100.0
90L_10NL_1_3,90L_10NL,1,d e s p a ɾ e s ˈe ɾ,V;SBJV;PRS;3;PL,55,55,100.0
90L_10NL_1_4,90L_10NL,1,d e s p a ɾ e s ˈe ɾ,V;SBJV;PRS;3;PL,55,55,100.0
90L_10NL_1_1,90L_10NL,1,d e s p a ɾ e s ˈe ɾ,V;SBJV;PRS;3;SG,55,55,100.0
90L_10NL_1_2,90L_10NL,1,d e s p a ɾ e s ˈe ɾ,V;SBJV;PRS;3;SG,55,55,100.0
90L_10NL_1_3,90L_10NL,1,d e s p a ɾ e s ˈe ɾ,V;SBJV;PRS;3;SG,55,55,100.0
90L_10NL_1_4,90L_10NL,1,d e s p a ɾ e s ˈe ɾ,V;SBJV;PRS;3;SG,55,55,100.0
90L_10NL_1_1,90L_10NL,1,d e s t o ɾ s ˈe ɾ,V;IND;PRS;1;PL,43,55,78.18
90L_10NL_1_2,90L_10NL,1,d e s t o ɾ s ˈe ɾ,V;IND;PRS;1;PL,44,55,80.0
90L_10NL_1_3,90L_10NL,1,d e s t o ɾ s ˈe ɾ,V;IND;PRS;1;PL,32,55,58.18
90L_10NL_1_4,90L_10NL,1,d e s t o ɾ s ˈe ɾ,V;IND;PRS;1;PL,53,55,96.36
90L_10NL_1_1,90L_10NL,1,d e s t o ɾ s ˈe ɾ,V;IND;PRS;1;SG,54,55,98.18
90L_10NL_1_2,90L_10NL,1,d e s t o ɾ s ˈe ɾ,V;IND;PRS;1;SG,54,55,98.18
90L_10NL_1_3,90L_10NL,1,d e s t o ɾ s ˈe ɾ,V;IND;PRS;1;SG,51,55,92.73
90L_10NL_1_4,90L_10NL,1,d e s t o ɾ s ˈe ɾ,V;IND;PRS;1;SG,49,55,89.09
90L_10NL_1_1,90L_10NL,1,d e s t o ɾ s ˈe ɾ,V;IND;PRS;2;PL,50,55,90.91
90L_10NL_1_2,90L_10NL,1,d e s t o ɾ s ˈe ɾ,V;IND;PRS;2;PL,47,55,85.45
90L_10NL_1_3,90L_10NL,1,d e s t o ɾ s ˈe ɾ,V;IND;PRS;2;PL,30,55,54.55
90L_10NL_1_4,90L_10NL,1,d e s t o ɾ s ˈe ɾ,V;IND;PRS;2;PL,43,55,78.18
90L_10NL_1_1,90L_10NL,1,d e s t o ɾ s ˈe ɾ,V;IND;PRS;2;SG,54,55,98.18
90L_10NL_1_2,90L_10NL,1,d e s t o ɾ s ˈe ɾ,V;IND;PRS;2;SG,51,55,92.73
90L_10NL_1_3,90L_10NL,1,d e s t o ɾ s ˈe ɾ,V;IND;PRS;2;SG,51,55,92.73
90L_10NL_1_4,90L_10NL,1,d e s t o ɾ s ˈe ɾ,V;IND;PRS;2;SG,49,55,89.09
90L_10NL_1_1,90L_10NL,1,d e s t o ɾ s ˈe ɾ,V;IND;PRS;3;PL,55,55,100.0
90L_10NL_1_2,90L_10NL,1,d e s t o ɾ s ˈe ɾ,V;IND;PRS;3;PL,53,55,96.36
90L_10NL_1_3,90L_10NL,1,d e s t o ɾ s ˈe ɾ,V;IND;PRS;3;PL,52,55,94.55
90L_10NL_1_4,90L_10NL,1,d e s t o ɾ s ˈe ɾ,V;IND;PRS;3;PL,49,55,89.09
90L_10NL_1_1,90L_10NL,1,d e s t o ɾ s ˈe ɾ,V;IND;PRS;3;SG,55,55,100.0
90L_10NL_1_2,90L_10NL,1,d e s t o ɾ s ˈe ɾ,V;IND;PRS;3;SG,52,55,94.55
90L_10NL_1_3,90L_10NL,1,d e s t o ɾ s ˈe ɾ,V;IND;PRS;3;SG,51,55,92.73
90L_10NL_1_4,90L_10NL,1,d e s t o ɾ s ˈe ɾ,V;IND;PRS;3;SG,49,55,89.09
90L_10NL_1_1,90L_10NL,1,d e s t o ɾ s ˈe ɾ,V;SBJV;PRS;1;PL,42,55,76.36
90L_10NL_1_2,90L_10NL,1,d e s t o ɾ s ˈe ɾ,V;SBJV;PRS;1;PL,42,55,76.36
90L_10NL_1_3,90L_10NL,1,d e s t o ɾ s ˈe ɾ,V;SBJV;PRS;1;PL,30,55,54.55
90L_10NL_1_4,90L_10NL,1,d e s t o ɾ s ˈe ɾ,V;SBJV;PRS;1;PL,53,55,96.36
90L_10NL_1_1,90L_10NL,1,d e s t o ɾ s ˈe ɾ,V;SBJV;PRS;1;SG,55,55,100.0
90L_10NL_1_2,90L_10NL,1,d e s t o ɾ s ˈe ɾ,V;SBJV;PRS;1;SG,55,55,100.0
90L_10NL_1_3,90L_10NL,1,d e s t o ɾ s ˈe ɾ,V;SBJV;PRS;1;SG,52,55,94.55
90L_10NL_1_4,90L_10NL,1,d e s t o ɾ s ˈe ɾ,V;SBJV;PRS;1;SG,49,55,89.09
90L_10NL_1_1,90L_10NL,1,d e s t o ɾ s ˈe ɾ,V;SBJV;PRS;2;PL,42,55,76.36
90L_10NL_1_2,90L_10NL,1,d e s t o ɾ s ˈe ɾ,V;SBJV;PRS;2;PL,42,55,76.36
90L_10NL_1_3,90L_10NL,1,d e s t o ɾ s ˈe ɾ,V;SBJV;PRS;2;PL,30,55,54.55
90L_10NL_1_4,90L_10NL,1,d e s t o ɾ s ˈe ɾ,V;SBJV;PRS;2;PL,54,55,98.18
90L_10NL_1_1,90L_10NL,1,d e s t o ɾ s ˈe ɾ,V;SBJV;PRS;2;SG,55,55,100.0
90L_10NL_1_2,90L_10NL,1,d e s t o ɾ s ˈe ɾ,V;SBJV;PRS;2;SG,54,55,98.18
90L_10NL_1_3,90L_10NL,1,d e s t o ɾ s ˈe ɾ,V;SBJV;PRS;2;SG,52,55,94.55
90L_10NL_1_4,90L_10NL,1,d e s t o ɾ s ˈe ɾ,V;SBJV;PRS;2;SG,49,55,89.09
90L_10NL_1_1,90L_10NL,1,d e s t o ɾ s ˈe ɾ,V;SBJV;PRS;3;PL,55,55,100.0
90L_10NL_1_2,90L_10NL,1,d e s t o ɾ s ˈe ɾ,V;SBJV;PRS;3;PL,54,55,98.18
90L_10NL_1_3,90L_10NL,1,d e s t o ɾ s ˈe ɾ,V;SBJV;PRS;3;PL,52,55,94.55
90L_10NL_1_4,90L_10NL,1,d e s t o ɾ s ˈe ɾ,V;SBJV;PRS;3;PL,49,55,89.09
90L_10NL_1_1,90L_10NL,1,d e s t o ɾ s ˈe ɾ,V;SBJV;PRS;3;SG,55,55,100.0
90L_10NL_1_2,90L_10NL,1,d e s t o ɾ s ˈe ɾ,V;SBJV;PRS;3;SG,54,55,98.18
90L_10NL_1_3,90L_10NL,1,d e s t o ɾ s ˈe ɾ,V;SBJV;PRS;3;SG,52,55,94.55
90L_10NL_1_4,90L_10NL,1,d e s t o ɾ s ˈe ɾ,V;SBJV;PRS;3;SG,49,55,89.09
90L_10NL_1_1,90L_10NL,1,d e t ɾ a ˈe ɾ,V;IND;PRS;1;PL,55,55,100.0
90L_10NL_1_2,90L_10NL,1,d e t ɾ a ˈe ɾ,V;IND;PRS;1;PL,55,55,100.0
90L_10NL_1_3,90L_10NL,1,d e t ɾ a ˈe ɾ,V;IND;PRS;1;PL,55,55,100.0
90L_10NL_1_4,90L_10NL,1,d e t ɾ a ˈe ɾ,V;IND;PRS;1;PL,55,55,100.0
90L_10NL_1_1,90L_10NL,1,d e t ɾ a ˈe ɾ,V;IND;PRS;1;SG,55,55,100.0
90L_10NL_1_2,90L_10NL,1,d e t ɾ a ˈe ɾ,V;IND;PRS;1;SG,55,55,100.0
90L_10NL_1_3,90L_10NL,1,d e t ɾ a ˈe ɾ,V;IND;PRS;1;SG,55,55,100.0
90L_10NL_1_4,90L_10NL,1,d e t ɾ a ˈe ɾ,V;IND;PRS;1;SG,55,55,100.0
90L_10NL_1_1,90L_10NL,1,d e t ɾ a ˈe ɾ,V;IND;PRS;2;PL,55,55,100.0
90L_10NL_1_2,90L_10NL,1,d e t ɾ a ˈe ɾ,V;IND;PRS;2;PL,55,55,100.0
90L_10NL_1_3,90L_10NL,1,d e t ɾ a ˈe ɾ,V;IND;PRS;2;PL,55,55,100.0
90L_10NL_1_4,90L_10NL,1,d e t ɾ a ˈe ɾ,V;IND;PRS;2;PL,55,55,100.0
90L_10NL_1_1,90L_10NL,1,d e t ɾ a ˈe ɾ,V;IND;PRS;2;SG,55,55,100.0
90L_10NL_1_2,90L_10NL,1,d e t ɾ a ˈe ɾ,V;IND;PRS;2;SG,55,55,100.0
90L_10NL_1_3,90L_10NL,1,d e t ɾ a ˈe ɾ,V;IND;PRS;2;SG,55,55,100.0
90L_10NL_1_4,90L_10NL,1,d e t ɾ a ˈe ɾ,V;IND;PRS;2;SG,55,55,100.0
90L_10NL_1_1,90L_10NL,1,d e t ɾ a ˈe ɾ,V;IND;PRS;3;PL,55,55,100.0
90L_10NL_1_2,90L_10NL,1,d e t ɾ a ˈe ɾ,V;IND;PRS;3;PL,55,55,100.0
90L_10NL_1_3,90L_10NL,1,d e t ɾ a ˈe ɾ,V;IND;PRS;3;PL,55,55,100.0
90L_10NL_1_4,90L_10NL,1,d e t ɾ a ˈe ɾ,V;IND;PRS;3;PL,55,55,100.0
90L_10NL_1_1,90L_10NL,1,d e t ɾ a ˈe ɾ,V;IND;PRS;3;SG,55,55,100.0
90L_10NL_1_2,90L_10NL,1,d e t ɾ a ˈe ɾ,V;IND;PRS;3;SG,55,55,100.0
90L_10NL_1_3,90L_10NL,1,d e t ɾ a ˈe ɾ,V;IND;PRS;3;SG,55,55,100.0
90L_10NL_1_4,90L_10NL,1,d e t ɾ a ˈe ɾ,V;IND;PRS;3;SG,55,55,100.0
90L_10NL_1_1,90L_10NL,1,d e t ɾ a ˈe ɾ,V;SBJV;PRS;1;PL,55,55,100.0
90L_10NL_1_2,90L_10NL,1,d e t ɾ a ˈe ɾ,V;SBJV;PRS;1;PL,55,55,100.0
90L_10NL_1_3,90L_10NL,1,d e t ɾ a ˈe ɾ,V;SBJV;PRS;1;PL,55,55,100.0
90L_10NL_1_4,90L_10NL,1,d e t ɾ a ˈe ɾ,V;SBJV;PRS;1;PL,55,55,100.0
90L_10NL_1_1,90L_10NL,1,d e t ɾ a ˈe ɾ,V;SBJV;PRS;1;SG,55,55,100.0
90L_10NL_1_2,90L_10NL,1,d e t ɾ a ˈe ɾ,V;SBJV;PRS;1;SG,55,55,100.0
90L_10NL_1_3,90L_10NL,1,d e t ɾ a ˈe ɾ,V;SBJV;PRS;1;SG,55,55,100.0
90L_10NL_1_4,90L_10NL,1,d e t ɾ a ˈe ɾ,V;SBJV;PRS;1;SG,55,55,100.0
90L_10NL_1_1,90L_10NL,1,d e t ɾ a ˈe ɾ,V;SBJV;PRS;2;PL,55,55,100.0
90L_10NL_1_2,90L_10NL,1,d e t ɾ a ˈe ɾ,V;SBJV;PRS;2;PL,55,55,100.0
90L_10NL_1_3,90L_10NL,1,d e t ɾ a ˈe ɾ,V;SBJV;PRS;2;PL,55,55,100.0
90L_10NL_1_4,90L_10NL,1,d e t ɾ a ˈe ɾ,V;SBJV;PRS;2;PL,55,55,100.0
90L_10NL_1_1,90L_10NL,1,d e t ɾ a ˈe ɾ,V;SBJV;PRS;2;SG,55,55,100.0
90L_10NL_1_2,90L_10NL,1,d e t ɾ a ˈe ɾ,V;SBJV;PRS;2;SG,55,55,100.0
90L_10NL_1_3,90L_10NL,1,d e t ɾ a ˈe ɾ,V;SBJV;PRS;2;SG,55,55,100.0
90L_10NL_1_4,90L_10NL,1,d e t ɾ a ˈe ɾ,V;SBJV;PRS;2;SG,55,55,100.0
90L_10NL_1_1,90L_10NL,1,d e t ɾ a ˈe ɾ,V;SBJV;PRS;3;PL,55,55,100.0
90L_10NL_1_2,90L_10NL,1,d e t ɾ a ˈe ɾ,V;SBJV;PRS;3;PL,55,55,100.0
90L_10NL_1_3,90L_10NL,1,d e t ɾ a ˈe ɾ,V;SBJV;PRS;3;PL,55,55,100.0
90L_10NL_1_4,90L_10NL,1,d e t ɾ a ˈe ɾ,V;SBJV;PRS;3;PL,55,55,100.0
90L_10NL_1_1,90L_10NL,1,d e t ɾ a ˈe ɾ,V;SBJV;PRS;3;SG,55,55,100.0
90L_10NL_1_2,90L_10NL,1,d e t ɾ a ˈe ɾ,V;SBJV;PRS;3;SG,55,55,100.0
90L_10NL_1_3,90L_10NL,1,d e t ɾ a ˈe ɾ,V;SBJV;PRS;3;SG,55,55,100.0
90L_10NL_1_4,90L_10NL,1,d e t ɾ a ˈe ɾ,V;SBJV;PRS;3;SG,55,55,100.0
90L_10NL_1_1,90L_10NL,1,d i b e ɾ ç ˈi ɾ,V;IND;PRS;1;PL,55,55,100.0
90L_10NL_1_2,90L_10NL,1,d i b e ɾ ç ˈi ɾ,V;IND;PRS;1;PL,54,55,98.18
90L_10NL_1_3,90L_10NL,1,d i b e ɾ ç ˈi ɾ,V;IND;PRS;1;PL,55,55,100.0
90L_10NL_1_4,90L_10NL,1,d i b e ɾ ç ˈi ɾ,V;IND;PRS;1;PL,55,55,100.0
90L_10NL_1_1,90L_10NL,1,d i b e ɾ ç ˈi ɾ,V;IND;PRS;1;SG,55,55,100.0
90L_10NL_1_2,90L_10NL,1,d i b e ɾ ç ˈi ɾ,V;IND;PRS;1;SG,55,55,100.0
90L_10NL_1_3,90L_10NL,1,d i b e ɾ ç ˈi ɾ,V;IND;PRS;1;SG,55,55,100.0
90L_10NL_1_4,90L_10NL,1,d i b e ɾ ç ˈi ɾ,V;IND;PRS;1;SG,55,55,100.0
90L_10NL_1_1,90L_10NL,1,d i b e ɾ ç ˈi ɾ,V;IND;PRS;2;PL,55,55,100.0
90L_10NL_1_2,90L_10NL,1,d i b e ɾ ç ˈi ɾ,V;IND;PRS;2;PL,52,55,94.55
90L_10NL_1_3,90L_10NL,1,d i b e ɾ ç ˈi ɾ,V;IND;PRS;2;PL,55,55,100.0
90L_10NL_1_4,90L_10NL,1,d i b e ɾ ç ˈi ɾ,V;IND;PRS;2;PL,55,55,100.0
90L_10NL_1_1,90L_10NL,1,d i b e ɾ ç ˈi ɾ,V;IND;PRS;2;SG,55,55,100.0
90L_10NL_1_2,90L_10NL,1,d i b e ɾ ç ˈi ɾ,V;IND;PRS;2;SG,54,55,98.18
90L_10NL_1_3,90L_10NL,1,d i b e ɾ ç ˈi ɾ,V;IND;PRS;2;SG,55,55,100.0
90L_10NL_1_4,90L_10NL,1,d i b e ɾ ç ˈi ɾ,V;IND;PRS;2;SG,55,55,100.0
90L_10NL_1_1,90L_10NL,1,d i b e ɾ ç ˈi ɾ,V;IND;PRS;3;PL,55,55,100.0
90L_10NL_1_2,90L_10NL,1,d i b e ɾ ç ˈi ɾ,V;IND;PRS;3;PL,53,55,96.36
90L_10NL_1_3,90L_10NL,1,d i b e ɾ ç ˈi ɾ,V;IND;PRS;3;PL,55,55,100.0
90L_10NL_1_4,90L_10NL,1,d i b e ɾ ç ˈi ɾ,V;IND;PRS;3;PL,55,55,100.0
90L_10NL_1_1,90L_10NL,1,d i b e ɾ ç ˈi ɾ,V;IND;PRS;3;SG,55,55,100.0
90L_10NL_1_2,90L_10NL,1,d i b e ɾ ç ˈi ɾ,V;IND;PRS;3;SG,53,55,96.36
90L_10NL_1_3,90L_10NL,1,d i b e ɾ ç ˈi ɾ,V;IND;PRS;3;SG,55,55,100.0
90L_10NL_1_4,90L_10NL,1,d i b e ɾ ç ˈi ɾ,V;IND;PRS;3;SG,55,55,100.0
90L_10NL_1_1,90L_10NL,1,d i b e ɾ ç ˈi ɾ,V;SBJV;PRS;1;PL,55,55,100.0
90L_10NL_1_2,90L_10NL,1,d i b e ɾ ç ˈi ɾ,V;SBJV;PRS;1;PL,55,55,100.0
90L_10NL_1_3,90L_10NL,1,d i b e ɾ ç ˈi ɾ,V;SBJV;PRS;1;PL,55,55,100.0
90L_10NL_1_4,90L_10NL,1,d i b e ɾ ç ˈi ɾ,V;SBJV;PRS;1;PL,55,55,100.0
90L_10NL_1_1,90L_10NL,1,d i b e ɾ ç ˈi ɾ,V;SBJV;PRS;1;SG,55,55,100.0
90L_10NL_1_2,90L_10NL,1,d i b e ɾ ç ˈi ɾ,V;SBJV;PRS;1;SG,55,55,100.0
90L_10NL_1_3,90L_10NL,1,d i b e ɾ ç ˈi ɾ,V;SBJV;PRS;1;SG,55,55,100.0
90L_10NL_1_4,90L_10NL,1,d i b e ɾ ç ˈi ɾ,V;SBJV;PRS;1;SG,55,55,100.0
90L_10NL_1_1,90L_10NL,1,d i b e ɾ ç ˈi ɾ,V;SBJV;PRS;2;PL,55,55,100.0
90L_10NL_1_2,90L_10NL,1,d i b e ɾ ç ˈi ɾ,V;SBJV;PRS;2;PL,55,55,100.0
90L_10NL_1_3,90L_10NL,1,d i b e ɾ ç ˈi ɾ,V;SBJV;PRS;2;PL,55,55,100.0
90L_10NL_1_4,90L_10NL,1,d i b e ɾ ç ˈi ɾ,V;SBJV;PRS;2;PL,55,55,100.0
90L_10NL_1_1,90L_10NL,1,d i b e ɾ ç ˈi ɾ,V;SBJV;PRS;2;SG,55,55,100.0
90L_10NL_1_2,90L_10NL,1,d i b e ɾ ç ˈi ɾ,V;SBJV;PRS;2;SG,55,55,100.0
90L_10NL_1_3,90L_10NL,1,d i b e ɾ ç ˈi ɾ,V;SBJV;PRS;2;SG,55,55,100.0
90L_10NL_1_4,90L_10NL,1,d i b e ɾ ç ˈi ɾ,V;SBJV;PRS;2;SG,55,55,100.0
90L_10NL_1_1,90L_10NL,1,d i b e ɾ ç ˈi ɾ,V;SBJV;PRS;3;PL,55,55,100.0
90L_10NL_1_2,90L_10NL,1,d i b e ɾ ç ˈi ɾ,V;SBJV;PRS;3;PL,55,55,100.0
90L_10NL_1_3,90L_10NL,1,d i b e ɾ ç ˈi ɾ,V;SBJV;PRS;3;PL,55,55,100.0
90L_10NL_1_4,90L_10NL,1,d i b e ɾ ç ˈi ɾ,V;SBJV;PRS;3;PL,55,55,100.0
90L_10NL_1_1,90L_10NL,1,d i b e ɾ ç ˈi ɾ,V;SBJV;PRS;3;SG,55,55,100.0
90L_10NL_1_2,90L_10NL,1,d i b e ɾ ç ˈi ɾ,V;SBJV;PRS;3;SG,55,55,100.0
90L_10NL_1_3,90L_10NL,1,d i b e ɾ ç ˈi ɾ,V;SBJV;PRS;3;SG,55,55,100.0
90L_10NL_1_4,90L_10NL,1,d i b e ɾ ç ˈi ɾ,V;SBJV;PRS;3;SG,55,55,100.0
90L_10NL_1_1,90L_10NL,1,e m u l ç ˈe ɾ,V;IND;PRS;1;PL,55,55,100.0
90L_10NL_1_2,90L_10NL,1,e m u l ç ˈe ɾ,V;IND;PRS;1;PL,55,55,100.0
90L_10NL_1_3,90L_10NL,1,e m u l ç ˈe ɾ,V;IND;PRS;1;PL,55,55,100.0
90L_10NL_1_4,90L_10NL,1,e m u l ç ˈe ɾ,V;IND;PRS;1;PL,55,55,100.0
90L_10NL_1_1,90L_10NL,1,e m u l ç ˈe ɾ,V;IND;PRS;1;SG,55,55,100.0
90L_10NL_1_2,90L_10NL,1,e m u l ç ˈe ɾ,V;IND;PRS;1;SG,55,55,100.0
90L_10NL_1_3,90L_10NL,1,e m u l ç ˈe ɾ,V;IND;PRS;1;SG,55,55,100.0
90L_10NL_1_4,90L_10NL,1,e m u l ç ˈe ɾ,V;IND;PRS;1;SG,55,55,100.0
90L_10NL_1_1,90L_10NL,1,e m u l ç ˈe ɾ,V;IND;PRS;2;PL,55,55,100.0
90L_10NL_1_2,90L_10NL,1,e m u l ç ˈe ɾ,V;IND;PRS;2;PL,55,55,100.0
90L_10NL_1_3,90L_10NL,1,e m u l ç ˈe ɾ,V;IND;PRS;2;PL,55,55,100.0
90L_10NL_1_4,90L_10NL,1,e m u l ç ˈe ɾ,V;IND;PRS;2;PL,55,55,100.0
90L_10NL_1_1,90L_10NL,1,e m u l ç ˈe ɾ,V;IND;PRS;2;SG,55,55,100.0
90L_10NL_1_2,90L_10NL,1,e m u l ç ˈe ɾ,V;IND;PRS;2;SG,55,55,100.0
90L_10NL_1_3,90L_10NL,1,e m u l ç ˈe ɾ,V;IND;PRS;2;SG,55,55,100.0
90L_10NL_1_4,90L_10NL,1,e m u l ç ˈe ɾ,V;IND;PRS;2;SG,55,55,100.0
90L_10NL_1_1,90L_10NL,1,e m u l ç ˈe ɾ,V;IND;PRS;3;PL,55,55,100.0
90L_10NL_1_2,90L_10NL,1,e m u l ç ˈe ɾ,V;IND;PRS;3;PL,55,55,100.0
90L_10NL_1_3,90L_10NL,1,e m u l ç ˈe ɾ,V;IND;PRS;3;PL,55,55,100.0
90L_10NL_1_4,90L_10NL,1,e m u l ç ˈe ɾ,V;IND;PRS;3;PL,55,55,100.0
90L_10NL_1_1,90L_10NL,1,e m u l ç ˈe ɾ,V;IND;PRS;3;SG,55,55,100.0
90L_10NL_1_2,90L_10NL,1,e m u l ç ˈe ɾ,V;IND;PRS;3;SG,55,55,100.0
90L_10NL_1_3,90L_10NL,1,e m u l ç ˈe ɾ,V;IND;PRS;3;SG,55,55,100.0
90L_10NL_1_4,90L_10NL,1,e m u l ç ˈe ɾ,V;IND;PRS;3;SG,55,55,100.0
90L_10NL_1_1,90L_10NL,1,e m u l ç ˈe ɾ,V;SBJV;PRS;1;PL,55,55,100.0
90L_10NL_1_2,90L_10NL,1,e m u l ç ˈe ɾ,V;SBJV;PRS;1;PL,55,55,100.0
90L_10NL_1_3,90L_10NL,1,e m u l ç ˈe ɾ,V;SBJV;PRS;1;PL,55,55,100.0
90L_10NL_1_4,90L_10NL,1,e m u l ç ˈe ɾ,V;SBJV;PRS;1;PL,55,55,100.0
90L_10NL_1_1,90L_10NL,1,e m u l ç ˈe ɾ,V;SBJV;PRS;1;SG,55,55,100.0
90L_10NL_1_2,90L_10NL,1,e m u l ç ˈe ɾ,V;SBJV;PRS;1;SG,55,55,100.0
90L_10NL_1_3,90L_10NL,1,e m u l ç ˈe ɾ,V;SBJV;PRS;1;SG,55,55,100.0
90L_10NL_1_4,90L_10NL,1,e m u l ç ˈe ɾ,V;SBJV;PRS;1;SG,55,55,100.0
90L_10NL_1_1,90L_10NL,1,e m u l ç ˈe ɾ,V;SBJV;PRS;2;PL,55,55,100.0
90L_10NL_1_2,90L_10NL,1,e m u l ç ˈe ɾ,V;SBJV;PRS;2;PL,55,55,100.0
90L_10NL_1_3,90L_10NL,1,e m u l ç ˈe ɾ,V;SBJV;PRS;2;PL,55,55,100.0
90L_10NL_1_4,90L_10NL,1,e m u l ç ˈe ɾ,V;SBJV;PRS;2;PL,55,55,100.0
90L_10NL_1_1,90L_10NL,1,e m u l ç ˈe ɾ,V;SBJV;PRS;2;SG,55,55,100.0
90L_10NL_1_2,90L_10NL,1,e m u l ç ˈe ɾ,V;SBJV;PRS;2;SG,55,55,100.0
90L_10NL_1_3,90L_10NL,1,e m u l ç ˈe ɾ,V;SBJV;PRS;2;SG,55,55,100.0
90L_10NL_1_4,90L_10NL,1,e m u l ç ˈe ɾ,V;SBJV;PRS;2;SG,55,55,100.0
90L_10NL_1_1,90L_10NL,1,e m u l ç ˈe ɾ,V;SBJV;PRS;3;PL,55,55,100.0
90L_10NL_1_2,90L_10NL,1,e m u l ç ˈe ɾ,V;SBJV;PRS;3;PL,55,55,100.0
90L_10NL_1_3,90L_10NL,1,e m u l ç ˈe ɾ,V;SBJV;PRS;3;PL,55,55,100.0
90L_10NL_1_4,90L_10NL,1,e m u l ç ˈe ɾ,V;SBJV;PRS;3;PL,55,55,100.0
90L_10NL_1_1,90L_10NL,1,e m u l ç ˈe ɾ,V;SBJV;PRS;3;SG,55,55,100.0
90L_10NL_1_2,90L_10NL,1,e m u l ç ˈe ɾ,V;SBJV;PRS;3;SG,55,55,100.0
90L_10NL_1_3,90L_10NL,1,e m u l ç ˈe ɾ,V;SBJV;PRS;3;SG,55,55,100.0
90L_10NL_1_4,90L_10NL,1,e m u l ç ˈe ɾ,V;SBJV;PRS;3;SG,55,55,100.0
90L_10NL_1_1,90L_10NL,1,e n a ɾ d e s ˈe ɾ,V;IND;PRS;1;PL,55,55,100.0
90L_10NL_1_2,90L_10NL,1,e n a ɾ d e s ˈe ɾ,V;IND;PRS;1;PL,55,55,100.0
90L_10NL_1_3,90L_10NL,1,e n a ɾ d e s ˈe ɾ,V;IND;PRS;1;PL,55,55,100.0
90L_10NL_1_4,90L_10NL,1,e n a ɾ d e s ˈe ɾ,V;IND;PRS;1;PL,55,55,100.0
90L_10NL_1_1,90L_10NL,1,e n a ɾ d e s ˈe ɾ,V;IND;PRS;1;SG,55,55,100.0
90L_10NL_1_2,90L_10NL,1,e n a ɾ d e s ˈe ɾ,V;IND;PRS;1;SG,55,55,100.0
90L_10NL_1_3,90L_10NL,1,e n a ɾ d e s ˈe ɾ,V;IND;PRS;1;SG,55,55,100.0
90L_10NL_1_4,90L_10NL,1,e n a ɾ d e s ˈe ɾ,V;IND;PRS;1;SG,55,55,100.0
90L_10NL_1_1,90L_10NL,1,e n a ɾ d e s ˈe ɾ,V;IND;PRS;2;PL,55,55,100.0
90L_10NL_1_2,90L_10NL,1,e n a ɾ d e s ˈe ɾ,V;IND;PRS;2;PL,55,55,100.0
90L_10NL_1_3,90L_10NL,1,e n a ɾ d e s ˈe ɾ,V;IND;PRS;2;PL,55,55,100.0
90L_10NL_1_4,90L_10NL,1,e n a ɾ d e s ˈe ɾ,V;IND;PRS;2;PL,55,55,100.0
90L_10NL_1_1,90L_10NL,1,e n a ɾ d e s ˈe ɾ,V;IND;PRS;2;SG,55,55,100.0
90L_10NL_1_2,90L_10NL,1,e n a ɾ d e s ˈe ɾ,V;IND;PRS;2;SG,55,55,100.0
90L_10NL_1_3,90L_10NL,1,e n a ɾ d e s ˈe ɾ,V;IND;PRS;2;SG,55,55,100.0
90L_10NL_1_4,90L_10NL,1,e n a ɾ d e s ˈe ɾ,V;IND;PRS;2;SG,55,55,100.0
90L_10NL_1_1,90L_10NL,1,e n a ɾ d e s ˈe ɾ,V;IND;PRS;3;PL,55,55,100.0
90L_10NL_1_2,90L_10NL,1,e n a ɾ d e s ˈe ɾ,V;IND;PRS;3;PL,55,55,100.0
90L_10NL_1_3,90L_10NL,1,e n a ɾ d e s ˈe ɾ,V;IND;PRS;3;PL,55,55,100.0
90L_10NL_1_4,90L_10NL,1,e n a ɾ d e s ˈe ɾ,V;IND;PRS;3;PL,55,55,100.0
90L_10NL_1_1,90L_10NL,1,e n a ɾ d e s ˈe ɾ,V;IND;PRS;3;SG,55,55,100.0
90L_10NL_1_2,90L_10NL,1,e n a ɾ d e s ˈe ɾ,V;IND;PRS;3;SG,55,55,100.0
90L_10NL_1_3,90L_10NL,1,e n a ɾ d e s ˈe ɾ,V;IND;PRS;3;SG,55,55,100.0
90L_10NL_1_4,90L_10NL,1,e n a ɾ d e s ˈe ɾ,V;IND;PRS;3;SG,55,55,100.0
90L_10NL_1_1,90L_10NL,1,e n a ɾ d e s ˈe ɾ,V;SBJV;PRS;1;PL,55,55,100.0
90L_10NL_1_2,90L_10NL,1,e n a ɾ d e s ˈe ɾ,V;SBJV;PRS;1;PL,55,55,100.0
90L_10NL_1_3,90L_10NL,1,e n a ɾ d e s ˈe ɾ,V;SBJV;PRS;1;PL,55,55,100.0
90L_10NL_1_4,90L_10NL,1,e n a ɾ d e s ˈe ɾ,V;SBJV;PRS;1;PL,55,55,100.0
90L_10NL_1_1,90L_10NL,1,e n a ɾ d e s ˈe ɾ,V;SBJV;PRS;1;SG,55,55,100.0
90L_10NL_1_2,90L_10NL,1,e n a ɾ d e s ˈe ɾ,V;SBJV;PRS;1;SG,55,55,100.0
90L_10NL_1_3,90L_10NL,1,e n a ɾ d e s ˈe ɾ,V;SBJV;PRS;1;SG,55,55,100.0
90L_10NL_1_4,90L_10NL,1,e n a ɾ d e s ˈe ɾ,V;SBJV;PRS;1;SG,55,55,100.0
90L_10NL_1_1,90L_10NL,1,e n a ɾ d e s ˈe ɾ,V;SBJV;PRS;2;PL,55,55,100.0
90L_10NL_1_2,90L_10NL,1,e n a ɾ d e s ˈe ɾ,V;SBJV;PRS;2;PL,55,55,100.0
90L_10NL_1_3,90L_10NL,1,e n a ɾ d e s ˈe ɾ,V;SBJV;PRS;2;PL,55,55,100.0
90L_10NL_1_4,90L_10NL,1,e n a ɾ d e s ˈe ɾ,V;SBJV;PRS;2;PL,55,55,100.0
90L_10NL_1_1,90L_10NL,1,e n a ɾ d e s ˈe ɾ,V;SBJV;PRS;2;SG,55,55,100.0
90L_10NL_1_2,90L_10NL,1,e n a ɾ d e s ˈe ɾ,V;SBJV;PRS;2;SG,55,55,100.0
90L_10NL_1_3,90L_10NL,1,e n a ɾ d e s ˈe ɾ,V;SBJV;PRS;2;SG,55,55,100.0
90L_10NL_1_4,90L_10NL,1,e n a ɾ d e s ˈe ɾ,V;SBJV;PRS;2;SG,55,55,100.0
90L_10NL_1_1,90L_10NL,1,e n a ɾ d e s ˈe ɾ,V;SBJV;PRS;3;PL,55,55,100.0
90L_10NL_1_2,90L_10NL,1,e n a ɾ d e s ˈe ɾ,V;SBJV;PRS;3;PL,55,55,100.0
90L_10NL_1_3,90L_10NL,1,e n a ɾ d e s ˈe ɾ,V;SBJV;PRS;3;PL,55,55,100.0
90L_10NL_1_4,90L_10NL,1,e n a ɾ d e s ˈe ɾ,V;SBJV;PRS;3;PL,55,55,100.0
90L_10NL_1_1,90L_10NL,1,e n a ɾ d e s ˈe ɾ,V;SBJV;PRS;3;SG,55,55,100.0
90L_10NL_1_2,90L_10NL,1,e n a ɾ d e s ˈe ɾ,V;SBJV;PRS;3;SG,55,55,100.0
90L_10NL_1_3,90L_10NL,1,e n a ɾ d e s ˈe ɾ,V;SBJV;PRS;3;SG,55,55,100.0
90L_10NL_1_4,90L_10NL,1,e n a ɾ d e s ˈe ɾ,V;SBJV;PRS;3;SG,55,55,100.0
90L_10NL_1_1,90L_10NL,1,e n f e b ɾ e s ˈe ɾ,V;IND;PRS;1;PL,55,55,100.0
90L_10NL_1_2,90L_10NL,1,e n f e b ɾ e s ˈe ɾ,V;IND;PRS;1;PL,55,55,100.0
90L_10NL_1_3,90L_10NL,1,e n f e b ɾ e s ˈe ɾ,V;IND;PRS;1;PL,55,55,100.0
90L_10NL_1_4,90L_10NL,1,e n f e b ɾ e s ˈe ɾ,V;IND;PRS;1;PL,55,55,100.0
90L_10NL_1_1,90L_10NL,1,e n f e b ɾ e s ˈe ɾ,V;IND;PRS;1;SG,55,55,100.0
90L_10NL_1_2,90L_10NL,1,e n f e b ɾ e s ˈe ɾ,V;IND;PRS;1;SG,55,55,100.0
90L_10NL_1_3,90L_10NL,1,e n f e b ɾ e s ˈe ɾ,V;IND;PRS;1;SG,55,55,100.0
90L_10NL_1_4,90L_10NL,1,e n f e b ɾ e s ˈe ɾ,V;IND;PRS;1;SG,55,55,100.0
90L_10NL_1_1,90L_10NL,1,e n f e b ɾ e s ˈe ɾ,V;IND;PRS;2;PL,55,55,100.0
90L_10NL_1_2,90L_10NL,1,e n f e b ɾ e s ˈe ɾ,V;IND;PRS;2;PL,55,55,100.0
90L_10NL_1_3,90L_10NL,1,e n f e b ɾ e s ˈe ɾ,V;IND;PRS;2;PL,55,55,100.0
90L_10NL_1_4,90L_10NL,1,e n f e b ɾ e s ˈe ɾ,V;IND;PRS;2;PL,55,55,100.0
90L_10NL_1_1,90L_10NL,1,e n f e b ɾ e s ˈe ɾ,V;IND;PRS;2;SG,55,55,100.0
90L_10NL_1_2,90L_10NL,1,e n f e b ɾ e s ˈe ɾ,V;IND;PRS;2;SG,55,55,100.0
90L_10NL_1_3,90L_10NL,1,e n f e b ɾ e s ˈe ɾ,V;IND;PRS;2;SG,55,55,100.0
90L_10NL_1_4,90L_10NL,1,e n f e b ɾ e s ˈe ɾ,V;IND;PRS;2;SG,55,55,100.0
90L_10NL_1_1,90L_10NL,1,e n f e b ɾ e s ˈe ɾ,V;IND;PRS;3;PL,55,55,100.0
90L_10NL_1_2,90L_10NL,1,e n f e b ɾ e s ˈe ɾ,V;IND;PRS;3;PL,55,55,100.0
90L_10NL_1_3,90L_10NL,1,e n f e b ɾ e s ˈe ɾ,V;IND;PRS;3;PL,55,55,100.0
90L_10NL_1_4,90L_10NL,1,e n f e b ɾ e s ˈe ɾ,V;IND;PRS;3;PL,55,55,100.0
90L_10NL_1_1,90L_10NL,1,e n f e b ɾ e s ˈe ɾ,V;IND;PRS;3;SG,55,55,100.0
90L_10NL_1_2,90L_10NL,1,e n f e b ɾ e s ˈe ɾ,V;IND;PRS;3;SG,55,55,100.0
90L_10NL_1_3,90L_10NL,1,e n f e b ɾ e s ˈe ɾ,V;IND;PRS;3;SG,55,55,100.0
90L_10NL_1_4,90L_10NL,1,e n f e b ɾ e s ˈe ɾ,V;IND;PRS;3;SG,55,55,100.0
90L_10NL_1_1,90L_10NL,1,e n f e b ɾ e s ˈe ɾ,V;SBJV;PRS;1;PL,55,55,100.0
90L_10NL_1_2,90L_10NL,1,e n f e b ɾ e s ˈe ɾ,V;SBJV;PRS;1;PL,55,55,100.0
90L_10NL_1_3,90L_10NL,1,e n f e b ɾ e s ˈe ɾ,V;SBJV;PRS;1;PL,55,55,100.0
90L_10NL_1_4,90L_10NL,1,e n f e b ɾ e s ˈe ɾ,V;SBJV;PRS;1;PL,55,55,100.0
90L_10NL_1_1,90L_10NL,1,e n f e b ɾ e s ˈe ɾ,V;SBJV;PRS;1;SG,55,55,100.0
90L_10NL_1_2,90L_10NL,1,e n f e b ɾ e s ˈe ɾ,V;SBJV;PRS;1;SG,55,55,100.0
90L_10NL_1_3,90L_10NL,1,e n f e b ɾ e s ˈe ɾ,V;SBJV;PRS;1;SG,55,55,100.0
90L_10NL_1_4,90L_10NL,1,e n f e b ɾ e s ˈe ɾ,V;SBJV;PRS;1;SG,55,55,100.0
90L_10NL_1_1,90L_10NL,1,e n f e b ɾ e s ˈe ɾ,V;SBJV;PRS;2;PL,55,55,100.0
90L_10NL_1_2,90L_10NL,1,e n f e b ɾ e s ˈe ɾ,V;SBJV;PRS;2;PL,55,55,100.0
90L_10NL_1_3,90L_10NL,1,e n f e b ɾ e s ˈe ɾ,V;SBJV;PRS;2;PL,55,55,100.0
90L_10NL_1_4,90L_10NL,1,e n f e b ɾ e s ˈe ɾ,V;SBJV;PRS;2;PL,55,55,100.0
90L_10NL_1_1,90L_10NL,1,e n f e b ɾ e s ˈe ɾ,V;SBJV;PRS;2;SG,55,55,100.0
90L_10NL_1_2,90L_10NL,1,e n f e b ɾ e s ˈe ɾ,V;SBJV;PRS;2;SG,55,55,100.0
90L_10NL_1_3,90L_10NL,1,e n f e b ɾ e s ˈe ɾ,V;SBJV;PRS;2;SG,55,55,100.0
90L_10NL_1_4,90L_10NL,1,e n f e b ɾ e s ˈe ɾ,V;SBJV;PRS;2;SG,55,55,100.0
90L_10NL_1_1,90L_10NL,1,e n f e b ɾ e s ˈe ɾ,V;SBJV;PRS;3;PL,55,55,100.0
90L_10NL_1_2,90L_10NL,1,e n f e b ɾ e s ˈe ɾ,V;SBJV;PRS;3;PL,55,55,100.0
90L_10NL_1_3,90L_10NL,1,e n f e b ɾ e s ˈe ɾ,V;SBJV;PRS;3;PL,55,55,100.0
90L_10NL_1_4,90L_10NL,1,e n f e b ɾ e s ˈe ɾ,V;SBJV;PRS;3;PL,55,55,100.0
90L_10NL_1_1,90L_10NL,1,e n f e b ɾ e s ˈe ɾ,V;SBJV;PRS;3;SG,55,55,100.0
90L_10NL_1_2,90L_10NL,1,e n f e b ɾ e s ˈe ɾ,V;SBJV;PRS;3;SG,55,55,100.0
90L_10NL_1_3,90L_10NL,1,e n f e b ɾ e s ˈe ɾ,V;SBJV;PRS;3;SG,55,55,100.0
90L_10NL_1_4,90L_10NL,1,e n f e b ɾ e s ˈe ɾ,V;SBJV;PRS;3;SG,55,55,100.0
90L_10NL_1_1,90L_10NL,1,e n k a ʃ e s ˈe ɾ,V;IND;PRS;1;PL,55,55,100.0
90L_10NL_1_2,90L_10NL,1,e n k a ʃ e s ˈe ɾ,V;IND;PRS;1;PL,55,55,100.0
90L_10NL_1_3,90L_10NL,1,e n k a ʃ e s ˈe ɾ,V;IND;PRS;1;PL,55,55,100.0
90L_10NL_1_4,90L_10NL,1,e n k a ʃ e s ˈe ɾ,V;IND;PRS;1;PL,55,55,100.0
90L_10NL_1_1,90L_10NL,1,e n k a ʃ e s ˈe ɾ,V;IND;PRS;1;SG,55,55,100.0
90L_10NL_1_2,90L_10NL,1,e n k a ʃ e s ˈe ɾ,V;IND;PRS;1;SG,55,55,100.0
90L_10NL_1_3,90L_10NL,1,e n k a ʃ e s ˈe ɾ,V;IND;PRS;1;SG,55,55,100.0
90L_10NL_1_4,90L_10NL,1,e n k a ʃ e s ˈe ɾ,V;IND;PRS;1;SG,55,55,100.0
90L_10NL_1_1,90L_10NL,1,e n k a ʃ e s ˈe ɾ,V;IND;PRS;2;PL,55,55,100.0
90L_10NL_1_2,90L_10NL,1,e n k a ʃ e s ˈe ɾ,V;IND;PRS;2;PL,55,55,100.0
90L_10NL_1_3,90L_10NL,1,e n k a ʃ e s ˈe ɾ,V;IND;PRS;2;PL,55,55,100.0
90L_10NL_1_4,90L_10NL,1,e n k a ʃ e s ˈe ɾ,V;IND;PRS;2;PL,55,55,100.0
90L_10NL_1_1,90L_10NL,1,e n k a ʃ e s ˈe ɾ,V;IND;PRS;2;SG,55,55,100.0
90L_10NL_1_2,90L_10NL,1,e n k a ʃ e s ˈe ɾ,V;IND;PRS;2;SG,55,55,100.0
90L_10NL_1_3,90L_10NL,1,e n k a ʃ e s ˈe ɾ,V;IND;PRS;2;SG,55,55,100.0
90L_10NL_1_4,90L_10NL,1,e n k a ʃ e s ˈe ɾ,V;IND;PRS;2;SG,55,55,100.0
90L_10NL_1_1,90L_10NL,1,e n k a ʃ e s ˈe ɾ,V;IND;PRS;3;PL,55,55,100.0
90L_10NL_1_2,90L_10NL,1,e n k a ʃ e s ˈe ɾ,V;IND;PRS;3;PL,55,55,100.0
90L_10NL_1_3,90L_10NL,1,e n k a ʃ e s ˈe ɾ,V;IND;PRS;3;PL,55,55,100.0
90L_10NL_1_4,90L_10NL,1,e n k a ʃ e s ˈe ɾ,V;IND;PRS;3;PL,55,55,100.0
90L_10NL_1_1,90L_10NL,1,e n k a ʃ e s ˈe ɾ,V;IND;PRS;3;SG,55,55,100.0
90L_10NL_1_2,90L_10NL,1,e n k a ʃ e s ˈe ɾ,V;IND;PRS;3;SG,55,55,100.0
90L_10NL_1_3,90L_10NL,1,e n k a ʃ e s ˈe ɾ,V;IND;PRS;3;SG,55,55,100.0
90L_10NL_1_4,90L_10NL,1,e n k a ʃ e s ˈe ɾ,V;IND;PRS;3;SG,55,55,100.0
90L_10NL_1_1,90L_10NL,1,e n k a ʃ e s ˈe ɾ,V;SBJV;PRS;1;PL,55,55,100.0
90L_10NL_1_2,90L_10NL,1,e n k a ʃ e s ˈe ɾ,V;SBJV;PRS;1;PL,55,55,100.0
90L_10NL_1_3,90L_10NL,1,e n k a ʃ e s ˈe ɾ,V;SBJV;PRS;1;PL,55,55,100.0
90L_10NL_1_4,90L_10NL,1,e n k a ʃ e s ˈe ɾ,V;SBJV;PRS;1;PL,55,55,100.0
90L_10NL_1_1,90L_10NL,1,e n k a ʃ e s ˈe ɾ,V;SBJV;PRS;1;SG,55,55,100.0
90L_10NL_1_2,90L_10NL,1,e n k a ʃ e s ˈe ɾ,V;SBJV;PRS;1;SG,55,55,100.0
90L_10NL_1_3,90L_10NL,1,e n k a ʃ e s ˈe ɾ,V;SBJV;PRS;1;SG,55,55,100.0
90L_10NL_1_4,90L_10NL,1,e n k a ʃ e s ˈe ɾ,V;SBJV;PRS;1;SG,55,55,100.0
90L_10NL_1_1,90L_10NL,1,e n k a ʃ e s ˈe ɾ,V;SBJV;PRS;2;PL,55,55,100.0
90L_10NL_1_2,90L_10NL,1,e n k a ʃ e s ˈe ɾ,V;SBJV;PRS;2;PL,55,55,100.0
90L_10NL_1_3,90L_10NL,1,e n k a ʃ e s ˈe ɾ,V;SBJV;PRS;2;PL,55,55,100.0
90L_10NL_1_4,90L_10NL,1,e n k a ʃ e s ˈe ɾ,V;SBJV;PRS;2;PL,55,55,100.0
90L_10NL_1_1,90L_10NL,1,e n k a ʃ e s ˈe ɾ,V;SBJV;PRS;2;SG,55,55,100.0
90L_10NL_1_2,90L_10NL,1,e n k a ʃ e s ˈe ɾ,V;SBJV;PRS;2;SG,55,55,100.0
90L_10NL_1_3,90L_10NL,1,e n k a ʃ e s ˈe ɾ,V;SBJV;PRS;2;SG,55,55,100.0
90L_10NL_1_4,90L_10NL,1,e n k a ʃ e s ˈe ɾ,V;SBJV;PRS;2;SG,55,55,100.0
90L_10NL_1_1,90L_10NL,1,e n k a ʃ e s ˈe ɾ,V;SBJV;PRS;3;PL,55,55,100.0
90L_10NL_1_2,90L_10NL,1,e n k a ʃ e s ˈe ɾ,V;SBJV;PRS;3;PL,55,55,100.0
90L_10NL_1_3,90L_10NL,1,e n k a ʃ e s ˈe ɾ,V;SBJV;PRS;3;PL,55,55,100.0
90L_10NL_1_4,90L_10NL,1,e n k a ʃ e s ˈe ɾ,V;SBJV;PRS;3;PL,55,55,100.0
90L_10NL_1_1,90L_10NL,1,e n k a ʃ e s ˈe ɾ,V;SBJV;PRS;3;SG,55,55,100.0
90L_10NL_1_2,90L_10NL,1,e n k a ʃ e s ˈe ɾ,V;SBJV;PRS;3;SG,55,55,100.0
90L_10NL_1_3,90L_10NL,1,e n k a ʃ e s ˈe ɾ,V;SBJV;PRS;3;SG,55,55,100.0
90L_10NL_1_4,90L_10NL,1,e n k a ʃ e s ˈe ɾ,V;SBJV;PRS;3;SG,55,55,100.0
90L_10NL_1_1,90L_10NL,1,e n k o ç ˈe ɾ,V;IND;PRS;1;PL,55,55,100.0
90L_10NL_1_2,90L_10NL,1,e n k o ç ˈe ɾ,V;IND;PRS;1;PL,46,55,83.64
90L_10NL_1_3,90L_10NL,1,e n k o ç ˈe ɾ,V;IND;PRS;1;PL,55,55,100.0
90L_10NL_1_4,90L_10NL,1,e n k o ç ˈe ɾ,V;IND;PRS;1;PL,55,55,100.0
90L_10NL_1_1,90L_10NL,1,e n k o ç ˈe ɾ,V;IND;PRS;1;SG,55,55,100.0
90L_10NL_1_2,90L_10NL,1,e n k o ç ˈe ɾ,V;IND;PRS;1;SG,55,55,100.0
90L_10NL_1_3,90L_10NL,1,e n k o ç ˈe ɾ,V;IND;PRS;1;SG,55,55,100.0
90L_10NL_1_4,90L_10NL,1,e n k o ç ˈe ɾ,V;IND;PRS;1;SG,55,55,100.0
90L_10NL_1_1,90L_10NL,1,e n k o ç ˈe ɾ,V;IND;PRS;2;PL,55,55,100.0
90L_10NL_1_2,90L_10NL,1,e n k o ç ˈe ɾ,V;IND;PRS;2;PL,40,55,72.73
90L_10NL_1_3,90L_10NL,1,e n k o ç ˈe ɾ,V;IND;PRS;2;PL,55,55,100.0
90L_10NL_1_4,90L_10NL,1,e n k o ç ˈe ɾ,V;IND;PRS;2;PL,55,55,100.0
90L_10NL_1_1,90L_10NL,1,e n k o ç ˈe ɾ,V;IND;PRS;2;SG,55,55,100.0
90L_10NL_1_2,90L_10NL,1,e n k o ç ˈe ɾ,V;IND;PRS;2;SG,53,55,96.36
90L_10NL_1_3,90L_10NL,1,e n k o ç ˈe ɾ,V;IND;PRS;2;SG,55,55,100.0
90L_10NL_1_4,90L_10NL,1,e n k o ç ˈe ɾ,V;IND;PRS;2;SG,55,55,100.0
90L_10NL_1_1,90L_10NL,1,e n k o ç ˈe ɾ,V;IND;PRS;3;PL,55,55,100.0
90L_10NL_1_2,90L_10NL,1,e n k o ç ˈe ɾ,V;IND;PRS;3;PL,53,55,96.36
90L_10NL_1_3,90L_10NL,1,e n k o ç ˈe ɾ,V;IND;PRS;3;PL,55,55,100.0
90L_10NL_1_4,90L_10NL,1,e n k o ç ˈe ɾ,V;IND;PRS;3;PL,55,55,100.0
90L_10NL_1_1,90L_10NL,1,e n k o ç ˈe ɾ,V;IND;PRS;3;SG,55,55,100.0
90L_10NL_1_2,90L_10NL,1,e n k o ç ˈe ɾ,V;IND;PRS;3;SG,53,55,96.36
90L_10NL_1_3,90L_10NL,1,e n k o ç ˈe ɾ,V;IND;PRS;3;SG,55,55,100.0
90L_10NL_1_4,90L_10NL,1,e n k o ç ˈe ɾ,V;IND;PRS;3;SG,55,55,100.0
90L_10NL_1_1,90L_10NL,1,e n k o ç ˈe ɾ,V;SBJV;PRS;1;PL,55,55,100.0
90L_10NL_1_2,90L_10NL,1,e n k o ç ˈe ɾ,V;SBJV;PRS;1;PL,55,55,100.0
90L_10NL_1_3,90L_10NL,1,e n k o ç ˈe ɾ,V;SBJV;PRS;1;PL,55,55,100.0
90L_10NL_1_4,90L_10NL,1,e n k o ç ˈe ɾ,V;SBJV;PRS;1;PL,55,55,100.0
90L_10NL_1_1,90L_10NL,1,e n k o ç ˈe ɾ,V;SBJV;PRS;1;SG,55,55,100.0
90L_10NL_1_2,90L_10NL,1,e n k o ç ˈe ɾ,V;SBJV;PRS;1;SG,55,55,100.0
90L_10NL_1_3,90L_10NL,1,e n k o ç ˈe ɾ,V;SBJV;PRS;1;SG,55,55,100.0
90L_10NL_1_4,90L_10NL,1,e n k o ç ˈe ɾ,V;SBJV;PRS;1;SG,55,55,100.0
90L_10NL_1_1,90L_10NL,1,e n k o ç ˈe ɾ,V;SBJV;PRS;2;PL,55,55,100.0
90L_10NL_1_2,90L_10NL,1,e n k o ç ˈe ɾ,V;SBJV;PRS;2;PL,55,55,100.0
90L_10NL_1_3,90L_10NL,1,e n k o ç ˈe ɾ,V;SBJV;PRS;2;PL,55,55,100.0
90L_10NL_1_4,90L_10NL,1,e n k o ç ˈe ɾ,V;SBJV;PRS;2;PL,55,55,100.0
90L_10NL_1_1,90L_10NL,1,e n k o ç ˈe ɾ,V;SBJV;PRS;2;SG,55,55,100.0
90L_10NL_1_2,90L_10NL,1,e n k o ç ˈe ɾ,V;SBJV;PRS;2;SG,55,55,100.0
90L_10NL_1_3,90L_10NL,1,e n k o ç ˈe ɾ,V;SBJV;PRS;2;SG,55,55,100.0
90L_10NL_1_4,90L_10NL,1,e n k o ç ˈe ɾ,V;SBJV;PRS;2;SG,55,55,100.0
90L_10NL_1_1,90L_10NL,1,e n k o ç ˈe ɾ,V;SBJV;PRS;3;PL,55,55,100.0
90L_10NL_1_2,90L_10NL,1,e n k o ç ˈe ɾ,V;SBJV;PRS;3;PL,55,55,100.0
90L_10NL_1_3,90L_10NL,1,e n k o ç ˈe ɾ,V;SBJV;PRS;3;PL,55,55,100.0
90L_10NL_1_4,90L_10NL,1,e n k o ç ˈe ɾ,V;SBJV;PRS;3;PL,55,55,100.0
90L_10NL_1_1,90L_10NL,1,e n k o ç ˈe ɾ,V;SBJV;PRS;3;SG,55,55,100.0
90L_10NL_1_2,90L_10NL,1,e n k o ç ˈe ɾ,V;SBJV;PRS;3;SG,55,55,100.0
90L_10NL_1_3,90L_10NL,1,e n k o ç ˈe ɾ,V;SBJV;PRS;3;SG,55,55,100.0
90L_10NL_1_4,90L_10NL,1,e n k o ç ˈe ɾ,V;SBJV;PRS;3;SG,55,55,100.0
90L_10NL_1_1,90L_10NL,1,e n n o b l e s ˈe ɾ,V;IND;PRS;1;PL,55,55,100.0
90L_10NL_1_2,90L_10NL,1,e n n o b l e s ˈe ɾ,V;IND;PRS;1;PL,55,55,100.0
90L_10NL_1_3,90L_10NL,1,e n n o b l e s ˈe ɾ,V;IND;PRS;1;PL,55,55,100.0
90L_10NL_1_4,90L_10NL,1,e n n o b l e s ˈe ɾ,V;IND;PRS;1;PL,55,55,100.0
90L_10NL_1_1,90L_10NL,1,e n n o b l e s ˈe ɾ,V;IND;PRS;1;SG,55,55,100.0
90L_10NL_1_2,90L_10NL,1,e n n o b l e s ˈe ɾ,V;IND;PRS;1;SG,55,55,100.0
90L_10NL_1_3,90L_10NL,1,e n n o b l e s ˈe ɾ,V;IND;PRS;1;SG,55,55,100.0
90L_10NL_1_4,90L_10NL,1,e n n o b l e s ˈe ɾ,V;IND;PRS;1;SG,55,55,100.0
90L_10NL_1_1,90L_10NL,1,e n n o b l e s ˈe ɾ,V;IND;PRS;2;PL,55,55,100.0
90L_10NL_1_2,90L_10NL,1,e n n o b l e s ˈe ɾ,V;IND;PRS;2;PL,55,55,100.0
90L_10NL_1_3,90L_10NL,1,e n n o b l e s ˈe ɾ,V;IND;PRS;2;PL,55,55,100.0
90L_10NL_1_4,90L_10NL,1,e n n o b l e s ˈe ɾ,V;IND;PRS;2;PL,55,55,100.0
90L_10NL_1_1,90L_10NL,1,e n n o b l e s ˈe ɾ,V;IND;PRS;2;SG,55,55,100.0
90L_10NL_1_2,90L_10NL,1,e n n o b l e s ˈe ɾ,V;IND;PRS;2;SG,55,55,100.0
90L_10NL_1_3,90L_10NL,1,e n n o b l e s ˈe ɾ,V;IND;PRS;2;SG,55,55,100.0
90L_10NL_1_4,90L_10NL,1,e n n o b l e s ˈe ɾ,V;IND;PRS;2;SG,55,55,100.0
90L_10NL_1_1,90L_10NL,1,e n n o b l e s ˈe ɾ,V;IND;PRS;3;PL,55,55,100.0
90L_10NL_1_2,90L_10NL,1,e n n o b l e s ˈe ɾ,V;IND;PRS;3;PL,55,55,100.0
90L_10NL_1_3,90L_10NL,1,e n n o b l e s ˈe ɾ,V;IND;PRS;3;PL,55,55,100.0
90L_10NL_1_4,90L_10NL,1,e n n o b l e s ˈe ɾ,V;IND;PRS;3;PL,55,55,100.0
90L_10NL_1_1,90L_10NL,1,e n n o b l e s ˈe ɾ,V;IND;PRS;3;SG,55,55,100.0
90L_10NL_1_2,90L_10NL,1,e n n o b l e s ˈe ɾ,V;IND;PRS;3;SG,55,55,100.0
90L_10NL_1_3,90L_10NL,1,e n n o b l e s ˈe ɾ,V;IND;PRS;3;SG,55,55,100.0
90L_10NL_1_4,90L_10NL,1,e n n o b l e s ˈe ɾ,V;IND;PRS;3;SG,55,55,100.0
90L_10NL_1_1,90L_10NL,1,e n n o b l e s ˈe ɾ,V;SBJV;PRS;1;PL,55,55,100.0
90L_10NL_1_2,90L_10NL,1,e n n o b l e s ˈe ɾ,V;SBJV;PRS;1;PL,55,55,100.0
90L_10NL_1_3,90L_10NL,1,e n n o b l e s ˈe ɾ,V;SBJV;PRS;1;PL,55,55,100.0
90L_10NL_1_4,90L_10NL,1,e n n o b l e s ˈe ɾ,V;SBJV;PRS;1;PL,55,55,100.0
90L_10NL_1_1,90L_10NL,1,e n n o b l e s ˈe ɾ,V;SBJV;PRS;1;SG,55,55,100.0
90L_10NL_1_2,90L_10NL,1,e n n o b l e s ˈe ɾ,V;SBJV;PRS;1;SG,55,55,100.0
90L_10NL_1_3,90L_10NL,1,e n n o b l e s ˈe ɾ,V;SBJV;PRS;1;SG,55,55,100.0
90L_10NL_1_4,90L_10NL,1,e n n o b l e s ˈe ɾ,V;SBJV;PRS;1;SG,55,55,100.0
90L_10NL_1_1,90L_10NL,1,e n n o b l e s ˈe ɾ,V;SBJV;PRS;2;PL,55,55,100.0
90L_10NL_1_2,90L_10NL,1,e n n o b l e s ˈe ɾ,V;SBJV;PRS;2;PL,55,55,100.0
90L_10NL_1_3,90L_10NL,1,e n n o b l e s ˈe ɾ,V;SBJV;PRS;2;PL,55,55,100.0
90L_10NL_1_4,90L_10NL,1,e n n o b l e s ˈe ɾ,V;SBJV;PRS;2;PL,55,55,100.0
90L_10NL_1_1,90L_10NL,1,e n n o b l e s ˈe ɾ,V;SBJV;PRS;2;SG,55,55,100.0
90L_10NL_1_2,90L_10NL,1,e n n o b l e s ˈe ɾ,V;SBJV;PRS;2;SG,55,55,100.0
90L_10NL_1_3,90L_10NL,1,e n n o b l e s ˈe ɾ,V;SBJV;PRS;2;SG,55,55,100.0
90L_10NL_1_4,90L_10NL,1,e n n o b l e s ˈe ɾ,V;SBJV;PRS;2;SG,55,55,100.0
90L_10NL_1_1,90L_10NL,1,e n n o b l e s ˈe ɾ,V;SBJV;PRS;3;PL,55,55,100.0
90L_10NL_1_2,90L_10NL,1,e n n o b l e s ˈe ɾ,V;SBJV;PRS;3;PL,55,55,100.0
90L_10NL_1_3,90L_10NL,1,e n n o b l e s ˈe ɾ,V;SBJV;PRS;3;PL,55,55,100.0
90L_10NL_1_4,90L_10NL,1,e n n o b l e s ˈe ɾ,V;SBJV;PRS;3;PL,55,55,100.0
90L_10NL_1_1,90L_10NL,1,e n n o b l e s ˈe ɾ,V;SBJV;PRS;3;SG,55,55,100.0
90L_10NL_1_2,90L_10NL,1,e n n o b l e s ˈe ɾ,V;SBJV;PRS;3;SG,55,55,100.0
90L_10NL_1_3,90L_10NL,1,e n n o b l e s ˈe ɾ,V;SBJV;PRS;3;SG,55,55,100.0
90L_10NL_1_4,90L_10NL,1,e n n o b l e s ˈe ɾ,V;SBJV;PRS;3;SG,55,55,100.0
90L_10NL_1_1,90L_10NL,1,e n s e ɡ e s ˈe ɾ,V;IND;PRS;1;PL,55,55,100.0
90L_10NL_1_2,90L_10NL,1,e n s e ɡ e s ˈe ɾ,V;IND;PRS;1;PL,46,55,83.64
90L_10NL_1_3,90L_10NL,1,e n s e ɡ e s ˈe ɾ,V;IND;PRS;1;PL,6,55,10.91
90L_10NL_1_4,90L_10NL,1,e n s e ɡ e s ˈe ɾ,V;IND;PRS;1;PL,55,55,100.0
90L_10NL_1_1,90L_10NL,1,e n s e ɡ e s ˈe ɾ,V;IND;PRS;1;SG,55,55,100.0
90L_10NL_1_2,90L_10NL,1,e n s e ɡ e s ˈe ɾ,V;IND;PRS;1;SG,30,55,54.55
90L_10NL_1_3,90L_10NL,1,e n s e ɡ e s ˈe ɾ,V;IND;PRS;1;SG,55,55,100.0
90L_10NL_1_4,90L_10NL,1,e n s e ɡ e s ˈe ɾ,V;IND;PRS;1;SG,55,55,100.0
90L_10NL_1_1,90L_10NL,1,e n s e ɡ e s ˈe ɾ,V;IND;PRS;2;PL,55,55,100.0
90L_10NL_1_2,90L_10NL,1,e n s e ɡ e s ˈe ɾ,V;IND;PRS;2;PL,43,55,78.18
90L_10NL_1_3,90L_10NL,1,e n s e ɡ e s ˈe ɾ,V;IND;PRS;2;PL,6,55,10.91
90L_10NL_1_4,90L_10NL,1,e n s e ɡ e s ˈe ɾ,V;IND;PRS;2;PL,55,55,100.0
90L_10NL_1_1,90L_10NL,1,e n s e ɡ e s ˈe ɾ,V;IND;PRS;2;SG,55,55,100.0
90L_10NL_1_2,90L_10NL,1,e n s e ɡ e s ˈe ɾ,V;IND;PRS;2;SG,23,55,41.82
90L_10NL_1_3,90L_10NL,1,e n s e ɡ e s ˈe ɾ,V;IND;PRS;2;SG,55,55,100.0
90L_10NL_1_4,90L_10NL,1,e n s e ɡ e s ˈe ɾ,V;IND;PRS;2;SG,55,55,100.0
90L_10NL_1_1,90L_10NL,1,e n s e ɡ e s ˈe ɾ,V;IND;PRS;3;PL,55,55,100.0
90L_10NL_1_2,90L_10NL,1,e n s e ɡ e s ˈe ɾ,V;IND;PRS;3;PL,29,55,52.73
90L_10NL_1_3,90L_10NL,1,e n s e ɡ e s ˈe ɾ,V;IND;PRS;3;PL,55,55,100.0
90L_10NL_1_4,90L_10NL,1,e n s e ɡ e s ˈe ɾ,V;IND;PRS;3;PL,55,55,100.0
90L_10NL_1_1,90L_10NL,1,e n s e ɡ e s ˈe ɾ,V;IND;PRS;3;SG,55,55,100.0
90L_10NL_1_2,90L_10NL,1,e n s e ɡ e s ˈe ɾ,V;IND;PRS;3;SG,21,55,38.18
90L_10NL_1_3,90L_10NL,1,e n s e ɡ e s ˈe ɾ,V;IND;PRS;3;SG,55,55,100.0
90L_10NL_1_4,90L_10NL,1,e n s e ɡ e s ˈe ɾ,V;IND;PRS;3;SG,55,55,100.0
90L_10NL_1_1,90L_10NL,1,e n s e ɡ e s ˈe ɾ,V;SBJV;PRS;1;PL,55,55,100.0
90L_10NL_1_2,90L_10NL,1,e n s e ɡ e s ˈe ɾ,V;SBJV;PRS;1;PL,50,55,90.91
90L_10NL_1_3,90L_10NL,1,e n s e ɡ e s ˈe ɾ,V;SBJV;PRS;1;PL,0,55,0.0
90L_10NL_1_4,90L_10NL,1,e n s e ɡ e s ˈe ɾ,V;SBJV;PRS;1;PL,55,55,100.0
90L_10NL_1_1,90L_10NL,1,e n s e ɡ e s ˈe ɾ,V;SBJV;PRS;1;SG,55,55,100.0
90L_10NL_1_2,90L_10NL,1,e n s e ɡ e s ˈe ɾ,V;SBJV;PRS;1;SG,31,55,56.36
90L_10NL_1_3,90L_10NL,1,e n s e ɡ e s ˈe ɾ,V;SBJV;PRS;1;SG,55,55,100.0
90L_10NL_1_4,90L_10NL,1,e n s e ɡ e s ˈe ɾ,V;SBJV;PRS;1;SG,55,55,100.0
90L_10NL_1_1,90L_10NL,1,e n s e ɡ e s ˈe ɾ,V;SBJV;PRS;2;PL,55,55,100.0
90L_10NL_1_2,90L_10NL,1,e n s e ɡ e s ˈe ɾ,V;SBJV;PRS;2;PL,53,55,96.36
90L_10NL_1_3,90L_10NL,1,e n s e ɡ e s ˈe ɾ,V;SBJV;PRS;2;PL,0,55,0.0
90L_10NL_1_4,90L_10NL,1,e n s e ɡ e s ˈe ɾ,V;SBJV;PRS;2;PL,52,55,94.55
90L_10NL_1_1,90L_10NL,1,e n s e ɡ e s ˈe ɾ,V;SBJV;PRS;2;SG,55,55,100.0
90L_10NL_1_2,90L_10NL,1,e n s e ɡ e s ˈe ɾ,V;SBJV;PRS;2;SG,37,55,67.27
90L_10NL_1_3,90L_10NL,1,e n s e ɡ e s ˈe ɾ,V;SBJV;PRS;2;SG,55,55,100.0
90L_10NL_1_4,90L_10NL,1,e n s e ɡ e s ˈe ɾ,V;SBJV;PRS;2;SG,55,55,100.0
90L_10NL_1_1,90L_10NL,1,e n s e ɡ e s ˈe ɾ,V;SBJV;PRS;3;PL,55,55,100.0
90L_10NL_1_2,90L_10NL,1,e n s e ɡ e s ˈe ɾ,V;SBJV;PRS;3;PL,35,55,63.64
90L_10NL_1_3,90L_10NL,1,e n s e ɡ e s ˈe ɾ,V;SBJV;PRS;3;PL,55,55,100.0
90L_10NL_1_4,90L_10NL,1,e n s e ɡ e s ˈe ɾ,V;SBJV;PRS;3;PL,55,55,100.0
90L_10NL_1_1,90L_10NL,1,e n s e ɡ e s ˈe ɾ,V;SBJV;PRS;3;SG,55,55,100.0
90L_10NL_1_2,90L_10NL,1,e n s e ɡ e s ˈe ɾ,V;SBJV;PRS;3;SG,32,55,58.18
90L_10NL_1_3,90L_10NL,1,e n s e ɡ e s ˈe ɾ,V;SBJV;PRS;3;SG,55,55,100.0
90L_10NL_1_4,90L_10NL,1,e n s e ɡ e s ˈe ɾ,V;SBJV;PRS;3;SG,55,55,100.0
90L_10NL_1_1,90L_10NL,1,e n s o m b ɾ e s ˈe ɾ,V;IND;PRS;1;PL,55,55,100.0
90L_10NL_1_2,90L_10NL,1,e n s o m b ɾ e s ˈe ɾ,V;IND;PRS;1;PL,55,55,100.0
90L_10NL_1_3,90L_10NL,1,e n s o m b ɾ e s ˈe ɾ,V;IND;PRS;1;PL,55,55,100.0
90L_10NL_1_4,90L_10NL,1,e n s o m b ɾ e s ˈe ɾ,V;IND;PRS;1;PL,55,55,100.0
90L_10NL_1_1,90L_10NL,1,e n s o m b ɾ e s ˈe ɾ,V;IND;PRS;1;SG,55,55,100.0
90L_10NL_1_2,90L_10NL,1,e n s o m b ɾ e s ˈe ɾ,V;IND;PRS;1;SG,55,55,100.0
90L_10NL_1_3,90L_10NL,1,e n s o m b ɾ e s ˈe ɾ,V;IND;PRS;1;SG,55,55,100.0
90L_10NL_1_4,90L_10NL,1,e n s o m b ɾ e s ˈe ɾ,V;IND;PRS;1;SG,55,55,100.0
90L_10NL_1_1,90L_10NL,1,e n s o m b ɾ e s ˈe ɾ,V;IND;PRS;2;PL,55,55,100.0
90L_10NL_1_2,90L_10NL,1,e n s o m b ɾ e s ˈe ɾ,V;IND;PRS;2;PL,55,55,100.0
90L_10NL_1_3,90L_10NL,1,e n s o m b ɾ e s ˈe ɾ,V;IND;PRS;2;PL,55,55,100.0
90L_10NL_1_4,90L_10NL,1,e n s o m b ɾ e s ˈe ɾ,V;IND;PRS;2;PL,55,55,100.0
90L_10NL_1_1,90L_10NL,1,e n s o m b ɾ e s ˈe ɾ,V;IND;PRS;2;SG,55,55,100.0
90L_10NL_1_2,90L_10NL,1,e n s o m b ɾ e s ˈe ɾ,V;IND;PRS;2;SG,55,55,100.0
90L_10NL_1_3,90L_10NL,1,e n s o m b ɾ e s ˈe ɾ,V;IND;PRS;2;SG,55,55,100.0
90L_10NL_1_4,90L_10NL,1,e n s o m b ɾ e s ˈe ɾ,V;IND;PRS;2;SG,55,55,100.0
90L_10NL_1_1,90L_10NL,1,e n s o m b ɾ e s ˈe ɾ,V;IND;PRS;3;PL,55,55,100.0
90L_10NL_1_2,90L_10NL,1,e n s o m b ɾ e s ˈe ɾ,V;IND;PRS;3;PL,55,55,100.0
90L_10NL_1_3,90L_10NL,1,e n s o m b ɾ e s ˈe ɾ,V;IND;PRS;3;PL,55,55,100.0
90L_10NL_1_4,90L_10NL,1,e n s o m b ɾ e s ˈe ɾ,V;IND;PRS;3;PL,55,55,100.0
90L_10NL_1_1,90L_10NL,1,e n s o m b ɾ e s ˈe ɾ,V;IND;PRS;3;SG,55,55,100.0
90L_10NL_1_2,90L_10NL,1,e n s o m b ɾ e s ˈe ɾ,V;IND;PRS;3;SG,55,55,100.0
90L_10NL_1_3,90L_10NL,1,e n s o m b ɾ e s ˈe ɾ,V;IND;PRS;3;SG,55,55,100.0
90L_10NL_1_4,90L_10NL,1,e n s o m b ɾ e s ˈe ɾ,V;IND;PRS;3;SG,55,55,100.0
90L_10NL_1_1,90L_10NL,1,e n s o m b ɾ e s ˈe ɾ,V;SBJV;PRS;1;PL,55,55,100.0
90L_10NL_1_2,90L_10NL,1,e n s o m b ɾ e s ˈe ɾ,V;SBJV;PRS;1;PL,55,55,100.0
90L_10NL_1_3,90L_10NL,1,e n s o m b ɾ e s ˈe ɾ,V;SBJV;PRS;1;PL,55,55,100.0
90L_10NL_1_4,90L_10NL,1,e n s o m b ɾ e s ˈe ɾ,V;SBJV;PRS;1;PL,55,55,100.0
90L_10NL_1_1,90L_10NL,1,e n s o m b ɾ e s ˈe ɾ,V;SBJV;PRS;1;SG,55,55,100.0
90L_10NL_1_2,90L_10NL,1,e n s o m b ɾ e s ˈe ɾ,V;SBJV;PRS;1;SG,55,55,100.0
90L_10NL_1_3,90L_10NL,1,e n s o m b ɾ e s ˈe ɾ,V;SBJV;PRS;1;SG,55,55,100.0
90L_10NL_1_4,90L_10NL,1,e n s o m b ɾ e s ˈe ɾ,V;SBJV;PRS;1;SG,55,55,100.0
90L_10NL_1_1,90L_10NL,1,e n s o m b ɾ e s ˈe ɾ,V;SBJV;PRS;2;PL,55,55,100.0
90L_10NL_1_2,90L_10NL,1,e n s o m b ɾ e s ˈe ɾ,V;SBJV;PRS;2;PL,55,55,100.0
90L_10NL_1_3,90L_10NL,1,e n s o m b ɾ e s ˈe ɾ,V;SBJV;PRS;2;PL,55,55,100.0
90L_10NL_1_4,90L_10NL,1,e n s o m b ɾ e s ˈe ɾ,V;SBJV;PRS;2;PL,55,55,100.0
90L_10NL_1_1,90L_10NL,1,e n s o m b ɾ e s ˈe ɾ,V;SBJV;PRS;2;SG,55,55,100.0
90L_10NL_1_2,90L_10NL,1,e n s o m b ɾ e s ˈe ɾ,V;SBJV;PRS;2;SG,55,55,100.0
90L_10NL_1_3,90L_10NL,1,e n s o m b ɾ e s ˈe ɾ,V;SBJV;PRS;2;SG,55,55,100.0
90L_10NL_1_4,90L_10NL,1,e n s o m b ɾ e s ˈe ɾ,V;SBJV;PRS;2;SG,55,55,100.0
90L_10NL_1_1,90L_10NL,1,e n s o m b ɾ e s ˈe ɾ,V;SBJV;PRS;3;PL,55,55,100.0
90L_10NL_1_2,90L_10NL,1,e n s o m b ɾ e s ˈe ɾ,V;SBJV;PRS;3;PL,55,55,100.0
90L_10NL_1_3,90L_10NL,1,e n s o m b ɾ e s ˈe ɾ,V;SBJV;PRS;3;PL,55,55,100.0
90L_10NL_1_4,90L_10NL,1,e n s o m b ɾ e s ˈe ɾ,V;SBJV;PRS;3;PL,55,55,100.0
90L_10NL_1_1,90L_10NL,1,e n s o m b ɾ e s ˈe ɾ,V;SBJV;PRS;3;SG,55,55,100.0
90L_10NL_1_2,90L_10NL,1,e n s o m b ɾ e s ˈe ɾ,V;SBJV;PRS;3;SG,55,55,100.0
90L_10NL_1_3,90L_10NL,1,e n s o m b ɾ e s ˈe ɾ,V;SBJV;PRS;3;SG,55,55,100.0
90L_10NL_1_4,90L_10NL,1,e n s o m b ɾ e s ˈe ɾ,V;SBJV;PRS;3;SG,55,55,100.0
90L_10NL_1_1,90L_10NL,1,e n t e ɾ n e s ˈe ɾ,V;IND;PRS;1;PL,55,55,100.0
90L_10NL_1_2,90L_10NL,1,e n t e ɾ n e s ˈe ɾ,V;IND;PRS;1;PL,55,55,100.0
90L_10NL_1_3,90L_10NL,1,e n t e ɾ n e s ˈe ɾ,V;IND;PRS;1;PL,55,55,100.0
90L_10NL_1_4,90L_10NL,1,e n t e ɾ n e s ˈe ɾ,V;IND;PRS;1;PL,55,55,100.0
90L_10NL_1_1,90L_10NL,1,e n t e ɾ n e s ˈe ɾ,V;IND;PRS;1;SG,55,55,100.0
90L_10NL_1_2,90L_10NL,1,e n t e ɾ n e s ˈe ɾ,V;IND;PRS;1;SG,55,55,100.0
90L_10NL_1_3,90L_10NL,1,e n t e ɾ n e s ˈe ɾ,V;IND;PRS;1;SG,55,55,100.0
90L_10NL_1_4,90L_10NL,1,e n t e ɾ n e s ˈe ɾ,V;IND;PRS;1;SG,55,55,100.0
90L_10NL_1_1,90L_10NL,1,e n t e ɾ n e s ˈe ɾ,V;IND;PRS;2;PL,55,55,100.0
90L_10NL_1_2,90L_10NL,1,e n t e ɾ n e s ˈe ɾ,V;IND;PRS;2;PL,55,55,100.0
90L_10NL_1_3,90L_10NL,1,e n t e ɾ n e s ˈe ɾ,V;IND;PRS;2;PL,55,55,100.0
90L_10NL_1_4,90L_10NL,1,e n t e ɾ n e s ˈe ɾ,V;IND;PRS;2;PL,55,55,100.0
90L_10NL_1_1,90L_10NL,1,e n t e ɾ n e s ˈe ɾ,V;IND;PRS;2;SG,55,55,100.0
90L_10NL_1_2,90L_10NL,1,e n t e ɾ n e s ˈe ɾ,V;IND;PRS;2;SG,55,55,100.0
90L_10NL_1_3,90L_10NL,1,e n t e ɾ n e s ˈe ɾ,V;IND;PRS;2;SG,55,55,100.0
90L_10NL_1_4,90L_10NL,1,e n t e ɾ n e s ˈe ɾ,V;IND;PRS;2;SG,55,55,100.0
90L_10NL_1_1,90L_10NL,1,e n t e ɾ n e s ˈe ɾ,V;IND;PRS;3;PL,55,55,100.0
90L_10NL_1_2,90L_10NL,1,e n t e ɾ n e s ˈe ɾ,V;IND;PRS;3;PL,55,55,100.0
90L_10NL_1_3,90L_10NL,1,e n t e ɾ n e s ˈe ɾ,V;IND;PRS;3;PL,55,55,100.0
90L_10NL_1_4,90L_10NL,1,e n t e ɾ n e s ˈe ɾ,V;IND;PRS;3;PL,55,55,100.0
90L_10NL_1_1,90L_10NL,1,e n t e ɾ n e s ˈe ɾ,V;IND;PRS;3;SG,55,55,100.0
90L_10NL_1_2,90L_10NL,1,e n t e ɾ n e s ˈe ɾ,V;IND;PRS;3;SG,55,55,100.0
90L_10NL_1_3,90L_10NL,1,e n t e ɾ n e s ˈe ɾ,V;IND;PRS;3;SG,55,55,100.0
90L_10NL_1_4,90L_10NL,1,e n t e ɾ n e s ˈe ɾ,V;IND;PRS;3;SG,55,55,100.0
90L_10NL_1_1,90L_10NL,1,e n t e ɾ n e s ˈe ɾ,V;SBJV;PRS;1;PL,55,55,100.0
90L_10NL_1_2,90L_10NL,1,e n t e ɾ n e s ˈe ɾ,V;SBJV;PRS;1;PL,55,55,100.0
90L_10NL_1_3,90L_10NL,1,e n t e ɾ n e s ˈe ɾ,V;SBJV;PRS;1;PL,55,55,100.0
90L_10NL_1_4,90L_10NL,1,e n t e ɾ n e s ˈe ɾ,V;SBJV;PRS;1;PL,55,55,100.0
90L_10NL_1_1,90L_10NL,1,e n t e ɾ n e s ˈe ɾ,V;SBJV;PRS;1;SG,55,55,100.0
90L_10NL_1_2,90L_10NL,1,e n t e ɾ n e s ˈe ɾ,V;SBJV;PRS;1;SG,55,55,100.0
90L_10NL_1_3,90L_10NL,1,e n t e ɾ n e s ˈe ɾ,V;SBJV;PRS;1;SG,55,55,100.0
90L_10NL_1_4,90L_10NL,1,e n t e ɾ n e s ˈe ɾ,V;SBJV;PRS;1;SG,55,55,100.0
90L_10NL_1_1,90L_10NL,1,e n t e ɾ n e s ˈe ɾ,V;SBJV;PRS;2;PL,55,55,100.0
90L_10NL_1_2,90L_10NL,1,e n t e ɾ n e s ˈe ɾ,V;SBJV;PRS;2;PL,55,55,100.0
90L_10NL_1_3,90L_10NL,1,e n t e ɾ n e s ˈe ɾ,V;SBJV;PRS;2;PL,55,55,100.0
90L_10NL_1_4,90L_10NL,1,e n t e ɾ n e s ˈe ɾ,V;SBJV;PRS;2;PL,55,55,100.0
90L_10NL_1_1,90L_10NL,1,e n t e ɾ n e s ˈe ɾ,V;SBJV;PRS;2;SG,55,55,100.0
90L_10NL_1_2,90L_10NL,1,e n t e ɾ n e s ˈe ɾ,V;SBJV;PRS;2;SG,55,55,100.0
90L_10NL_1_3,90L_10NL,1,e n t e ɾ n e s ˈe ɾ,V;SBJV;PRS;2;SG,55,55,100.0
90L_10NL_1_4,90L_10NL,1,e n t e ɾ n e s ˈe ɾ,V;SBJV;PRS;2;SG,55,55,100.0
90L_10NL_1_1,90L_10NL,1,e n t e ɾ n e s ˈe ɾ,V;SBJV;PRS;3;PL,55,55,100.0
90L_10NL_1_2,90L_10NL,1,e n t e ɾ n e s ˈe ɾ,V;SBJV;PRS;3;PL,55,55,100.0
90L_10NL_1_3,90L_10NL,1,e n t e ɾ n e s ˈe ɾ,V;SBJV;PRS;3;PL,55,55,100.0
90L_10NL_1_4,90L_10NL,1,e n t e ɾ n e s ˈe ɾ,V;SBJV;PRS;3;PL,55,55,100.0
90L_10NL_1_1,90L_10NL,1,e n t e ɾ n e s ˈe ɾ,V;SBJV;PRS;3;SG,55,55,100.0
90L_10NL_1_2,90L_10NL,1,e n t e ɾ n e s ˈe ɾ,V;SBJV;PRS;3;SG,55,55,100.0
90L_10NL_1_3,90L_10NL,1,e n t e ɾ n e s ˈe ɾ,V;SBJV;PRS;3;SG,55,55,100.0
90L_10NL_1_4,90L_10NL,1,e n t e ɾ n e s ˈe ɾ,V;SBJV;PRS;3;SG,55,55,100.0
90L_10NL_1_1,90L_10NL,1,e n ɡ ɾ a n d e s ˈe ɾ,V;IND;PRS;1;PL,55,55,100.0
90L_10NL_1_2,90L_10NL,1,e n ɡ ɾ a n d e s ˈe ɾ,V;IND;PRS;1;PL,55,55,100.0
90L_10NL_1_3,90L_10NL,1,e n ɡ ɾ a n d e s ˈe ɾ,V;IND;PRS;1;PL,55,55,100.0
90L_10NL_1_4,90L_10NL,1,e n ɡ ɾ a n d e s ˈe ɾ,V;IND;PRS;1;PL,55,55,100.0
90L_10NL_1_1,90L_10NL,1,e n ɡ ɾ a n d e s ˈe ɾ,V;IND;PRS;1;SG,55,55,100.0
90L_10NL_1_2,90L_10NL,1,e n ɡ ɾ a n d e s ˈe ɾ,V;IND;PRS;1;SG,55,55,100.0
90L_10NL_1_3,90L_10NL,1,e n ɡ ɾ a n d e s ˈe ɾ,V;IND;PRS;1;SG,55,55,100.0
90L_10NL_1_4,90L_10NL,1,e n ɡ ɾ a n d e s ˈe ɾ,V;IND;PRS;1;SG,55,55,100.0
90L_10NL_1_1,90L_10NL,1,e n ɡ ɾ a n d e s ˈe ɾ,V;IND;PRS;2;PL,55,55,100.0
90L_10NL_1_2,90L_10NL,1,e n ɡ ɾ a n d e s ˈe ɾ,V;IND;PRS;2;PL,55,55,100.0
90L_10NL_1_3,90L_10NL,1,e n ɡ ɾ a n d e s ˈe ɾ,V;IND;PRS;2;PL,55,55,100.0
90L_10NL_1_4,90L_10NL,1,e n ɡ ɾ a n d e s ˈe ɾ,V;IND;PRS;2;PL,55,55,100.0
90L_10NL_1_1,90L_10NL,1,e n ɡ ɾ a n d e s ˈe ɾ,V;IND;PRS;2;SG,55,55,100.0
90L_10NL_1_2,90L_10NL,1,e n ɡ ɾ a n d e s ˈe ɾ,V;IND;PRS;2;SG,55,55,100.0
90L_10NL_1_3,90L_10NL,1,e n ɡ ɾ a n d e s ˈe ɾ,V;IND;PRS;2;SG,55,55,100.0
90L_10NL_1_4,90L_10NL,1,e n ɡ ɾ a n d e s ˈe ɾ,V;IND;PRS;2;SG,55,55,100.0
90L_10NL_1_1,90L_10NL,1,e n ɡ ɾ a n d e s ˈe ɾ,V;IND;PRS;3;PL,55,55,100.0
90L_10NL_1_2,90L_10NL,1,e n ɡ ɾ a n d e s ˈe ɾ,V;IND;PRS;3;PL,55,55,100.0
90L_10NL_1_3,90L_10NL,1,e n ɡ ɾ a n d e s ˈe ɾ,V;IND;PRS;3;PL,55,55,100.0
90L_10NL_1_4,90L_10NL,1,e n ɡ ɾ a n d e s ˈe ɾ,V;IND;PRS;3;PL,55,55,100.0
90L_10NL_1_1,90L_10NL,1,e n ɡ ɾ a n d e s ˈe ɾ,V;IND;PRS;3;SG,55,55,100.0
90L_10NL_1_2,90L_10NL,1,e n ɡ ɾ a n d e s ˈe ɾ,V;IND;PRS;3;SG,55,55,100.0
90L_10NL_1_3,90L_10NL,1,e n ɡ ɾ a n d e s ˈe ɾ,V;IND;PRS;3;SG,55,55,100.0
90L_10NL_1_4,90L_10NL,1,e n ɡ ɾ a n d e s ˈe ɾ,V;IND;PRS;3;SG,55,55,100.0
90L_10NL_1_1,90L_10NL,1,e n ɡ ɾ a n d e s ˈe ɾ,V;SBJV;PRS;1;PL,55,55,100.0
90L_10NL_1_2,90L_10NL,1,e n ɡ ɾ a n d e s ˈe ɾ,V;SBJV;PRS;1;PL,55,55,100.0
90L_10NL_1_3,90L_10NL,1,e n ɡ ɾ a n d e s ˈe ɾ,V;SBJV;PRS;1;PL,55,55,100.0
90L_10NL_1_4,90L_10NL,1,e n ɡ ɾ a n d e s ˈe ɾ,V;SBJV;PRS;1;PL,55,55,100.0
90L_10NL_1_1,90L_10NL,1,e n ɡ ɾ a n d e s ˈe ɾ,V;SBJV;PRS;1;SG,55,55,100.0
90L_10NL_1_2,90L_10NL,1,e n ɡ ɾ a n d e s ˈe ɾ,V;SBJV;PRS;1;SG,55,55,100.0
90L_10NL_1_3,90L_10NL,1,e n ɡ ɾ a n d e s ˈe ɾ,V;SBJV;PRS;1;SG,55,55,100.0
90L_10NL_1_4,90L_10NL,1,e n ɡ ɾ a n d e s ˈe ɾ,V;SBJV;PRS;1;SG,55,55,100.0
90L_10NL_1_1,90L_10NL,1,e n ɡ ɾ a n d e s ˈe ɾ,V;SBJV;PRS;2;PL,55,55,100.0
90L_10NL_1_2,90L_10NL,1,e n ɡ ɾ a n d e s ˈe ɾ,V;SBJV;PRS;2;PL,55,55,100.0
90L_10NL_1_3,90L_10NL,1,e n ɡ ɾ a n d e s ˈe ɾ,V;SBJV;PRS;2;PL,55,55,100.0
90L_10NL_1_4,90L_10NL,1,e n ɡ ɾ a n d e s ˈe ɾ,V;SBJV;PRS;2;PL,55,55,100.0
90L_10NL_1_1,90L_10NL,1,e n ɡ ɾ a n d e s ˈe ɾ,V;SBJV;PRS;2;SG,55,55,100.0
90L_10NL_1_2,90L_10NL,1,e n ɡ ɾ a n d e s ˈe ɾ,V;SBJV;PRS;2;SG,55,55,100.0
90L_10NL_1_3,90L_10NL,1,e n ɡ ɾ a n d e s ˈe ɾ,V;SBJV;PRS;2;SG,55,55,100.0
90L_10NL_1_4,90L_10NL,1,e n ɡ ɾ a n d e s ˈe ɾ,V;SBJV;PRS;2;SG,55,55,100.0
90L_10NL_1_1,90L_10NL,1,e n ɡ ɾ a n d e s ˈe ɾ,V;SBJV;PRS;3;PL,55,55,100.0
90L_10NL_1_2,90L_10NL,1,e n ɡ ɾ a n d e s ˈe ɾ,V;SBJV;PRS;3;PL,55,55,100.0
90L_10NL_1_3,90L_10NL,1,e n ɡ ɾ a n d e s ˈe ɾ,V;SBJV;PRS;3;PL,55,55,100.0
90L_10NL_1_4,90L_10NL,1,e n ɡ ɾ a n d e s ˈe ɾ,V;SBJV;PRS;3;PL,55,55,100.0
90L_10NL_1_1,90L_10NL,1,e n ɡ ɾ a n d e s ˈe ɾ,V;SBJV;PRS;3;SG,55,55,100.0
90L_10NL_1_2,90L_10NL,1,e n ɡ ɾ a n d e s ˈe ɾ,V;SBJV;PRS;3;SG,55,55,100.0
90L_10NL_1_3,90L_10NL,1,e n ɡ ɾ a n d e s ˈe ɾ,V;SBJV;PRS;3;SG,55,55,100.0
90L_10NL_1_4,90L_10NL,1,e n ɡ ɾ a n d e s ˈe ɾ,V;SBJV;PRS;3;SG,55,55,100.0
90L_10NL_1_1,90L_10NL,1,e s k l a ɾ e s ˈe ɾ,V;IND;PRS;1;PL,55,55,100.0
90L_10NL_1_2,90L_10NL,1,e s k l a ɾ e s ˈe ɾ,V;IND;PRS;1;PL,55,55,100.0
90L_10NL_1_3,90L_10NL,1,e s k l a ɾ e s ˈe ɾ,V;IND;PRS;1;PL,55,55,100.0
90L_10NL_1_4,90L_10NL,1,e s k l a ɾ e s ˈe ɾ,V;IND;PRS;1;PL,55,55,100.0
90L_10NL_1_1,90L_10NL,1,e s k l a ɾ e s ˈe ɾ,V;IND;PRS;1;SG,55,55,100.0
90L_10NL_1_2,90L_10NL,1,e s k l a ɾ e s ˈe ɾ,V;IND;PRS;1;SG,55,55,100.0
90L_10NL_1_3,90L_10NL,1,e s k l a ɾ e s ˈe ɾ,V;IND;PRS;1;SG,55,55,100.0
90L_10NL_1_4,90L_10NL,1,e s k l a ɾ e s ˈe ɾ,V;IND;PRS;1;SG,55,55,100.0
90L_10NL_1_1,90L_10NL,1,e s k l a ɾ e s ˈe ɾ,V;IND;PRS;2;PL,55,55,100.0
90L_10NL_1_2,90L_10NL,1,e s k l a ɾ e s ˈe ɾ,V;IND;PRS;2;PL,55,55,100.0
90L_10NL_1_3,90L_10NL,1,e s k l a ɾ e s ˈe ɾ,V;IND;PRS;2;PL,55,55,100.0
90L_10NL_1_4,90L_10NL,1,e s k l a ɾ e s ˈe ɾ,V;IND;PRS;2;PL,55,55,100.0
90L_10NL_1_1,90L_10NL,1,e s k l a ɾ e s ˈe ɾ,V;IND;PRS;2;SG,55,55,100.0
90L_10NL_1_2,90L_10NL,1,e s k l a ɾ e s ˈe ɾ,V;IND;PRS;2;SG,55,55,100.0
90L_10NL_1_3,90L_10NL,1,e s k l a ɾ e s ˈe ɾ,V;IND;PRS;2;SG,55,55,100.0
90L_10NL_1_4,90L_10NL,1,e s k l a ɾ e s ˈe ɾ,V;IND;PRS;2;SG,55,55,100.0
90L_10NL_1_1,90L_10NL,1,e s k l a ɾ e s ˈe ɾ,V;IND;PRS;3;PL,55,55,100.0
90L_10NL_1_2,90L_10NL,1,e s k l a ɾ e s ˈe ɾ,V;IND;PRS;3;PL,55,55,100.0
90L_10NL_1_3,90L_10NL,1,e s k l a ɾ e s ˈe ɾ,V;IND;PRS;3;PL,55,55,100.0
90L_10NL_1_4,90L_10NL,1,e s k l a ɾ e s ˈe ɾ,V;IND;PRS;3;PL,55,55,100.0
90L_10NL_1_1,90L_10NL,1,e s k l a ɾ e s ˈe ɾ,V;IND;PRS;3;SG,55,55,100.0
90L_10NL_1_2,90L_10NL,1,e s k l a ɾ e s ˈe ɾ,V;IND;PRS;3;SG,55,55,100.0
90L_10NL_1_3,90L_10NL,1,e s k l a ɾ e s ˈe ɾ,V;IND;PRS;3;SG,55,55,100.0
90L_10NL_1_4,90L_10NL,1,e s k l a ɾ e s ˈe ɾ,V;IND;PRS;3;SG,55,55,100.0
90L_10NL_1_1,90L_10NL,1,e s k l a ɾ e s ˈe ɾ,V;SBJV;PRS;1;PL,55,55,100.0
90L_10NL_1_2,90L_10NL,1,e s k l a ɾ e s ˈe ɾ,V;SBJV;PRS;1;PL,55,55,100.0
90L_10NL_1_3,90L_10NL,1,e s k l a ɾ e s ˈe ɾ,V;SBJV;PRS;1;PL,55,55,100.0
90L_10NL_1_4,90L_10NL,1,e s k l a ɾ e s ˈe ɾ,V;SBJV;PRS;1;PL,55,55,100.0
90L_10NL_1_1,90L_10NL,1,e s k l a ɾ e s ˈe ɾ,V;SBJV;PRS;1;SG,55,55,100.0
90L_10NL_1_2,90L_10NL,1,e s k l a ɾ e s ˈe ɾ,V;SBJV;PRS;1;SG,55,55,100.0
90L_10NL_1_3,90L_10NL,1,e s k l a ɾ e s ˈe ɾ,V;SBJV;PRS;1;SG,55,55,100.0
90L_10NL_1_4,90L_10NL,1,e s k l a ɾ e s ˈe ɾ,V;SBJV;PRS;1;SG,55,55,100.0
90L_10NL_1_1,90L_10NL,1,e s k l a ɾ e s ˈe ɾ,V;SBJV;PRS;2;PL,55,55,100.0
90L_10NL_1_2,90L_10NL,1,e s k l a ɾ e s ˈe ɾ,V;SBJV;PRS;2;PL,55,55,100.0
90L_10NL_1_3,90L_10NL,1,e s k l a ɾ e s ˈe ɾ,V;SBJV;PRS;2;PL,55,55,100.0
90L_10NL_1_4,90L_10NL,1,e s k l a ɾ e s ˈe ɾ,V;SBJV;PRS;2;PL,55,55,100.0
90L_10NL_1_1,90L_10NL,1,e s k l a ɾ e s ˈe ɾ,V;SBJV;PRS;2;SG,55,55,100.0
90L_10NL_1_2,90L_10NL,1,e s k l a ɾ e s ˈe ɾ,V;SBJV;PRS;2;SG,55,55,100.0
90L_10NL_1_3,90L_10NL,1,e s k l a ɾ e s ˈe ɾ,V;SBJV;PRS;2;SG,55,55,100.0
90L_10NL_1_4,90L_10NL,1,e s k l a ɾ e s ˈe ɾ,V;SBJV;PRS;2;SG,55,55,100.0
90L_10NL_1_1,90L_10NL,1,e s k l a ɾ e s ˈe ɾ,V;SBJV;PRS;3;PL,55,55,100.0
90L_10NL_1_2,90L_10NL,1,e s k l a ɾ e s ˈe ɾ,V;SBJV;PRS;3;PL,55,55,100.0
90L_10NL_1_3,90L_10NL,1,e s k l a ɾ e s ˈe ɾ,V;SBJV;PRS;3;PL,55,55,100.0
90L_10NL_1_4,90L_10NL,1,e s k l a ɾ e s ˈe ɾ,V;SBJV;PRS;3;PL,55,55,100.0
90L_10NL_1_1,90L_10NL,1,e s k l a ɾ e s ˈe ɾ,V;SBJV;PRS;3;SG,55,55,100.0
90L_10NL_1_2,90L_10NL,1,e s k l a ɾ e s ˈe ɾ,V;SBJV;PRS;3;SG,55,55,100.0
90L_10NL_1_3,90L_10NL,1,e s k l a ɾ e s ˈe ɾ,V;SBJV;PRS;3;SG,55,55,100.0
90L_10NL_1_4,90L_10NL,1,e s k l a ɾ e s ˈe ɾ,V;SBJV;PRS;3;SG,55,55,100.0
90L_10NL_1_1,90L_10NL,1,e x e ɾ s ˈe ɾ,V;IND;PRS;1;PL,55,55,100.0
90L_10NL_1_2,90L_10NL,1,e x e ɾ s ˈe ɾ,V;IND;PRS;1;PL,45,55,81.82
90L_10NL_1_3,90L_10NL,1,e x e ɾ s ˈe ɾ,V;IND;PRS;1;PL,55,55,100.0
90L_10NL_1_4,90L_10NL,1,e x e ɾ s ˈe ɾ,V;IND;PRS;1;PL,55,55,100.0
90L_10NL_1_1,90L_10NL,1,e x e ɾ s ˈe ɾ,V;IND;PRS;1;SG,55,55,100.0
90L_10NL_1_2,90L_10NL,1,e x e ɾ s ˈe ɾ,V;IND;PRS;1;SG,38,55,69.09
90L_10NL_1_3,90L_10NL,1,e x e ɾ s ˈe ɾ,V;IND;PRS;1;SG,55,55,100.0
90L_10NL_1_4,90L_10NL,1,e x e ɾ s ˈe ɾ,V;IND;PRS;1;SG,55,55,100.0
90L_10NL_1_1,90L_10NL,1,e x e ɾ s ˈe ɾ,V;IND;PRS;2;PL,53,55,96.36
90L_10NL_1_2,90L_10NL,1,e x e ɾ s ˈe ɾ,V;IND;PRS;2;PL,43,55,78.18
90L_10NL_1_3,90L_10NL,1,e x e ɾ s ˈe ɾ,V;IND;PRS;2;PL,55,55,100.0
90L_10NL_1_4,90L_10NL,1,e x e ɾ s ˈe ɾ,V;IND;PRS;2;PL,55,55,100.0
90L_10NL_1_1,90L_10NL,1,e x e ɾ s ˈe ɾ,V;IND;PRS;2;SG,55,55,100.0
90L_10NL_1_2,90L_10NL,1,e x e ɾ s ˈe ɾ,V;IND;PRS;2;SG,37,55,67.27
90L_10NL_1_3,90L_10NL,1,e x e ɾ s ˈe ɾ,V;IND;PRS;2;SG,55,55,100.0
90L_10NL_1_4,90L_10NL,1,e x e ɾ s ˈe ɾ,V;IND;PRS;2;SG,55,55,100.0
90L_10NL_1_1,90L_10NL,1,e x e ɾ s ˈe ɾ,V;IND;PRS;3;PL,55,55,100.0
90L_10NL_1_2,90L_10NL,1,e x e ɾ s ˈe ɾ,V;IND;PRS;3;PL,30,55,54.55
90L_10NL_1_3,90L_10NL,1,e x e ɾ s ˈe ɾ,V;IND;PRS;3;PL,55,55,100.0
90L_10NL_1_4,90L_10NL,1,e x e ɾ s ˈe ɾ,V;IND;PRS;3;PL,55,55,100.0
90L_10NL_1_1,90L_10NL,1,e x e ɾ s ˈe ɾ,V;IND;PRS;3;SG,55,55,100.0
90L_10NL_1_2,90L_10NL,1,e x e ɾ s ˈe ɾ,V;IND;PRS;3;SG,39,55,70.91
90L_10NL_1_3,90L_10NL,1,e x e ɾ s ˈe ɾ,V;IND;PRS;3;SG,55,55,100.0
90L_10NL_1_4,90L_10NL,1,e x e ɾ s ˈe ɾ,V;IND;PRS;3;SG,55,55,100.0
90L_10NL_1_1,90L_10NL,1,e x e ɾ s ˈe ɾ,V;SBJV;PRS;1;PL,52,55,94.55
90L_10NL_1_2,90L_10NL,1,e x e ɾ s ˈe ɾ,V;SBJV;PRS;1;PL,53,55,96.36
90L_10NL_1_3,90L_10NL,1,e x e ɾ s ˈe ɾ,V;SBJV;PRS;1;PL,41,55,74.55
90L_10NL_1_4,90L_10NL,1,e x e ɾ s ˈe ɾ,V;SBJV;PRS;1;PL,55,55,100.0
90L_10NL_1_1,90L_10NL,1,e x e ɾ s ˈe ɾ,V;SBJV;PRS;1;SG,55,55,100.0
90L_10NL_1_2,90L_10NL,1,e x e ɾ s ˈe ɾ,V;SBJV;PRS;1;SG,37,55,67.27
90L_10NL_1_3,90L_10NL,1,e x e ɾ s ˈe ɾ,V;SBJV;PRS;1;SG,55,55,100.0
90L_10NL_1_4,90L_10NL,1,e x e ɾ s ˈe ɾ,V;SBJV;PRS;1;SG,55,55,100.0
90L_10NL_1_1,90L_10NL,1,e x e ɾ s ˈe ɾ,V;SBJV;PRS;2;PL,50,55,90.91
90L_10NL_1_2,90L_10NL,1,e x e ɾ s ˈe ɾ,V;SBJV;PRS;2;PL,53,55,96.36
90L_10NL_1_3,90L_10NL,1,e x e ɾ s ˈe ɾ,V;SBJV;PRS;2;PL,37,55,67.27
90L_10NL_1_4,90L_10NL,1,e x e ɾ s ˈe ɾ,V;SBJV;PRS;2;PL,55,55,100.0
90L_10NL_1_1,90L_10NL,1,e x e ɾ s ˈe ɾ,V;SBJV;PRS;2;SG,55,55,100.0
90L_10NL_1_2,90L_10NL,1,e x e ɾ s ˈe ɾ,V;SBJV;PRS;2;SG,36,55,65.45
90L_10NL_1_3,90L_10NL,1,e x e ɾ s ˈe ɾ,V;SBJV;PRS;2;SG,55,55,100.0
90L_10NL_1_4,90L_10NL,1,e x e ɾ s ˈe ɾ,V;SBJV;PRS;2;SG,55,55,100.0
90L_10NL_1_1,90L_10NL,1,e x e ɾ s ˈe ɾ,V;SBJV;PRS;3;PL,55,55,100.0
90L_10NL_1_2,90L_10NL,1,e x e ɾ s ˈe ɾ,V;SBJV;PRS;3;PL,37,55,67.27
90L_10NL_1_3,90L_10NL,1,e x e ɾ s ˈe ɾ,V;SBJV;PRS;3;PL,55,55,100.0
90L_10NL_1_4,90L_10NL,1,e x e ɾ s ˈe ɾ,V;SBJV;PRS;3;PL,55,55,100.0
90L_10NL_1_1,90L_10NL,1,e x e ɾ s ˈe ɾ,V;SBJV;PRS;3;SG,55,55,100.0
90L_10NL_1_2,90L_10NL,1,e x e ɾ s ˈe ɾ,V;SBJV;PRS;3;SG,37,55,67.27
90L_10NL_1_3,90L_10NL,1,e x e ɾ s ˈe ɾ,V;SBJV;PRS;3;SG,55,55,100.0
90L_10NL_1_4,90L_10NL,1,e x e ɾ s ˈe ɾ,V;SBJV;PRS;3;SG,55,55,100.0
90L_10NL_1_1,90L_10NL,1,f l o ɾ e s ˈe ɾ,V;IND;PRS;1;PL,55,55,100.0
90L_10NL_1_2,90L_10NL,1,f l o ɾ e s ˈe ɾ,V;IND;PRS;1;PL,55,55,100.0
90L_10NL_1_3,90L_10NL,1,f l o ɾ e s ˈe ɾ,V;IND;PRS;1;PL,55,55,100.0
90L_10NL_1_4,90L_10NL,1,f l o ɾ e s ˈe ɾ,V;IND;PRS;1;PL,55,55,100.0
90L_10NL_1_1,90L_10NL,1,f l o ɾ e s ˈe ɾ,V;IND;PRS;1;SG,55,55,100.0
90L_10NL_1_2,90L_10NL,1,f l o ɾ e s ˈe ɾ,V;IND;PRS;1;SG,55,55,100.0
90L_10NL_1_3,90L_10NL,1,f l o ɾ e s ˈe ɾ,V;IND;PRS;1;SG,55,55,100.0
90L_10NL_1_4,90L_10NL,1,f l o ɾ e s ˈe ɾ,V;IND;PRS;1;SG,54,55,98.18
90L_10NL_1_1,90L_10NL,1,f l o ɾ e s ˈe ɾ,V;IND;PRS;2;PL,55,55,100.0
90L_10NL_1_2,90L_10NL,1,f l o ɾ e s ˈe ɾ,V;IND;PRS;2;PL,55,55,100.0
90L_10NL_1_3,90L_10NL,1,f l o ɾ e s ˈe ɾ,V;IND;PRS;2;PL,55,55,100.0
90L_10NL_1_4,90L_10NL,1,f l o ɾ e s ˈe ɾ,V;IND;PRS;2;PL,55,55,100.0
90L_10NL_1_1,90L_10NL,1,f l o ɾ e s ˈe ɾ,V;IND;PRS;2;SG,55,55,100.0
90L_10NL_1_2,90L_10NL,1,f l o ɾ e s ˈe ɾ,V;IND;PRS;2;SG,55,55,100.0
90L_10NL_1_3,90L_10NL,1,f l o ɾ e s ˈe ɾ,V;IND;PRS;2;SG,55,55,100.0
90L_10NL_1_4,90L_10NL,1,f l o ɾ e s ˈe ɾ,V;IND;PRS;2;SG,55,55,100.0
90L_10NL_1_1,90L_10NL,1,f l o ɾ e s ˈe ɾ,V;IND;PRS;3;PL,55,55,100.0
90L_10NL_1_2,90L_10NL,1,f l o ɾ e s ˈe ɾ,V;IND;PRS;3;PL,55,55,100.0
90L_10NL_1_3,90L_10NL,1,f l o ɾ e s ˈe ɾ,V;IND;PRS;3;PL,55,55,100.0
90L_10NL_1_4,90L_10NL,1,f l o ɾ e s ˈe ɾ,V;IND;PRS;3;PL,55,55,100.0
90L_10NL_1_1,90L_10NL,1,f l o ɾ e s ˈe ɾ,V;IND;PRS;3;SG,55,55,100.0
90L_10NL_1_2,90L_10NL,1,f l o ɾ e s ˈe ɾ,V;IND;PRS;3;SG,55,55,100.0
90L_10NL_1_3,90L_10NL,1,f l o ɾ e s ˈe ɾ,V;IND;PRS;3;SG,55,55,100.0
90L_10NL_1_4,90L_10NL,1,f l o ɾ e s ˈe ɾ,V;IND;PRS;3;SG,55,55,100.0
90L_10NL_1_1,90L_10NL,1,f l o ɾ e s ˈe ɾ,V;SBJV;PRS;1;PL,55,55,100.0
90L_10NL_1_2,90L_10NL,1,f l o ɾ e s ˈe ɾ,V;SBJV;PRS;1;PL,55,55,100.0
90L_10NL_1_3,90L_10NL,1,f l o ɾ e s ˈe ɾ,V;SBJV;PRS;1;PL,55,55,100.0
90L_10NL_1_4,90L_10NL,1,f l o ɾ e s ˈe ɾ,V;SBJV;PRS;1;PL,55,55,100.0
90L_10NL_1_1,90L_10NL,1,f l o ɾ e s ˈe ɾ,V;SBJV;PRS;1;SG,55,55,100.0
90L_10NL_1_2,90L_10NL,1,f l o ɾ e s ˈe ɾ,V;SBJV;PRS;1;SG,55,55,100.0
90L_10NL_1_3,90L_10NL,1,f l o ɾ e s ˈe ɾ,V;SBJV;PRS;1;SG,55,55,100.0
90L_10NL_1_4,90L_10NL,1,f l o ɾ e s ˈe ɾ,V;SBJV;PRS;1;SG,54,55,98.18
90L_10NL_1_1,90L_10NL,1,f l o ɾ e s ˈe ɾ,V;SBJV;PRS;2;PL,55,55,100.0
90L_10NL_1_2,90L_10NL,1,f l o ɾ e s ˈe ɾ,V;SBJV;PRS;2;PL,55,55,100.0
90L_10NL_1_3,90L_10NL,1,f l o ɾ e s ˈe ɾ,V;SBJV;PRS;2;PL,55,55,100.0
90L_10NL_1_4,90L_10NL,1,f l o ɾ e s ˈe ɾ,V;SBJV;PRS;2;PL,55,55,100.0
90L_10NL_1_1,90L_10NL,1,f l o ɾ e s ˈe ɾ,V;SBJV;PRS;2;SG,55,55,100.0
90L_10NL_1_2,90L_10NL,1,f l o ɾ e s ˈe ɾ,V;SBJV;PRS;2;SG,55,55,100.0
90L_10NL_1_3,90L_10NL,1,f l o ɾ e s ˈe ɾ,V;SBJV;PRS;2;SG,55,55,100.0
90L_10NL_1_4,90L_10NL,1,f l o ɾ e s ˈe ɾ,V;SBJV;PRS;2;SG,55,55,100.0
90L_10NL_1_1,90L_10NL,1,f l o ɾ e s ˈe ɾ,V;SBJV;PRS;3;PL,55,55,100.0
90L_10NL_1_2,90L_10NL,1,f l o ɾ e s ˈe ɾ,V;SBJV;PRS;3;PL,55,55,100.0
90L_10NL_1_3,90L_10NL,1,f l o ɾ e s ˈe ɾ,V;SBJV;PRS;3;PL,55,55,100.0
90L_10NL_1_4,90L_10NL,1,f l o ɾ e s ˈe ɾ,V;SBJV;PRS;3;PL,54,55,98.18
90L_10NL_1_1,90L_10NL,1,f l o ɾ e s ˈe ɾ,V;SBJV;PRS;3;SG,55,55,100.0
90L_10NL_1_2,90L_10NL,1,f l o ɾ e s ˈe ɾ,V;SBJV;PRS;3;SG,55,55,100.0
90L_10NL_1_3,90L_10NL,1,f l o ɾ e s ˈe ɾ,V;SBJV;PRS;3;SG,55,55,100.0
90L_10NL_1_4,90L_10NL,1,f l o ɾ e s ˈe ɾ,V;SBJV;PRS;3;SG,54,55,98.18
90L_10NL_1_1,90L_10NL,1,f o ɾ t a l e s ˈe ɾ,V;IND;PRS;1;PL,55,55,100.0
90L_10NL_1_2,90L_10NL,1,f o ɾ t a l e s ˈe ɾ,V;IND;PRS;1;PL,55,55,100.0
90L_10NL_1_3,90L_10NL,1,f o ɾ t a l e s ˈe ɾ,V;IND;PRS;1;PL,55,55,100.0
90L_10NL_1_4,90L_10NL,1,f o ɾ t a l e s ˈe ɾ,V;IND;PRS;1;PL,55,55,100.0
90L_10NL_1_1,90L_10NL,1,f o ɾ t a l e s ˈe ɾ,V;IND;PRS;1;SG,55,55,100.0
90L_10NL_1_2,90L_10NL,1,f o ɾ t a l e s ˈe ɾ,V;IND;PRS;1;SG,55,55,100.0
90L_10NL_1_3,90L_10NL,1,f o ɾ t a l e s ˈe ɾ,V;IND;PRS;1;SG,55,55,100.0
90L_10NL_1_4,90L_10NL,1,f o ɾ t a l e s ˈe ɾ,V;IND;PRS;1;SG,55,55,100.0
90L_10NL_1_1,90L_10NL,1,f o ɾ t a l e s ˈe ɾ,V;IND;PRS;2;PL,55,55,100.0
90L_10NL_1_2,90L_10NL,1,f o ɾ t a l e s ˈe ɾ,V;IND;PRS;2;PL,55,55,100.0
90L_10NL_1_3,90L_10NL,1,f o ɾ t a l e s ˈe ɾ,V;IND;PRS;2;PL,55,55,100.0
90L_10NL_1_4,90L_10NL,1,f o ɾ t a l e s ˈe ɾ,V;IND;PRS;2;PL,55,55,100.0
90L_10NL_1_1,90L_10NL,1,f o ɾ t a l e s ˈe ɾ,V;IND;PRS;2;SG,55,55,100.0
90L_10NL_1_2,90L_10NL,1,f o ɾ t a l e s ˈe ɾ,V;IND;PRS;2;SG,55,55,100.0
90L_10NL_1_3,90L_10NL,1,f o ɾ t a l e s ˈe ɾ,V;IND;PRS;2;SG,55,55,100.0
90L_10NL_1_4,90L_10NL,1,f o ɾ t a l e s ˈe ɾ,V;IND;PRS;2;SG,55,55,100.0
90L_10NL_1_1,90L_10NL,1,f o ɾ t a l e s ˈe ɾ,V;IND;PRS;3;PL,55,55,100.0
90L_10NL_1_2,90L_10NL,1,f o ɾ t a l e s ˈe ɾ,V;IND;PRS;3;PL,55,55,100.0
90L_10NL_1_3,90L_10NL,1,f o ɾ t a l e s ˈe ɾ,V;IND;PRS;3;PL,55,55,100.0
90L_10NL_1_4,90L_10NL,1,f o ɾ t a l e s ˈe ɾ,V;IND;PRS;3;PL,55,55,100.0
90L_10NL_1_1,90L_10NL,1,f o ɾ t a l e s ˈe ɾ,V;IND;PRS;3;SG,55,55,100.0
90L_10NL_1_2,90L_10NL,1,f o ɾ t a l e s ˈe ɾ,V;IND;PRS;3;SG,55,55,100.0
90L_10NL_1_3,90L_10NL,1,f o ɾ t a l e s ˈe ɾ,V;IND;PRS;3;SG,55,55,100.0
90L_10NL_1_4,90L_10NL,1,f o ɾ t a l e s ˈe ɾ,V;IND;PRS;3;SG,55,55,100.0
90L_10NL_1_1,90L_10NL,1,f o ɾ t a l e s ˈe ɾ,V;SBJV;PRS;1;PL,55,55,100.0
90L_10NL_1_2,90L_10NL,1,f o ɾ t a l e s ˈe ɾ,V;SBJV;PRS;1;PL,55,55,100.0
90L_10NL_1_3,90L_10NL,1,f o ɾ t a l e s ˈe ɾ,V;SBJV;PRS;1;PL,55,55,100.0
90L_10NL_1_4,90L_10NL,1,f o ɾ t a l e s ˈe ɾ,V;SBJV;PRS;1;PL,55,55,100.0
90L_10NL_1_1,90L_10NL,1,f o ɾ t a l e s ˈe ɾ,V;SBJV;PRS;1;SG,55,55,100.0
90L_10NL_1_2,90L_10NL,1,f o ɾ t a l e s ˈe ɾ,V;SBJV;PRS;1;SG,55,55,100.0
90L_10NL_1_3,90L_10NL,1,f o ɾ t a l e s ˈe ɾ,V;SBJV;PRS;1;SG,55,55,100.0
90L_10NL_1_4,90L_10NL,1,f o ɾ t a l e s ˈe ɾ,V;SBJV;PRS;1;SG,55,55,100.0
90L_10NL_1_1,90L_10NL,1,f o ɾ t a l e s ˈe ɾ,V;SBJV;PRS;2;PL,55,55,100.0
90L_10NL_1_2,90L_10NL,1,f o ɾ t a l e s ˈe ɾ,V;SBJV;PRS;2;PL,55,55,100.0
90L_10NL_1_3,90L_10NL,1,f o ɾ t a l e s ˈe ɾ,V;SBJV;PRS;2;PL,55,55,100.0
90L_10NL_1_4,90L_10NL,1,f o ɾ t a l e s ˈe ɾ,V;SBJV;PRS;2;PL,55,55,100.0
90L_10NL_1_1,90L_10NL,1,f o ɾ t a l e s ˈe ɾ,V;SBJV;PRS;2;SG,55,55,100.0
90L_10NL_1_2,90L_10NL,1,f o ɾ t a l e s ˈe ɾ,V;SBJV;PRS;2;SG,55,55,100.0
90L_10NL_1_3,90L_10NL,1,f o ɾ t a l e s ˈe ɾ,V;SBJV;PRS;2;SG,55,55,100.0
90L_10NL_1_4,90L_10NL,1,f o ɾ t a l e s ˈe ɾ,V;SBJV;PRS;2;SG,55,55,100.0
90L_10NL_1_1,90L_10NL,1,f o ɾ t a l e s ˈe ɾ,V;SBJV;PRS;3;PL,55,55,100.0
90L_10NL_1_2,90L_10NL,1,f o ɾ t a l e s ˈe ɾ,V;SBJV;PRS;3;PL,55,55,100.0
90L_10NL_1_3,90L_10NL,1,f o ɾ t a l e s ˈe ɾ,V;SBJV;PRS;3;PL,55,55,100.0
90L_10NL_1_4,90L_10NL,1,f o ɾ t a l e s ˈe ɾ,V;SBJV;PRS;3;PL,55,55,100.0
90L_10NL_1_1,90L_10NL,1,f o ɾ t a l e s ˈe ɾ,V;SBJV;PRS;3;SG,55,55,100.0
90L_10NL_1_2,90L_10NL,1,f o ɾ t a l e s ˈe ɾ,V;SBJV;PRS;3;SG,55,55,100.0
90L_10NL_1_3,90L_10NL,1,f o ɾ t a l e s ˈe ɾ,V;SBJV;PRS;3;SG,55,55,100.0
90L_10NL_1_4,90L_10NL,1,f o ɾ t a l e s ˈe ɾ,V;SBJV;PRS;3;SG,55,55,100.0
90L_10NL_1_1,90L_10NL,1,i n b e n ˈi ɾ,V;IND;PRS;1;PL,55,55,100.0
90L_10NL_1_2,90L_10NL,1,i n b e n ˈi ɾ,V;IND;PRS;1;PL,54,55,98.18
90L_10NL_1_3,90L_10NL,1,i n b e n ˈi ɾ,V;IND;PRS;1;PL,55,55,100.0
90L_10NL_1_4,90L_10NL,1,i n b e n ˈi ɾ,V;IND;PRS;1;PL,55,55,100.0
90L_10NL_1_1,90L_10NL,1,i n b e n ˈi ɾ,V;IND;PRS;1;SG,55,55,100.0
90L_10NL_1_2,90L_10NL,1,i n b e n ˈi ɾ,V;IND;PRS;1;SG,55,55,100.0
90L_10NL_1_3,90L_10NL,1,i n b e n ˈi ɾ,V;IND;PRS;1;SG,55,55,100.0
90L_10NL_1_4,90L_10NL,1,i n b e n ˈi ɾ,V;IND;PRS;1;SG,55,55,100.0
90L_10NL_1_1,90L_10NL,1,i n b e n ˈi ɾ,V;IND;PRS;2;PL,55,55,100.0
90L_10NL_1_2,90L_10NL,1,i n b e n ˈi ɾ,V;IND;PRS;2;PL,54,55,98.18
90L_10NL_1_3,90L_10NL,1,i n b e n ˈi ɾ,V;IND;PRS;2;PL,55,55,100.0
90L_10NL_1_4,90L_10NL,1,i n b e n ˈi ɾ,V;IND;PRS;2;PL,55,55,100.0
90L_10NL_1_1,90L_10NL,1,i n b e n ˈi ɾ,V;IND;PRS;2;SG,55,55,100.0
90L_10NL_1_2,90L_10NL,1,i n b e n ˈi ɾ,V;IND;PRS;2;SG,55,55,100.0
90L_10NL_1_3,90L_10NL,1,i n b e n ˈi ɾ,V;IND;PRS;2;SG,55,55,100.0
90L_10NL_1_4,90L_10NL,1,i n b e n ˈi ɾ,V;IND;PRS;2;SG,55,55,100.0
90L_10NL_1_1,90L_10NL,1,i n b e n ˈi ɾ,V;IND;PRS;3;PL,55,55,100.0
90L_10NL_1_2,90L_10NL,1,i n b e n ˈi ɾ,V;IND;PRS;3;PL,55,55,100.0
90L_10NL_1_3,90L_10NL,1,i n b e n ˈi ɾ,V;IND;PRS;3;PL,55,55,100.0
90L_10NL_1_4,90L_10NL,1,i n b e n ˈi ɾ,V;IND;PRS;3;PL,55,55,100.0
90L_10NL_1_1,90L_10NL,1,i n b e n ˈi ɾ,V;IND;PRS;3;SG,55,55,100.0
90L_10NL_1_2,90L_10NL,1,i n b e n ˈi ɾ,V;IND;PRS;3;SG,55,55,100.0
90L_10NL_1_3,90L_10NL,1,i n b e n ˈi ɾ,V;IND;PRS;3;SG,55,55,100.0
90L_10NL_1_4,90L_10NL,1,i n b e n ˈi ɾ,V;IND;PRS;3;SG,55,55,100.0
90L_10NL_1_1,90L_10NL,1,i n b e n ˈi ɾ,V;SBJV;PRS;1;PL,55,55,100.0
90L_10NL_1_2,90L_10NL,1,i n b e n ˈi ɾ,V;SBJV;PRS;1;PL,55,55,100.0
90L_10NL_1_3,90L_10NL,1,i n b e n ˈi ɾ,V;SBJV;PRS;1;PL,55,55,100.0
90L_10NL_1_4,90L_10NL,1,i n b e n ˈi ɾ,V;SBJV;PRS;1;PL,55,55,100.0
90L_10NL_1_1,90L_10NL,1,i n b e n ˈi ɾ,V;SBJV;PRS;1;SG,55,55,100.0
90L_10NL_1_2,90L_10NL,1,i n b e n ˈi ɾ,V;SBJV;PRS;1;SG,55,55,100.0
90L_10NL_1_3,90L_10NL,1,i n b e n ˈi ɾ,V;SBJV;PRS;1;SG,55,55,100.0
90L_10NL_1_4,90L_10NL,1,i n b e n ˈi ɾ,V;SBJV;PRS;1;SG,55,55,100.0
90L_10NL_1_1,90L_10NL,1,i n b e n ˈi ɾ,V;SBJV;PRS;2;PL,55,55,100.0
90L_10NL_1_2,90L_10NL,1,i n b e n ˈi ɾ,V;SBJV;PRS;2;PL,55,55,100.0
90L_10NL_1_3,90L_10NL,1,i n b e n ˈi ɾ,V;SBJV;PRS;2;PL,55,55,100.0
90L_10NL_1_4,90L_10NL,1,i n b e n ˈi ɾ,V;SBJV;PRS;2;PL,55,55,100.0
90L_10NL_1_1,90L_10NL,1,i n b e n ˈi ɾ,V;SBJV;PRS;2;SG,55,55,100.0
90L_10NL_1_2,90L_10NL,1,i n b e n ˈi ɾ,V;SBJV;PRS;2;SG,55,55,100.0
90L_10NL_1_3,90L_10NL,1,i n b e n ˈi ɾ,V;SBJV;PRS;2;SG,55,55,100.0
90L_10NL_1_4,90L_10NL,1,i n b e n ˈi ɾ,V;SBJV;PRS;2;SG,55,55,100.0
90L_10NL_1_1,90L_10NL,1,i n b e n ˈi ɾ,V;SBJV;PRS;3;PL,55,55,100.0
90L_10NL_1_2,90L_10NL,1,i n b e n ˈi ɾ,V;SBJV;PRS;3;PL,55,55,100.0
90L_10NL_1_3,90L_10NL,1,i n b e n ˈi ɾ,V;SBJV;PRS;3;PL,55,55,100.0
90L_10NL_1_4,90L_10NL,1,i n b e n ˈi ɾ,V;SBJV;PRS;3;PL,55,55,100.0
90L_10NL_1_1,90L_10NL,1,i n b e n ˈi ɾ,V;SBJV;PRS;3;SG,55,55,100.0
90L_10NL_1_2,90L_10NL,1,i n b e n ˈi ɾ,V;SBJV;PRS;3;SG,55,55,100.0
90L_10NL_1_3,90L_10NL,1,i n b e n ˈi ɾ,V;SBJV;PRS;3;SG,55,55,100.0
90L_10NL_1_4,90L_10NL,1,i n b e n ˈi ɾ,V;SBJV;PRS;3;SG,55,55,100.0
90L_10NL_1_1,90L_10NL,1,i n d i s p o n ˈe ɾ,V;IND;PRS;1;PL,55,55,100.0
90L_10NL_1_2,90L_10NL,1,i n d i s p o n ˈe ɾ,V;IND;PRS;1;PL,55,55,100.0
90L_10NL_1_3,90L_10NL,1,i n d i s p o n ˈe ɾ,V;IND;PRS;1;PL,55,55,100.0
90L_10NL_1_4,90L_10NL,1,i n d i s p o n ˈe ɾ,V;IND;PRS;1;PL,55,55,100.0
90L_10NL_1_1,90L_10NL,1,i n d i s p o n ˈe ɾ,V;IND;PRS;1;SG,55,55,100.0
90L_10NL_1_2,90L_10NL,1,i n d i s p o n ˈe ɾ,V;IND;PRS;1;SG,55,55,100.0
90L_10NL_1_3,90L_10NL,1,i n d i s p o n ˈe ɾ,V;IND;PRS;1;SG,55,55,100.0
90L_10NL_1_4,90L_10NL,1,i n d i s p o n ˈe ɾ,V;IND;PRS;1;SG,55,55,100.0
90L_10NL_1_1,90L_10NL,1,i n d i s p o n ˈe ɾ,V;IND;PRS;2;PL,55,55,100.0
90L_10NL_1_2,90L_10NL,1,i n d i s p o n ˈe ɾ,V;IND;PRS;2;PL,55,55,100.0
90L_10NL_1_3,90L_10NL,1,i n d i s p o n ˈe ɾ,V;IND;PRS;2;PL,55,55,100.0
90L_10NL_1_4,90L_10NL,1,i n d i s p o n ˈe ɾ,V;IND;PRS;2;PL,55,55,100.0
90L_10NL_1_1,90L_10NL,1,i n d i s p o n ˈe ɾ,V;IND;PRS;2;SG,55,55,100.0
90L_10NL_1_2,90L_10NL,1,i n d i s p o n ˈe ɾ,V;IND;PRS;2;SG,55,55,100.0
90L_10NL_1_3,90L_10NL,1,i n d i s p o n ˈe ɾ,V;IND;PRS;2;SG,55,55,100.0
90L_10NL_1_4,90L_10NL,1,i n d i s p o n ˈe ɾ,V;IND;PRS;2;SG,55,55,100.0
90L_10NL_1_1,90L_10NL,1,i n d i s p o n ˈe ɾ,V;IND;PRS;3;PL,55,55,100.0
90L_10NL_1_2,90L_10NL,1,i n d i s p o n ˈe ɾ,V;IND;PRS;3;PL,55,55,100.0
90L_10NL_1_3,90L_10NL,1,i n d i s p o n ˈe ɾ,V;IND;PRS;3;PL,55,55,100.0
90L_10NL_1_4,90L_10NL,1,i n d i s p o n ˈe ɾ,V;IND;PRS;3;PL,55,55,100.0
90L_10NL_1_1,90L_10NL,1,i n d i s p o n ˈe ɾ,V;IND;PRS;3;SG,55,55,100.0
90L_10NL_1_2,90L_10NL,1,i n d i s p o n ˈe ɾ,V;IND;PRS;3;SG,55,55,100.0
90L_10NL_1_3,90L_10NL,1,i n d i s p o n ˈe ɾ,V;IND;PRS;3;SG,55,55,100.0
90L_10NL_1_4,90L_10NL,1,i n d i s p o n ˈe ɾ,V;IND;PRS;3;SG,55,55,100.0
90L_10NL_1_1,90L_10NL,1,i n d i s p o n ˈe ɾ,V;SBJV;PRS;1;PL,55,55,100.0
90L_10NL_1_2,90L_10NL,1,i n d i s p o n ˈe ɾ,V;SBJV;PRS;1;PL,55,55,100.0
90L_10NL_1_3,90L_10NL,1,i n d i s p o n ˈe ɾ,V;SBJV;PRS;1;PL,55,55,100.0
90L_10NL_1_4,90L_10NL,1,i n d i s p o n ˈe ɾ,V;SBJV;PRS;1;PL,55,55,100.0
90L_10NL_1_1,90L_10NL,1,i n d i s p o n ˈe ɾ,V;SBJV;PRS;1;SG,55,55,100.0
90L_10NL_1_2,90L_10NL,1,i n d i s p o n ˈe ɾ,V;SBJV;PRS;1;SG,55,55,100.0
90L_10NL_1_3,90L_10NL,1,i n d i s p o n ˈe ɾ,V;SBJV;PRS;1;SG,55,55,100.0
90L_10NL_1_4,90L_10NL,1,i n d i s p o n ˈe ɾ,V;SBJV;PRS;1;SG,55,55,100.0
90L_10NL_1_1,90L_10NL,1,i n d i s p o n ˈe ɾ,V;SBJV;PRS;2;PL,55,55,100.0
90L_10NL_1_2,90L_10NL,1,i n d i s p o n ˈe ɾ,V;SBJV;PRS;2;PL,55,55,100.0
90L_10NL_1_3,90L_10NL,1,i n d i s p o n ˈe ɾ,V;SBJV;PRS;2;PL,55,55,100.0
90L_10NL_1_4,90L_10NL,1,i n d i s p o n ˈe ɾ,V;SBJV;PRS;2;PL,55,55,100.0
90L_10NL_1_1,90L_10NL,1,i n d i s p o n ˈe ɾ,V;SBJV;PRS;2;SG,55,55,100.0
90L_10NL_1_2,90L_10NL,1,i n d i s p o n ˈe ɾ,V;SBJV;PRS;2;SG,55,55,100.0
90L_10NL_1_3,90L_10NL,1,i n d i s p o n ˈe ɾ,V;SBJV;PRS;2;SG,55,55,100.0
90L_10NL_1_4,90L_10NL,1,i n d i s p o n ˈe ɾ,V;SBJV;PRS;2;SG,55,55,100.0
90L_10NL_1_1,90L_10NL,1,i n d i s p o n ˈe ɾ,V;SBJV;PRS;3;PL,55,55,100.0
90L_10NL_1_2,90L_10NL,1,i n d i s p o n ˈe ɾ,V;SBJV;PRS;3;PL,55,55,100.0
90L_10NL_1_3,90L_10NL,1,i n d i s p o n ˈe ɾ,V;SBJV;PRS;3;PL,55,55,100.0
90L_10NL_1_4,90L_10NL,1,i n d i s p o n ˈe ɾ,V;SBJV;PRS;3;PL,55,55,100.0
90L_10NL_1_1,90L_10NL,1,i n d i s p o n ˈe ɾ,V;SBJV;PRS;3;SG,55,55,100.0
90L_10NL_1_2,90L_10NL,1,i n d i s p o n ˈe ɾ,V;SBJV;PRS;3;SG,55,55,100.0
90L_10NL_1_3,90L_10NL,1,i n d i s p o n ˈe ɾ,V;SBJV;PRS;3;SG,55,55,100.0
90L_10NL_1_4,90L_10NL,1,i n d i s p o n ˈe ɾ,V;SBJV;PRS;3;SG,55,55,100.0
90L_10NL_1_1,90L_10NL,1,i n t e l i ç ˈi ɾ,V;IND;PRS;1;PL,52,55,94.55
90L_10NL_1_2,90L_10NL,1,i n t e l i ç ˈi ɾ,V;IND;PRS;1;PL,31,55,56.36
90L_10NL_1_3,90L_10NL,1,i n t e l i ç ˈi ɾ,V;IND;PRS;1;PL,6,55,10.91
90L_10NL_1_4,90L_10NL,1,i n t e l i ç ˈi ɾ,V;IND;PRS;1;PL,0,55,0.0
90L_10NL_1_1,90L_10NL,1,i n t e l i ç ˈi ɾ,V;IND;PRS;1;SG,55,55,100.0
90L_10NL_1_2,90L_10NL,1,i n t e l i ç ˈi ɾ,V;IND;PRS;1;SG,55,55,100.0
90L_10NL_1_3,90L_10NL,1,i n t e l i ç ˈi ɾ,V;IND;PRS;1;SG,55,55,100.0
90L_10NL_1_4,90L_10NL,1,i n t e l i ç ˈi ɾ,V;IND;PRS;1;SG,55,55,100.0
90L_10NL_1_1,90L_10NL,1,i n t e l i ç ˈi ɾ,V;IND;PRS;2;PL,54,55,98.18
90L_10NL_1_2,90L_10NL,1,i n t e l i ç ˈi ɾ,V;IND;PRS;2;PL,22,55,40.0
90L_10NL_1_3,90L_10NL,1,i n t e l i ç ˈi ɾ,V;IND;PRS;2;PL,6,55,10.91
90L_10NL_1_4,90L_10NL,1,i n t e l i ç ˈi ɾ,V;IND;PRS;2;PL,0,55,0.0
90L_10NL_1_1,90L_10NL,1,i n t e l i ç ˈi ɾ,V;IND;PRS;2;SG,55,55,100.0
90L_10NL_1_2,90L_10NL,1,i n t e l i ç ˈi ɾ,V;IND;PRS;2;SG,55,55,100.0
90L_10NL_1_3,90L_10NL,1,i n t e l i ç ˈi ɾ,V;IND;PRS;2;SG,55,55,100.0
90L_10NL_1_4,90L_10NL,1,i n t e l i ç ˈi ɾ,V;IND;PRS;2;SG,55,55,100.0
90L_10NL_1_1,90L_10NL,1,i n t e l i ç ˈi ɾ,V;IND;PRS;3;PL,55,55,100.0
90L_10NL_1_2,90L_10NL,1,i n t e l i ç ˈi ɾ,V;IND;PRS;3;PL,55,55,100.0
90L_10NL_1_3,90L_10NL,1,i n t e l i ç ˈi ɾ,V;IND;PRS;3;PL,55,55,100.0
90L_10NL_1_4,90L_10NL,1,i n t e l i ç ˈi ɾ,V;IND;PRS;3;PL,55,55,100.0
90L_10NL_1_1,90L_10NL,1,i n t e l i ç ˈi ɾ,V;IND;PRS;3;SG,55,55,100.0
90L_10NL_1_2,90L_10NL,1,i n t e l i ç ˈi ɾ,V;IND;PRS;3;SG,55,55,100.0
90L_10NL_1_3,90L_10NL,1,i n t e l i ç ˈi ɾ,V;IND;PRS;3;SG,55,55,100.0
90L_10NL_1_4,90L_10NL,1,i n t e l i ç ˈi ɾ,V;IND;PRS;3;SG,55,55,100.0
90L_10NL_1_1,90L_10NL,1,i n t e l i ç ˈi ɾ,V;SBJV;PRS;1;PL,55,55,100.0
90L_10NL_1_2,90L_10NL,1,i n t e l i ç ˈi ɾ,V;SBJV;PRS;1;PL,55,55,100.0
90L_10NL_1_3,90L_10NL,1,i n t e l i ç ˈi ɾ,V;SBJV;PRS;1;PL,55,55,100.0
90L_10NL_1_4,90L_10NL,1,i n t e l i ç ˈi ɾ,V;SBJV;PRS;1;PL,48,55,87.27
90L_10NL_1_1,90L_10NL,1,i n t e l i ç ˈi ɾ,V;SBJV;PRS;1;SG,55,55,100.0
90L_10NL_1_2,90L_10NL,1,i n t e l i ç ˈi ɾ,V;SBJV;PRS;1;SG,55,55,100.0
90L_10NL_1_3,90L_10NL,1,i n t e l i ç ˈi ɾ,V;SBJV;PRS;1;SG,55,55,100.0
90L_10NL_1_4,90L_10NL,1,i n t e l i ç ˈi ɾ,V;SBJV;PRS;1;SG,55,55,100.0
90L_10NL_1_1,90L_10NL,1,i n t e l i ç ˈi ɾ,V;SBJV;PRS;2;PL,55,55,100.0
90L_10NL_1_2,90L_10NL,1,i n t e l i ç ˈi ɾ,V;SBJV;PRS;2;PL,55,55,100.0
90L_10NL_1_3,90L_10NL,1,i n t e l i ç ˈi ɾ,V;SBJV;PRS;2;PL,55,55,100.0
90L_10NL_1_4,90L_10NL,1,i n t e l i ç ˈi ɾ,V;SBJV;PRS;2;PL,52,55,94.55
90L_10NL_1_1,90L_10NL,1,i n t e l i ç ˈi ɾ,V;SBJV;PRS;2;SG,55,55,100.0
90L_10NL_1_2,90L_10NL,1,i n t e l i ç ˈi ɾ,V;SBJV;PRS;2;SG,55,55,100.0
90L_10NL_1_3,90L_10NL,1,i n t e l i ç ˈi ɾ,V;SBJV;PRS;2;SG,55,55,100.0
90L_10NL_1_4,90L_10NL,1,i n t e l i ç ˈi ɾ,V;SBJV;PRS;2;SG,55,55,100.0
90L_10NL_1_1,90L_10NL,1,i n t e l i ç ˈi ɾ,V;SBJV;PRS;3;PL,55,55,100.0
90L_10NL_1_2,90L_10NL,1,i n t e l i ç ˈi ɾ,V;SBJV;PRS;3;PL,55,55,100.0
90L_10NL_1_3,90L_10NL,1,i n t e l i ç ˈi ɾ,V;SBJV;PRS;3;PL,55,55,100.0
90L_10NL_1_4,90L_10NL,1,i n t e l i ç ˈi ɾ,V;SBJV;PRS;3;PL,55,55,100.0
90L_10NL_1_1,90L_10NL,1,i n t e l i ç ˈi ɾ,V;SBJV;PRS;3;SG,55,55,100.0
90L_10NL_1_2,90L_10NL,1,i n t e l i ç ˈi ɾ,V;SBJV;PRS;3;SG,55,55,100.0
90L_10NL_1_3,90L_10NL,1,i n t e l i ç ˈi ɾ,V;SBJV;PRS;3;SG,55,55,100.0
90L_10NL_1_4,90L_10NL,1,i n t e l i ç ˈi ɾ,V;SBJV;PRS;3;SG,55,55,100.0
90L_10NL_1_1,90L_10NL,1,k a ɾ e s ˈe ɾ,V;IND;PRS;1;PL,55,55,100.0
90L_10NL_1_2,90L_10NL,1,k a ɾ e s ˈe ɾ,V;IND;PRS;1;PL,55,55,100.0
90L_10NL_1_3,90L_10NL,1,k a ɾ e s ˈe ɾ,V;IND;PRS;1;PL,55,55,100.0
90L_10NL_1_4,90L_10NL,1,k a ɾ e s ˈe ɾ,V;IND;PRS;1;PL,55,55,100.0
90L_10NL_1_1,90L_10NL,1,k a ɾ e s ˈe ɾ,V;IND;PRS;1;SG,55,55,100.0
90L_10NL_1_2,90L_10NL,1,k a ɾ e s ˈe ɾ,V;IND;PRS;1;SG,55,55,100.0
90L_10NL_1_3,90L_10NL,1,k a ɾ e s ˈe ɾ,V;IND;PRS;1;SG,55,55,100.0
90L_10NL_1_4,90L_10NL,1,k a ɾ e s ˈe ɾ,V;IND;PRS;1;SG,55,55,100.0
90L_10NL_1_1,90L_10NL,1,k a ɾ e s ˈe ɾ,V;IND;PRS;2;PL,55,55,100.0
90L_10NL_1_2,90L_10NL,1,k a ɾ e s ˈe ɾ,V;IND;PRS;2;PL,55,55,100.0
90L_10NL_1_3,90L_10NL,1,k a ɾ e s ˈe ɾ,V;IND;PRS;2;PL,55,55,100.0
90L_10NL_1_4,90L_10NL,1,k a ɾ e s ˈe ɾ,V;IND;PRS;2;PL,55,55,100.0
90L_10NL_1_1,90L_10NL,1,k a ɾ e s ˈe ɾ,V;IND;PRS;2;SG,55,55,100.0
90L_10NL_1_2,90L_10NL,1,k a ɾ e s ˈe ɾ,V;IND;PRS;2;SG,55,55,100.0
90L_10NL_1_3,90L_10NL,1,k a ɾ e s ˈe ɾ,V;IND;PRS;2;SG,55,55,100.0
90L_10NL_1_4,90L_10NL,1,k a ɾ e s ˈe ɾ,V;IND;PRS;2;SG,55,55,100.0
90L_10NL_1_1,90L_10NL,1,k a ɾ e s ˈe ɾ,V;IND;PRS;3;PL,55,55,100.0
90L_10NL_1_2,90L_10NL,1,k a ɾ e s ˈe ɾ,V;IND;PRS;3;PL,55,55,100.0
90L_10NL_1_3,90L_10NL,1,k a ɾ e s ˈe ɾ,V;IND;PRS;3;PL,55,55,100.0
90L_10NL_1_4,90L_10NL,1,k a ɾ e s ˈe ɾ,V;IND;PRS;3;PL,55,55,100.0
90L_10NL_1_1,90L_10NL,1,k a ɾ e s ˈe ɾ,V;IND;PRS;3;SG,55,55,100.0
90L_10NL_1_2,90L_10NL,1,k a ɾ e s ˈe ɾ,V;IND;PRS;3;SG,55,55,100.0
90L_10NL_1_3,90L_10NL,1,k a ɾ e s ˈe ɾ,V;IND;PRS;3;SG,55,55,100.0
90L_10NL_1_4,90L_10NL,1,k a ɾ e s ˈe ɾ,V;IND;PRS;3;SG,55,55,100.0
90L_10NL_1_1,90L_10NL,1,k a ɾ e s ˈe ɾ,V;SBJV;PRS;1;PL,55,55,100.0
90L_10NL_1_2,90L_10NL,1,k a ɾ e s ˈe ɾ,V;SBJV;PRS;1;PL,55,55,100.0
90L_10NL_1_3,90L_10NL,1,k a ɾ e s ˈe ɾ,V;SBJV;PRS;1;PL,55,55,100.0
90L_10NL_1_4,90L_10NL,1,k a ɾ e s ˈe ɾ,V;SBJV;PRS;1;PL,55,55,100.0
90L_10NL_1_1,90L_10NL,1,k a ɾ e s ˈe ɾ,V;SBJV;PRS;1;SG,55,55,100.0
90L_10NL_1_2,90L_10NL,1,k a ɾ e s ˈe ɾ,V;SBJV;PRS;1;SG,55,55,100.0
90L_10NL_1_3,90L_10NL,1,k a ɾ e s ˈe ɾ,V;SBJV;PRS;1;SG,55,55,100.0
90L_10NL_1_4,90L_10NL,1,k a ɾ e s ˈe ɾ,V;SBJV;PRS;1;SG,55,55,100.0
90L_10NL_1_1,90L_10NL,1,k a ɾ e s ˈe ɾ,V;SBJV;PRS;2;PL,55,55,100.0
90L_10NL_1_2,90L_10NL,1,k a ɾ e s ˈe ɾ,V;SBJV;PRS;2;PL,55,55,100.0
90L_10NL_1_3,90L_10NL,1,k a ɾ e s ˈe ɾ,V;SBJV;PRS;2;PL,55,55,100.0
90L_10NL_1_4,90L_10NL,1,k a ɾ e s ˈe ɾ,V;SBJV;PRS;2;PL,55,55,100.0
90L_10NL_1_1,90L_10NL,1,k a ɾ e s ˈe ɾ,V;SBJV;PRS;2;SG,55,55,100.0
90L_10NL_1_2,90L_10NL,1,k a ɾ e s ˈe ɾ,V;SBJV;PRS;2;SG,55,55,100.0
90L_10NL_1_3,90L_10NL,1,k a ɾ e s ˈe ɾ,V;SBJV;PRS;2;SG,55,55,100.0
90L_10NL_1_4,90L_10NL,1,k a ɾ e s ˈe ɾ,V;SBJV;PRS;2;SG,55,55,100.0
90L_10NL_1_1,90L_10NL,1,k a ɾ e s ˈe ɾ,V;SBJV;PRS;3;PL,55,55,100.0
90L_10NL_1_2,90L_10NL,1,k a ɾ e s ˈe ɾ,V;SBJV;PRS;3;PL,55,55,100.0
90L_10NL_1_3,90L_10NL,1,k a ɾ e s ˈe ɾ,V;SBJV;PRS;3;PL,55,55,100.0
90L_10NL_1_4,90L_10NL,1,k a ɾ e s ˈe ɾ,V;SBJV;PRS;3;PL,55,55,100.0
90L_10NL_1_1,90L_10NL,1,k a ɾ e s ˈe ɾ,V;SBJV;PRS;3;SG,55,55,100.0
90L_10NL_1_2,90L_10NL,1,k a ɾ e s ˈe ɾ,V;SBJV;PRS;3;SG,55,55,100.0
90L_10NL_1_3,90L_10NL,1,k a ɾ e s ˈe ɾ,V;SBJV;PRS;3;SG,55,55,100.0
90L_10NL_1_4,90L_10NL,1,k a ɾ e s ˈe ɾ,V;SBJV;PRS;3;SG,55,55,100.0
90L_10NL_1_1,90L_10NL,1,k o d i ɾ i ç ˈi ɾ,V;IND;PRS;1;PL,55,55,100.0
90L_10NL_1_2,90L_10NL,1,k o d i ɾ i ç ˈi ɾ,V;IND;PRS;1;PL,55,55,100.0
90L_10NL_1_3,90L_10NL,1,k o d i ɾ i ç ˈi ɾ,V;IND;PRS;1;PL,55,55,100.0
90L_10NL_1_4,90L_10NL,1,k o d i ɾ i ç ˈi ɾ,V;IND;PRS;1;PL,55,55,100.0
90L_10NL_1_1,90L_10NL,1,k o d i ɾ i ç ˈi ɾ,V;IND;PRS;1;SG,55,55,100.0
90L_10NL_1_2,90L_10NL,1,k o d i ɾ i ç ˈi ɾ,V;IND;PRS;1;SG,55,55,100.0
90L_10NL_1_3,90L_10NL,1,k o d i ɾ i ç ˈi ɾ,V;IND;PRS;1;SG,55,55,100.0
90L_10NL_1_4,90L_10NL,1,k o d i ɾ i ç ˈi ɾ,V;IND;PRS;1;SG,55,55,100.0
90L_10NL_1_1,90L_10NL,1,k o d i ɾ i ç ˈi ɾ,V;IND;PRS;2;PL,55,55,100.0
90L_10NL_1_2,90L_10NL,1,k o d i ɾ i ç ˈi ɾ,V;IND;PRS;2;PL,55,55,100.0
90L_10NL_1_3,90L_10NL,1,k o d i ɾ i ç ˈi ɾ,V;IND;PRS;2;PL,55,55,100.0
90L_10NL_1_4,90L_10NL,1,k o d i ɾ i ç ˈi ɾ,V;IND;PRS;2;PL,55,55,100.0
90L_10NL_1_1,90L_10NL,1,k o d i ɾ i ç ˈi ɾ,V;IND;PRS;2;SG,55,55,100.0
90L_10NL_1_2,90L_10NL,1,k o d i ɾ i ç ˈi ɾ,V;IND;PRS;2;SG,55,55,100.0
90L_10NL_1_3,90L_10NL,1,k o d i ɾ i ç ˈi ɾ,V;IND;PRS;2;SG,55,55,100.0
90L_10NL_1_4,90L_10NL,1,k o d i ɾ i ç ˈi ɾ,V;IND;PRS;2;SG,55,55,100.0
90L_10NL_1_1,90L_10NL,1,k o d i ɾ i ç ˈi ɾ,V;IND;PRS;3;PL,55,55,100.0
90L_10NL_1_2,90L_10NL,1,k o d i ɾ i ç ˈi ɾ,V;IND;PRS;3;PL,55,55,100.0
90L_10NL_1_3,90L_10NL,1,k o d i ɾ i ç ˈi ɾ,V;IND;PRS;3;PL,55,55,100.0
90L_10NL_1_4,90L_10NL,1,k o d i ɾ i ç ˈi ɾ,V;IND;PRS;3;PL,55,55,100.0
90L_10NL_1_1,90L_10NL,1,k o d i ɾ i ç ˈi ɾ,V;IND;PRS;3;SG,55,55,100.0
90L_10NL_1_2,90L_10NL,1,k o d i ɾ i ç ˈi ɾ,V;IND;PRS;3;SG,55,55,100.0
90L_10NL_1_3,90L_10NL,1,k o d i ɾ i ç ˈi ɾ,V;IND;PRS;3;SG,55,55,100.0
90L_10NL_1_4,90L_10NL,1,k o d i ɾ i ç ˈi ɾ,V;IND;PRS;3;SG,55,55,100.0
90L_10NL_1_1,90L_10NL,1,k o d i ɾ i ç ˈi ɾ,V;SBJV;PRS;1;PL,55,55,100.0
90L_10NL_1_2,90L_10NL,1,k o d i ɾ i ç ˈi ɾ,V;SBJV;PRS;1;PL,55,55,100.0
90L_10NL_1_3,90L_10NL,1,k o d i ɾ i ç ˈi ɾ,V;SBJV;PRS;1;PL,55,55,100.0
90L_10NL_1_4,90L_10NL,1,k o d i ɾ i ç ˈi ɾ,V;SBJV;PRS;1;PL,55,55,100.0
90L_10NL_1_1,90L_10NL,1,k o d i ɾ i ç ˈi ɾ,V;SBJV;PRS;1;SG,55,55,100.0
90L_10NL_1_2,90L_10NL,1,k o d i ɾ i ç ˈi ɾ,V;SBJV;PRS;1;SG,55,55,100.0
90L_10NL_1_3,90L_10NL,1,k o d i ɾ i ç ˈi ɾ,V;SBJV;PRS;1;SG,55,55,100.0
90L_10NL_1_4,90L_10NL,1,k o d i ɾ i ç ˈi ɾ,V;SBJV;PRS;1;SG,55,55,100.0
90L_10NL_1_1,90L_10NL,1,k o d i ɾ i ç ˈi ɾ,V;SBJV;PRS;2;PL,55,55,100.0
90L_10NL_1_2,90L_10NL,1,k o d i ɾ i ç ˈi ɾ,V;SBJV;PRS;2;PL,55,55,100.0
90L_10NL_1_3,90L_10NL,1,k o d i ɾ i ç ˈi ɾ,V;SBJV;PRS;2;PL,55,55,100.0
90L_10NL_1_4,90L_10NL,1,k o d i ɾ i ç ˈi ɾ,V;SBJV;PRS;2;PL,55,55,100.0
90L_10NL_1_1,90L_10NL,1,k o d i ɾ i ç ˈi ɾ,V;SBJV;PRS;2;SG,55,55,100.0
90L_10NL_1_2,90L_10NL,1,k o d i ɾ i ç ˈi ɾ,V;SBJV;PRS;2;SG,55,55,100.0
90L_10NL_1_3,90L_10NL,1,k o d i ɾ i ç ˈi ɾ,V;SBJV;PRS;2;SG,55,55,100.0
90L_10NL_1_4,90L_10NL,1,k o d i ɾ i ç ˈi ɾ,V;SBJV;PRS;2;SG,55,55,100.0
90L_10NL_1_1,90L_10NL,1,k o d i ɾ i ç ˈi ɾ,V;SBJV;PRS;3;PL,55,55,100.0
90L_10NL_1_2,90L_10NL,1,k o d i ɾ i ç ˈi ɾ,V;SBJV;PRS;3;PL,55,55,100.0
90L_10NL_1_3,90L_10NL,1,k o d i ɾ i ç ˈi ɾ,V;SBJV;PRS;3;PL,55,55,100.0
90L_10NL_1_4,90L_10NL,1,k o d i ɾ i ç ˈi ɾ,V;SBJV;PRS;3;PL,55,55,100.0
90L_10NL_1_1,90L_10NL,1,k o d i ɾ i ç ˈi ɾ,V;SBJV;PRS;3;SG,55,55,100.0
90L_10NL_1_2,90L_10NL,1,k o d i ɾ i ç ˈi ɾ,V;SBJV;PRS;3;SG,55,55,100.0
90L_10NL_1_3,90L_10NL,1,k o d i ɾ i ç ˈi ɾ,V;SBJV;PRS;3;SG,55,55,100.0
90L_10NL_1_4,90L_10NL,1,k o d i ɾ i ç ˈi ɾ,V;SBJV;PRS;3;SG,55,55,100.0
90L_10NL_1_1,90L_10NL,1,k o m p u n ç ˈi ɾ,V;IND;PRS;1;PL,55,55,100.0
90L_10NL_1_2,90L_10NL,1,k o m p u n ç ˈi ɾ,V;IND;PRS;1;PL,55,55,100.0
90L_10NL_1_3,90L_10NL,1,k o m p u n ç ˈi ɾ,V;IND;PRS;1;PL,55,55,100.0
90L_10NL_1_4,90L_10NL,1,k o m p u n ç ˈi ɾ,V;IND;PRS;1;PL,55,55,100.0
90L_10NL_1_1,90L_10NL,1,k o m p u n ç ˈi ɾ,V;IND;PRS;1;SG,55,55,100.0
90L_10NL_1_2,90L_10NL,1,k o m p u n ç ˈi ɾ,V;IND;PRS;1;SG,55,55,100.0
90L_10NL_1_3,90L_10NL,1,k o m p u n ç ˈi ɾ,V;IND;PRS;1;SG,55,55,100.0
90L_10NL_1_4,90L_10NL,1,k o m p u n ç ˈi ɾ,V;IND;PRS;1;SG,55,55,100.0
90L_10NL_1_1,90L_10NL,1,k o m p u n ç ˈi ɾ,V;IND;PRS;2;PL,55,55,100.0
90L_10NL_1_2,90L_10NL,1,k o m p u n ç ˈi ɾ,V;IND;PRS;2;PL,55,55,100.0
90L_10NL_1_3,90L_10NL,1,k o m p u n ç ˈi ɾ,V;IND;PRS;2;PL,55,55,100.0
90L_10NL_1_4,90L_10NL,1,k o m p u n ç ˈi ɾ,V;IND;PRS;2;PL,55,55,100.0
90L_10NL_1_1,90L_10NL,1,k o m p u n ç ˈi ɾ,V;IND;PRS;2;SG,55,55,100.0
90L_10NL_1_2,90L_10NL,1,k o m p u n ç ˈi ɾ,V;IND;PRS;2;SG,55,55,100.0
90L_10NL_1_3,90L_10NL,1,k o m p u n ç ˈi ɾ,V;IND;PRS;2;SG,55,55,100.0
90L_10NL_1_4,90L_10NL,1,k o m p u n ç ˈi ɾ,V;IND;PRS;2;SG,55,55,100.0
90L_10NL_1_1,90L_10NL,1,k o m p u n ç ˈi ɾ,V;IND;PRS;3;PL,55,55,100.0
90L_10NL_1_2,90L_10NL,1,k o m p u n ç ˈi ɾ,V;IND;PRS;3;PL,55,55,100.0
90L_10NL_1_3,90L_10NL,1,k o m p u n ç ˈi ɾ,V;IND;PRS;3;PL,55,55,100.0
90L_10NL_1_4,90L_10NL,1,k o m p u n ç ˈi ɾ,V;IND;PRS;3;PL,55,55,100.0
90L_10NL_1_1,90L_10NL,1,k o m p u n ç ˈi ɾ,V;IND;PRS;3;SG,55,55,100.0
90L_10NL_1_2,90L_10NL,1,k o m p u n ç ˈi ɾ,V;IND;PRS;3;SG,55,55,100.0
90L_10NL_1_3,90L_10NL,1,k o m p u n ç ˈi ɾ,V;IND;PRS;3;SG,55,55,100.0
90L_10NL_1_4,90L_10NL,1,k o m p u n ç ˈi ɾ,V;IND;PRS;3;SG,55,55,100.0
90L_10NL_1_1,90L_10NL,1,k o m p u n ç ˈi ɾ,V;SBJV;PRS;1;PL,55,55,100.0
90L_10NL_1_2,90L_10NL,1,k o m p u n ç ˈi ɾ,V;SBJV;PRS;1;PL,55,55,100.0
90L_10NL_1_3,90L_10NL,1,k o m p u n ç ˈi ɾ,V;SBJV;PRS;1;PL,55,55,100.0
90L_10NL_1_4,90L_10NL,1,k o m p u n ç ˈi ɾ,V;SBJV;PRS;1;PL,55,55,100.0
90L_10NL_1_1,90L_10NL,1,k o m p u n ç ˈi ɾ,V;SBJV;PRS;1;SG,55,55,100.0
90L_10NL_1_2,90L_10NL,1,k o m p u n ç ˈi ɾ,V;SBJV;PRS;1;SG,55,55,100.0
90L_10NL_1_3,90L_10NL,1,k o m p u n ç ˈi ɾ,V;SBJV;PRS;1;SG,55,55,100.0
90L_10NL_1_4,90L_10NL,1,k o m p u n ç ˈi ɾ,V;SBJV;PRS;1;SG,55,55,100.0
90L_10NL_1_1,90L_10NL,1,k o m p u n ç ˈi ɾ,V;SBJV;PRS;2;PL,55,55,100.0
90L_10NL_1_2,90L_10NL,1,k o m p u n ç ˈi ɾ,V;SBJV;PRS;2;PL,55,55,100.0
90L_10NL_1_3,90L_10NL,1,k o m p u n ç ˈi ɾ,V;SBJV;PRS;2;PL,55,55,100.0
90L_10NL_1_4,90L_10NL,1,k o m p u n ç ˈi ɾ,V;SBJV;PRS;2;PL,55,55,100.0
90L_10NL_1_1,90L_10NL,1,k o m p u n ç ˈi ɾ,V;SBJV;PRS;2;SG,55,55,100.0
90L_10NL_1_2,90L_10NL,1,k o m p u n ç ˈi ɾ,V;SBJV;PRS;2;SG,55,55,100.0
90L_10NL_1_3,90L_10NL,1,k o m p u n ç ˈi ɾ,V;SBJV;PRS;2;SG,55,55,100.0
90L_10NL_1_4,90L_10NL,1,k o m p u n ç ˈi ɾ,V;SBJV;PRS;2;SG,55,55,100.0
90L_10NL_1_1,90L_10NL,1,k o m p u n ç ˈi ɾ,V;SBJV;PRS;3;PL,55,55,100.0
90L_10NL_1_2,90L_10NL,1,k o m p u n ç ˈi ɾ,V;SBJV;PRS;3;PL,55,55,100.0
90L_10NL_1_3,90L_10NL,1,k o m p u n ç ˈi ɾ,V;SBJV;PRS;3;PL,55,55,100.0
90L_10NL_1_4,90L_10NL,1,k o m p u n ç ˈi ɾ,V;SBJV;PRS;3;PL,55,55,100.0
90L_10NL_1_1,90L_10NL,1,k o m p u n ç ˈi ɾ,V;SBJV;PRS;3;SG,55,55,100.0
90L_10NL_1_2,90L_10NL,1,k o m p u n ç ˈi ɾ,V;SBJV;PRS;3;SG,55,55,100.0
90L_10NL_1_3,90L_10NL,1,k o m p u n ç ˈi ɾ,V;SBJV;PRS;3;SG,55,55,100.0
90L_10NL_1_4,90L_10NL,1,k o m p u n ç ˈi ɾ,V;SBJV;PRS;3;SG,55,55,100.0
90L_10NL_1_1,90L_10NL,1,k o n b e ɾ ç ˈe ɾ,V;IND;PRS;2;PL,55,55,100.0
90L_10NL_1_2,90L_10NL,1,k o n b e ɾ ç ˈe ɾ,V;IND;PRS;2;PL,49,55,89.09
90L_10NL_1_3,90L_10NL,1,k o n b e ɾ ç ˈe ɾ,V;IND;PRS;2;PL,55,55,100.0
90L_10NL_1_4,90L_10NL,1,k o n b e ɾ ç ˈe ɾ,V;IND;PRS;2;PL,55,55,100.0
90L_10NL_1_1,90L_10NL,1,k o n b e ɾ ç ˈi ɾ,V;IND;PRS;1;PL,55,55,100.0
90L_10NL_1_2,90L_10NL,1,k o n b e ɾ ç ˈi ɾ,V;IND;PRS;1;PL,55,55,100.0
90L_10NL_1_3,90L_10NL,1,k o n b e ɾ ç ˈi ɾ,V;IND;PRS;1;PL,55,55,100.0
90L_10NL_1_4,90L_10NL,1,k o n b e ɾ ç ˈi ɾ,V;IND;PRS;1;PL,55,55,100.0
90L_10NL_1_1,90L_10NL,1,k o n b e ɾ ç ˈi ɾ,V;IND;PRS;1;SG,55,55,100.0
90L_10NL_1_2,90L_10NL,1,k o n b e ɾ ç ˈi ɾ,V;IND;PRS;1;SG,55,55,100.0
90L_10NL_1_3,90L_10NL,1,k o n b e ɾ ç ˈi ɾ,V;IND;PRS;1;SG,55,55,100.0
90L_10NL_1_4,90L_10NL,1,k o n b e ɾ ç ˈi ɾ,V;IND;PRS;1;SG,55,55,100.0
90L_10NL_1_1,90L_10NL,1,k o n b e ɾ ç ˈi ɾ,V;IND;PRS;2;SG,55,55,100.0
90L_10NL_1_2,90L_10NL,1,k o n b e ɾ ç ˈi ɾ,V;IND;PRS;2;SG,55,55,100.0
90L_10NL_1_3,90L_10NL,1,k o n b e ɾ ç ˈi ɾ,V;IND;PRS;2;SG,55,55,100.0
90L_10NL_1_4,90L_10NL,1,k o n b e ɾ ç ˈi ɾ,V;IND;PRS;2;SG,55,55,100.0
90L_10NL_1_1,90L_10NL,1,k o n b e ɾ ç ˈi ɾ,V;IND;PRS;3;PL,55,55,100.0
90L_10NL_1_2,90L_10NL,1,k o n b e ɾ ç ˈi ɾ,V;IND;PRS;3;PL,55,55,100.0
90L_10NL_1_3,90L_10NL,1,k o n b e ɾ ç ˈi ɾ,V;IND;PRS;3;PL,55,55,100.0
90L_10NL_1_4,90L_10NL,1,k o n b e ɾ ç ˈi ɾ,V;IND;PRS;3;PL,55,55,100.0
90L_10NL_1_1,90L_10NL,1,k o n b e ɾ ç ˈi ɾ,V;IND;PRS;3;SG,55,55,100.0
90L_10NL_1_2,90L_10NL,1,k o n b e ɾ ç ˈi ɾ,V;IND;PRS;3;SG,55,55,100.0
90L_10NL_1_3,90L_10NL,1,k o n b e ɾ ç ˈi ɾ,V;IND;PRS;3;SG,55,55,100.0
90L_10NL_1_4,90L_10NL,1,k o n b e ɾ ç ˈi ɾ,V;IND;PRS;3;SG,55,55,100.0
90L_10NL_1_1,90L_10NL,1,k o n b e ɾ ç ˈi ɾ,V;SBJV;PRS;1;PL,55,55,100.0
90L_10NL_1_2,90L_10NL,1,k o n b e ɾ ç ˈi ɾ,V;SBJV;PRS;1;PL,55,55,100.0
90L_10NL_1_3,90L_10NL,1,k o n b e ɾ ç ˈi ɾ,V;SBJV;PRS;1;PL,55,55,100.0
90L_10NL_1_4,90L_10NL,1,k o n b e ɾ ç ˈi ɾ,V;SBJV;PRS;1;PL,55,55,100.0
90L_10NL_1_1,90L_10NL,1,k o n b e ɾ ç ˈi ɾ,V;SBJV;PRS;1;SG,55,55,100.0
90L_10NL_1_2,90L_10NL,1,k o n b e ɾ ç ˈi ɾ,V;SBJV;PRS;1;SG,55,55,100.0
90L_10NL_1_3,90L_10NL,1,k o n b e ɾ ç ˈi ɾ,V;SBJV;PRS;1;SG,55,55,100.0
90L_10NL_1_4,90L_10NL,1,k o n b e ɾ ç ˈi ɾ,V;SBJV;PRS;1;SG,55,55,100.0
90L_10NL_1_1,90L_10NL,1,k o n b e ɾ ç ˈi ɾ,V;SBJV;PRS;2;PL,51,55,92.73
90L_10NL_1_2,90L_10NL,1,k o n b e ɾ ç ˈi ɾ,V;SBJV;PRS;2;PL,54,55,98.18
90L_10NL_1_3,90L_10NL,1,k o n b e ɾ ç ˈi ɾ,V;SBJV;PRS;2;PL,51,55,92.73
90L_10NL_1_4,90L_10NL,1,k o n b e ɾ ç ˈi ɾ,V;SBJV;PRS;2;PL,52,55,94.55
90L_10NL_1_1,90L_10NL,1,k o n b e ɾ ç ˈi ɾ,V;SBJV;PRS;2;SG,55,55,100.0
90L_10NL_1_2,90L_10NL,1,k o n b e ɾ ç ˈi ɾ,V;SBJV;PRS;2;SG,55,55,100.0
90L_10NL_1_3,90L_10NL,1,k o n b e ɾ ç ˈi ɾ,V;SBJV;PRS;2;SG,55,55,100.0
90L_10NL_1_4,90L_10NL,1,k o n b e ɾ ç ˈi ɾ,V;SBJV;PRS;2;SG,55,55,100.0
90L_10NL_1_1,90L_10NL,1,k o n b e ɾ ç ˈi ɾ,V;SBJV;PRS;3;PL,55,55,100.0
90L_10NL_1_2,90L_10NL,1,k o n b e ɾ ç ˈi ɾ,V;SBJV;PRS;3;PL,55,55,100.0
90L_10NL_1_3,90L_10NL,1,k o n b e ɾ ç ˈi ɾ,V;SBJV;PRS;3;PL,55,55,100.0
90L_10NL_1_4,90L_10NL,1,k o n b e ɾ ç ˈi ɾ,V;SBJV;PRS;3;PL,55,55,100.0
90L_10NL_1_1,90L_10NL,1,k o n b e ɾ ç ˈi ɾ,V;SBJV;PRS;3;SG,55,55,100.0
90L_10NL_1_2,90L_10NL,1,k o n b e ɾ ç ˈi ɾ,V;SBJV;PRS;3;SG,55,55,100.0
90L_10NL_1_3,90L_10NL,1,k o n b e ɾ ç ˈi ɾ,V;SBJV;PRS;3;SG,55,55,100.0
90L_10NL_1_4,90L_10NL,1,k o n b e ɾ ç ˈi ɾ,V;SBJV;PRS;3;SG,55,55,100.0
90L_10NL_1_1,90L_10NL,1,k o n d u s ˈi ɾ,V;IND;PRS;1;PL,55,55,100.0
90L_10NL_1_2,90L_10NL,1,k o n d u s ˈi ɾ,V;IND;PRS;1;PL,55,55,100.0
90L_10NL_1_3,90L_10NL,1,k o n d u s ˈi ɾ,V;IND;PRS;1;PL,55,55,100.0
90L_10NL_1_4,90L_10NL,1,k o n d u s ˈi ɾ,V;IND;PRS;1;PL,55,55,100.0
90L_10NL_1_1,90L_10NL,1,k o n d u s ˈi ɾ,V;IND;PRS;1;SG,55,55,100.0
90L_10NL_1_2,90L_10NL,1,k o n d u s ˈi ɾ,V;IND;PRS;1;SG,55,55,100.0
90L_10NL_1_3,90L_10NL,1,k o n d u s ˈi ɾ,V;IND;PRS;1;SG,55,55,100.0
90L_10NL_1_4,90L_10NL,1,k o n d u s ˈi ɾ,V;IND;PRS;1;SG,55,55,100.0
90L_10NL_1_1,90L_10NL,1,k o n d u s ˈi ɾ,V;IND;PRS;2;PL,55,55,100.0
90L_10NL_1_2,90L_10NL,1,k o n d u s ˈi ɾ,V;IND;PRS;2;PL,55,55,100.0
90L_10NL_1_3,90L_10NL,1,k o n d u s ˈi ɾ,V;IND;PRS;2;PL,55,55,100.0
90L_10NL_1_4,90L_10NL,1,k o n d u s ˈi ɾ,V;IND;PRS;2;PL,55,55,100.0
90L_10NL_1_1,90L_10NL,1,k o n d u s ˈi ɾ,V;IND;PRS;2;SG,55,55,100.0
90L_10NL_1_2,90L_10NL,1,k o n d u s ˈi ɾ,V;IND;PRS;2;SG,55,55,100.0
90L_10NL_1_3,90L_10NL,1,k o n d u s ˈi ɾ,V;IND;PRS;2;SG,55,55,100.0
90L_10NL_1_4,90L_10NL,1,k o n d u s ˈi ɾ,V;IND;PRS;2;SG,55,55,100.0
90L_10NL_1_1,90L_10NL,1,k o n d u s ˈi ɾ,V;IND;PRS;3;PL,55,55,100.0
90L_10NL_1_2,90L_10NL,1,k o n d u s ˈi ɾ,V;IND;PRS;3;PL,55,55,100.0
90L_10NL_1_3,90L_10NL,1,k o n d u s ˈi ɾ,V;IND;PRS;3;PL,55,55,100.0
90L_10NL_1_4,90L_10NL,1,k o n d u s ˈi ɾ,V;IND;PRS;3;PL,55,55,100.0
90L_10NL_1_1,90L_10NL,1,k o n d u s ˈi ɾ,V;IND;PRS;3;SG,55,55,100.0
90L_10NL_1_2,90L_10NL,1,k o n d u s ˈi ɾ,V;IND;PRS;3;SG,55,55,100.0
90L_10NL_1_3,90L_10NL,1,k o n d u s ˈi ɾ,V;IND;PRS;3;SG,55,55,100.0
90L_10NL_1_4,90L_10NL,1,k o n d u s ˈi ɾ,V;IND;PRS;3;SG,55,55,100.0
90L_10NL_1_1,90L_10NL,1,k o n d u s ˈi ɾ,V;SBJV;PRS;1;PL,55,55,100.0
90L_10NL_1_2,90L_10NL,1,k o n d u s ˈi ɾ,V;SBJV;PRS;1;PL,55,55,100.0
90L_10NL_1_3,90L_10NL,1,k o n d u s ˈi ɾ,V;SBJV;PRS;1;PL,55,55,100.0
90L_10NL_1_4,90L_10NL,1,k o n d u s ˈi ɾ,V;SBJV;PRS;1;PL,55,55,100.0
90L_10NL_1_1,90L_10NL,1,k o n d u s ˈi ɾ,V;SBJV;PRS;1;SG,55,55,100.0
90L_10NL_1_2,90L_10NL,1,k o n d u s ˈi ɾ,V;SBJV;PRS;1;SG,55,55,100.0
90L_10NL_1_3,90L_10NL,1,k o n d u s ˈi ɾ,V;SBJV;PRS;1;SG,55,55,100.0
90L_10NL_1_4,90L_10NL,1,k o n d u s ˈi ɾ,V;SBJV;PRS;1;SG,55,55,100.0
90L_10NL_1_1,90L_10NL,1,k o n d u s ˈi ɾ,V;SBJV;PRS;2;PL,55,55,100.0
90L_10NL_1_2,90L_10NL,1,k o n d u s ˈi ɾ,V;SBJV;PRS;2;PL,55,55,100.0
90L_10NL_1_3,90L_10NL,1,k o n d u s ˈi ɾ,V;SBJV;PRS;2;PL,55,55,100.0
90L_10NL_1_4,90L_10NL,1,k o n d u s ˈi ɾ,V;SBJV;PRS;2;PL,55,55,100.0
90L_10NL_1_1,90L_10NL,1,k o n d u s ˈi ɾ,V;SBJV;PRS;2;SG,55,55,100.0
90L_10NL_1_2,90L_10NL,1,k o n d u s ˈi ɾ,V;SBJV;PRS;2;SG,55,55,100.0
90L_10NL_1_3,90L_10NL,1,k o n d u s ˈi ɾ,V;SBJV;PRS;2;SG,55,55,100.0
90L_10NL_1_4,90L_10NL,1,k o n d u s ˈi ɾ,V;SBJV;PRS;2;SG,55,55,100.0
90L_10NL_1_1,90L_10NL,1,k o n d u s ˈi ɾ,V;SBJV;PRS;3;PL,55,55,100.0
90L_10NL_1_2,90L_10NL,1,k o n d u s ˈi ɾ,V;SBJV;PRS;3;PL,55,55,100.0
90L_10NL_1_3,90L_10NL,1,k o n d u s ˈi ɾ,V;SBJV;PRS;3;PL,55,55,100.0
90L_10NL_1_4,90L_10NL,1,k o n d u s ˈi ɾ,V;SBJV;PRS;3;PL,55,55,100.0
90L_10NL_1_1,90L_10NL,1,k o n d u s ˈi ɾ,V;SBJV;PRS;3;SG,55,55,100.0
90L_10NL_1_2,90L_10NL,1,k o n d u s ˈi ɾ,V;SBJV;PRS;3;SG,55,55,100.0
90L_10NL_1_3,90L_10NL,1,k o n d u s ˈi ɾ,V;SBJV;PRS;3;SG,55,55,100.0
90L_10NL_1_4,90L_10NL,1,k o n d u s ˈi ɾ,V;SBJV;PRS;3;SG,55,55,100.0
90L_10NL_1_1,90L_10NL,1,k o n t ɾ a a s ˈe ɾ,V;IND;PRS;1;PL,0,55,0.0
90L_10NL_1_2,90L_10NL,1,k o n t ɾ a a s ˈe ɾ,V;IND;PRS;1;PL,0,55,0.0
90L_10NL_1_3,90L_10NL,1,k o n t ɾ a a s ˈe ɾ,V;IND;PRS;1;PL,0,55,0.0
90L_10NL_1_4,90L_10NL,1,k o n t ɾ a a s ˈe ɾ,V;IND;PRS;1;PL,0,55,0.0
90L_10NL_1_1,90L_10NL,1,k o n t ɾ a a s ˈe ɾ,V;IND;PRS;1;SG,0,55,0.0
90L_10NL_1_2,90L_10NL,1,k o n t ɾ a a s ˈe ɾ,V;IND;PRS;1;SG,0,55,0.0
90L_10NL_1_3,90L_10NL,1,k o n t ɾ a a s ˈe ɾ,V;IND;PRS;1;SG,0,55,0.0
90L_10NL_1_4,90L_10NL,1,k o n t ɾ a a s ˈe ɾ,V;IND;PRS;1;SG,0,55,0.0
90L_10NL_1_1,90L_10NL,1,k o n t ɾ a a s ˈe ɾ,V;IND;PRS;2;PL,0,55,0.0
90L_10NL_1_2,90L_10NL,1,k o n t ɾ a a s ˈe ɾ,V;IND;PRS;2;PL,0,55,0.0
90L_10NL_1_3,90L_10NL,1,k o n t ɾ a a s ˈe ɾ,V;IND;PRS;2;PL,0,55,0.0
90L_10NL_1_4,90L_10NL,1,k o n t ɾ a a s ˈe ɾ,V;IND;PRS;2;PL,0,55,0.0
90L_10NL_1_1,90L_10NL,1,k o n t ɾ a a s ˈe ɾ,V;IND;PRS;2;SG,0,55,0.0
90L_10NL_1_2,90L_10NL,1,k o n t ɾ a a s ˈe ɾ,V;IND;PRS;2;SG,0,55,0.0
90L_10NL_1_3,90L_10NL,1,k o n t ɾ a a s ˈe ɾ,V;IND;PRS;2;SG,0,55,0.0
90L_10NL_1_4,90L_10NL,1,k o n t ɾ a a s ˈe ɾ,V;IND;PRS;2;SG,0,55,0.0
90L_10NL_1_1,90L_10NL,1,k o n t ɾ a a s ˈe ɾ,V;IND;PRS;3;PL,0,55,0.0
90L_10NL_1_2,90L_10NL,1,k o n t ɾ a a s ˈe ɾ,V;IND;PRS;3;PL,0,55,0.0
90L_10NL_1_3,90L_10NL,1,k o n t ɾ a a s ˈe ɾ,V;IND;PRS;3;PL,0,55,0.0
90L_10NL_1_4,90L_10NL,1,k o n t ɾ a a s ˈe ɾ,V;IND;PRS;3;PL,0,55,0.0
90L_10NL_1_1,90L_10NL,1,k o n t ɾ a a s ˈe ɾ,V;IND;PRS;3;SG,0,55,0.0
90L_10NL_1_2,90L_10NL,1,k o n t ɾ a a s ˈe ɾ,V;IND;PRS;3;SG,0,55,0.0
90L_10NL_1_3,90L_10NL,1,k o n t ɾ a a s ˈe ɾ,V;IND;PRS;3;SG,0,55,0.0
90L_10NL_1_4,90L_10NL,1,k o n t ɾ a a s ˈe ɾ,V;IND;PRS;3;SG,0,55,0.0
90L_10NL_1_1,90L_10NL,1,k o n t ɾ a a s ˈe ɾ,V;SBJV;PRS;1;PL,0,55,0.0
90L_10NL_1_2,90L_10NL,1,k o n t ɾ a a s ˈe ɾ,V;SBJV;PRS;1;PL,0,55,0.0
90L_10NL_1_3,90L_10NL,1,k o n t ɾ a a s ˈe ɾ,V;SBJV;PRS;1;PL,0,55,0.0
90L_10NL_1_4,90L_10NL,1,k o n t ɾ a a s ˈe ɾ,V;SBJV;PRS;1;PL,0,55,0.0
90L_10NL_1_1,90L_10NL,1,k o n t ɾ a a s ˈe ɾ,V;SBJV;PRS;1;SG,0,55,0.0
90L_10NL_1_2,90L_10NL,1,k o n t ɾ a a s ˈe ɾ,V;SBJV;PRS;1;SG,0,55,0.0
90L_10NL_1_3,90L_10NL,1,k o n t ɾ a a s ˈe ɾ,V;SBJV;PRS;1;SG,0,55,0.0
90L_10NL_1_4,90L_10NL,1,k o n t ɾ a a s ˈe ɾ,V;SBJV;PRS;1;SG,0,55,0.0
90L_10NL_1_1,90L_10NL,1,k o n t ɾ a a s ˈe ɾ,V;SBJV;PRS;2;PL,0,55,0.0
90L_10NL_1_2,90L_10NL,1,k o n t ɾ a a s ˈe ɾ,V;SBJV;PRS;2;PL,0,55,0.0
90L_10NL_1_3,90L_10NL,1,k o n t ɾ a a s ˈe ɾ,V;SBJV;PRS;2;PL,0,55,0.0
90L_10NL_1_4,90L_10NL,1,k o n t ɾ a a s ˈe ɾ,V;SBJV;PRS;2;PL,0,55,0.0
90L_10NL_1_1,90L_10NL,1,k o n t ɾ a a s ˈe ɾ,V;SBJV;PRS;2;SG,0,55,0.0
90L_10NL_1_2,90L_10NL,1,k o n t ɾ a a s ˈe ɾ,V;SBJV;PRS;2;SG,0,55,0.0
90L_10NL_1_3,90L_10NL,1,k o n t ɾ a a s ˈe ɾ,V;SBJV;PRS;2;SG,0,55,0.0
90L_10NL_1_4,90L_10NL,1,k o n t ɾ a a s ˈe ɾ,V;SBJV;PRS;2;SG,0,55,0.0
90L_10NL_1_1,90L_10NL,1,k o n t ɾ a a s ˈe ɾ,V;SBJV;PRS;3;PL,0,55,0.0
90L_10NL_1_2,90L_10NL,1,k o n t ɾ a a s ˈe ɾ,V;SBJV;PRS;3;PL,0,55,0.0
90L_10NL_1_3,90L_10NL,1,k o n t ɾ a a s ˈe ɾ,V;SBJV;PRS;3;PL,0,55,0.0
90L_10NL_1_4,90L_10NL,1,k o n t ɾ a a s ˈe ɾ,V;SBJV;PRS;3;PL,0,55,0.0
90L_10NL_1_1,90L_10NL,1,k o n t ɾ a a s ˈe ɾ,V;SBJV;PRS;3;SG,0,55,0.0
90L_10NL_1_2,90L_10NL,1,k o n t ɾ a a s ˈe ɾ,V;SBJV;PRS;3;SG,0,55,0.0
90L_10NL_1_3,90L_10NL,1,k o n t ɾ a a s ˈe ɾ,V;SBJV;PRS;3;SG,0,55,0.0
90L_10NL_1_4,90L_10NL,1,k o n t ɾ a a s ˈe ɾ,V;SBJV;PRS;3;SG,0,55,0.0
90L_10NL_1_1,90L_10NL,1,k o n t ɾ a ˈe ɾ,V;IND;PRS;1;PL,55,55,100.0
90L_10NL_1_2,90L_10NL,1,k o n t ɾ a ˈe ɾ,V;IND;PRS;1;PL,55,55,100.0
90L_10NL_1_3,90L_10NL,1,k o n t ɾ a ˈe ɾ,V;IND;PRS;1;PL,55,55,100.0
90L_10NL_1_4,90L_10NL,1,k o n t ɾ a ˈe ɾ,V;IND;PRS;1;PL,55,55,100.0
90L_10NL_1_1,90L_10NL,1,k o n t ɾ a ˈe ɾ,V;IND;PRS;1;SG,55,55,100.0
90L_10NL_1_2,90L_10NL,1,k o n t ɾ a ˈe ɾ,V;IND;PRS;1;SG,55,55,100.0
90L_10NL_1_3,90L_10NL,1,k o n t ɾ a ˈe ɾ,V;IND;PRS;1;SG,55,55,100.0
90L_10NL_1_4,90L_10NL,1,k o n t ɾ a ˈe ɾ,V;IND;PRS;1;SG,55,55,100.0
90L_10NL_1_1,90L_10NL,1,k o n t ɾ a ˈe ɾ,V;IND;PRS;2;PL,55,55,100.0
90L_10NL_1_2,90L_10NL,1,k o n t ɾ a ˈe ɾ,V;IND;PRS;2;PL,55,55,100.0
90L_10NL_1_3,90L_10NL,1,k o n t ɾ a ˈe ɾ,V;IND;PRS;2;PL,55,55,100.0
90L_10NL_1_4,90L_10NL,1,k o n t ɾ a ˈe ɾ,V;IND;PRS;2;PL,55,55,100.0
90L_10NL_1_1,90L_10NL,1,k o n t ɾ a ˈe ɾ,V;IND;PRS;2;SG,55,55,100.0
90L_10NL_1_2,90L_10NL,1,k o n t ɾ a ˈe ɾ,V;IND;PRS;2;SG,55,55,100.0
90L_10NL_1_3,90L_10NL,1,k o n t ɾ a ˈe ɾ,V;IND;PRS;2;SG,55,55,100.0
90L_10NL_1_4,90L_10NL,1,k o n t ɾ a ˈe ɾ,V;IND;PRS;2;SG,55,55,100.0
90L_10NL_1_1,90L_10NL,1,k o n t ɾ a ˈe ɾ,V;IND;PRS;3;PL,55,55,100.0
90L_10NL_1_2,90L_10NL,1,k o n t ɾ a ˈe ɾ,V;IND;PRS;3;PL,55,55,100.0
90L_10NL_1_3,90L_10NL,1,k o n t ɾ a ˈe ɾ,V;IND;PRS;3;PL,55,55,100.0
90L_10NL_1_4,90L_10NL,1,k o n t ɾ a ˈe ɾ,V;IND;PRS;3;PL,55,55,100.0
90L_10NL_1_1,90L_10NL,1,k o n t ɾ a ˈe ɾ,V;IND;PRS;3;SG,55,55,100.0
90L_10NL_1_2,90L_10NL,1,k o n t ɾ a ˈe ɾ,V;IND;PRS;3;SG,55,55,100.0
90L_10NL_1_3,90L_10NL,1,k o n t ɾ a ˈe ɾ,V;IND;PRS;3;SG,55,55,100.0
90L_10NL_1_4,90L_10NL,1,k o n t ɾ a ˈe ɾ,V;IND;PRS;3;SG,55,55,100.0
90L_10NL_1_1,90L_10NL,1,k o n t ɾ a ˈe ɾ,V;SBJV;PRS;1;PL,55,55,100.0
90L_10NL_1_2,90L_10NL,1,k o n t ɾ a ˈe ɾ,V;SBJV;PRS;1;PL,55,55,100.0
90L_10NL_1_3,90L_10NL,1,k o n t ɾ a ˈe ɾ,V;SBJV;PRS;1;PL,55,55,100.0
90L_10NL_1_4,90L_10NL,1,k o n t ɾ a ˈe ɾ,V;SBJV;PRS;1;PL,55,55,100.0
90L_10NL_1_1,90L_10NL,1,k o n t ɾ a ˈe ɾ,V;SBJV;PRS;1;SG,55,55,100.0
90L_10NL_1_2,90L_10NL,1,k o n t ɾ a ˈe ɾ,V;SBJV;PRS;1;SG,55,55,100.0
90L_10NL_1_3,90L_10NL,1,k o n t ɾ a ˈe ɾ,V;SBJV;PRS;1;SG,55,55,100.0
90L_10NL_1_4,90L_10NL,1,k o n t ɾ a ˈe ɾ,V;SBJV;PRS;1;SG,55,55,100.0
90L_10NL_1_1,90L_10NL,1,k o n t ɾ a ˈe ɾ,V;SBJV;PRS;2;PL,54,55,98.18
90L_10NL_1_2,90L_10NL,1,k o n t ɾ a ˈe ɾ,V;SBJV;PRS;2;PL,55,55,100.0
90L_10NL_1_3,90L_10NL,1,k o n t ɾ a ˈe ɾ,V;SBJV;PRS;2;PL,55,55,100.0
90L_10NL_1_4,90L_10NL,1,k o n t ɾ a ˈe ɾ,V;SBJV;PRS;2;PL,55,55,100.0
90L_10NL_1_1,90L_10NL,1,k o n t ɾ a ˈe ɾ,V;SBJV;PRS;2;SG,55,55,100.0
90L_10NL_1_2,90L_10NL,1,k o n t ɾ a ˈe ɾ,V;SBJV;PRS;2;SG,55,55,100.0
90L_10NL_1_3,90L_10NL,1,k o n t ɾ a ˈe ɾ,V;SBJV;PRS;2;SG,55,55,100.0
90L_10NL_1_4,90L_10NL,1,k o n t ɾ a ˈe ɾ,V;SBJV;PRS;2;SG,55,55,100.0
90L_10NL_1_1,90L_10NL,1,k o n t ɾ a ˈe ɾ,V;SBJV;PRS;3;PL,55,55,100.0
90L_10NL_1_2,90L_10NL,1,k o n t ɾ a ˈe ɾ,V;SBJV;PRS;3;PL,55,55,100.0
90L_10NL_1_3,90L_10NL,1,k o n t ɾ a ˈe ɾ,V;SBJV;PRS;3;PL,55,55,100.0
90L_10NL_1_4,90L_10NL,1,k o n t ɾ a ˈe ɾ,V;SBJV;PRS;3;PL,55,55,100.0
90L_10NL_1_1,90L_10NL,1,k o n t ɾ a ˈe ɾ,V;SBJV;PRS;3;SG,55,55,100.0
90L_10NL_1_2,90L_10NL,1,k o n t ɾ a ˈe ɾ,V;SBJV;PRS;3;SG,55,55,100.0
90L_10NL_1_3,90L_10NL,1,k o n t ɾ a ˈe ɾ,V;SBJV;PRS;3;SG,55,55,100.0
90L_10NL_1_4,90L_10NL,1,k o n t ɾ a ˈe ɾ,V;SBJV;PRS;3;SG,55,55,100.0
90L_10NL_1_1,90L_10NL,1,k o p ɾ o d u s ˈi ɾ,V;IND;PRS;1;PL,55,55,100.0
90L_10NL_1_2,90L_10NL,1,k o p ɾ o d u s ˈi ɾ,V;IND;PRS;1;PL,55,55,100.0
90L_10NL_1_3,90L_10NL,1,k o p ɾ o d u s ˈi ɾ,V;IND;PRS;1;PL,55,55,100.0
90L_10NL_1_4,90L_10NL,1,k o p ɾ o d u s ˈi ɾ,V;IND;PRS;1;PL,55,55,100.0
90L_10NL_1_1,90L_10NL,1,k o p ɾ o d u s ˈi ɾ,V;IND;PRS;1;SG,55,55,100.0
90L_10NL_1_2,90L_10NL,1,k o p ɾ o d u s ˈi ɾ,V;IND;PRS;1;SG,55,55,100.0
90L_10NL_1_3,90L_10NL,1,k o p ɾ o d u s ˈi ɾ,V;IND;PRS;1;SG,55,55,100.0
90L_10NL_1_4,90L_10NL,1,k o p ɾ o d u s ˈi ɾ,V;IND;PRS;1;SG,55,55,100.0
90L_10NL_1_1,90L_10NL,1,k o p ɾ o d u s ˈi ɾ,V;IND;PRS;2;PL,55,55,100.0
90L_10NL_1_2,90L_10NL,1,k o p ɾ o d u s ˈi ɾ,V;IND;PRS;2;PL,55,55,100.0
90L_10NL_1_3,90L_10NL,1,k o p ɾ o d u s ˈi ɾ,V;IND;PRS;2;PL,55,55,100.0
90L_10NL_1_4,90L_10NL,1,k o p ɾ o d u s ˈi ɾ,V;IND;PRS;2;PL,55,55,100.0
90L_10NL_1_1,90L_10NL,1,k o p ɾ o d u s ˈi ɾ,V;IND;PRS;2;SG,55,55,100.0
90L_10NL_1_2,90L_10NL,1,k o p ɾ o d u s ˈi ɾ,V;IND;PRS;2;SG,55,55,100.0
90L_10NL_1_3,90L_10NL,1,k o p ɾ o d u s ˈi ɾ,V;IND;PRS;2;SG,55,55,100.0
90L_10NL_1_4,90L_10NL,1,k o p ɾ o d u s ˈi ɾ,V;IND;PRS;2;SG,55,55,100.0
90L_10NL_1_1,90L_10NL,1,k o p ɾ o d u s ˈi ɾ,V;IND;PRS;3;PL,55,55,100.0
90L_10NL_1_2,90L_10NL,1,k o p ɾ o d u s ˈi ɾ,V;IND;PRS;3;PL,55,55,100.0
90L_10NL_1_3,90L_10NL,1,k o p ɾ o d u s ˈi ɾ,V;IND;PRS;3;PL,55,55,100.0
90L_10NL_1_4,90L_10NL,1,k o p ɾ o d u s ˈi ɾ,V;IND;PRS;3;PL,55,55,100.0
90L_10NL_1_1,90L_10NL,1,k o p ɾ o d u s ˈi ɾ,V;IND;PRS;3;SG,55,55,100.0
90L_10NL_1_2,90L_10NL,1,k o p ɾ o d u s ˈi ɾ,V;IND;PRS;3;SG,55,55,100.0
90L_10NL_1_3,90L_10NL,1,k o p ɾ o d u s ˈi ɾ,V;IND;PRS;3;SG,55,55,100.0
90L_10NL_1_4,90L_10NL,1,k o p ɾ o d u s ˈi ɾ,V;IND;PRS;3;SG,55,55,100.0
90L_10NL_1_1,90L_10NL,1,k o p ɾ o d u s ˈi ɾ,V;SBJV;PRS;1;PL,55,55,100.0
90L_10NL_1_2,90L_10NL,1,k o p ɾ o d u s ˈi ɾ,V;SBJV;PRS;1;PL,55,55,100.0
90L_10NL_1_3,90L_10NL,1,k o p ɾ o d u s ˈi ɾ,V;SBJV;PRS;1;PL,55,55,100.0
90L_10NL_1_4,90L_10NL,1,k o p ɾ o d u s ˈi ɾ,V;SBJV;PRS;1;PL,55,55,100.0
90L_10NL_1_1,90L_10NL,1,k o p ɾ o d u s ˈi ɾ,V;SBJV;PRS;1;SG,55,55,100.0
90L_10NL_1_2,90L_10NL,1,k o p ɾ o d u s ˈi ɾ,V;SBJV;PRS;1;SG,55,55,100.0
90L_10NL_1_3,90L_10NL,1,k o p ɾ o d u s ˈi ɾ,V;SBJV;PRS;1;SG,55,55,100.0
90L_10NL_1_4,90L_10NL,1,k o p ɾ o d u s ˈi ɾ,V;SBJV;PRS;1;SG,55,55,100.0
90L_10NL_1_1,90L_10NL,1,k o p ɾ o d u s ˈi ɾ,V;SBJV;PRS;2;PL,55,55,100.0
90L_10NL_1_2,90L_10NL,1,k o p ɾ o d u s ˈi ɾ,V;SBJV;PRS;2;PL,55,55,100.0
90L_10NL_1_3,90L_10NL,1,k o p ɾ o d u s ˈi ɾ,V;SBJV;PRS;2;PL,55,55,100.0
90L_10NL_1_4,90L_10NL,1,k o p ɾ o d u s ˈi ɾ,V;SBJV;PRS;2;PL,55,55,100.0
90L_10NL_1_1,90L_10NL,1,k o p ɾ o d u s ˈi ɾ,V;SBJV;PRS;2;SG,55,55,100.0
90L_10NL_1_2,90L_10NL,1,k o p ɾ o d u s ˈi ɾ,V;SBJV;PRS;2;SG,55,55,100.0
90L_10NL_1_3,90L_10NL,1,k o p ɾ o d u s ˈi ɾ,V;SBJV;PRS;2;SG,55,55,100.0
90L_10NL_1_4,90L_10NL,1,k o p ɾ o d u s ˈi ɾ,V;SBJV;PRS;2;SG,55,55,100.0
90L_10NL_1_1,90L_10NL,1,k o p ɾ o d u s ˈi ɾ,V;SBJV;PRS;3;PL,55,55,100.0
90L_10NL_1_2,90L_10NL,1,k o p ɾ o d u s ˈi ɾ,V;SBJV;PRS;3;PL,55,55,100.0
90L_10NL_1_3,90L_10NL,1,k o p ɾ o d u s ˈi ɾ,V;SBJV;PRS;3;PL,55,55,100.0
90L_10NL_1_4,90L_10NL,1,k o p ɾ o d u s ˈi ɾ,V;SBJV;PRS;3;PL,55,55,100.0
90L_10NL_1_1,90L_10NL,1,k o p ɾ o d u s ˈi ɾ,V;SBJV;PRS;3;SG,55,55,100.0
90L_10NL_1_2,90L_10NL,1,k o p ɾ o d u s ˈi ɾ,V;SBJV;PRS;3;SG,55,55,100.0
90L_10NL_1_3,90L_10NL,1,k o p ɾ o d u s ˈi ɾ,V;SBJV;PRS;3;SG,55,55,100.0
90L_10NL_1_4,90L_10NL,1,k o p ɾ o d u s ˈi ɾ,V;SBJV;PRS;3;SG,55,55,100.0
90L_10NL_1_1,90L_10NL,1,n a s ˈe ɾ,V;IND;PRS;1;PL,55,55,100.0
90L_10NL_1_2,90L_10NL,1,n a s ˈe ɾ,V;IND;PRS;1;PL,52,55,94.55
90L_10NL_1_3,90L_10NL,1,n a s ˈe ɾ,V;IND;PRS;1;PL,55,55,100.0
90L_10NL_1_4,90L_10NL,1,n a s ˈe ɾ,V;IND;PRS;1;PL,51,55,92.73
90L_10NL_1_1,90L_10NL,1,n a s ˈe ɾ,V;IND;PRS;1;SG,55,55,100.0
90L_10NL_1_2,90L_10NL,1,n a s ˈe ɾ,V;IND;PRS;1;SG,51,55,92.73
90L_10NL_1_3,90L_10NL,1,n a s ˈe ɾ,V;IND;PRS;1;SG,55,55,100.0
90L_10NL_1_4,90L_10NL,1,n a s ˈe ɾ,V;IND;PRS;1;SG,50,55,90.91
90L_10NL_1_1,90L_10NL,1,n a s ˈe ɾ,V;IND;PRS;2;PL,55,55,100.0
90L_10NL_1_2,90L_10NL,1,n a s ˈe ɾ,V;IND;PRS;2;PL,49,55,89.09
90L_10NL_1_3,90L_10NL,1,n a s ˈe ɾ,V;IND;PRS;2;PL,55,55,100.0
90L_10NL_1_4,90L_10NL,1,n a s ˈe ɾ,V;IND;PRS;2;PL,54,55,98.18
90L_10NL_1_1,90L_10NL,1,n a s ˈe ɾ,V;IND;PRS;2;SG,55,55,100.0
90L_10NL_1_2,90L_10NL,1,n a s ˈe ɾ,V;IND;PRS;2;SG,51,55,92.73
90L_10NL_1_3,90L_10NL,1,n a s ˈe ɾ,V;IND;PRS;2;SG,55,55,100.0
90L_10NL_1_4,90L_10NL,1,n a s ˈe ɾ,V;IND;PRS;2;SG,55,55,100.0
90L_10NL_1_1,90L_10NL,1,n a s ˈe ɾ,V;IND;PRS;3;PL,55,55,100.0
90L_10NL_1_2,90L_10NL,1,n a s ˈe ɾ,V;IND;PRS;3;PL,49,55,89.09
90L_10NL_1_3,90L_10NL,1,n a s ˈe ɾ,V;IND;PRS;3;PL,55,55,100.0
90L_10NL_1_4,90L_10NL,1,n a s ˈe ɾ,V;IND;PRS;3;PL,55,55,100.0
90L_10NL_1_1,90L_10NL,1,n a s ˈe ɾ,V;IND;PRS;3;SG,55,55,100.0
90L_10NL_1_2,90L_10NL,1,n a s ˈe ɾ,V;IND;PRS;3;SG,48,55,87.27
90L_10NL_1_3,90L_10NL,1,n a s ˈe ɾ,V;IND;PRS;3;SG,55,55,100.0
90L_10NL_1_4,90L_10NL,1,n a s ˈe ɾ,V;IND;PRS;3;SG,55,55,100.0
90L_10NL_1_1,90L_10NL,1,n a s ˈe ɾ,V;SBJV;PRS;1;PL,55,55,100.0
90L_10NL_1_2,90L_10NL,1,n a s ˈe ɾ,V;SBJV;PRS;1;PL,53,55,96.36
90L_10NL_1_3,90L_10NL,1,n a s ˈe ɾ,V;SBJV;PRS;1;PL,55,55,100.0
90L_10NL_1_4,90L_10NL,1,n a s ˈe ɾ,V;SBJV;PRS;1;PL,49,55,89.09
90L_10NL_1_1,90L_10NL,1,n a s ˈe ɾ,V;SBJV;PRS;1;SG,55,55,100.0
90L_10NL_1_2,90L_10NL,1,n a s ˈe ɾ,V;SBJV;PRS;1;SG,55,55,100.0
90L_10NL_1_3,90L_10NL,1,n a s ˈe ɾ,V;SBJV;PRS;1;SG,55,55,100.0
90L_10NL_1_4,90L_10NL,1,n a s ˈe ɾ,V;SBJV;PRS;1;SG,55,55,100.0
90L_10NL_1_1,90L_10NL,1,n a s ˈe ɾ,V;SBJV;PRS;2;PL,55,55,100.0
90L_10NL_1_2,90L_10NL,1,n a s ˈe ɾ,V;SBJV;PRS;2;PL,47,55,85.45
90L_10NL_1_3,90L_10NL,1,n a s ˈe ɾ,V;SBJV;PRS;2;PL,55,55,100.0
90L_10NL_1_4,90L_10NL,1,n a s ˈe ɾ,V;SBJV;PRS;2;PL,47,55,85.45
90L_10NL_1_1,90L_10NL,1,n a s ˈe ɾ,V;SBJV;PRS;2;SG,55,55,100.0
90L_10NL_1_2,90L_10NL,1,n a s ˈe ɾ,V;SBJV;PRS;2;SG,55,55,100.0
90L_10NL_1_3,90L_10NL,1,n a s ˈe ɾ,V;SBJV;PRS;2;SG,55,55,100.0
90L_10NL_1_4,90L_10NL,1,n a s ˈe ɾ,V;SBJV;PRS;2;SG,53,55,96.36
90L_10NL_1_1,90L_10NL,1,n a s ˈe ɾ,V;SBJV;PRS;3;PL,53,55,96.36
90L_10NL_1_2,90L_10NL,1,n a s ˈe ɾ,V;SBJV;PRS;3;PL,55,55,100.0
90L_10NL_1_3,90L_10NL,1,n a s ˈe ɾ,V;SBJV;PRS;3;PL,55,55,100.0
90L_10NL_1_4,90L_10NL,1,n a s ˈe ɾ,V;SBJV;PRS;3;PL,50,55,90.91
90L_10NL_1_1,90L_10NL,1,n a s ˈe ɾ,V;SBJV;PRS;3;SG,55,55,100.0
90L_10NL_1_2,90L_10NL,1,n a s ˈe ɾ,V;SBJV;PRS;3;SG,55,55,100.0
90L_10NL_1_3,90L_10NL,1,n a s ˈe ɾ,V;SBJV;PRS;3;SG,55,55,100.0
90L_10NL_1_4,90L_10NL,1,n a s ˈe ɾ,V;SBJV;PRS;3;SG,55,55,100.0
90L_10NL_1_1,90L_10NL,1,o p o n ˈe ɾ,V;IND;PRS;1;PL,55,55,100.0
90L_10NL_1_2,90L_10NL,1,o p o n ˈe ɾ,V;IND;PRS;1;PL,55,55,100.0
90L_10NL_1_3,90L_10NL,1,o p o n ˈe ɾ,V;IND;PRS;1;PL,55,55,100.0
90L_10NL_1_4,90L_10NL,1,o p o n ˈe ɾ,V;IND;PRS;1;PL,55,55,100.0
90L_10NL_1_1,90L_10NL,1,o p o n ˈe ɾ,V;IND;PRS;1;SG,55,55,100.0
90L_10NL_1_2,90L_10NL,1,o p o n ˈe ɾ,V;IND;PRS;1;SG,55,55,100.0
90L_10NL_1_3,90L_10NL,1,o p o n ˈe ɾ,V;IND;PRS;1;SG,55,55,100.0
90L_10NL_1_4,90L_10NL,1,o p o n ˈe ɾ,V;IND;PRS;1;SG,55,55,100.0
90L_10NL_1_1,90L_10NL,1,o p o n ˈe ɾ,V;IND;PRS;2;PL,55,55,100.0
90L_10NL_1_2,90L_10NL,1,o p o n ˈe ɾ,V;IND;PRS;2;PL,55,55,100.0
90L_10NL_1_3,90L_10NL,1,o p o n ˈe ɾ,V;IND;PRS;2;PL,55,55,100.0
90L_10NL_1_4,90L_10NL,1,o p o n ˈe ɾ,V;IND;PRS;2;PL,55,55,100.0
90L_10NL_1_1,90L_10NL,1,o p o n ˈe ɾ,V;IND;PRS;2;SG,55,55,100.0
90L_10NL_1_2,90L_10NL,1,o p o n ˈe ɾ,V;IND;PRS;2;SG,55,55,100.0
90L_10NL_1_3,90L_10NL,1,o p o n ˈe ɾ,V;IND;PRS;2;SG,55,55,100.0
90L_10NL_1_4,90L_10NL,1,o p o n ˈe ɾ,V;IND;PRS;2;SG,55,55,100.0
90L_10NL_1_1,90L_10NL,1,o p o n ˈe ɾ,V;IND;PRS;3;PL,55,55,100.0
90L_10NL_1_2,90L_10NL,1,o p o n ˈe ɾ,V;IND;PRS;3;PL,55,55,100.0
90L_10NL_1_3,90L_10NL,1,o p o n ˈe ɾ,V;IND;PRS;3;PL,55,55,100.0
90L_10NL_1_4,90L_10NL,1,o p o n ˈe ɾ,V;IND;PRS;3;PL,55,55,100.0
90L_10NL_1_1,90L_10NL,1,o p o n ˈe ɾ,V;IND;PRS;3;SG,55,55,100.0
90L_10NL_1_2,90L_10NL,1,o p o n ˈe ɾ,V;IND;PRS;3;SG,55,55,100.0
90L_10NL_1_3,90L_10NL,1,o p o n ˈe ɾ,V;IND;PRS;3;SG,55,55,100.0
90L_10NL_1_4,90L_10NL,1,o p o n ˈe ɾ,V;IND;PRS;3;SG,55,55,100.0
90L_10NL_1_1,90L_10NL,1,o p o n ˈe ɾ,V;SBJV;PRS;1;PL,55,55,100.0
90L_10NL_1_2,90L_10NL,1,o p o n ˈe ɾ,V;SBJV;PRS;1;PL,55,55,100.0
90L_10NL_1_3,90L_10NL,1,o p o n ˈe ɾ,V;SBJV;PRS;1;PL,55,55,100.0
90L_10NL_1_4,90L_10NL,1,o p o n ˈe ɾ,V;SBJV;PRS;1;PL,55,55,100.0
90L_10NL_1_1,90L_10NL,1,o p o n ˈe ɾ,V;SBJV;PRS;1;SG,55,55,100.0
90L_10NL_1_2,90L_10NL,1,o p o n ˈe ɾ,V;SBJV;PRS;1;SG,55,55,100.0
90L_10NL_1_3,90L_10NL,1,o p o n ˈe ɾ,V;SBJV;PRS;1;SG,55,55,100.0
90L_10NL_1_4,90L_10NL,1,o p o n ˈe ɾ,V;SBJV;PRS;1;SG,55,55,100.0
90L_10NL_1_1,90L_10NL,1,o p o n ˈe ɾ,V;SBJV;PRS;2;PL,55,55,100.0
90L_10NL_1_2,90L_10NL,1,o p o n ˈe ɾ,V;SBJV;PRS;2;PL,55,55,100.0
90L_10NL_1_3,90L_10NL,1,o p o n ˈe ɾ,V;SBJV;PRS;2;PL,55,55,100.0
90L_10NL_1_4,90L_10NL,1,o p o n ˈe ɾ,V;SBJV;PRS;2;PL,55,55,100.0
90L_10NL_1_1,90L_10NL,1,o p o n ˈe ɾ,V;SBJV;PRS;2;SG,55,55,100.0
90L_10NL_1_2,90L_10NL,1,o p o n ˈe ɾ,V;SBJV;PRS;2;SG,55,55,100.0
90L_10NL_1_3,90L_10NL,1,o p o n ˈe ɾ,V;SBJV;PRS;2;SG,55,55,100.0
90L_10NL_1_4,90L_10NL,1,o p o n ˈe ɾ,V;SBJV;PRS;2;SG,55,55,100.0
90L_10NL_1_1,90L_10NL,1,o p o n ˈe ɾ,V;SBJV;PRS;3;PL,55,55,100.0
90L_10NL_1_2,90L_10NL,1,o p o n ˈe ɾ,V;SBJV;PRS;3;PL,55,55,100.0
90L_10NL_1_3,90L_10NL,1,o p o n ˈe ɾ,V;SBJV;PRS;3;PL,55,55,100.0
90L_10NL_1_4,90L_10NL,1,o p o n ˈe ɾ,V;SBJV;PRS;3;PL,55,55,100.0
90L_10NL_1_1,90L_10NL,1,o p o n ˈe ɾ,V;SBJV;PRS;3;SG,55,55,100.0
90L_10NL_1_2,90L_10NL,1,o p o n ˈe ɾ,V;SBJV;PRS;3;SG,55,55,100.0
90L_10NL_1_3,90L_10NL,1,o p o n ˈe ɾ,V;SBJV;PRS;3;SG,55,55,100.0
90L_10NL_1_4,90L_10NL,1,o p o n ˈe ɾ,V;SBJV;PRS;3;SG,55,55,100.0
90L_10NL_1_1,90L_10NL,1,o s k u ɾ e s ˈe ɾ,V;IND;PRS;1;PL,55,55,100.0
90L_10NL_1_2,90L_10NL,1,o s k u ɾ e s ˈe ɾ,V;IND;PRS;1;PL,55,55,100.0
90L_10NL_1_3,90L_10NL,1,o s k u ɾ e s ˈe ɾ,V;IND;PRS;1;PL,55,55,100.0
90L_10NL_1_4,90L_10NL,1,o s k u ɾ e s ˈe ɾ,V;IND;PRS;1;PL,55,55,100.0
90L_10NL_1_1,90L_10NL,1,o s k u ɾ e s ˈe ɾ,V;IND;PRS;1;SG,55,55,100.0
90L_10NL_1_2,90L_10NL,1,o s k u ɾ e s ˈe ɾ,V;IND;PRS;1;SG,55,55,100.0
90L_10NL_1_3,90L_10NL,1,o s k u ɾ e s ˈe ɾ,V;IND;PRS;1;SG,55,55,100.0
90L_10NL_1_4,90L_10NL,1,o s k u ɾ e s ˈe ɾ,V;IND;PRS;1;SG,55,55,100.0
90L_10NL_1_1,90L_10NL,1,o s k u ɾ e s ˈe ɾ,V;IND;PRS;2;PL,55,55,100.0
90L_10NL_1_2,90L_10NL,1,o s k u ɾ e s ˈe ɾ,V;IND;PRS;2;PL,55,55,100.0
90L_10NL_1_3,90L_10NL,1,o s k u ɾ e s ˈe ɾ,V;IND;PRS;2;PL,55,55,100.0
90L_10NL_1_4,90L_10NL,1,o s k u ɾ e s ˈe ɾ,V;IND;PRS;2;PL,55,55,100.0
90L_10NL_1_1,90L_10NL,1,o s k u ɾ e s ˈe ɾ,V;IND;PRS;2;SG,55,55,100.0
90L_10NL_1_2,90L_10NL,1,o s k u ɾ e s ˈe ɾ,V;IND;PRS;2;SG,55,55,100.0
90L_10NL_1_3,90L_10NL,1,o s k u ɾ e s ˈe ɾ,V;IND;PRS;2;SG,55,55,100.0
90L_10NL_1_4,90L_10NL,1,o s k u ɾ e s ˈe ɾ,V;IND;PRS;2;SG,55,55,100.0
90L_10NL_1_1,90L_10NL,1,o s k u ɾ e s ˈe ɾ,V;IND;PRS;3;PL,55,55,100.0
90L_10NL_1_2,90L_10NL,1,o s k u ɾ e s ˈe ɾ,V;IND;PRS;3;PL,55,55,100.0
90L_10NL_1_3,90L_10NL,1,o s k u ɾ e s ˈe ɾ,V;IND;PRS;3;PL,55,55,100.0
90L_10NL_1_4,90L_10NL,1,o s k u ɾ e s ˈe ɾ,V;IND;PRS;3;PL,55,55,100.0
90L_10NL_1_1,90L_10NL,1,o s k u ɾ e s ˈe ɾ,V;IND;PRS;3;SG,55,55,100.0
90L_10NL_1_2,90L_10NL,1,o s k u ɾ e s ˈe ɾ,V;IND;PRS;3;SG,55,55,100.0
90L_10NL_1_3,90L_10NL,1,o s k u ɾ e s ˈe ɾ,V;IND;PRS;3;SG,55,55,100.0
90L_10NL_1_4,90L_10NL,1,o s k u ɾ e s ˈe ɾ,V;IND;PRS;3;SG,55,55,100.0
90L_10NL_1_1,90L_10NL,1,o s k u ɾ e s ˈe ɾ,V;SBJV;PRS;1;PL,55,55,100.0
90L_10NL_1_2,90L_10NL,1,o s k u ɾ e s ˈe ɾ,V;SBJV;PRS;1;PL,55,55,100.0
90L_10NL_1_3,90L_10NL,1,o s k u ɾ e s ˈe ɾ,V;SBJV;PRS;1;PL,55,55,100.0
90L_10NL_1_4,90L_10NL,1,o s k u ɾ e s ˈe ɾ,V;SBJV;PRS;1;PL,55,55,100.0
90L_10NL_1_1,90L_10NL,1,o s k u ɾ e s ˈe ɾ,V;SBJV;PRS;1;SG,55,55,100.0
90L_10NL_1_2,90L_10NL,1,o s k u ɾ e s ˈe ɾ,V;SBJV;PRS;1;SG,55,55,100.0
90L_10NL_1_3,90L_10NL,1,o s k u ɾ e s ˈe ɾ,V;SBJV;PRS;1;SG,55,55,100.0
90L_10NL_1_4,90L_10NL,1,o s k u ɾ e s ˈe ɾ,V;SBJV;PRS;1;SG,55,55,100.0
90L_10NL_1_1,90L_10NL,1,o s k u ɾ e s ˈe ɾ,V;SBJV;PRS;2;PL,55,55,100.0
90L_10NL_1_2,90L_10NL,1,o s k u ɾ e s ˈe ɾ,V;SBJV;PRS;2;PL,55,55,100.0
90L_10NL_1_3,90L_10NL,1,o s k u ɾ e s ˈe ɾ,V;SBJV;PRS;2;PL,55,55,100.0
90L_10NL_1_4,90L_10NL,1,o s k u ɾ e s ˈe ɾ,V;SBJV;PRS;2;PL,55,55,100.0
90L_10NL_1_1,90L_10NL,1,o s k u ɾ e s ˈe ɾ,V;SBJV;PRS;2;SG,55,55,100.0
90L_10NL_1_2,90L_10NL,1,o s k u ɾ e s ˈe ɾ,V;SBJV;PRS;2;SG,55,55,100.0
90L_10NL_1_3,90L_10NL,1,o s k u ɾ e s ˈe ɾ,V;SBJV;PRS;2;SG,55,55,100.0
90L_10NL_1_4,90L_10NL,1,o s k u ɾ e s ˈe ɾ,V;SBJV;PRS;2;SG,55,55,100.0
90L_10NL_1_1,90L_10NL,1,o s k u ɾ e s ˈe ɾ,V;SBJV;PRS;3;PL,55,55,100.0
90L_10NL_1_2,90L_10NL,1,o s k u ɾ e s ˈe ɾ,V;SBJV;PRS;3;PL,55,55,100.0
90L_10NL_1_3,90L_10NL,1,o s k u ɾ e s ˈe ɾ,V;SBJV;PRS;3;PL,55,55,100.0
90L_10NL_1_4,90L_10NL,1,o s k u ɾ e s ˈe ɾ,V;SBJV;PRS;3;PL,55,55,100.0
90L_10NL_1_1,90L_10NL,1,o s k u ɾ e s ˈe ɾ,V;SBJV;PRS;3;SG,55,55,100.0
90L_10NL_1_2,90L_10NL,1,o s k u ɾ e s ˈe ɾ,V;SBJV;PRS;3;SG,55,55,100.0
90L_10NL_1_3,90L_10NL,1,o s k u ɾ e s ˈe ɾ,V;SBJV;PRS;3;SG,55,55,100.0
90L_10NL_1_4,90L_10NL,1,o s k u ɾ e s ˈe ɾ,V;SBJV;PRS;3;SG,55,55,100.0
90L_10NL_1_1,90L_10NL,1,p a l i d e s ˈe ɾ,V;IND;PRS;1;PL,55,55,100.0
90L_10NL_1_2,90L_10NL,1,p a l i d e s ˈe ɾ,V;IND;PRS;1;PL,55,55,100.0
90L_10NL_1_3,90L_10NL,1,p a l i d e s ˈe ɾ,V;IND;PRS;1;PL,55,55,100.0
90L_10NL_1_4,90L_10NL,1,p a l i d e s ˈe ɾ,V;IND;PRS;1;PL,0,55,0.0
90L_10NL_1_1,90L_10NL,1,p a l i d e s ˈe ɾ,V;IND;PRS;1;SG,55,55,100.0
90L_10NL_1_2,90L_10NL,1,p a l i d e s ˈe ɾ,V;IND;PRS;1;SG,55,55,100.0
90L_10NL_1_3,90L_10NL,1,p a l i d e s ˈe ɾ,V;IND;PRS;1;SG,55,55,100.0
90L_10NL_1_4,90L_10NL,1,p a l i d e s ˈe ɾ,V;IND;PRS;1;SG,0,55,0.0
90L_10NL_1_1,90L_10NL,1,p a l i d e s ˈe ɾ,V;IND;PRS;2;PL,55,55,100.0
90L_10NL_1_2,90L_10NL,1,p a l i d e s ˈe ɾ,V;IND;PRS;2;PL,55,55,100.0
90L_10NL_1_3,90L_10NL,1,p a l i d e s ˈe ɾ,V;IND;PRS;2;PL,55,55,100.0
90L_10NL_1_4,90L_10NL,1,p a l i d e s ˈe ɾ,V;IND;PRS;2;PL,0,55,0.0
90L_10NL_1_1,90L_10NL,1,p a l i d e s ˈe ɾ,V;IND;PRS;2;SG,55,55,100.0
90L_10NL_1_2,90L_10NL,1,p a l i d e s ˈe ɾ,V;IND;PRS;2;SG,55,55,100.0
90L_10NL_1_3,90L_10NL,1,p a l i d e s ˈe ɾ,V;IND;PRS;2;SG,55,55,100.0
90L_10NL_1_4,90L_10NL,1,p a l i d e s ˈe ɾ,V;IND;PRS;2;SG,0,55,0.0
90L_10NL_1_1,90L_10NL,1,p a l i d e s ˈe ɾ,V;IND;PRS;3;PL,55,55,100.0
90L_10NL_1_2,90L_10NL,1,p a l i d e s ˈe ɾ,V;IND;PRS;3;PL,55,55,100.0
90L_10NL_1_3,90L_10NL,1,p a l i d e s ˈe ɾ,V;IND;PRS;3;PL,55,55,100.0
90L_10NL_1_4,90L_10NL,1,p a l i d e s ˈe ɾ,V;IND;PRS;3;PL,0,55,0.0
90L_10NL_1_1,90L_10NL,1,p a l i d e s ˈe ɾ,V;IND;PRS;3;SG,55,55,100.0
90L_10NL_1_2,90L_10NL,1,p a l i d e s ˈe ɾ,V;IND;PRS;3;SG,55,55,100.0
90L_10NL_1_3,90L_10NL,1,p a l i d e s ˈe ɾ,V;IND;PRS;3;SG,55,55,100.0
90L_10NL_1_4,90L_10NL,1,p a l i d e s ˈe ɾ,V;IND;PRS;3;SG,0,55,0.0
90L_10NL_1_1,90L_10NL,1,p a l i d e s ˈe ɾ,V;SBJV;PRS;1;PL,55,55,100.0
90L_10NL_1_2,90L_10NL,1,p a l i d e s ˈe ɾ,V;SBJV;PRS;1;PL,55,55,100.0
90L_10NL_1_3,90L_10NL,1,p a l i d e s ˈe ɾ,V;SBJV;PRS;1;PL,55,55,100.0
90L_10NL_1_4,90L_10NL,1,p a l i d e s ˈe ɾ,V;SBJV;PRS;1;PL,0,55,0.0
90L_10NL_1_1,90L_10NL,1,p a l i d e s ˈe ɾ,V;SBJV;PRS;1;SG,55,55,100.0
90L_10NL_1_2,90L_10NL,1,p a l i d e s ˈe ɾ,V;SBJV;PRS;1;SG,55,55,100.0
90L_10NL_1_3,90L_10NL,1,p a l i d e s ˈe ɾ,V;SBJV;PRS;1;SG,55,55,100.0
90L_10NL_1_4,90L_10NL,1,p a l i d e s ˈe ɾ,V;SBJV;PRS;1;SG,0,55,0.0
90L_10NL_1_1,90L_10NL,1,p a l i d e s ˈe ɾ,V;SBJV;PRS;2;PL,55,55,100.0
90L_10NL_1_2,90L_10NL,1,p a l i d e s ˈe ɾ,V;SBJV;PRS;2;PL,55,55,100.0
90L_10NL_1_3,90L_10NL,1,p a l i d e s ˈe ɾ,V;SBJV;PRS;2;PL,55,55,100.0
90L_10NL_1_4,90L_10NL,1,p a l i d e s ˈe ɾ,V;SBJV;PRS;2;PL,0,55,0.0
90L_10NL_1_1,90L_10NL,1,p a l i d e s ˈe ɾ,V;SBJV;PRS;2;SG,55,55,100.0
90L_10NL_1_2,90L_10NL,1,p a l i d e s ˈe ɾ,V;SBJV;PRS;2;SG,55,55,100.0
90L_10NL_1_3,90L_10NL,1,p a l i d e s ˈe ɾ,V;SBJV;PRS;2;SG,55,55,100.0
90L_10NL_1_4,90L_10NL,1,p a l i d e s ˈe ɾ,V;SBJV;PRS;2;SG,0,55,0.0
90L_10NL_1_1,90L_10NL,1,p a l i d e s ˈe ɾ,V;SBJV;PRS;3;PL,55,55,100.0
90L_10NL_1_2,90L_10NL,1,p a l i d e s ˈe ɾ,V;SBJV;PRS;3;PL,55,55,100.0
90L_10NL_1_3,90L_10NL,1,p a l i d e s ˈe ɾ,V;SBJV;PRS;3;PL,55,55,100.0
90L_10NL_1_4,90L_10NL,1,p a l i d e s ˈe ɾ,V;SBJV;PRS;3;PL,0,55,0.0
90L_10NL_1_1,90L_10NL,1,p a l i d e s ˈe ɾ,V;SBJV;PRS;3;SG,55,55,100.0
90L_10NL_1_2,90L_10NL,1,p a l i d e s ˈe ɾ,V;SBJV;PRS;3;SG,55,55,100.0
90L_10NL_1_3,90L_10NL,1,p a l i d e s ˈe ɾ,V;SBJV;PRS;3;SG,55,55,100.0
90L_10NL_1_4,90L_10NL,1,p a l i d e s ˈe ɾ,V;SBJV;PRS;3;SG,0,55,0.0
90L_10NL_1_1,90L_10NL,1,p ɾ e e s t a b l e s ˈe ɾ,V;IND;PRS;1;PL,0,55,0.0
90L_10NL_1_2,90L_10NL,1,p ɾ e e s t a b l e s ˈe ɾ,V;IND;PRS;1;PL,0,55,0.0
90L_10NL_1_3,90L_10NL,1,p ɾ e e s t a b l e s ˈe ɾ,V;IND;PRS;1;PL,0,55,0.0
90L_10NL_1_4,90L_10NL,1,p ɾ e e s t a b l e s ˈe ɾ,V;IND;PRS;1;PL,43,55,78.18
90L_10NL_1_1,90L_10NL,1,p ɾ e e s t a b l e s ˈe ɾ,V;IND;PRS;1;SG,0,55,0.0
90L_10NL_1_2,90L_10NL,1,p ɾ e e s t a b l e s ˈe ɾ,V;IND;PRS;1;SG,5,55,9.09
90L_10NL_1_3,90L_10NL,1,p ɾ e e s t a b l e s ˈe ɾ,V;IND;PRS;1;SG,0,55,0.0
90L_10NL_1_4,90L_10NL,1,p ɾ e e s t a b l e s ˈe ɾ,V;IND;PRS;1;SG,33,55,60.0
90L_10NL_1_1,90L_10NL,1,p ɾ e e s t a b l e s ˈe ɾ,V;IND;PRS;2;PL,0,55,0.0
90L_10NL_1_2,90L_10NL,1,p ɾ e e s t a b l e s ˈe ɾ,V;IND;PRS;2;PL,0,55,0.0
90L_10NL_1_3,90L_10NL,1,p ɾ e e s t a b l e s ˈe ɾ,V;IND;PRS;2;PL,0,55,0.0
90L_10NL_1_4,90L_10NL,1,p ɾ e e s t a b l e s ˈe ɾ,V;IND;PRS;2;PL,32,55,58.18
90L_10NL_1_1,90L_10NL,1,p ɾ e e s t a b l e s ˈe ɾ,V;IND;PRS;2;SG,0,55,0.0
90L_10NL_1_2,90L_10NL,1,p ɾ e e s t a b l e s ˈe ɾ,V;IND;PRS;2;SG,5,55,9.09
90L_10NL_1_3,90L_10NL,1,p ɾ e e s t a b l e s ˈe ɾ,V;IND;PRS;2;SG,0,55,0.0
90L_10NL_1_4,90L_10NL,1,p ɾ e e s t a b l e s ˈe ɾ,V;IND;PRS;2;SG,31,55,56.36
90L_10NL_1_1,90L_10NL,1,p ɾ e e s t a b l e s ˈe ɾ,V;IND;PRS;3;PL,0,55,0.0
90L_10NL_1_2,90L_10NL,1,p ɾ e e s t a b l e s ˈe ɾ,V;IND;PRS;3;PL,3,55,5.45
90L_10NL_1_3,90L_10NL,1,p ɾ e e s t a b l e s ˈe ɾ,V;IND;PRS;3;PL,0,55,0.0
90L_10NL_1_4,90L_10NL,1,p ɾ e e s t a b l e s ˈe ɾ,V;IND;PRS;3;PL,33,55,60.0
90L_10NL_1_1,90L_10NL,1,p ɾ e e s t a b l e s ˈe ɾ,V;IND;PRS;3;SG,0,55,0.0
90L_10NL_1_2,90L_10NL,1,p ɾ e e s t a b l e s ˈe ɾ,V;IND;PRS;3;SG,0,55,0.0
90L_10NL_1_3,90L_10NL,1,p ɾ e e s t a b l e s ˈe ɾ,V;IND;PRS;3;SG,0,55,0.0
90L_10NL_1_4,90L_10NL,1,p ɾ e e s t a b l e s ˈe ɾ,V;IND;PRS;3;SG,33,55,60.0
90L_10NL_1_1,90L_10NL,1,p ɾ e e s t a b l e s ˈe ɾ,V;SBJV;PRS;1;PL,0,55,0.0
90L_10NL_1_2,90L_10NL,1,p ɾ e e s t a b l e s ˈe ɾ,V;SBJV;PRS;1;PL,0,55,0.0
90L_10NL_1_3,90L_10NL,1,p ɾ e e s t a b l e s ˈe ɾ,V;SBJV;PRS;1;PL,0,55,0.0
90L_10NL_1_4,90L_10NL,1,p ɾ e e s t a b l e s ˈe ɾ,V;SBJV;PRS;1;PL,40,55,72.73
90L_10NL_1_1,90L_10NL,1,p ɾ e e s t a b l e s ˈe ɾ,V;SBJV;PRS;1;SG,0,55,0.0
90L_10NL_1_2,90L_10NL,1,p ɾ e e s t a b l e s ˈe ɾ,V;SBJV;PRS;1;SG,0,55,0.0
90L_10NL_1_3,90L_10NL,1,p ɾ e e s t a b l e s ˈe ɾ,V;SBJV;PRS;1;SG,0,55,0.0
90L_10NL_1_4,90L_10NL,1,p ɾ e e s t a b l e s ˈe ɾ,V;SBJV;PRS;1;SG,34,55,61.82
90L_10NL_1_1,90L_10NL,1,p ɾ e e s t a b l e s ˈe ɾ,V;SBJV;PRS;2;PL,0,55,0.0
90L_10NL_1_2,90L_10NL,1,p ɾ e e s t a b l e s ˈe ɾ,V;SBJV;PRS;2;PL,0,55,0.0
90L_10NL_1_3,90L_10NL,1,p ɾ e e s t a b l e s ˈe ɾ,V;SBJV;PRS;2;PL,0,55,0.0
90L_10NL_1_4,90L_10NL,1,p ɾ e e s t a b l e s ˈe ɾ,V;SBJV;PRS;2;PL,38,55,69.09
90L_10NL_1_1,90L_10NL,1,p ɾ e e s t a b l e s ˈe ɾ,V;SBJV;PRS;2;SG,0,55,0.0
90L_10NL_1_2,90L_10NL,1,p ɾ e e s t a b l e s ˈe ɾ,V;SBJV;PRS;2;SG,1,55,1.82
90L_10NL_1_3,90L_10NL,1,p ɾ e e s t a b l e s ˈe ɾ,V;SBJV;PRS;2;SG,0,55,0.0
90L_10NL_1_4,90L_10NL,1,p ɾ e e s t a b l e s ˈe ɾ,V;SBJV;PRS;2;SG,35,55,63.64
90L_10NL_1_1,90L_10NL,1,p ɾ e e s t a b l e s ˈe ɾ,V;SBJV;PRS;3;PL,0,55,0.0
90L_10NL_1_2,90L_10NL,1,p ɾ e e s t a b l e s ˈe ɾ,V;SBJV;PRS;3;PL,5,55,9.09
90L_10NL_1_3,90L_10NL,1,p ɾ e e s t a b l e s ˈe ɾ,V;SBJV;PRS;3;PL,0,55,0.0
90L_10NL_1_4,90L_10NL,1,p ɾ e e s t a b l e s ˈe ɾ,V;SBJV;PRS;3;PL,34,55,61.82
90L_10NL_1_1,90L_10NL,1,p ɾ e e s t a b l e s ˈe ɾ,V;SBJV;PRS;3;SG,0,55,0.0
90L_10NL_1_2,90L_10NL,1,p ɾ e e s t a b l e s ˈe ɾ,V;SBJV;PRS;3;SG,0,55,0.0
90L_10NL_1_3,90L_10NL,1,p ɾ e e s t a b l e s ˈe ɾ,V;SBJV;PRS;3;SG,0,55,0.0
90L_10NL_1_4,90L_10NL,1,p ɾ e e s t a b l e s ˈe ɾ,V;SBJV;PRS;3;SG,35,55,63.64
90L_10NL_1_1,90L_10NL,1,s i ɾ k u n b e n ˈi ɾ,V;IND;PRS;1;PL,55,55,100.0
90L_10NL_1_2,90L_10NL,1,s i ɾ k u n b e n ˈi ɾ,V;IND;PRS;1;PL,0,55,0.0
90L_10NL_1_3,90L_10NL,1,s i ɾ k u n b e n ˈi ɾ,V;IND;PRS;1;PL,55,55,100.0
90L_10NL_1_4,90L_10NL,1,s i ɾ k u n b e n ˈi ɾ,V;IND;PRS;1;PL,55,55,100.0
90L_10NL_1_1,90L_10NL,1,s i ɾ k u n b e n ˈi ɾ,V;IND;PRS;1;SG,55,55,100.0
90L_10NL_1_2,90L_10NL,1,s i ɾ k u n b e n ˈi ɾ,V;IND;PRS;1;SG,0,55,0.0
90L_10NL_1_3,90L_10NL,1,s i ɾ k u n b e n ˈi ɾ,V;IND;PRS;1;SG,55,55,100.0
90L_10NL_1_4,90L_10NL,1,s i ɾ k u n b e n ˈi ɾ,V;IND;PRS;1;SG,55,55,100.0
90L_10NL_1_1,90L_10NL,1,s i ɾ k u n b e n ˈi ɾ,V;IND;PRS;2;PL,55,55,100.0
90L_10NL_1_2,90L_10NL,1,s i ɾ k u n b e n ˈi ɾ,V;IND;PRS;2;PL,0,55,0.0
90L_10NL_1_3,90L_10NL,1,s i ɾ k u n b e n ˈi ɾ,V;IND;PRS;2;PL,55,55,100.0
90L_10NL_1_4,90L_10NL,1,s i ɾ k u n b e n ˈi ɾ,V;IND;PRS;2;PL,55,55,100.0
90L_10NL_1_1,90L_10NL,1,s i ɾ k u n b e n ˈi ɾ,V;IND;PRS;2;SG,55,55,100.0
90L_10NL_1_2,90L_10NL,1,s i ɾ k u n b e n ˈi ɾ,V;IND;PRS;2;SG,0,55,0.0
90L_10NL_1_3,90L_10NL,1,s i ɾ k u n b e n ˈi ɾ,V;IND;PRS;2;SG,55,55,100.0
90L_10NL_1_4,90L_10NL,1,s i ɾ k u n b e n ˈi ɾ,V;IND;PRS;2;SG,55,55,100.0
90L_10NL_1_1,90L_10NL,1,s i ɾ k u n b e n ˈi ɾ,V;IND;PRS;3;PL,55,55,100.0
90L_10NL_1_2,90L_10NL,1,s i ɾ k u n b e n ˈi ɾ,V;IND;PRS;3;PL,0,55,0.0
90L_10NL_1_3,90L_10NL,1,s i ɾ k u n b e n ˈi ɾ,V;IND;PRS;3;PL,55,55,100.0
90L_10NL_1_4,90L_10NL,1,s i ɾ k u n b e n ˈi ɾ,V;IND;PRS;3;PL,55,55,100.0
90L_10NL_1_1,90L_10NL,1,s i ɾ k u n b e n ˈi ɾ,V;IND;PRS;3;SG,55,55,100.0
90L_10NL_1_2,90L_10NL,1,s i ɾ k u n b e n ˈi ɾ,V;IND;PRS;3;SG,0,55,0.0
90L_10NL_1_3,90L_10NL,1,s i ɾ k u n b e n ˈi ɾ,V;IND;PRS;3;SG,55,55,100.0
90L_10NL_1_4,90L_10NL,1,s i ɾ k u n b e n ˈi ɾ,V;IND;PRS;3;SG,55,55,100.0
90L_10NL_1_1,90L_10NL,1,s i ɾ k u n b e n ˈi ɾ,V;SBJV;PRS;1;PL,55,55,100.0
90L_10NL_1_2,90L_10NL,1,s i ɾ k u n b e n ˈi ɾ,V;SBJV;PRS;1;PL,0,55,0.0
90L_10NL_1_3,90L_10NL,1,s i ɾ k u n b e n ˈi ɾ,V;SBJV;PRS;1;PL,55,55,100.0
90L_10NL_1_4,90L_10NL,1,s i ɾ k u n b e n ˈi ɾ,V;SBJV;PRS;1;PL,55,55,100.0
90L_10NL_1_1,90L_10NL,1,s i ɾ k u n b e n ˈi ɾ,V;SBJV;PRS;1;SG,55,55,100.0
90L_10NL_1_2,90L_10NL,1,s i ɾ k u n b e n ˈi ɾ,V;SBJV;PRS;1;SG,0,55,0.0
90L_10NL_1_3,90L_10NL,1,s i ɾ k u n b e n ˈi ɾ,V;SBJV;PRS;1;SG,55,55,100.0
90L_10NL_1_4,90L_10NL,1,s i ɾ k u n b e n ˈi ɾ,V;SBJV;PRS;1;SG,55,55,100.0
90L_10NL_1_1,90L_10NL,1,s i ɾ k u n b e n ˈi ɾ,V;SBJV;PRS;2;PL,55,55,100.0
90L_10NL_1_2,90L_10NL,1,s i ɾ k u n b e n ˈi ɾ,V;SBJV;PRS;2;PL,0,55,0.0
90L_10NL_1_3,90L_10NL,1,s i ɾ k u n b e n ˈi ɾ,V;SBJV;PRS;2;PL,55,55,100.0
90L_10NL_1_4,90L_10NL,1,s i ɾ k u n b e n ˈi ɾ,V;SBJV;PRS;2;PL,55,55,100.0
90L_10NL_1_1,90L_10NL,1,s i ɾ k u n b e n ˈi ɾ,V;SBJV;PRS;2;SG,55,55,100.0
90L_10NL_1_2,90L_10NL,1,s i ɾ k u n b e n ˈi ɾ,V;SBJV;PRS;2;SG,0,55,0.0
90L_10NL_1_3,90L_10NL,1,s i ɾ k u n b e n ˈi ɾ,V;SBJV;PRS;2;SG,55,55,100.0
90L_10NL_1_4,90L_10NL,1,s i ɾ k u n b e n ˈi ɾ,V;SBJV;PRS;2;SG,55,55,100.0
90L_10NL_1_1,90L_10NL,1,s i ɾ k u n b e n ˈi ɾ,V;SBJV;PRS;3;PL,55,55,100.0
90L_10NL_1_2,90L_10NL,1,s i ɾ k u n b e n ˈi ɾ,V;SBJV;PRS;3;PL,0,55,0.0
90L_10NL_1_3,90L_10NL,1,s i ɾ k u n b e n ˈi ɾ,V;SBJV;PRS;3;PL,55,55,100.0
90L_10NL_1_4,90L_10NL,1,s i ɾ k u n b e n ˈi ɾ,V;SBJV;PRS;3;PL,55,55,100.0
90L_10NL_1_1,90L_10NL,1,s i ɾ k u n b e n ˈi ɾ,V;SBJV;PRS;3;SG,55,55,100.0
90L_10NL_1_2,90L_10NL,1,s i ɾ k u n b e n ˈi ɾ,V;SBJV;PRS;3;SG,0,55,0.0
90L_10NL_1_3,90L_10NL,1,s i ɾ k u n b e n ˈi ɾ,V;SBJV;PRS;3;SG,55,55,100.0
90L_10NL_1_4,90L_10NL,1,s i ɾ k u n b e n ˈi ɾ,V;SBJV;PRS;3;SG,55,55,100.0
90L_10NL_1_1,90L_10NL,1,s o b ɾ e k o ç ˈe ɾ,V;IND;PRS;1;PL,55,55,100.0
90L_10NL_1_2,90L_10NL,1,s o b ɾ e k o ç ˈe ɾ,V;IND;PRS;1;PL,55,55,100.0
90L_10NL_1_3,90L_10NL,1,s o b ɾ e k o ç ˈe ɾ,V;IND;PRS;1;PL,55,55,100.0
90L_10NL_1_4,90L_10NL,1,s o b ɾ e k o ç ˈe ɾ,V;IND;PRS;1;PL,55,55,100.0
90L_10NL_1_1,90L_10NL,1,s o b ɾ e k o ç ˈe ɾ,V;IND;PRS;1;SG,55,55,100.0
90L_10NL_1_2,90L_10NL,1,s o b ɾ e k o ç ˈe ɾ,V;IND;PRS;1;SG,55,55,100.0
90L_10NL_1_3,90L_10NL,1,s o b ɾ e k o ç ˈe ɾ,V;IND;PRS;1;SG,55,55,100.0
90L_10NL_1_4,90L_10NL,1,s o b ɾ e k o ç ˈe ɾ,V;IND;PRS;1;SG,55,55,100.0
90L_10NL_1_1,90L_10NL,1,s o b ɾ e k o ç ˈe ɾ,V;IND;PRS;2;PL,55,55,100.0
90L_10NL_1_2,90L_10NL,1,s o b ɾ e k o ç ˈe ɾ,V;IND;PRS;2;PL,55,55,100.0
90L_10NL_1_3,90L_10NL,1,s o b ɾ e k o ç ˈe ɾ,V;IND;PRS;2;PL,55,55,100.0
90L_10NL_1_4,90L_10NL,1,s o b ɾ e k o ç ˈe ɾ,V;IND;PRS;2;PL,55,55,100.0
90L_10NL_1_1,90L_10NL,1,s o b ɾ e k o ç ˈe ɾ,V;IND;PRS;2;SG,55,55,100.0
90L_10NL_1_2,90L_10NL,1,s o b ɾ e k o ç ˈe ɾ,V;IND;PRS;2;SG,55,55,100.0
90L_10NL_1_3,90L_10NL,1,s o b ɾ e k o ç ˈe ɾ,V;IND;PRS;2;SG,55,55,100.0
90L_10NL_1_4,90L_10NL,1,s o b ɾ e k o ç ˈe ɾ,V;IND;PRS;2;SG,55,55,100.0
90L_10NL_1_1,90L_10NL,1,s o b ɾ e k o ç ˈe ɾ,V;IND;PRS;3;PL,55,55,100.0
90L_10NL_1_2,90L_10NL,1,s o b ɾ e k o ç ˈe ɾ,V;IND;PRS;3;PL,55,55,100.0
90L_10NL_1_3,90L_10NL,1,s o b ɾ e k o ç ˈe ɾ,V;IND;PRS;3;PL,55,55,100.0
90L_10NL_1_4,90L_10NL,1,s o b ɾ e k o ç ˈe ɾ,V;IND;PRS;3;PL,55,55,100.0
90L_10NL_1_1,90L_10NL,1,s o b ɾ e k o ç ˈe ɾ,V;IND;PRS;3;SG,55,55,100.0
90L_10NL_1_2,90L_10NL,1,s o b ɾ e k o ç ˈe ɾ,V;IND;PRS;3;SG,55,55,100.0
90L_10NL_1_3,90L_10NL,1,s o b ɾ e k o ç ˈe ɾ,V;IND;PRS;3;SG,55,55,100.0
90L_10NL_1_4,90L_10NL,1,s o b ɾ e k o ç ˈe ɾ,V;IND;PRS;3;SG,55,55,100.0
90L_10NL_1_1,90L_10NL,1,s o b ɾ e k o ç ˈe ɾ,V;SBJV;PRS;1;PL,55,55,100.0
90L_10NL_1_2,90L_10NL,1,s o b ɾ e k o ç ˈe ɾ,V;SBJV;PRS;1;PL,55,55,100.0
90L_10NL_1_3,90L_10NL,1,s o b ɾ e k o ç ˈe ɾ,V;SBJV;PRS;1;PL,55,55,100.0
90L_10NL_1_4,90L_10NL,1,s o b ɾ e k o ç ˈe ɾ,V;SBJV;PRS;1;PL,55,55,100.0
90L_10NL_1_1,90L_10NL,1,s o b ɾ e k o ç ˈe ɾ,V;SBJV;PRS;1;SG,55,55,100.0
90L_10NL_1_2,90L_10NL,1,s o b ɾ e k o ç ˈe ɾ,V;SBJV;PRS;1;SG,55,55,100.0
90L_10NL_1_3,90L_10NL,1,s o b ɾ e k o ç ˈe ɾ,V;SBJV;PRS;1;SG,55,55,100.0
90L_10NL_1_4,90L_10NL,1,s o b ɾ e k o ç ˈe ɾ,V;SBJV;PRS;1;SG,55,55,100.0
90L_10NL_1_1,90L_10NL,1,s o b ɾ e k o ç ˈe ɾ,V;SBJV;PRS;2;PL,55,55,100.0
90L_10NL_1_2,90L_10NL,1,s o b ɾ e k o ç ˈe ɾ,V;SBJV;PRS;2;PL,55,55,100.0
90L_10NL_1_3,90L_10NL,1,s o b ɾ e k o ç ˈe ɾ,V;SBJV;PRS;2;PL,55,55,100.0
90L_10NL_1_4,90L_10NL,1,s o b ɾ e k o ç ˈe ɾ,V;SBJV;PRS;2;PL,55,55,100.0
90L_10NL_1_1,90L_10NL,1,s o b ɾ e k o ç ˈe ɾ,V;SBJV;PRS;2;SG,55,55,100.0
90L_10NL_1_2,90L_10NL,1,s o b ɾ e k o ç ˈe ɾ,V;SBJV;PRS;2;SG,55,55,100.0
90L_10NL_1_3,90L_10NL,1,s o b ɾ e k o ç ˈe ɾ,V;SBJV;PRS;2;SG,55,55,100.0
90L_10NL_1_4,90L_10NL,1,s o b ɾ e k o ç ˈe ɾ,V;SBJV;PRS;2;SG,55,55,100.0
90L_10NL_1_1,90L_10NL,1,s o b ɾ e k o ç ˈe ɾ,V;SBJV;PRS;3;PL,55,55,100.0
90L_10NL_1_2,90L_10NL,1,s o b ɾ e k o ç ˈe ɾ,V;SBJV;PRS;3;PL,55,55,100.0
90L_10NL_1_3,90L_10NL,1,s o b ɾ e k o ç ˈe ɾ,V;SBJV;PRS;3;PL,55,55,100.0
90L_10NL_1_4,90L_10NL,1,s o b ɾ e k o ç ˈe ɾ,V;SBJV;PRS;3;PL,55,55,100.0
90L_10NL_1_1,90L_10NL,1,s o b ɾ e k o ç ˈe ɾ,V;SBJV;PRS;3;SG,55,55,100.0
90L_10NL_1_2,90L_10NL,1,s o b ɾ e k o ç ˈe ɾ,V;SBJV;PRS;3;SG,55,55,100.0
90L_10NL_1_3,90L_10NL,1,s o b ɾ e k o ç ˈe ɾ,V;SBJV;PRS;3;SG,55,55,100.0
90L_10NL_1_4,90L_10NL,1,s o b ɾ e k o ç ˈe ɾ,V;SBJV;PRS;3;SG,55,55,100.0
90L_10NL_1_1,90L_10NL,1,s u b s t ɾ a ˈe ɾ,V;IND;PRS;1;PL,55,55,100.0
90L_10NL_1_2,90L_10NL,1,s u b s t ɾ a ˈe ɾ,V;IND;PRS;1;PL,55,55,100.0
90L_10NL_1_3,90L_10NL,1,s u b s t ɾ a ˈe ɾ,V;IND;PRS;1;PL,55,55,100.0
90L_10NL_1_4,90L_10NL,1,s u b s t ɾ a ˈe ɾ,V;IND;PRS;1;PL,55,55,100.0
90L_10NL_1_1,90L_10NL,1,s u b s t ɾ a ˈe ɾ,V;IND;PRS;1;SG,55,55,100.0
90L_10NL_1_2,90L_10NL,1,s u b s t ɾ a ˈe ɾ,V;IND;PRS;1;SG,55,55,100.0
90L_10NL_1_3,90L_10NL,1,s u b s t ɾ a ˈe ɾ,V;IND;PRS;1;SG,55,55,100.0
90L_10NL_1_4,90L_10NL,1,s u b s t ɾ a ˈe ɾ,V;IND;PRS;1;SG,54,55,98.18
90L_10NL_1_1,90L_10NL,1,s u b s t ɾ a ˈe ɾ,V;IND;PRS;2;PL,55,55,100.0
90L_10NL_1_2,90L_10NL,1,s u b s t ɾ a ˈe ɾ,V;IND;PRS;2;PL,55,55,100.0
90L_10NL_1_3,90L_10NL,1,s u b s t ɾ a ˈe ɾ,V;IND;PRS;2;PL,55,55,100.0
90L_10NL_1_4,90L_10NL,1,s u b s t ɾ a ˈe ɾ,V;IND;PRS;2;PL,55,55,100.0
90L_10NL_1_1,90L_10NL,1,s u b s t ɾ a ˈe ɾ,V;IND;PRS;2;SG,55,55,100.0
90L_10NL_1_2,90L_10NL,1,s u b s t ɾ a ˈe ɾ,V;IND;PRS;2;SG,55,55,100.0
90L_10NL_1_3,90L_10NL,1,s u b s t ɾ a ˈe ɾ,V;IND;PRS;2;SG,55,55,100.0
90L_10NL_1_4,90L_10NL,1,s u b s t ɾ a ˈe ɾ,V;IND;PRS;2;SG,52,55,94.55
90L_10NL_1_1,90L_10NL,1,s u b s t ɾ a ˈe ɾ,V;IND;PRS;3;PL,50,55,90.91
90L_10NL_1_2,90L_10NL,1,s u b s t ɾ a ˈe ɾ,V;IND;PRS;3;PL,55,55,100.0
90L_10NL_1_3,90L_10NL,1,s u b s t ɾ a ˈe ɾ,V;IND;PRS;3;PL,55,55,100.0
90L_10NL_1_4,90L_10NL,1,s u b s t ɾ a ˈe ɾ,V;IND;PRS;3;PL,54,55,98.18
90L_10NL_1_1,90L_10NL,1,s u b s t ɾ a ˈe ɾ,V;IND;PRS;3;SG,55,55,100.0
90L_10NL_1_2,90L_10NL,1,s u b s t ɾ a ˈe ɾ,V;IND;PRS;3;SG,55,55,100.0
90L_10NL_1_3,90L_10NL,1,s u b s t ɾ a ˈe ɾ,V;IND;PRS;3;SG,55,55,100.0
90L_10NL_1_4,90L_10NL,1,s u b s t ɾ a ˈe ɾ,V;IND;PRS;3;SG,52,55,94.55
90L_10NL_1_1,90L_10NL,1,s u b s t ɾ a ˈe ɾ,V;SBJV;PRS;1;PL,55,55,100.0
90L_10NL_1_2,90L_10NL,1,s u b s t ɾ a ˈe ɾ,V;SBJV;PRS;1;PL,55,55,100.0
90L_10NL_1_3,90L_10NL,1,s u b s t ɾ a ˈe ɾ,V;SBJV;PRS;1;PL,55,55,100.0
90L_10NL_1_4,90L_10NL,1,s u b s t ɾ a ˈe ɾ,V;SBJV;PRS;1;PL,55,55,100.0
90L_10NL_1_1,90L_10NL,1,s u b s t ɾ a ˈe ɾ,V;SBJV;PRS;1;SG,55,55,100.0
90L_10NL_1_2,90L_10NL,1,s u b s t ɾ a ˈe ɾ,V;SBJV;PRS;1;SG,55,55,100.0
90L_10NL_1_3,90L_10NL,1,s u b s t ɾ a ˈe ɾ,V;SBJV;PRS;1;SG,55,55,100.0
90L_10NL_1_4,90L_10NL,1,s u b s t ɾ a ˈe ɾ,V;SBJV;PRS;1;SG,54,55,98.18
90L_10NL_1_1,90L_10NL,1,s u b s t ɾ a ˈe ɾ,V;SBJV;PRS;2;PL,55,55,100.0
90L_10NL_1_2,90L_10NL,1,s u b s t ɾ a ˈe ɾ,V;SBJV;PRS;2;PL,55,55,100.0
90L_10NL_1_3,90L_10NL,1,s u b s t ɾ a ˈe ɾ,V;SBJV;PRS;2;PL,55,55,100.0
90L_10NL_1_4,90L_10NL,1,s u b s t ɾ a ˈe ɾ,V;SBJV;PRS;2;PL,55,55,100.0
90L_10NL_1_1,90L_10NL,1,s u b s t ɾ a ˈe ɾ,V;SBJV;PRS;2;SG,55,55,100.0
90L_10NL_1_2,90L_10NL,1,s u b s t ɾ a ˈe ɾ,V;SBJV;PRS;2;SG,55,55,100.0
90L_10NL_1_3,90L_10NL,1,s u b s t ɾ a ˈe ɾ,V;SBJV;PRS;2;SG,55,55,100.0
90L_10NL_1_4,90L_10NL,1,s u b s t ɾ a ˈe ɾ,V;SBJV;PRS;2;SG,55,55,100.0
90L_10NL_1_1,90L_10NL,1,s u b s t ɾ a ˈe ɾ,V;SBJV;PRS;3;PL,55,55,100.0
90L_10NL_1_2,90L_10NL,1,s u b s t ɾ a ˈe ɾ,V;SBJV;PRS;3;PL,55,55,100.0
90L_10NL_1_3,90L_10NL,1,s u b s t ɾ a ˈe ɾ,V;SBJV;PRS;3;PL,55,55,100.0
90L_10NL_1_4,90L_10NL,1,s u b s t ɾ a ˈe ɾ,V;SBJV;PRS;3;PL,55,55,100.0
90L_10NL_1_1,90L_10NL,1,s u b s t ɾ a ˈe ɾ,V;SBJV;PRS;3;SG,55,55,100.0
90L_10NL_1_2,90L_10NL,1,s u b s t ɾ a ˈe ɾ,V;SBJV;PRS;3;SG,55,55,100.0
90L_10NL_1_3,90L_10NL,1,s u b s t ɾ a ˈe ɾ,V;SBJV;PRS;3;SG,55,55,100.0
90L_10NL_1_4,90L_10NL,1,s u b s t ɾ a ˈe ɾ,V;SBJV;PRS;3;SG,54,55,98.18
90L_10NL_1_1,90L_10NL,1,s u p o n ˈe ɾ,V;IND;PRS;1;PL,55,55,100.0
90L_10NL_1_2,90L_10NL,1,s u p o n ˈe ɾ,V;IND;PRS;1;PL,55,55,100.0
90L_10NL_1_3,90L_10NL,1,s u p o n ˈe ɾ,V;IND;PRS;1;PL,55,55,100.0
90L_10NL_1_4,90L_10NL,1,s u p o n ˈe ɾ,V;IND;PRS;1;PL,55,55,100.0
90L_10NL_1_1,90L_10NL,1,s u p o n ˈe ɾ,V;IND;PRS;1;SG,55,55,100.0
90L_10NL_1_2,90L_10NL,1,s u p o n ˈe ɾ,V;IND;PRS;1;SG,55,55,100.0
90L_10NL_1_3,90L_10NL,1,s u p o n ˈe ɾ,V;IND;PRS;1;SG,55,55,100.0
90L_10NL_1_4,90L_10NL,1,s u p o n ˈe ɾ,V;IND;PRS;1;SG,55,55,100.0
90L_10NL_1_1,90L_10NL,1,s u p o n ˈe ɾ,V;IND;PRS;2;PL,55,55,100.0
90L_10NL_1_2,90L_10NL,1,s u p o n ˈe ɾ,V;IND;PRS;2;PL,55,55,100.0
90L_10NL_1_3,90L_10NL,1,s u p o n ˈe ɾ,V;IND;PRS;2;PL,55,55,100.0
90L_10NL_1_4,90L_10NL,1,s u p o n ˈe ɾ,V;IND;PRS;2;PL,55,55,100.0
90L_10NL_1_1,90L_10NL,1,s u p o n ˈe ɾ,V;IND;PRS;2;SG,55,55,100.0
90L_10NL_1_2,90L_10NL,1,s u p o n ˈe ɾ,V;IND;PRS;2;SG,55,55,100.0
90L_10NL_1_3,90L_10NL,1,s u p o n ˈe ɾ,V;IND;PRS;2;SG,55,55,100.0
90L_10NL_1_4,90L_10NL,1,s u p o n ˈe ɾ,V;IND;PRS;2;SG,54,55,98.18
90L_10NL_1_1,90L_10NL,1,s u p o n ˈe ɾ,V;IND;PRS;3;PL,55,55,100.0
90L_10NL_1_2,90L_10NL,1,s u p o n ˈe ɾ,V;IND;PRS;3;PL,55,55,100.0
90L_10NL_1_3,90L_10NL,1,s u p o n ˈe ɾ,V;IND;PRS;3;PL,55,55,100.0
90L_10NL_1_4,90L_10NL,1,s u p o n ˈe ɾ,V;IND;PRS;3;PL,54,55,98.18
90L_10NL_1_1,90L_10NL,1,s u p o n ˈe ɾ,V;IND;PRS;3;SG,55,55,100.0
90L_10NL_1_2,90L_10NL,1,s u p o n ˈe ɾ,V;IND;PRS;3;SG,55,55,100.0
90L_10NL_1_3,90L_10NL,1,s u p o n ˈe ɾ,V;IND;PRS;3;SG,55,55,100.0
90L_10NL_1_4,90L_10NL,1,s u p o n ˈe ɾ,V;IND;PRS;3;SG,55,55,100.0
90L_10NL_1_1,90L_10NL,1,s u p o n ˈe ɾ,V;SBJV;PRS;1;PL,55,55,100.0
90L_10NL_1_2,90L_10NL,1,s u p o n ˈe ɾ,V;SBJV;PRS;1;PL,55,55,100.0
90L_10NL_1_3,90L_10NL,1,s u p o n ˈe ɾ,V;SBJV;PRS;1;PL,55,55,100.0
90L_10NL_1_4,90L_10NL,1,s u p o n ˈe ɾ,V;SBJV;PRS;1;PL,55,55,100.0
90L_10NL_1_1,90L_10NL,1,s u p o n ˈe ɾ,V;SBJV;PRS;1;SG,55,55,100.0
90L_10NL_1_2,90L_10NL,1,s u p o n ˈe ɾ,V;SBJV;PRS;1;SG,55,55,100.0
90L_10NL_1_3,90L_10NL,1,s u p o n ˈe ɾ,V;SBJV;PRS;1;SG,55,55,100.0
90L_10NL_1_4,90L_10NL,1,s u p o n ˈe ɾ,V;SBJV;PRS;1;SG,55,55,100.0
90L_10NL_1_1,90L_10NL,1,s u p o n ˈe ɾ,V;SBJV;PRS;2;PL,55,55,100.0
90L_10NL_1_2,90L_10NL,1,s u p o n ˈe ɾ,V;SBJV;PRS;2;PL,55,55,100.0
90L_10NL_1_3,90L_10NL,1,s u p o n ˈe ɾ,V;SBJV;PRS;2;PL,55,55,100.0
90L_10NL_1_4,90L_10NL,1,s u p o n ˈe ɾ,V;SBJV;PRS;2;PL,55,55,100.0
90L_10NL_1_1,90L_10NL,1,s u p o n ˈe ɾ,V;SBJV;PRS;2;SG,55,55,100.0
90L_10NL_1_2,90L_10NL,1,s u p o n ˈe ɾ,V;SBJV;PRS;2;SG,55,55,100.0
90L_10NL_1_3,90L_10NL,1,s u p o n ˈe ɾ,V;SBJV;PRS;2;SG,55,55,100.0
90L_10NL_1_4,90L_10NL,1,s u p o n ˈe ɾ,V;SBJV;PRS;2;SG,55,55,100.0
90L_10NL_1_1,90L_10NL,1,s u p o n ˈe ɾ,V;SBJV;PRS;3;PL,55,55,100.0
90L_10NL_1_2,90L_10NL,1,s u p o n ˈe ɾ,V;SBJV;PRS;3;PL,55,55,100.0
90L_10NL_1_3,90L_10NL,1,s u p o n ˈe ɾ,V;SBJV;PRS;3;PL,55,55,100.0
90L_10NL_1_4,90L_10NL,1,s u p o n ˈe ɾ,V;SBJV;PRS;3;PL,55,55,100.0
90L_10NL_1_1,90L_10NL,1,s u p o n ˈe ɾ,V;SBJV;PRS;3;SG,55,55,100.0
90L_10NL_1_2,90L_10NL,1,s u p o n ˈe ɾ,V;SBJV;PRS;3;SG,55,55,100.0
90L_10NL_1_3,90L_10NL,1,s u p o n ˈe ɾ,V;SBJV;PRS;3;SG,55,55,100.0
90L_10NL_1_4,90L_10NL,1,s u p o n ˈe ɾ,V;SBJV;PRS;3;SG,55,55,100.0
90L_10NL_1_1,90L_10NL,1,t ɾ a n s i ç ˈi ɾ,V;IND;PRS;1;PL,4,55,7.27
90L_10NL_1_2,90L_10NL,1,t ɾ a n s i ç ˈi ɾ,V;IND;PRS;1;PL,32,55,58.18
90L_10NL_1_3,90L_10NL,1,t ɾ a n s i ç ˈi ɾ,V;IND;PRS;1;PL,55,55,100.0
90L_10NL_1_4,90L_10NL,1,t ɾ a n s i ç ˈi ɾ,V;IND;PRS;1;PL,55,55,100.0
90L_10NL_1_1,90L_10NL,1,t ɾ a n s i ç ˈi ɾ,V;IND;PRS;1;SG,55,55,100.0
90L_10NL_1_2,90L_10NL,1,t ɾ a n s i ç ˈi ɾ,V;IND;PRS;1;SG,0,55,0.0
90L_10NL_1_3,90L_10NL,1,t ɾ a n s i ç ˈi ɾ,V;IND;PRS;1;SG,55,55,100.0
90L_10NL_1_4,90L_10NL,1,t ɾ a n s i ç ˈi ɾ,V;IND;PRS;1;SG,37,55,67.27
90L_10NL_1_1,90L_10NL,1,t ɾ a n s i ç ˈi ɾ,V;IND;PRS;2;PL,0,55,0.0
90L_10NL_1_2,90L_10NL,1,t ɾ a n s i ç ˈi ɾ,V;IND;PRS;2;PL,49,55,89.09
90L_10NL_1_3,90L_10NL,1,t ɾ a n s i ç ˈi ɾ,V;IND;PRS;2;PL,55,55,100.0
90L_10NL_1_4,90L_10NL,1,t ɾ a n s i ç ˈi ɾ,V;IND;PRS;2;PL,55,55,100.0
90L_10NL_1_1,90L_10NL,1,t ɾ a n s i ç ˈi ɾ,V;IND;PRS;2;SG,54,55,98.18
90L_10NL_1_2,90L_10NL,1,t ɾ a n s i ç ˈi ɾ,V;IND;PRS;2;SG,1,55,1.82
90L_10NL_1_3,90L_10NL,1,t ɾ a n s i ç ˈi ɾ,V;IND;PRS;2;SG,55,55,100.0
90L_10NL_1_4,90L_10NL,1,t ɾ a n s i ç ˈi ɾ,V;IND;PRS;2;SG,47,55,85.45
90L_10NL_1_1,90L_10NL,1,t ɾ a n s i ç ˈi ɾ,V;IND;PRS;3;PL,46,55,83.64
90L_10NL_1_2,90L_10NL,1,t ɾ a n s i ç ˈi ɾ,V;IND;PRS;3;PL,1,55,1.82
90L_10NL_1_3,90L_10NL,1,t ɾ a n s i ç ˈi ɾ,V;IND;PRS;3;PL,55,55,100.0
90L_10NL_1_4,90L_10NL,1,t ɾ a n s i ç ˈi ɾ,V;IND;PRS;3;PL,48,55,87.27
90L_10NL_1_1,90L_10NL,1,t ɾ a n s i ç ˈi ɾ,V;IND;PRS;3;SG,55,55,100.0
90L_10NL_1_2,90L_10NL,1,t ɾ a n s i ç ˈi ɾ,V;IND;PRS;3;SG,1,55,1.82
90L_10NL_1_3,90L_10NL,1,t ɾ a n s i ç ˈi ɾ,V;IND;PRS;3;SG,55,55,100.0
90L_10NL_1_4,90L_10NL,1,t ɾ a n s i ç ˈi ɾ,V;IND;PRS;3;SG,44,55,80.0
90L_10NL_1_1,90L_10NL,1,t ɾ a n s i ç ˈi ɾ,V;SBJV;PRS;1;PL,47,55,85.45
90L_10NL_1_2,90L_10NL,1,t ɾ a n s i ç ˈi ɾ,V;SBJV;PRS;1;PL,54,55,98.18
90L_10NL_1_3,90L_10NL,1,t ɾ a n s i ç ˈi ɾ,V;SBJV;PRS;1;PL,55,55,100.0
90L_10NL_1_4,90L_10NL,1,t ɾ a n s i ç ˈi ɾ,V;SBJV;PRS;1;PL,55,55,100.0
90L_10NL_1_1,90L_10NL,1,t ɾ a n s i ç ˈi ɾ,V;SBJV;PRS;1;SG,55,55,100.0
90L_10NL_1_2,90L_10NL,1,t ɾ a n s i ç ˈi ɾ,V;SBJV;PRS;1;SG,0,55,0.0
90L_10NL_1_3,90L_10NL,1,t ɾ a n s i ç ˈi ɾ,V;SBJV;PRS;1;SG,53,55,96.36
90L_10NL_1_4,90L_10NL,1,t ɾ a n s i ç ˈi ɾ,V;SBJV;PRS;1;SG,36,55,65.45
90L_10NL_1_1,90L_10NL,1,t ɾ a n s i ç ˈi ɾ,V;SBJV;PRS;2;PL,44,55,80.0
90L_10NL_1_2,90L_10NL,1,t ɾ a n s i ç ˈi ɾ,V;SBJV;PRS;2;PL,53,55,96.36
90L_10NL_1_3,90L_10NL,1,t ɾ a n s i ç ˈi ɾ,V;SBJV;PRS;2;PL,55,55,100.0
90L_10NL_1_4,90L_10NL,1,t ɾ a n s i ç ˈi ɾ,V;SBJV;PRS;2;PL,55,55,100.0
90L_10NL_1_1,90L_10NL,1,t ɾ a n s i ç ˈi ɾ,V;SBJV;PRS;2;SG,55,55,100.0
90L_10NL_1_2,90L_10NL,1,t ɾ a n s i ç ˈi ɾ,V;SBJV;PRS;2;SG,0,55,0.0
90L_10NL_1_3,90L_10NL,1,t ɾ a n s i ç ˈi ɾ,V;SBJV;PRS;2;SG,53,55,96.36
90L_10NL_1_4,90L_10NL,1,t ɾ a n s i ç ˈi ɾ,V;SBJV;PRS;2;SG,35,55,63.64
90L_10NL_1_1,90L_10NL,1,t ɾ a n s i ç ˈi ɾ,V;SBJV;PRS;3;PL,55,55,100.0
90L_10NL_1_2,90L_10NL,1,t ɾ a n s i ç ˈi ɾ,V;SBJV;PRS;3;PL,0,55,0.0
90L_10NL_1_3,90L_10NL,1,t ɾ a n s i ç ˈi ɾ,V;SBJV;PRS;3;PL,53,55,96.36
90L_10NL_1_4,90L_10NL,1,t ɾ a n s i ç ˈi ɾ,V;SBJV;PRS;3;PL,36,55,65.45
90L_10NL_1_1,90L_10NL,1,t ɾ a n s i ç ˈi ɾ,V;SBJV;PRS;3;SG,55,55,100.0
90L_10NL_1_2,90L_10NL,1,t ɾ a n s i ç ˈi ɾ,V;SBJV;PRS;3;SG,0,55,0.0
90L_10NL_1_3,90L_10NL,1,t ɾ a n s i ç ˈi ɾ,V;SBJV;PRS;3;SG,53,55,96.36
90L_10NL_1_4,90L_10NL,1,t ɾ a n s i ç ˈi ɾ,V;SBJV;PRS;3;SG,35,55,63.64
90L_10NL_1_1,90L_10NL,1,u n ç ˈi ɾ,V;IND;PRS;1;PL,55,55,100.0
90L_10NL_1_2,90L_10NL,1,u n ç ˈi ɾ,V;IND;PRS;1;PL,55,55,100.0
90L_10NL_1_3,90L_10NL,1,u n ç ˈi ɾ,V;IND;PRS;1;PL,55,55,100.0
90L_10NL_1_4,90L_10NL,1,u n ç ˈi ɾ,V;IND;PRS;1;PL,55,55,100.0
90L_10NL_1_1,90L_10NL,1,u n ç ˈi ɾ,V;IND;PRS;1;SG,55,55,100.0
90L_10NL_1_2,90L_10NL,1,u n ç ˈi ɾ,V;IND;PRS;1;SG,55,55,100.0
90L_10NL_1_3,90L_10NL,1,u n ç ˈi ɾ,V;IND;PRS;1;SG,55,55,100.0
90L_10NL_1_4,90L_10NL,1,u n ç ˈi ɾ,V;IND;PRS;1;SG,55,55,100.0
90L_10NL_1_1,90L_10NL,1,u n ç ˈi ɾ,V;IND;PRS;2;PL,55,55,100.0
90L_10NL_1_2,90L_10NL,1,u n ç ˈi ɾ,V;IND;PRS;2;PL,55,55,100.0
90L_10NL_1_3,90L_10NL,1,u n ç ˈi ɾ,V;IND;PRS;2;PL,55,55,100.0
90L_10NL_1_4,90L_10NL,1,u n ç ˈi ɾ,V;IND;PRS;2;PL,55,55,100.0
90L_10NL_1_1,90L_10NL,1,u n ç ˈi ɾ,V;IND;PRS;2;SG,55,55,100.0
90L_10NL_1_2,90L_10NL,1,u n ç ˈi ɾ,V;IND;PRS;2;SG,55,55,100.0
90L_10NL_1_3,90L_10NL,1,u n ç ˈi ɾ,V;IND;PRS;2;SG,55,55,100.0
90L_10NL_1_4,90L_10NL,1,u n ç ˈi ɾ,V;IND;PRS;2;SG,55,55,100.0
90L_10NL_1_1,90L_10NL,1,u n ç ˈi ɾ,V;IND;PRS;3;PL,55,55,100.0
90L_10NL_1_2,90L_10NL,1,u n ç ˈi ɾ,V;IND;PRS;3;PL,55,55,100.0
90L_10NL_1_3,90L_10NL,1,u n ç ˈi ɾ,V;IND;PRS;3;PL,55,55,100.0
90L_10NL_1_4,90L_10NL,1,u n ç ˈi ɾ,V;IND;PRS;3;PL,55,55,100.0
90L_10NL_1_1,90L_10NL,1,u n ç ˈi ɾ,V;IND;PRS;3;SG,55,55,100.0
90L_10NL_1_2,90L_10NL,1,u n ç ˈi ɾ,V;IND;PRS;3;SG,55,55,100.0
90L_10NL_1_3,90L_10NL,1,u n ç ˈi ɾ,V;IND;PRS;3;SG,55,55,100.0
90L_10NL_1_4,90L_10NL,1,u n ç ˈi ɾ,V;IND;PRS;3;SG,55,55,100.0
90L_10NL_1_1,90L_10NL,1,u n ç ˈi ɾ,V;SBJV;PRS;1;PL,55,55,100.0
90L_10NL_1_2,90L_10NL,1,u n ç ˈi ɾ,V;SBJV;PRS;1;PL,55,55,100.0
90L_10NL_1_3,90L_10NL,1,u n ç ˈi ɾ,V;SBJV;PRS;1;PL,55,55,100.0
90L_10NL_1_4,90L_10NL,1,u n ç ˈi ɾ,V;SBJV;PRS;1;PL,55,55,100.0
90L_10NL_1_1,90L_10NL,1,u n ç ˈi ɾ,V;SBJV;PRS;1;SG,55,55,100.0
90L_10NL_1_2,90L_10NL,1,u n ç ˈi ɾ,V;SBJV;PRS;1;SG,55,55,100.0
90L_10NL_1_3,90L_10NL,1,u n ç ˈi ɾ,V;SBJV;PRS;1;SG,55,55,100.0
90L_10NL_1_4,90L_10NL,1,u n ç ˈi ɾ,V;SBJV;PRS;1;SG,55,55,100.0
90L_10NL_1_1,90L_10NL,1,u n ç ˈi ɾ,V;SBJV;PRS;2;PL,55,55,100.0
90L_10NL_1_2,90L_10NL,1,u n ç ˈi ɾ,V;SBJV;PRS;2;PL,55,55,100.0
90L_10NL_1_3,90L_10NL,1,u n ç ˈi ɾ,V;SBJV;PRS;2;PL,55,55,100.0
90L_10NL_1_4,90L_10NL,1,u n ç ˈi ɾ,V;SBJV;PRS;2;PL,55,55,100.0
90L_10NL_1_1,90L_10NL,1,u n ç ˈi ɾ,V;SBJV;PRS;2;SG,55,55,100.0
90L_10NL_1_2,90L_10NL,1,u n ç ˈi ɾ,V;SBJV;PRS;2;SG,55,55,100.0
90L_10NL_1_3,90L_10NL,1,u n ç ˈi ɾ,V;SBJV;PRS;2;SG,55,55,100.0
90L_10NL_1_4,90L_10NL,1,u n ç ˈi ɾ,V;SBJV;PRS;2;SG,55,55,100.0
90L_10NL_1_1,90L_10NL,1,u n ç ˈi ɾ,V;SBJV;PRS;3;PL,55,55,100.0
90L_10NL_1_2,90L_10NL,1,u n ç ˈi ɾ,V;SBJV;PRS;3;PL,55,55,100.0
90L_10NL_1_3,90L_10NL,1,u n ç ˈi ɾ,V;SBJV;PRS;3;PL,55,55,100.0
90L_10NL_1_4,90L_10NL,1,u n ç ˈi ɾ,V;SBJV;PRS;3;PL,55,55,100.0
90L_10NL_1_1,90L_10NL,1,u n ç ˈi ɾ,V;SBJV;PRS;3;SG,55,55,100.0
90L_10NL_1_2,90L_10NL,1,u n ç ˈi ɾ,V;SBJV;PRS;3;SG,55,55,100.0
90L_10NL_1_3,90L_10NL,1,u n ç ˈi ɾ,V;SBJV;PRS;3;SG,55,55,100.0
90L_10NL_1_4,90L_10NL,1,u n ç ˈi ɾ,V;SBJV;PRS;3;SG,55,55,100.0
90L_10NL_1_1,90L_10NL,1,u ɾ ç ˈi ɾ,V;IND;PRS;1;PL,55,55,100.0
90L_10NL_1_2,90L_10NL,1,u ɾ ç ˈi ɾ,V;IND;PRS;1;PL,55,55,100.0
90L_10NL_1_3,90L_10NL,1,u ɾ ç ˈi ɾ,V;IND;PRS;1;PL,55,55,100.0
90L_10NL_1_4,90L_10NL,1,u ɾ ç ˈi ɾ,V;IND;PRS;1;PL,55,55,100.0
90L_10NL_1_1,90L_10NL,1,u ɾ ç ˈi ɾ,V;IND;PRS;1;SG,55,55,100.0
90L_10NL_1_2,90L_10NL,1,u ɾ ç ˈi ɾ,V;IND;PRS;1;SG,55,55,100.0
90L_10NL_1_3,90L_10NL,1,u ɾ ç ˈi ɾ,V;IND;PRS;1;SG,53,55,96.36
90L_10NL_1_4,90L_10NL,1,u ɾ ç ˈi ɾ,V;IND;PRS;1;SG,35,55,63.64
90L_10NL_1_1,90L_10NL,1,u ɾ ç ˈi ɾ,V;IND;PRS;2;PL,55,55,100.0
90L_10NL_1_2,90L_10NL,1,u ɾ ç ˈi ɾ,V;IND;PRS;2;PL,55,55,100.0
90L_10NL_1_3,90L_10NL,1,u ɾ ç ˈi ɾ,V;IND;PRS;2;PL,55,55,100.0
90L_10NL_1_4,90L_10NL,1,u ɾ ç ˈi ɾ,V;IND;PRS;2;PL,55,55,100.0
90L_10NL_1_1,90L_10NL,1,u ɾ ç ˈi ɾ,V;IND;PRS;2;SG,55,55,100.0
90L_10NL_1_2,90L_10NL,1,u ɾ ç ˈi ɾ,V;IND;PRS;2;SG,55,55,100.0
90L_10NL_1_3,90L_10NL,1,u ɾ ç ˈi ɾ,V;IND;PRS;2;SG,49,55,89.09
90L_10NL_1_4,90L_10NL,1,u ɾ ç ˈi ɾ,V;IND;PRS;2;SG,48,55,87.27
90L_10NL_1_1,90L_10NL,1,u ɾ ç ˈi ɾ,V;IND;PRS;3;PL,55,55,100.0
90L_10NL_1_2,90L_10NL,1,u ɾ ç ˈi ɾ,V;IND;PRS;3;PL,55,55,100.0
90L_10NL_1_3,90L_10NL,1,u ɾ ç ˈi ɾ,V;IND;PRS;3;PL,49,55,89.09
90L_10NL_1_4,90L_10NL,1,u ɾ ç ˈi ɾ,V;IND;PRS;3;PL,44,55,80.0
90L_10NL_1_1,90L_10NL,1,u ɾ ç ˈi ɾ,V;IND;PRS;3;SG,55,55,100.0
90L_10NL_1_2,90L_10NL,1,u ɾ ç ˈi ɾ,V;IND;PRS;3;SG,55,55,100.0
90L_10NL_1_3,90L_10NL,1,u ɾ ç ˈi ɾ,V;IND;PRS;3;SG,48,55,87.27
90L_10NL_1_4,90L_10NL,1,u ɾ ç ˈi ɾ,V;IND;PRS;3;SG,41,55,74.55
90L_10NL_1_1,90L_10NL,1,u ɾ ç ˈi ɾ,V;SBJV;PRS;1;PL,55,55,100.0
90L_10NL_1_2,90L_10NL,1,u ɾ ç ˈi ɾ,V;SBJV;PRS;1;PL,55,55,100.0
90L_10NL_1_3,90L_10NL,1,u ɾ ç ˈi ɾ,V;SBJV;PRS;1;PL,55,55,100.0
90L_10NL_1_4,90L_10NL,1,u ɾ ç ˈi ɾ,V;SBJV;PRS;1;PL,55,55,100.0
90L_10NL_1_1,90L_10NL,1,u ɾ ç ˈi ɾ,V;SBJV;PRS;1;SG,55,55,100.0
90L_10NL_1_2,90L_10NL,1,u ɾ ç ˈi ɾ,V;SBJV;PRS;1;SG,55,55,100.0
90L_10NL_1_3,90L_10NL,1,u ɾ ç ˈi ɾ,V;SBJV;PRS;1;SG,54,55,98.18
90L_10NL_1_4,90L_10NL,1,u ɾ ç ˈi ɾ,V;SBJV;PRS;1;SG,40,55,72.73
90L_10NL_1_1,90L_10NL,1,u ɾ ç ˈi ɾ,V;SBJV;PRS;2;PL,55,55,100.0
90L_10NL_1_2,90L_10NL,1,u ɾ ç ˈi ɾ,V;SBJV;PRS;2;PL,55,55,100.0
90L_10NL_1_3,90L_10NL,1,u ɾ ç ˈi ɾ,V;SBJV;PRS;2;PL,55,55,100.0
90L_10NL_1_4,90L_10NL,1,u ɾ ç ˈi ɾ,V;SBJV;PRS;2;PL,55,55,100.0
90L_10NL_1_1,90L_10NL,1,u ɾ ç ˈi ɾ,V;SBJV;PRS;2;SG,55,55,100.0
90L_10NL_1_2,90L_10NL,1,u ɾ ç ˈi ɾ,V;SBJV;PRS;2;SG,55,55,100.0
90L_10NL_1_3,90L_10NL,1,u ɾ ç ˈi ɾ,V;SBJV;PRS;2;SG,55,55,100.0
90L_10NL_1_4,90L_10NL,1,u ɾ ç ˈi ɾ,V;SBJV;PRS;2;SG,40,55,72.73
90L_10NL_1_1,90L_10NL,1,u ɾ ç ˈi ɾ,V;SBJV;PRS;3;PL,55,55,100.0
90L_10NL_1_2,90L_10NL,1,u ɾ ç ˈi ɾ,V;SBJV;PRS;3;PL,55,55,100.0
90L_10NL_1_3,90L_10NL,1,u ɾ ç ˈi ɾ,V;SBJV;PRS;3;PL,54,55,98.18
90L_10NL_1_4,90L_10NL,1,u ɾ ç ˈi ɾ,V;SBJV;PRS;3;PL,43,55,78.18
90L_10NL_1_1,90L_10NL,1,u ɾ ç ˈi ɾ,V;SBJV;PRS;3;SG,55,55,100.0
90L_10NL_1_2,90L_10NL,1,u ɾ ç ˈi ɾ,V;SBJV;PRS;3;SG,55,55,100.0
90L_10NL_1_3,90L_10NL,1,u ɾ ç ˈi ɾ,V;SBJV;PRS;3;SG,54,55,98.18
90L_10NL_1_4,90L_10NL,1,u ɾ ç ˈi ɾ,V;SBJV;PRS;3;SG,41,55,74.55
90L_10NL_1_1,90L_10NL,1,ɡ w a ɾ e s ˈe ɾ,V;IND;PRS;1;PL,0,55,0.0
90L_10NL_1_2,90L_10NL,1,ɡ w a ɾ e s ˈe ɾ,V;IND;PRS;1;PL,0,55,0.0
90L_10NL_1_3,90L_10NL,1,ɡ w a ɾ e s ˈe ɾ,V;IND;PRS;1;PL,0,55,0.0
90L_10NL_1_4,90L_10NL,1,ɡ w a ɾ e s ˈe ɾ,V;IND;PRS;1;PL,0,55,0.0
90L_10NL_1_1,90L_10NL,1,ɡ w a ɾ e s ˈe ɾ,V;IND;PRS;1;SG,0,55,0.0
90L_10NL_1_2,90L_10NL,1,ɡ w a ɾ e s ˈe ɾ,V;IND;PRS;1;SG,0,55,0.0
90L_10NL_1_3,90L_10NL,1,ɡ w a ɾ e s ˈe ɾ,V;IND;PRS;1;SG,0,55,0.0
90L_10NL_1_4,90L_10NL,1,ɡ w a ɾ e s ˈe ɾ,V;IND;PRS;1;SG,0,55,0.0
90L_10NL_1_1,90L_10NL,1,ɡ w a ɾ e s ˈe ɾ,V;IND;PRS;2;PL,0,55,0.0
90L_10NL_1_2,90L_10NL,1,ɡ w a ɾ e s ˈe ɾ,V;IND;PRS;2;PL,0,55,0.0
90L_10NL_1_3,90L_10NL,1,ɡ w a ɾ e s ˈe ɾ,V;IND;PRS;2;PL,0,55,0.0
90L_10NL_1_4,90L_10NL,1,ɡ w a ɾ e s ˈe ɾ,V;IND;PRS;2;PL,0,55,0.0
90L_10NL_1_1,90L_10NL,1,ɡ w a ɾ e s ˈe ɾ,V;IND;PRS;2;SG,0,55,0.0
90L_10NL_1_2,90L_10NL,1,ɡ w a ɾ e s ˈe ɾ,V;IND;PRS;2;SG,0,55,0.0
90L_10NL_1_3,90L_10NL,1,ɡ w a ɾ e s ˈe ɾ,V;IND;PRS;2;SG,0,55,0.0
90L_10NL_1_4,90L_10NL,1,ɡ w a ɾ e s ˈe ɾ,V;IND;PRS;2;SG,0,55,0.0
90L_10NL_1_1,90L_10NL,1,ɡ w a ɾ e s ˈe ɾ,V;IND;PRS;3;PL,0,55,0.0
90L_10NL_1_2,90L_10NL,1,ɡ w a ɾ e s ˈe ɾ,V;IND;PRS;3;PL,0,55,0.0
90L_10NL_1_3,90L_10NL,1,ɡ w a ɾ e s ˈe ɾ,V;IND;PRS;3;PL,0,55,0.0
90L_10NL_1_4,90L_10NL,1,ɡ w a ɾ e s ˈe ɾ,V;IND;PRS;3;PL,0,55,0.0
90L_10NL_1_1,90L_10NL,1,ɡ w a ɾ e s ˈe ɾ,V;IND;PRS;3;SG,0,55,0.0
90L_10NL_1_2,90L_10NL,1,ɡ w a ɾ e s ˈe ɾ,V;IND;PRS;3;SG,0,55,0.0
90L_10NL_1_3,90L_10NL,1,ɡ w a ɾ e s ˈe ɾ,V;IND;PRS;3;SG,0,55,0.0
90L_10NL_1_4,90L_10NL,1,ɡ w a ɾ e s ˈe ɾ,V;IND;PRS;3;SG,0,55,0.0
90L_10NL_1_1,90L_10NL,1,ɡ w a ɾ e s ˈe ɾ,V;SBJV;PRS;1;PL,0,55,0.0
90L_10NL_1_2,90L_10NL,1,ɡ w a ɾ e s ˈe ɾ,V;SBJV;PRS;1;PL,0,55,0.0
90L_10NL_1_3,90L_10NL,1,ɡ w a ɾ e s ˈe ɾ,V;SBJV;PRS;1;PL,0,55,0.0
90L_10NL_1_4,90L_10NL,1,ɡ w a ɾ e s ˈe ɾ,V;SBJV;PRS;1;PL,0,55,0.0
90L_10NL_1_1,90L_10NL,1,ɡ w a ɾ e s ˈe ɾ,V;SBJV;PRS;1;SG,0,55,0.0
90L_10NL_1_2,90L_10NL,1,ɡ w a ɾ e s ˈe ɾ,V;SBJV;PRS;1;SG,0,55,0.0
90L_10NL_1_3,90L_10NL,1,ɡ w a ɾ e s ˈe ɾ,V;SBJV;PRS;1;SG,0,55,0.0
90L_10NL_1_4,90L_10NL,1,ɡ w a ɾ e s ˈe ɾ,V;SBJV;PRS;1;SG,0,55,0.0
90L_10NL_1_1,90L_10NL,1,ɡ w a ɾ e s ˈe ɾ,V;SBJV;PRS;2;PL,0,55,0.0
90L_10NL_1_2,90L_10NL,1,ɡ w a ɾ e s ˈe ɾ,V;SBJV;PRS;2;PL,0,55,0.0
90L_10NL_1_3,90L_10NL,1,ɡ w a ɾ e s ˈe ɾ,V;SBJV;PRS;2;PL,0,55,0.0
90L_10NL_1_4,90L_10NL,1,ɡ w a ɾ e s ˈe ɾ,V;SBJV;PRS;2;PL,0,55,0.0
90L_10NL_1_1,90L_10NL,1,ɡ w a ɾ e s ˈe ɾ,V;SBJV;PRS;2;SG,0,55,0.0
90L_10NL_1_2,90L_10NL,1,ɡ w a ɾ e s ˈe ɾ,V;SBJV;PRS;2;SG,0,55,0.0
90L_10NL_1_3,90L_10NL,1,ɡ w a ɾ e s ˈe ɾ,V;SBJV;PRS;2;SG,0,55,0.0
90L_10NL_1_4,90L_10NL,1,ɡ w a ɾ e s ˈe ɾ,V;SBJV;PRS;2;SG,0,55,0.0
90L_10NL_1_1,90L_10NL,1,ɡ w a ɾ e s ˈe ɾ,V;SBJV;PRS;3;PL,0,55,0.0
90L_10NL_1_2,90L_10NL,1,ɡ w a ɾ e s ˈe ɾ,V;SBJV;PRS;3;PL,0,55,0.0
90L_10NL_1_3,90L_10NL,1,ɡ w a ɾ e s ˈe ɾ,V;SBJV;PRS;3;PL,0,55,0.0
90L_10NL_1_4,90L_10NL,1,ɡ w a ɾ e s ˈe ɾ,V;SBJV;PRS;3;PL,0,55,0.0
90L_10NL_1_1,90L_10NL,1,ɡ w a ɾ e s ˈe ɾ,V;SBJV;PRS;3;SG,0,55,0.0
90L_10NL_1_2,90L_10NL,1,ɡ w a ɾ e s ˈe ɾ,V;SBJV;PRS;3;SG,0,55,0.0
90L_10NL_1_3,90L_10NL,1,ɡ w a ɾ e s ˈe ɾ,V;SBJV;PRS;3;SG,0,55,0.0
90L_10NL_1_4,90L_10NL,1,ɡ w a ɾ e s ˈe ɾ,V;SBJV;PRS;3;SG,0,55,0.0
90L_10NL_1_1,90L_10NL,1,ɡ w a ɾ n e s ˈe ɾ,V;IND;PRS;1;PL,0,55,0.0
90L_10NL_1_2,90L_10NL,1,ɡ w a ɾ n e s ˈe ɾ,V;IND;PRS;1;PL,0,55,0.0
90L_10NL_1_3,90L_10NL,1,ɡ w a ɾ n e s ˈe ɾ,V;IND;PRS;1;PL,0,55,0.0
90L_10NL_1_4,90L_10NL,1,ɡ w a ɾ n e s ˈe ɾ,V;IND;PRS;1;PL,0,55,0.0
90L_10NL_1_1,90L_10NL,1,ɡ w a ɾ n e s ˈe ɾ,V;IND;PRS;1;SG,0,55,0.0
90L_10NL_1_2,90L_10NL,1,ɡ w a ɾ n e s ˈe ɾ,V;IND;PRS;1;SG,0,55,0.0
90L_10NL_1_3,90L_10NL,1,ɡ w a ɾ n e s ˈe ɾ,V;IND;PRS;1;SG,0,55,0.0
90L_10NL_1_4,90L_10NL,1,ɡ w a ɾ n e s ˈe ɾ,V;IND;PRS;1;SG,0,55,0.0
90L_10NL_1_1,90L_10NL,1,ɡ w a ɾ n e s ˈe ɾ,V;IND;PRS;2;PL,0,55,0.0
90L_10NL_1_2,90L_10NL,1,ɡ w a ɾ n e s ˈe ɾ,V;IND;PRS;2;PL,0,55,0.0
90L_10NL_1_3,90L_10NL,1,ɡ w a ɾ n e s ˈe ɾ,V;IND;PRS;2;PL,0,55,0.0
90L_10NL_1_4,90L_10NL,1,ɡ w a ɾ n e s ˈe ɾ,V;IND;PRS;2;PL,0,55,0.0
90L_10NL_1_1,90L_10NL,1,ɡ w a ɾ n e s ˈe ɾ,V;IND;PRS;2;SG,0,55,0.0
90L_10NL_1_2,90L_10NL,1,ɡ w a ɾ n e s ˈe ɾ,V;IND;PRS;2;SG,0,55,0.0
90L_10NL_1_3,90L_10NL,1,ɡ w a ɾ n e s ˈe ɾ,V;IND;PRS;2;SG,0,55,0.0
90L_10NL_1_4,90L_10NL,1,ɡ w a ɾ n e s ˈe ɾ,V;IND;PRS;2;SG,0,55,0.0
90L_10NL_1_1,90L_10NL,1,ɡ w a ɾ n e s ˈe ɾ,V;IND;PRS;3;PL,0,55,0.0
90L_10NL_1_2,90L_10NL,1,ɡ w a ɾ n e s ˈe ɾ,V;IND;PRS;3;PL,0,55,0.0
90L_10NL_1_3,90L_10NL,1,ɡ w a ɾ n e s ˈe ɾ,V;IND;PRS;3;PL,0,55,0.0
90L_10NL_1_4,90L_10NL,1,ɡ w a ɾ n e s ˈe ɾ,V;IND;PRS;3;PL,0,55,0.0
90L_10NL_1_1,90L_10NL,1,ɡ w a ɾ n e s ˈe ɾ,V;IND;PRS;3;SG,0,55,0.0
90L_10NL_1_2,90L_10NL,1,ɡ w a ɾ n e s ˈe ɾ,V;IND;PRS;3;SG,0,55,0.0
90L_10NL_1_3,90L_10NL,1,ɡ w a ɾ n e s ˈe ɾ,V;IND;PRS;3;SG,0,55,0.0
90L_10NL_1_4,90L_10NL,1,ɡ w a ɾ n e s ˈe ɾ,V;IND;PRS;3;SG,0,55,0.0
90L_10NL_1_1,90L_10NL,1,ɡ w a ɾ n e s ˈe ɾ,V;SBJV;PRS;1;PL,0,55,0.0
90L_10NL_1_2,90L_10NL,1,ɡ w a ɾ n e s ˈe ɾ,V;SBJV;PRS;1;PL,0,55,0.0
90L_10NL_1_3,90L_10NL,1,ɡ w a ɾ n e s ˈe ɾ,V;SBJV;PRS;1;PL,0,55,0.0
90L_10NL_1_4,90L_10NL,1,ɡ w a ɾ n e s ˈe ɾ,V;SBJV;PRS;1;PL,0,55,0.0
90L_10NL_1_1,90L_10NL,1,ɡ w a ɾ n e s ˈe ɾ,V;SBJV;PRS;1;SG,0,55,0.0
90L_10NL_1_2,90L_10NL,1,ɡ w a ɾ n e s ˈe ɾ,V;SBJV;PRS;1;SG,0,55,0.0
90L_10NL_1_3,90L_10NL,1,ɡ w a ɾ n e s ˈe ɾ,V;SBJV;PRS;1;SG,0,55,0.0
90L_10NL_1_4,90L_10NL,1,ɡ w a ɾ n e s ˈe ɾ,V;SBJV;PRS;1;SG,0,55,0.0
90L_10NL_1_1,90L_10NL,1,ɡ w a ɾ n e s ˈe ɾ,V;SBJV;PRS;2;PL,0,55,0.0
90L_10NL_1_2,90L_10NL,1,ɡ w a ɾ n e s ˈe ɾ,V;SBJV;PRS;2;PL,0,55,0.0
90L_10NL_1_3,90L_10NL,1,ɡ w a ɾ n e s ˈe ɾ,V;SBJV;PRS;2;PL,0,55,0.0
90L_10NL_1_4,90L_10NL,1,ɡ w a ɾ n e s ˈe ɾ,V;SBJV;PRS;2;PL,0,55,0.0
90L_10NL_1_1,90L_10NL,1,ɡ w a ɾ n e s ˈe ɾ,V;SBJV;PRS;2;SG,0,55,0.0
90L_10NL_1_2,90L_10NL,1,ɡ w a ɾ n e s ˈe ɾ,V;SBJV;PRS;2;SG,0,55,0.0
90L_10NL_1_3,90L_10NL,1,ɡ w a ɾ n e s ˈe ɾ,V;SBJV;PRS;2;SG,0,55,0.0
90L_10NL_1_4,90L_10NL,1,ɡ w a ɾ n e s ˈe ɾ,V;SBJV;PRS;2;SG,0,55,0.0
90L_10NL_1_1,90L_10NL,1,ɡ w a ɾ n e s ˈe ɾ,V;SBJV;PRS;3;PL,0,55,0.0
90L_10NL_1_2,90L_10NL,1,ɡ w a ɾ n e s ˈe ɾ,V;SBJV;PRS;3;PL,0,55,0.0
90L_10NL_1_3,90L_10NL,1,ɡ w a ɾ n e s ˈe ɾ,V;SBJV;PRS;3;PL,0,55,0.0
90L_10NL_1_4,90L_10NL,1,ɡ w a ɾ n e s ˈe ɾ,V;SBJV;PRS;3;PL,0,55,0.0
90L_10NL_1_1,90L_10NL,1,ɡ w a ɾ n e s ˈe ɾ,V;SBJV;PRS;3;SG,0,55,0.0
90L_10NL_1_2,90L_10NL,1,ɡ w a ɾ n e s ˈe ɾ,V;SBJV;PRS;3;SG,0,55,0.0
90L_10NL_1_3,90L_10NL,1,ɡ w a ɾ n e s ˈe ɾ,V;SBJV;PRS;3;SG,0,55,0.0
90L_10NL_1_4,90L_10NL,1,ɡ w a ɾ n e s ˈe ɾ,V;SBJV;PRS;3;SG,0,55,0.0
90L_10NL_1_1,90L_10NL,1,ɾ e b e n ˈi ɾ,V;IND;PRS;1;PL,55,55,100.0
90L_10NL_1_2,90L_10NL,1,ɾ e b e n ˈi ɾ,V;IND;PRS;1;PL,54,55,98.18
90L_10NL_1_3,90L_10NL,1,ɾ e b e n ˈi ɾ,V;IND;PRS;1;PL,55,55,100.0
90L_10NL_1_4,90L_10NL,1,ɾ e b e n ˈi ɾ,V;IND;PRS;1;PL,55,55,100.0
90L_10NL_1_1,90L_10NL,1,ɾ e b e n ˈi ɾ,V;IND;PRS;1;SG,55,55,100.0
90L_10NL_1_2,90L_10NL,1,ɾ e b e n ˈi ɾ,V;IND;PRS;1;SG,55,55,100.0
90L_10NL_1_3,90L_10NL,1,ɾ e b e n ˈi ɾ,V;IND;PRS;1;SG,55,55,100.0
90L_10NL_1_4,90L_10NL,1,ɾ e b e n ˈi ɾ,V;IND;PRS;1;SG,55,55,100.0
90L_10NL_1_1,90L_10NL,1,ɾ e b e n ˈi ɾ,V;IND;PRS;2;PL,55,55,100.0
90L_10NL_1_2,90L_10NL,1,ɾ e b e n ˈi ɾ,V;IND;PRS;2;PL,54,55,98.18
90L_10NL_1_3,90L_10NL,1,ɾ e b e n ˈi ɾ,V;IND;PRS;2;PL,55,55,100.0
90L_10NL_1_4,90L_10NL,1,ɾ e b e n ˈi ɾ,V;IND;PRS;2;PL,55,55,100.0
90L_10NL_1_1,90L_10NL,1,ɾ e b e n ˈi ɾ,V;IND;PRS;2;SG,55,55,100.0
90L_10NL_1_2,90L_10NL,1,ɾ e b e n ˈi ɾ,V;IND;PRS;2;SG,55,55,100.0
90L_10NL_1_3,90L_10NL,1,ɾ e b e n ˈi ɾ,V;IND;PRS;2;SG,55,55,100.0
90L_10NL_1_4,90L_10NL,1,ɾ e b e n ˈi ɾ,V;IND;PRS;2;SG,55,55,100.0
90L_10NL_1_1,90L_10NL,1,ɾ e b e n ˈi ɾ,V;IND;PRS;3;PL,55,55,100.0
90L_10NL_1_2,90L_10NL,1,ɾ e b e n ˈi ɾ,V;IND;PRS;3;PL,55,55,100.0
90L_10NL_1_3,90L_10NL,1,ɾ e b e n ˈi ɾ,V;IND;PRS;3;PL,55,55,100.0
90L_10NL_1_4,90L_10NL,1,ɾ e b e n ˈi ɾ,V;IND;PRS;3;PL,55,55,100.0
90L_10NL_1_1,90L_10NL,1,ɾ e b e n ˈi ɾ,V;IND;PRS;3;SG,55,55,100.0
90L_10NL_1_2,90L_10NL,1,ɾ e b e n ˈi ɾ,V;IND;PRS;3;SG,55,55,100.0
90L_10NL_1_3,90L_10NL,1,ɾ e b e n ˈi ɾ,V;IND;PRS;3;SG,55,55,100.0
90L_10NL_1_4,90L_10NL,1,ɾ e b e n ˈi ɾ,V;IND;PRS;3;SG,55,55,100.0
90L_10NL_1_1,90L_10NL,1,ɾ e b e n ˈi ɾ,V;SBJV;PRS;1;PL,55,55,100.0
90L_10NL_1_2,90L_10NL,1,ɾ e b e n ˈi ɾ,V;SBJV;PRS;1;PL,55,55,100.0
90L_10NL_1_3,90L_10NL,1,ɾ e b e n ˈi ɾ,V;SBJV;PRS;1;PL,55,55,100.0
90L_10NL_1_4,90L_10NL,1,ɾ e b e n ˈi ɾ,V;SBJV;PRS;1;PL,55,55,100.0
90L_10NL_1_1,90L_10NL,1,ɾ e b e n ˈi ɾ,V;SBJV;PRS;1;SG,55,55,100.0
90L_10NL_1_2,90L_10NL,1,ɾ e b e n ˈi ɾ,V;SBJV;PRS;1;SG,55,55,100.0
90L_10NL_1_3,90L_10NL,1,ɾ e b e n ˈi ɾ,V;SBJV;PRS;1;SG,55,55,100.0
90L_10NL_1_4,90L_10NL,1,ɾ e b e n ˈi ɾ,V;SBJV;PRS;1;SG,55,55,100.0
90L_10NL_1_1,90L_10NL,1,ɾ e b e n ˈi ɾ,V;SBJV;PRS;2;PL,55,55,100.0
90L_10NL_1_2,90L_10NL,1,ɾ e b e n ˈi ɾ,V;SBJV;PRS;2;PL,55,55,100.0
90L_10NL_1_3,90L_10NL,1,ɾ e b e n ˈi ɾ,V;SBJV;PRS;2;PL,55,55,100.0
90L_10NL_1_4,90L_10NL,1,ɾ e b e n ˈi ɾ,V;SBJV;PRS;2;PL,55,55,100.0
90L_10NL_1_1,90L_10NL,1,ɾ e b e n ˈi ɾ,V;SBJV;PRS;2;SG,55,55,100.0
90L_10NL_1_2,90L_10NL,1,ɾ e b e n ˈi ɾ,V;SBJV;PRS;2;SG,55,55,100.0
90L_10NL_1_3,90L_10NL,1,ɾ e b e n ˈi ɾ,V;SBJV;PRS;2;SG,55,55,100.0
90L_10NL_1_4,90L_10NL,1,ɾ e b e n ˈi ɾ,V;SBJV;PRS;2;SG,55,55,100.0
90L_10NL_1_1,90L_10NL,1,ɾ e b e n ˈi ɾ,V;SBJV;PRS;3;PL,55,55,100.0
90L_10NL_1_2,90L_10NL,1,ɾ e b e n ˈi ɾ,V;SBJV;PRS;3;PL,55,55,100.0
90L_10NL_1_3,90L_10NL,1,ɾ e b e n ˈi ɾ,V;SBJV;PRS;3;PL,54,55,98.18
90L_10NL_1_4,90L_10NL,1,ɾ e b e n ˈi ɾ,V;SBJV;PRS;3;PL,55,55,100.0
90L_10NL_1_1,90L_10NL,1,ɾ e b e n ˈi ɾ,V;SBJV;PRS;3;SG,55,55,100.0
90L_10NL_1_2,90L_10NL,1,ɾ e b e n ˈi ɾ,V;SBJV;PRS;3;SG,55,55,100.0
90L_10NL_1_3,90L_10NL,1,ɾ e b e n ˈi ɾ,V;SBJV;PRS;3;SG,55,55,100.0
90L_10NL_1_4,90L_10NL,1,ɾ e b e n ˈi ɾ,V;SBJV;PRS;3;SG,55,55,100.0
90L_10NL_1_1,90L_10NL,1,ɾ e b e ɾ d e s ˈe ɾ,V;IND;PRS;1;PL,55,55,100.0
90L_10NL_1_2,90L_10NL,1,ɾ e b e ɾ d e s ˈe ɾ,V;IND;PRS;1;PL,55,55,100.0
90L_10NL_1_3,90L_10NL,1,ɾ e b e ɾ d e s ˈe ɾ,V;IND;PRS;1;PL,55,55,100.0
90L_10NL_1_4,90L_10NL,1,ɾ e b e ɾ d e s ˈe ɾ,V;IND;PRS;1;PL,55,55,100.0
90L_10NL_1_1,90L_10NL,1,ɾ e b e ɾ d e s ˈe ɾ,V;IND;PRS;1;SG,55,55,100.0
90L_10NL_1_2,90L_10NL,1,ɾ e b e ɾ d e s ˈe ɾ,V;IND;PRS;1;SG,55,55,100.0
90L_10NL_1_3,90L_10NL,1,ɾ e b e ɾ d e s ˈe ɾ,V;IND;PRS;1;SG,55,55,100.0
90L_10NL_1_4,90L_10NL,1,ɾ e b e ɾ d e s ˈe ɾ,V;IND;PRS;1;SG,55,55,100.0
90L_10NL_1_1,90L_10NL,1,ɾ e b e ɾ d e s ˈe ɾ,V;IND;PRS;2;PL,55,55,100.0
90L_10NL_1_2,90L_10NL,1,ɾ e b e ɾ d e s ˈe ɾ,V;IND;PRS;2;PL,55,55,100.0
90L_10NL_1_3,90L_10NL,1,ɾ e b e ɾ d e s ˈe ɾ,V;IND;PRS;2;PL,55,55,100.0
90L_10NL_1_4,90L_10NL,1,ɾ e b e ɾ d e s ˈe ɾ,V;IND;PRS;2;PL,55,55,100.0
90L_10NL_1_1,90L_10NL,1,ɾ e b e ɾ d e s ˈe ɾ,V;IND;PRS;2;SG,55,55,100.0
90L_10NL_1_2,90L_10NL,1,ɾ e b e ɾ d e s ˈe ɾ,V;IND;PRS;2;SG,55,55,100.0
90L_10NL_1_3,90L_10NL,1,ɾ e b e ɾ d e s ˈe ɾ,V;IND;PRS;2;SG,55,55,100.0
90L_10NL_1_4,90L_10NL,1,ɾ e b e ɾ d e s ˈe ɾ,V;IND;PRS;2;SG,55,55,100.0
90L_10NL_1_1,90L_10NL,1,ɾ e b e ɾ d e s ˈe ɾ,V;IND;PRS;3;PL,55,55,100.0
90L_10NL_1_2,90L_10NL,1,ɾ e b e ɾ d e s ˈe ɾ,V;IND;PRS;3;PL,55,55,100.0
90L_10NL_1_3,90L_10NL,1,ɾ e b e ɾ d e s ˈe ɾ,V;IND;PRS;3;PL,55,55,100.0
90L_10NL_1_4,90L_10NL,1,ɾ e b e ɾ d e s ˈe ɾ,V;IND;PRS;3;PL,55,55,100.0
90L_10NL_1_1,90L_10NL,1,ɾ e b e ɾ d e s ˈe ɾ,V;IND;PRS;3;SG,55,55,100.0
90L_10NL_1_2,90L_10NL,1,ɾ e b e ɾ d e s ˈe ɾ,V;IND;PRS;3;SG,55,55,100.0
90L_10NL_1_3,90L_10NL,1,ɾ e b e ɾ d e s ˈe ɾ,V;IND;PRS;3;SG,55,55,100.0
90L_10NL_1_4,90L_10NL,1,ɾ e b e ɾ d e s ˈe ɾ,V;IND;PRS;3;SG,55,55,100.0
90L_10NL_1_1,90L_10NL,1,ɾ e b e ɾ d e s ˈe ɾ,V;SBJV;PRS;1;PL,55,55,100.0
90L_10NL_1_2,90L_10NL,1,ɾ e b e ɾ d e s ˈe ɾ,V;SBJV;PRS;1;PL,55,55,100.0
90L_10NL_1_3,90L_10NL,1,ɾ e b e ɾ d e s ˈe ɾ,V;SBJV;PRS;1;PL,55,55,100.0
90L_10NL_1_4,90L_10NL,1,ɾ e b e ɾ d e s ˈe ɾ,V;SBJV;PRS;1;PL,55,55,100.0
90L_10NL_1_1,90L_10NL,1,ɾ e b e ɾ d e s ˈe ɾ,V;SBJV;PRS;1;SG,55,55,100.0
90L_10NL_1_2,90L_10NL,1,ɾ e b e ɾ d e s ˈe ɾ,V;SBJV;PRS;1;SG,55,55,100.0
90L_10NL_1_3,90L_10NL,1,ɾ e b e ɾ d e s ˈe ɾ,V;SBJV;PRS;1;SG,55,55,100.0
90L_10NL_1_4,90L_10NL,1,ɾ e b e ɾ d e s ˈe ɾ,V;SBJV;PRS;1;SG,55,55,100.0
90L_10NL_1_1,90L_10NL,1,ɾ e b e ɾ d e s ˈe ɾ,V;SBJV;PRS;2;PL,55,55,100.0
90L_10NL_1_2,90L_10NL,1,ɾ e b e ɾ d e s ˈe ɾ,V;SBJV;PRS;2;PL,55,55,100.0
90L_10NL_1_3,90L_10NL,1,ɾ e b e ɾ d e s ˈe ɾ,V;SBJV;PRS;2;PL,55,55,100.0
90L_10NL_1_4,90L_10NL,1,ɾ e b e ɾ d e s ˈe ɾ,V;SBJV;PRS;2;PL,55,55,100.0
90L_10NL_1_1,90L_10NL,1,ɾ e b e ɾ d e s ˈe ɾ,V;SBJV;PRS;2;SG,55,55,100.0
90L_10NL_1_2,90L_10NL,1,ɾ e b e ɾ d e s ˈe ɾ,V;SBJV;PRS;2;SG,55,55,100.0
90L_10NL_1_3,90L_10NL,1,ɾ e b e ɾ d e s ˈe ɾ,V;SBJV;PRS;2;SG,55,55,100.0
90L_10NL_1_4,90L_10NL,1,ɾ e b e ɾ d e s ˈe ɾ,V;SBJV;PRS;2;SG,55,55,100.0
90L_10NL_1_1,90L_10NL,1,ɾ e b e ɾ d e s ˈe ɾ,V;SBJV;PRS;3;PL,55,55,100.0
90L_10NL_1_2,90L_10NL,1,ɾ e b e ɾ d e s ˈe ɾ,V;SBJV;PRS;3;PL,55,55,100.0
90L_10NL_1_3,90L_10NL,1,ɾ e b e ɾ d e s ˈe ɾ,V;SBJV;PRS;3;PL,55,55,100.0
90L_10NL_1_4,90L_10NL,1,ɾ e b e ɾ d e s ˈe ɾ,V;SBJV;PRS;3;PL,55,55,100.0
90L_10NL_1_1,90L_10NL,1,ɾ e b e ɾ d e s ˈe ɾ,V;SBJV;PRS;3;SG,55,55,100.0
90L_10NL_1_2,90L_10NL,1,ɾ e b e ɾ d e s ˈe ɾ,V;SBJV;PRS;3;SG,55,55,100.0
90L_10NL_1_3,90L_10NL,1,ɾ e b e ɾ d e s ˈe ɾ,V;SBJV;PRS;3;SG,55,55,100.0
90L_10NL_1_4,90L_10NL,1,ɾ e b e ɾ d e s ˈe ɾ,V;SBJV;PRS;3;SG,55,55,100.0
90L_10NL_1_1,90L_10NL,1,ɾ e d e s ˈi ɾ,V;IND;PRS;1;PL,55,55,100.0
90L_10NL_1_2,90L_10NL,1,ɾ e d e s ˈi ɾ,V;IND;PRS;1;PL,55,55,100.0
90L_10NL_1_3,90L_10NL,1,ɾ e d e s ˈi ɾ,V;IND;PRS;1;PL,55,55,100.0
90L_10NL_1_4,90L_10NL,1,ɾ e d e s ˈi ɾ,V;IND;PRS;1;PL,55,55,100.0
90L_10NL_1_1,90L_10NL,1,ɾ e d e s ˈi ɾ,V;IND;PRS;1;SG,55,55,100.0
90L_10NL_1_2,90L_10NL,1,ɾ e d e s ˈi ɾ,V;IND;PRS;1;SG,55,55,100.0
90L_10NL_1_3,90L_10NL,1,ɾ e d e s ˈi ɾ,V;IND;PRS;1;SG,55,55,100.0
90L_10NL_1_4,90L_10NL,1,ɾ e d e s ˈi ɾ,V;IND;PRS;1;SG,55,55,100.0
90L_10NL_1_1,90L_10NL,1,ɾ e d e s ˈi ɾ,V;IND;PRS;2;PL,55,55,100.0
90L_10NL_1_2,90L_10NL,1,ɾ e d e s ˈi ɾ,V;IND;PRS;2;PL,55,55,100.0
90L_10NL_1_3,90L_10NL,1,ɾ e d e s ˈi ɾ,V;IND;PRS;2;PL,55,55,100.0
90L_10NL_1_4,90L_10NL,1,ɾ e d e s ˈi ɾ,V;IND;PRS;2;PL,55,55,100.0
90L_10NL_1_1,90L_10NL,1,ɾ e d e s ˈi ɾ,V;IND;PRS;2;SG,55,55,100.0
90L_10NL_1_2,90L_10NL,1,ɾ e d e s ˈi ɾ,V;IND;PRS;2;SG,55,55,100.0
90L_10NL_1_3,90L_10NL,1,ɾ e d e s ˈi ɾ,V;IND;PRS;2;SG,55,55,100.0
90L_10NL_1_4,90L_10NL,1,ɾ e d e s ˈi ɾ,V;IND;PRS;2;SG,55,55,100.0
90L_10NL_1_1,90L_10NL,1,ɾ e d e s ˈi ɾ,V;IND;PRS;3;PL,55,55,100.0
90L_10NL_1_2,90L_10NL,1,ɾ e d e s ˈi ɾ,V;IND;PRS;3;PL,55,55,100.0
90L_10NL_1_3,90L_10NL,1,ɾ e d e s ˈi ɾ,V;IND;PRS;3;PL,55,55,100.0
90L_10NL_1_4,90L_10NL,1,ɾ e d e s ˈi ɾ,V;IND;PRS;3;PL,55,55,100.0
90L_10NL_1_1,90L_10NL,1,ɾ e d e s ˈi ɾ,V;IND;PRS;3;SG,55,55,100.0
90L_10NL_1_2,90L_10NL,1,ɾ e d e s ˈi ɾ,V;IND;PRS;3;SG,55,55,100.0
90L_10NL_1_3,90L_10NL,1,ɾ e d e s ˈi ɾ,V;IND;PRS;3;SG,55,55,100.0
90L_10NL_1_4,90L_10NL,1,ɾ e d e s ˈi ɾ,V;IND;PRS;3;SG,55,55,100.0
90L_10NL_1_1,90L_10NL,1,ɾ e d e s ˈi ɾ,V;SBJV;PRS;1;PL,55,55,100.0
90L_10NL_1_2,90L_10NL,1,ɾ e d e s ˈi ɾ,V;SBJV;PRS;1;PL,55,55,100.0
90L_10NL_1_3,90L_10NL,1,ɾ e d e s ˈi ɾ,V;SBJV;PRS;1;PL,55,55,100.0
90L_10NL_1_4,90L_10NL,1,ɾ e d e s ˈi ɾ,V;SBJV;PRS;1;PL,55,55,100.0
90L_10NL_1_1,90L_10NL,1,ɾ e d e s ˈi ɾ,V;SBJV;PRS;1;SG,55,55,100.0
90L_10NL_1_2,90L_10NL,1,ɾ e d e s ˈi ɾ,V;SBJV;PRS;1;SG,55,55,100.0
90L_10NL_1_3,90L_10NL,1,ɾ e d e s ˈi ɾ,V;SBJV;PRS;1;SG,55,55,100.0
90L_10NL_1_4,90L_10NL,1,ɾ e d e s ˈi ɾ,V;SBJV;PRS;1;SG,55,55,100.0
90L_10NL_1_1,90L_10NL,1,ɾ e d e s ˈi ɾ,V;SBJV;PRS;2;PL,55,55,100.0
90L_10NL_1_2,90L_10NL,1,ɾ e d e s ˈi ɾ,V;SBJV;PRS;2;PL,55,55,100.0
90L_10NL_1_3,90L_10NL,1,ɾ e d e s ˈi ɾ,V;SBJV;PRS;2;PL,55,55,100.0
90L_10NL_1_4,90L_10NL,1,ɾ e d e s ˈi ɾ,V;SBJV;PRS;2;PL,55,55,100.0
90L_10NL_1_1,90L_10NL,1,ɾ e d e s ˈi ɾ,V;SBJV;PRS;2;SG,55,55,100.0
90L_10NL_1_2,90L_10NL,1,ɾ e d e s ˈi ɾ,V;SBJV;PRS;2;SG,55,55,100.0
90L_10NL_1_3,90L_10NL,1,ɾ e d e s ˈi ɾ,V;SBJV;PRS;2;SG,55,55,100.0
90L_10NL_1_4,90L_10NL,1,ɾ e d e s ˈi ɾ,V;SBJV;PRS;2;SG,55,55,100.0
90L_10NL_1_1,90L_10NL,1,ɾ e d e s ˈi ɾ,V;SBJV;PRS;3;PL,55,55,100.0
90L_10NL_1_2,90L_10NL,1,ɾ e d e s ˈi ɾ,V;SBJV;PRS;3;PL,55,55,100.0
90L_10NL_1_3,90L_10NL,1,ɾ e d e s ˈi ɾ,V;SBJV;PRS;3;PL,55,55,100.0
90L_10NL_1_4,90L_10NL,1,ɾ e d e s ˈi ɾ,V;SBJV;PRS;3;PL,55,55,100.0
90L_10NL_1_1,90L_10NL,1,ɾ e d e s ˈi ɾ,V;SBJV;PRS;3;SG,55,55,100.0
90L_10NL_1_2,90L_10NL,1,ɾ e d e s ˈi ɾ,V;SBJV;PRS;3;SG,55,55,100.0
90L_10NL_1_3,90L_10NL,1,ɾ e d e s ˈi ɾ,V;SBJV;PRS;3;SG,55,55,100.0
90L_10NL_1_4,90L_10NL,1,ɾ e d e s ˈi ɾ,V;SBJV;PRS;3;SG,55,55,100.0
90L_10NL_1_1,90L_10NL,1,ɾ e e s t a b l e s ˈe ɾ,V;IND;PRS;1;PL,55,55,100.0
90L_10NL_1_2,90L_10NL,1,ɾ e e s t a b l e s ˈe ɾ,V;IND;PRS;1;PL,55,55,100.0
90L_10NL_1_3,90L_10NL,1,ɾ e e s t a b l e s ˈe ɾ,V;IND;PRS;1;PL,55,55,100.0
90L_10NL_1_4,90L_10NL,1,ɾ e e s t a b l e s ˈe ɾ,V;IND;PRS;1;PL,0,55,0.0
90L_10NL_1_1,90L_10NL,1,ɾ e e s t a b l e s ˈe ɾ,V;IND;PRS;1;SG,55,55,100.0
90L_10NL_1_2,90L_10NL,1,ɾ e e s t a b l e s ˈe ɾ,V;IND;PRS;1;SG,55,55,100.0
90L_10NL_1_3,90L_10NL,1,ɾ e e s t a b l e s ˈe ɾ,V;IND;PRS;1;SG,55,55,100.0
90L_10NL_1_4,90L_10NL,1,ɾ e e s t a b l e s ˈe ɾ,V;IND;PRS;1;SG,0,55,0.0
90L_10NL_1_1,90L_10NL,1,ɾ e e s t a b l e s ˈe ɾ,V;IND;PRS;2;PL,55,55,100.0
90L_10NL_1_2,90L_10NL,1,ɾ e e s t a b l e s ˈe ɾ,V;IND;PRS;2;PL,55,55,100.0
90L_10NL_1_3,90L_10NL,1,ɾ e e s t a b l e s ˈe ɾ,V;IND;PRS;2;PL,55,55,100.0
90L_10NL_1_4,90L_10NL,1,ɾ e e s t a b l e s ˈe ɾ,V;IND;PRS;2;PL,0,55,0.0
90L_10NL_1_1,90L_10NL,1,ɾ e e s t a b l e s ˈe ɾ,V;IND;PRS;2;SG,55,55,100.0
90L_10NL_1_2,90L_10NL,1,ɾ e e s t a b l e s ˈe ɾ,V;IND;PRS;2;SG,55,55,100.0
90L_10NL_1_3,90L_10NL,1,ɾ e e s t a b l e s ˈe ɾ,V;IND;PRS;2;SG,55,55,100.0
90L_10NL_1_4,90L_10NL,1,ɾ e e s t a b l e s ˈe ɾ,V;IND;PRS;2;SG,0,55,0.0
90L_10NL_1_1,90L_10NL,1,ɾ e e s t a b l e s ˈe ɾ,V;IND;PRS;3;PL,55,55,100.0
90L_10NL_1_2,90L_10NL,1,ɾ e e s t a b l e s ˈe ɾ,V;IND;PRS;3;PL,55,55,100.0
90L_10NL_1_3,90L_10NL,1,ɾ e e s t a b l e s ˈe ɾ,V;IND;PRS;3;PL,55,55,100.0
90L_10NL_1_4,90L_10NL,1,ɾ e e s t a b l e s ˈe ɾ,V;IND;PRS;3;PL,0,55,0.0
90L_10NL_1_1,90L_10NL,1,ɾ e e s t a b l e s ˈe ɾ,V;IND;PRS;3;SG,55,55,100.0
90L_10NL_1_2,90L_10NL,1,ɾ e e s t a b l e s ˈe ɾ,V;IND;PRS;3;SG,55,55,100.0
90L_10NL_1_3,90L_10NL,1,ɾ e e s t a b l e s ˈe ɾ,V;IND;PRS;3;SG,55,55,100.0
90L_10NL_1_4,90L_10NL,1,ɾ e e s t a b l e s ˈe ɾ,V;IND;PRS;3;SG,0,55,0.0
90L_10NL_1_1,90L_10NL,1,ɾ e e s t a b l e s ˈe ɾ,V;SBJV;PRS;1;PL,55,55,100.0
90L_10NL_1_2,90L_10NL,1,ɾ e e s t a b l e s ˈe ɾ,V;SBJV;PRS;1;PL,55,55,100.0
90L_10NL_1_3,90L_10NL,1,ɾ e e s t a b l e s ˈe ɾ,V;SBJV;PRS;1;PL,55,55,100.0
90L_10NL_1_4,90L_10NL,1,ɾ e e s t a b l e s ˈe ɾ,V;SBJV;PRS;1;PL,0,55,0.0
90L_10NL_1_1,90L_10NL,1,ɾ e e s t a b l e s ˈe ɾ,V;SBJV;PRS;1;SG,55,55,100.0
90L_10NL_1_2,90L_10NL,1,ɾ e e s t a b l e s ˈe ɾ,V;SBJV;PRS;1;SG,55,55,100.0
90L_10NL_1_3,90L_10NL,1,ɾ e e s t a b l e s ˈe ɾ,V;SBJV;PRS;1;SG,55,55,100.0
90L_10NL_1_4,90L_10NL,1,ɾ e e s t a b l e s ˈe ɾ,V;SBJV;PRS;1;SG,0,55,0.0
90L_10NL_1_1,90L_10NL,1,ɾ e e s t a b l e s ˈe ɾ,V;SBJV;PRS;2;PL,55,55,100.0
90L_10NL_1_2,90L_10NL,1,ɾ e e s t a b l e s ˈe ɾ,V;SBJV;PRS;2;PL,55,55,100.0
90L_10NL_1_3,90L_10NL,1,ɾ e e s t a b l e s ˈe ɾ,V;SBJV;PRS;2;PL,55,55,100.0
90L_10NL_1_4,90L_10NL,1,ɾ e e s t a b l e s ˈe ɾ,V;SBJV;PRS;2;PL,0,55,0.0
90L_10NL_1_1,90L_10NL,1,ɾ e e s t a b l e s ˈe ɾ,V;SBJV;PRS;2;SG,55,55,100.0
90L_10NL_1_2,90L_10NL,1,ɾ e e s t a b l e s ˈe ɾ,V;SBJV;PRS;2;SG,55,55,100.0
90L_10NL_1_3,90L_10NL,1,ɾ e e s t a b l e s ˈe ɾ,V;SBJV;PRS;2;SG,55,55,100.0
90L_10NL_1_4,90L_10NL,1,ɾ e e s t a b l e s ˈe ɾ,V;SBJV;PRS;2;SG,0,55,0.0
90L_10NL_1_1,90L_10NL,1,ɾ e e s t a b l e s ˈe ɾ,V;SBJV;PRS;3;PL,55,55,100.0
90L_10NL_1_2,90L_10NL,1,ɾ e e s t a b l e s ˈe ɾ,V;SBJV;PRS;3;PL,55,55,100.0
90L_10NL_1_3,90L_10NL,1,ɾ e e s t a b l e s ˈe ɾ,V;SBJV;PRS;3;PL,55,55,100.0
90L_10NL_1_4,90L_10NL,1,ɾ e e s t a b l e s ˈe ɾ,V;SBJV;PRS;3;PL,0,55,0.0
90L_10NL_1_1,90L_10NL,1,ɾ e e s t a b l e s ˈe ɾ,V;SBJV;PRS;3;SG,55,55,100.0
90L_10NL_1_2,90L_10NL,1,ɾ e e s t a b l e s ˈe ɾ,V;SBJV;PRS;3;SG,55,55,100.0
90L_10NL_1_3,90L_10NL,1,ɾ e e s t a b l e s ˈe ɾ,V;SBJV;PRS;3;SG,55,55,100.0
90L_10NL_1_4,90L_10NL,1,ɾ e e s t a b l e s ˈe ɾ,V;SBJV;PRS;3;SG,0,55,0.0
90L_10NL_1_1,90L_10NL,1,ɾ e j n t ɾ o d u s ˈi ɾ,V;IND;PRS;1;PL,55,55,100.0
90L_10NL_1_2,90L_10NL,1,ɾ e j n t ɾ o d u s ˈi ɾ,V;IND;PRS;1;PL,55,55,100.0
90L_10NL_1_3,90L_10NL,1,ɾ e j n t ɾ o d u s ˈi ɾ,V;IND;PRS;1;PL,55,55,100.0
90L_10NL_1_4,90L_10NL,1,ɾ e j n t ɾ o d u s ˈi ɾ,V;IND;PRS;1;PL,55,55,100.0
90L_10NL_1_1,90L_10NL,1,ɾ e j n t ɾ o d u s ˈi ɾ,V;IND;PRS;1;SG,55,55,100.0
90L_10NL_1_2,90L_10NL,1,ɾ e j n t ɾ o d u s ˈi ɾ,V;IND;PRS;1;SG,55,55,100.0
90L_10NL_1_3,90L_10NL,1,ɾ e j n t ɾ o d u s ˈi ɾ,V;IND;PRS;1;SG,55,55,100.0
90L_10NL_1_4,90L_10NL,1,ɾ e j n t ɾ o d u s ˈi ɾ,V;IND;PRS;1;SG,54,55,98.18
90L_10NL_1_1,90L_10NL,1,ɾ e j n t ɾ o d u s ˈi ɾ,V;IND;PRS;2;PL,55,55,100.0
90L_10NL_1_2,90L_10NL,1,ɾ e j n t ɾ o d u s ˈi ɾ,V;IND;PRS;2;PL,55,55,100.0
90L_10NL_1_3,90L_10NL,1,ɾ e j n t ɾ o d u s ˈi ɾ,V;IND;PRS;2;PL,55,55,100.0
90L_10NL_1_4,90L_10NL,1,ɾ e j n t ɾ o d u s ˈi ɾ,V;IND;PRS;2;PL,55,55,100.0
90L_10NL_1_1,90L_10NL,1,ɾ e j n t ɾ o d u s ˈi ɾ,V;IND;PRS;2;SG,55,55,100.0
90L_10NL_1_2,90L_10NL,1,ɾ e j n t ɾ o d u s ˈi ɾ,V;IND;PRS;2;SG,55,55,100.0
90L_10NL_1_3,90L_10NL,1,ɾ e j n t ɾ o d u s ˈi ɾ,V;IND;PRS;2;SG,55,55,100.0
90L_10NL_1_4,90L_10NL,1,ɾ e j n t ɾ o d u s ˈi ɾ,V;IND;PRS;2;SG,45,55,81.82
90L_10NL_1_1,90L_10NL,1,ɾ e j n t ɾ o d u s ˈi ɾ,V;IND;PRS;3;PL,55,55,100.0
90L_10NL_1_2,90L_10NL,1,ɾ e j n t ɾ o d u s ˈi ɾ,V;IND;PRS;3;PL,55,55,100.0
90L_10NL_1_3,90L_10NL,1,ɾ e j n t ɾ o d u s ˈi ɾ,V;IND;PRS;3;PL,55,55,100.0
90L_10NL_1_4,90L_10NL,1,ɾ e j n t ɾ o d u s ˈi ɾ,V;IND;PRS;3;PL,48,55,87.27
90L_10NL_1_1,90L_10NL,1,ɾ e j n t ɾ o d u s ˈi ɾ,V;IND;PRS;3;SG,55,55,100.0
90L_10NL_1_2,90L_10NL,1,ɾ e j n t ɾ o d u s ˈi ɾ,V;IND;PRS;3;SG,55,55,100.0
90L_10NL_1_3,90L_10NL,1,ɾ e j n t ɾ o d u s ˈi ɾ,V;IND;PRS;3;SG,55,55,100.0
90L_10NL_1_4,90L_10NL,1,ɾ e j n t ɾ o d u s ˈi ɾ,V;IND;PRS;3;SG,50,55,90.91
90L_10NL_1_1,90L_10NL,1,ɾ e j n t ɾ o d u s ˈi ɾ,V;SBJV;PRS;1;PL,55,55,100.0
90L_10NL_1_2,90L_10NL,1,ɾ e j n t ɾ o d u s ˈi ɾ,V;SBJV;PRS;1;PL,55,55,100.0
90L_10NL_1_3,90L_10NL,1,ɾ e j n t ɾ o d u s ˈi ɾ,V;SBJV;PRS;1;PL,55,55,100.0
90L_10NL_1_4,90L_10NL,1,ɾ e j n t ɾ o d u s ˈi ɾ,V;SBJV;PRS;1;PL,55,55,100.0
90L_10NL_1_1,90L_10NL,1,ɾ e j n t ɾ o d u s ˈi ɾ,V;SBJV;PRS;1;SG,55,55,100.0
90L_10NL_1_2,90L_10NL,1,ɾ e j n t ɾ o d u s ˈi ɾ,V;SBJV;PRS;1;SG,55,55,100.0
90L_10NL_1_3,90L_10NL,1,ɾ e j n t ɾ o d u s ˈi ɾ,V;SBJV;PRS;1;SG,55,55,100.0
90L_10NL_1_4,90L_10NL,1,ɾ e j n t ɾ o d u s ˈi ɾ,V;SBJV;PRS;1;SG,51,55,92.73
90L_10NL_1_1,90L_10NL,1,ɾ e j n t ɾ o d u s ˈi ɾ,V;SBJV;PRS;2;PL,55,55,100.0
90L_10NL_1_2,90L_10NL,1,ɾ e j n t ɾ o d u s ˈi ɾ,V;SBJV;PRS;2;PL,55,55,100.0
90L_10NL_1_3,90L_10NL,1,ɾ e j n t ɾ o d u s ˈi ɾ,V;SBJV;PRS;2;PL,55,55,100.0
90L_10NL_1_4,90L_10NL,1,ɾ e j n t ɾ o d u s ˈi ɾ,V;SBJV;PRS;2;PL,55,55,100.0
90L_10NL_1_1,90L_10NL,1,ɾ e j n t ɾ o d u s ˈi ɾ,V;SBJV;PRS;2;SG,55,55,100.0
90L_10NL_1_2,90L_10NL,1,ɾ e j n t ɾ o d u s ˈi ɾ,V;SBJV;PRS;2;SG,55,55,100.0
90L_10NL_1_3,90L_10NL,1,ɾ e j n t ɾ o d u s ˈi ɾ,V;SBJV;PRS;2;SG,55,55,100.0
90L_10NL_1_4,90L_10NL,1,ɾ e j n t ɾ o d u s ˈi ɾ,V;SBJV;PRS;2;SG,53,55,96.36
90L_10NL_1_1,90L_10NL,1,ɾ e j n t ɾ o d u s ˈi ɾ,V;SBJV;PRS;3;PL,55,55,100.0
90L_10NL_1_2,90L_10NL,1,ɾ e j n t ɾ o d u s ˈi ɾ,V;SBJV;PRS;3;PL,55,55,100.0
90L_10NL_1_3,90L_10NL,1,ɾ e j n t ɾ o d u s ˈi ɾ,V;SBJV;PRS;3;PL,55,55,100.0
90L_10NL_1_4,90L_10NL,1,ɾ e j n t ɾ o d u s ˈi ɾ,V;SBJV;PRS;3;PL,47,55,85.45
90L_10NL_1_1,90L_10NL,1,ɾ e j n t ɾ o d u s ˈi ɾ,V;SBJV;PRS;3;SG,55,55,100.0
90L_10NL_1_2,90L_10NL,1,ɾ e j n t ɾ o d u s ˈi ɾ,V;SBJV;PRS;3;SG,55,55,100.0
90L_10NL_1_3,90L_10NL,1,ɾ e j n t ɾ o d u s ˈi ɾ,V;SBJV;PRS;3;SG,55,55,100.0
90L_10NL_1_4,90L_10NL,1,ɾ e j n t ɾ o d u s ˈi ɾ,V;SBJV;PRS;3;SG,54,55,98.18
90L_10NL_1_1,90L_10NL,1,ɾ e k a ˈe ɾ,V;IND;PRS;1;PL,55,55,100.0
90L_10NL_1_2,90L_10NL,1,ɾ e k a ˈe ɾ,V;IND;PRS;1;PL,55,55,100.0
90L_10NL_1_3,90L_10NL,1,ɾ e k a ˈe ɾ,V;IND;PRS;1;PL,55,55,100.0
90L_10NL_1_4,90L_10NL,1,ɾ e k a ˈe ɾ,V;IND;PRS;1;PL,55,55,100.0
90L_10NL_1_1,90L_10NL,1,ɾ e k a ˈe ɾ,V;IND;PRS;1;SG,55,55,100.0
90L_10NL_1_2,90L_10NL,1,ɾ e k a ˈe ɾ,V;IND;PRS;1;SG,53,55,96.36
90L_10NL_1_3,90L_10NL,1,ɾ e k a ˈe ɾ,V;IND;PRS;1;SG,55,55,100.0
90L_10NL_1_4,90L_10NL,1,ɾ e k a ˈe ɾ,V;IND;PRS;1;SG,51,55,92.73
90L_10NL_1_1,90L_10NL,1,ɾ e k a ˈe ɾ,V;IND;PRS;2;PL,55,55,100.0
90L_10NL_1_2,90L_10NL,1,ɾ e k a ˈe ɾ,V;IND;PRS;2;PL,55,55,100.0
90L_10NL_1_3,90L_10NL,1,ɾ e k a ˈe ɾ,V;IND;PRS;2;PL,55,55,100.0
90L_10NL_1_4,90L_10NL,1,ɾ e k a ˈe ɾ,V;IND;PRS;2;PL,55,55,100.0
90L_10NL_1_1,90L_10NL,1,ɾ e k a ˈe ɾ,V;IND;PRS;2;SG,55,55,100.0
90L_10NL_1_2,90L_10NL,1,ɾ e k a ˈe ɾ,V;IND;PRS;2;SG,55,55,100.0
90L_10NL_1_3,90L_10NL,1,ɾ e k a ˈe ɾ,V;IND;PRS;2;SG,55,55,100.0
90L_10NL_1_4,90L_10NL,1,ɾ e k a ˈe ɾ,V;IND;PRS;2;SG,54,55,98.18
90L_10NL_1_1,90L_10NL,1,ɾ e k a ˈe ɾ,V;IND;PRS;3;PL,55,55,100.0
90L_10NL_1_2,90L_10NL,1,ɾ e k a ˈe ɾ,V;IND;PRS;3;PL,55,55,100.0
90L_10NL_1_3,90L_10NL,1,ɾ e k a ˈe ɾ,V;IND;PRS;3;PL,55,55,100.0
90L_10NL_1_4,90L_10NL,1,ɾ e k a ˈe ɾ,V;IND;PRS;3;PL,55,55,100.0
90L_10NL_1_1,90L_10NL,1,ɾ e k a ˈe ɾ,V;IND;PRS;3;SG,55,55,100.0
90L_10NL_1_2,90L_10NL,1,ɾ e k a ˈe ɾ,V;IND;PRS;3;SG,55,55,100.0
90L_10NL_1_3,90L_10NL,1,ɾ e k a ˈe ɾ,V;IND;PRS;3;SG,55,55,100.0
90L_10NL_1_4,90L_10NL,1,ɾ e k a ˈe ɾ,V;IND;PRS;3;SG,55,55,100.0
90L_10NL_1_1,90L_10NL,1,ɾ e k a ˈe ɾ,V;SBJV;PRS;1;PL,55,55,100.0
90L_10NL_1_2,90L_10NL,1,ɾ e k a ˈe ɾ,V;SBJV;PRS;1;PL,55,55,100.0
90L_10NL_1_3,90L_10NL,1,ɾ e k a ˈe ɾ,V;SBJV;PRS;1;PL,53,55,96.36
90L_10NL_1_4,90L_10NL,1,ɾ e k a ˈe ɾ,V;SBJV;PRS;1;PL,55,55,100.0
90L_10NL_1_1,90L_10NL,1,ɾ e k a ˈe ɾ,V;SBJV;PRS;1;SG,55,55,100.0
90L_10NL_1_2,90L_10NL,1,ɾ e k a ˈe ɾ,V;SBJV;PRS;1;SG,45,55,81.82
90L_10NL_1_3,90L_10NL,1,ɾ e k a ˈe ɾ,V;SBJV;PRS;1;SG,55,55,100.0
90L_10NL_1_4,90L_10NL,1,ɾ e k a ˈe ɾ,V;SBJV;PRS;1;SG,55,55,100.0
90L_10NL_1_1,90L_10NL,1,ɾ e k a ˈe ɾ,V;SBJV;PRS;2;PL,55,55,100.0
90L_10NL_1_2,90L_10NL,1,ɾ e k a ˈe ɾ,V;SBJV;PRS;2;PL,55,55,100.0
90L_10NL_1_3,90L_10NL,1,ɾ e k a ˈe ɾ,V;SBJV;PRS;2;PL,55,55,100.0
90L_10NL_1_4,90L_10NL,1,ɾ e k a ˈe ɾ,V;SBJV;PRS;2;PL,55,55,100.0
90L_10NL_1_1,90L_10NL,1,ɾ e k a ˈe ɾ,V;SBJV;PRS;2;SG,55,55,100.0
90L_10NL_1_2,90L_10NL,1,ɾ e k a ˈe ɾ,V;SBJV;PRS;2;SG,54,55,98.18
90L_10NL_1_3,90L_10NL,1,ɾ e k a ˈe ɾ,V;SBJV;PRS;2;SG,55,55,100.0
90L_10NL_1_4,90L_10NL,1,ɾ e k a ˈe ɾ,V;SBJV;PRS;2;SG,54,55,98.18
90L_10NL_1_1,90L_10NL,1,ɾ e k a ˈe ɾ,V;SBJV;PRS;3;PL,55,55,100.0
90L_10NL_1_2,90L_10NL,1,ɾ e k a ˈe ɾ,V;SBJV;PRS;3;PL,47,55,85.45
90L_10NL_1_3,90L_10NL,1,ɾ e k a ˈe ɾ,V;SBJV;PRS;3;PL,55,55,100.0
90L_10NL_1_4,90L_10NL,1,ɾ e k a ˈe ɾ,V;SBJV;PRS;3;PL,52,55,94.55
90L_10NL_1_1,90L_10NL,1,ɾ e k a ˈe ɾ,V;SBJV;PRS;3;SG,55,55,100.0
90L_10NL_1_2,90L_10NL,1,ɾ e k a ˈe ɾ,V;SBJV;PRS;3;SG,46,55,83.64
90L_10NL_1_3,90L_10NL,1,ɾ e k a ˈe ɾ,V;SBJV;PRS;3;SG,55,55,100.0
90L_10NL_1_4,90L_10NL,1,ɾ e k a ˈe ɾ,V;SBJV;PRS;3;SG,54,55,98.18
90L_10NL_1_1,90L_10NL,1,ɾ e k o s ˈe ɾ,V;IND;PRS;1;PL,55,55,100.0
90L_10NL_1_2,90L_10NL,1,ɾ e k o s ˈe ɾ,V;IND;PRS;1;PL,55,55,100.0
90L_10NL_1_3,90L_10NL,1,ɾ e k o s ˈe ɾ,V;IND;PRS;1;PL,55,55,100.0
90L_10NL_1_4,90L_10NL,1,ɾ e k o s ˈe ɾ,V;IND;PRS;1;PL,55,55,100.0
90L_10NL_1_1,90L_10NL,1,ɾ e k o s ˈe ɾ,V;IND;PRS;1;SG,52,55,94.55
90L_10NL_1_2,90L_10NL,1,ɾ e k o s ˈe ɾ,V;IND;PRS;1;SG,55,55,100.0
90L_10NL_1_3,90L_10NL,1,ɾ e k o s ˈe ɾ,V;IND;PRS;1;SG,53,55,96.36
90L_10NL_1_4,90L_10NL,1,ɾ e k o s ˈe ɾ,V;IND;PRS;1;SG,49,55,89.09
90L_10NL_1_1,90L_10NL,1,ɾ e k o s ˈe ɾ,V;IND;PRS;2;PL,55,55,100.0
90L_10NL_1_2,90L_10NL,1,ɾ e k o s ˈe ɾ,V;IND;PRS;2;PL,55,55,100.0
90L_10NL_1_3,90L_10NL,1,ɾ e k o s ˈe ɾ,V;IND;PRS;2;PL,55,55,100.0
90L_10NL_1_4,90L_10NL,1,ɾ e k o s ˈe ɾ,V;IND;PRS;2;PL,55,55,100.0
90L_10NL_1_1,90L_10NL,1,ɾ e k o s ˈe ɾ,V;IND;PRS;2;SG,49,55,89.09
90L_10NL_1_2,90L_10NL,1,ɾ e k o s ˈe ɾ,V;IND;PRS;2;SG,52,55,94.55
90L_10NL_1_3,90L_10NL,1,ɾ e k o s ˈe ɾ,V;IND;PRS;2;SG,53,55,96.36
90L_10NL_1_4,90L_10NL,1,ɾ e k o s ˈe ɾ,V;IND;PRS;2;SG,49,55,89.09
90L_10NL_1_1,90L_10NL,1,ɾ e k o s ˈe ɾ,V;IND;PRS;3;PL,50,55,90.91
90L_10NL_1_2,90L_10NL,1,ɾ e k o s ˈe ɾ,V;IND;PRS;3;PL,54,55,98.18
90L_10NL_1_3,90L_10NL,1,ɾ e k o s ˈe ɾ,V;IND;PRS;3;PL,54,55,98.18
90L_10NL_1_4,90L_10NL,1,ɾ e k o s ˈe ɾ,V;IND;PRS;3;PL,49,55,89.09
90L_10NL_1_1,90L_10NL,1,ɾ e k o s ˈe ɾ,V;IND;PRS;3;SG,49,55,89.09
90L_10NL_1_2,90L_10NL,1,ɾ e k o s ˈe ɾ,V;IND;PRS;3;SG,53,55,96.36
90L_10NL_1_3,90L_10NL,1,ɾ e k o s ˈe ɾ,V;IND;PRS;3;SG,54,55,98.18
90L_10NL_1_4,90L_10NL,1,ɾ e k o s ˈe ɾ,V;IND;PRS;3;SG,49,55,89.09
90L_10NL_1_1,90L_10NL,1,ɾ e k o s ˈe ɾ,V;SBJV;PRS;1;PL,55,55,100.0
90L_10NL_1_2,90L_10NL,1,ɾ e k o s ˈe ɾ,V;SBJV;PRS;1;PL,55,55,100.0
90L_10NL_1_3,90L_10NL,1,ɾ e k o s ˈe ɾ,V;SBJV;PRS;1;PL,55,55,100.0
90L_10NL_1_4,90L_10NL,1,ɾ e k o s ˈe ɾ,V;SBJV;PRS;1;PL,55,55,100.0
90L_10NL_1_1,90L_10NL,1,ɾ e k o s ˈe ɾ,V;SBJV;PRS;1;SG,52,55,94.55
90L_10NL_1_2,90L_10NL,1,ɾ e k o s ˈe ɾ,V;SBJV;PRS;1;SG,55,55,100.0
90L_10NL_1_3,90L_10NL,1,ɾ e k o s ˈe ɾ,V;SBJV;PRS;1;SG,52,55,94.55
90L_10NL_1_4,90L_10NL,1,ɾ e k o s ˈe ɾ,V;SBJV;PRS;1;SG,46,55,83.64
90L_10NL_1_1,90L_10NL,1,ɾ e k o s ˈe ɾ,V;SBJV;PRS;2;PL,55,55,100.0
90L_10NL_1_2,90L_10NL,1,ɾ e k o s ˈe ɾ,V;SBJV;PRS;2;PL,55,55,100.0
90L_10NL_1_3,90L_10NL,1,ɾ e k o s ˈe ɾ,V;SBJV;PRS;2;PL,55,55,100.0
90L_10NL_1_4,90L_10NL,1,ɾ e k o s ˈe ɾ,V;SBJV;PRS;2;PL,55,55,100.0
90L_10NL_1_1,90L_10NL,1,ɾ e k o s ˈe ɾ,V;SBJV;PRS;2;SG,54,55,98.18
90L_10NL_1_2,90L_10NL,1,ɾ e k o s ˈe ɾ,V;SBJV;PRS;2;SG,54,55,98.18
90L_10NL_1_3,90L_10NL,1,ɾ e k o s ˈe ɾ,V;SBJV;PRS;2;SG,53,55,96.36
90L_10NL_1_4,90L_10NL,1,ɾ e k o s ˈe ɾ,V;SBJV;PRS;2;SG,48,55,87.27
90L_10NL_1_1,90L_10NL,1,ɾ e k o s ˈe ɾ,V;SBJV;PRS;3;PL,53,55,96.36
90L_10NL_1_2,90L_10NL,1,ɾ e k o s ˈe ɾ,V;SBJV;PRS;3;PL,54,55,98.18
90L_10NL_1_3,90L_10NL,1,ɾ e k o s ˈe ɾ,V;SBJV;PRS;3;PL,52,55,94.55
90L_10NL_1_4,90L_10NL,1,ɾ e k o s ˈe ɾ,V;SBJV;PRS;3;PL,49,55,89.09
90L_10NL_1_1,90L_10NL,1,ɾ e k o s ˈe ɾ,V;SBJV;PRS;3;SG,53,55,96.36
90L_10NL_1_2,90L_10NL,1,ɾ e k o s ˈe ɾ,V;SBJV;PRS;3;SG,54,55,98.18
90L_10NL_1_3,90L_10NL,1,ɾ e k o s ˈe ɾ,V;SBJV;PRS;3;SG,52,55,94.55
90L_10NL_1_4,90L_10NL,1,ɾ e k o s ˈe ɾ,V;SBJV;PRS;3;SG,45,55,81.82
90L_10NL_1_1,90L_10NL,1,ɾ e s t a b l e s ˈe ɾ,V;IND;PRS;1;PL,55,55,100.0
90L_10NL_1_2,90L_10NL,1,ɾ e s t a b l e s ˈe ɾ,V;IND;PRS;1;PL,55,55,100.0
90L_10NL_1_3,90L_10NL,1,ɾ e s t a b l e s ˈe ɾ,V;IND;PRS;1;PL,55,55,100.0
90L_10NL_1_4,90L_10NL,1,ɾ e s t a b l e s ˈe ɾ,V;IND;PRS;1;PL,55,55,100.0
90L_10NL_1_1,90L_10NL,1,ɾ e s t a b l e s ˈe ɾ,V;IND;PRS;1;SG,55,55,100.0
90L_10NL_1_2,90L_10NL,1,ɾ e s t a b l e s ˈe ɾ,V;IND;PRS;1;SG,55,55,100.0
90L_10NL_1_3,90L_10NL,1,ɾ e s t a b l e s ˈe ɾ,V;IND;PRS;1;SG,55,55,100.0
90L_10NL_1_4,90L_10NL,1,ɾ e s t a b l e s ˈe ɾ,V;IND;PRS;1;SG,55,55,100.0
90L_10NL_1_1,90L_10NL,1,ɾ e s t a b l e s ˈe ɾ,V;IND;PRS;2;PL,55,55,100.0
90L_10NL_1_2,90L_10NL,1,ɾ e s t a b l e s ˈe ɾ,V;IND;PRS;2;PL,55,55,100.0
90L_10NL_1_3,90L_10NL,1,ɾ e s t a b l e s ˈe ɾ,V;IND;PRS;2;PL,55,55,100.0
90L_10NL_1_4,90L_10NL,1,ɾ e s t a b l e s ˈe ɾ,V;IND;PRS;2;PL,55,55,100.0
90L_10NL_1_1,90L_10NL,1,ɾ e s t a b l e s ˈe ɾ,V;IND;PRS;2;SG,55,55,100.0
90L_10NL_1_2,90L_10NL,1,ɾ e s t a b l e s ˈe ɾ,V;IND;PRS;2;SG,55,55,100.0
90L_10NL_1_3,90L_10NL,1,ɾ e s t a b l e s ˈe ɾ,V;IND;PRS;2;SG,55,55,100.0
90L_10NL_1_4,90L_10NL,1,ɾ e s t a b l e s ˈe ɾ,V;IND;PRS;2;SG,55,55,100.0
90L_10NL_1_1,90L_10NL,1,ɾ e s t a b l e s ˈe ɾ,V;IND;PRS;3;PL,55,55,100.0
90L_10NL_1_2,90L_10NL,1,ɾ e s t a b l e s ˈe ɾ,V;IND;PRS;3;PL,55,55,100.0
90L_10NL_1_3,90L_10NL,1,ɾ e s t a b l e s ˈe ɾ,V;IND;PRS;3;PL,55,55,100.0
90L_10NL_1_4,90L_10NL,1,ɾ e s t a b l e s ˈe ɾ,V;IND;PRS;3;PL,55,55,100.0
90L_10NL_1_1,90L_10NL,1,ɾ e s t a b l e s ˈe ɾ,V;IND;PRS;3;SG,55,55,100.0
90L_10NL_1_2,90L_10NL,1,ɾ e s t a b l e s ˈe ɾ,V;IND;PRS;3;SG,55,55,100.0
90L_10NL_1_3,90L_10NL,1,ɾ e s t a b l e s ˈe ɾ,V;IND;PRS;3;SG,55,55,100.0
90L_10NL_1_4,90L_10NL,1,ɾ e s t a b l e s ˈe ɾ,V;IND;PRS;3;SG,55,55,100.0
90L_10NL_1_1,90L_10NL,1,ɾ e s t a b l e s ˈe ɾ,V;SBJV;PRS;1;PL,55,55,100.0
90L_10NL_1_2,90L_10NL,1,ɾ e s t a b l e s ˈe ɾ,V;SBJV;PRS;1;PL,55,55,100.0
90L_10NL_1_3,90L_10NL,1,ɾ e s t a b l e s ˈe ɾ,V;SBJV;PRS;1;PL,55,55,100.0
90L_10NL_1_4,90L_10NL,1,ɾ e s t a b l e s ˈe ɾ,V;SBJV;PRS;1;PL,55,55,100.0
90L_10NL_1_1,90L_10NL,1,ɾ e s t a b l e s ˈe ɾ,V;SBJV;PRS;1;SG,55,55,100.0
90L_10NL_1_2,90L_10NL,1,ɾ e s t a b l e s ˈe ɾ,V;SBJV;PRS;1;SG,55,55,100.0
90L_10NL_1_3,90L_10NL,1,ɾ e s t a b l e s ˈe ɾ,V;SBJV;PRS;1;SG,55,55,100.0
90L_10NL_1_4,90L_10NL,1,ɾ e s t a b l e s ˈe ɾ,V;SBJV;PRS;1;SG,55,55,100.0
90L_10NL_1_1,90L_10NL,1,ɾ e s t a b l e s ˈe ɾ,V;SBJV;PRS;2;PL,55,55,100.0
90L_10NL_1_2,90L_10NL,1,ɾ e s t a b l e s ˈe ɾ,V;SBJV;PRS;2;PL,55,55,100.0
90L_10NL_1_3,90L_10NL,1,ɾ e s t a b l e s ˈe ɾ,V;SBJV;PRS;2;PL,55,55,100.0
90L_10NL_1_4,90L_10NL,1,ɾ e s t a b l e s ˈe ɾ,V;SBJV;PRS;2;PL,55,55,100.0
90L_10NL_1_1,90L_10NL,1,ɾ e s t a b l e s ˈe ɾ,V;SBJV;PRS;2;SG,55,55,100.0
90L_10NL_1_2,90L_10NL,1,ɾ e s t a b l e s ˈe ɾ,V;SBJV;PRS;2;SG,55,55,100.0
90L_10NL_1_3,90L_10NL,1,ɾ e s t a b l e s ˈe ɾ,V;SBJV;PRS;2;SG,55,55,100.0
90L_10NL_1_4,90L_10NL,1,ɾ e s t a b l e s ˈe ɾ,V;SBJV;PRS;2;SG,55,55,100.0
90L_10NL_1_1,90L_10NL,1,ɾ e s t a b l e s ˈe ɾ,V;SBJV;PRS;3;PL,55,55,100.0
90L_10NL_1_2,90L_10NL,1,ɾ e s t a b l e s ˈe ɾ,V;SBJV;PRS;3;PL,55,55,100.0
90L_10NL_1_3,90L_10NL,1,ɾ e s t a b l e s ˈe ɾ,V;SBJV;PRS;3;PL,55,55,100.0
90L_10NL_1_4,90L_10NL,1,ɾ e s t a b l e s ˈe ɾ,V;SBJV;PRS;3;PL,55,55,100.0
90L_10NL_1_1,90L_10NL,1,ɾ e s t a b l e s ˈe ɾ,V;SBJV;PRS;3;SG,55,55,100.0
90L_10NL_1_2,90L_10NL,1,ɾ e s t a b l e s ˈe ɾ,V;SBJV;PRS;3;SG,55,55,100.0
90L_10NL_1_3,90L_10NL,1,ɾ e s t a b l e s ˈe ɾ,V;SBJV;PRS;3;SG,55,55,100.0
90L_10NL_1_4,90L_10NL,1,ɾ e s t a b l e s ˈe ɾ,V;SBJV;PRS;3;SG,55,55,100.0
90L_10NL_1_1,90L_10NL,1,ɾ e t ɾ a d u s ˈi ɾ,V;IND;PRS;1;PL,55,55,100.0
90L_10NL_1_2,90L_10NL,1,ɾ e t ɾ a d u s ˈi ɾ,V;IND;PRS;1;PL,55,55,100.0
90L_10NL_1_3,90L_10NL,1,ɾ e t ɾ a d u s ˈi ɾ,V;IND;PRS;1;PL,55,55,100.0
90L_10NL_1_4,90L_10NL,1,ɾ e t ɾ a d u s ˈi ɾ,V;IND;PRS;1;PL,55,55,100.0
90L_10NL_1_1,90L_10NL,1,ɾ e t ɾ a d u s ˈi ɾ,V;IND;PRS;1;SG,55,55,100.0
90L_10NL_1_2,90L_10NL,1,ɾ e t ɾ a d u s ˈi ɾ,V;IND;PRS;1;SG,55,55,100.0
90L_10NL_1_3,90L_10NL,1,ɾ e t ɾ a d u s ˈi ɾ,V;IND;PRS;1;SG,55,55,100.0
90L_10NL_1_4,90L_10NL,1,ɾ e t ɾ a d u s ˈi ɾ,V;IND;PRS;1;SG,55,55,100.0
90L_10NL_1_1,90L_10NL,1,ɾ e t ɾ a d u s ˈi ɾ,V;IND;PRS;2;PL,55,55,100.0
90L_10NL_1_2,90L_10NL,1,ɾ e t ɾ a d u s ˈi ɾ,V;IND;PRS;2;PL,55,55,100.0
90L_10NL_1_3,90L_10NL,1,ɾ e t ɾ a d u s ˈi ɾ,V;IND;PRS;2;PL,55,55,100.0
90L_10NL_1_4,90L_10NL,1,ɾ e t ɾ a d u s ˈi ɾ,V;IND;PRS;2;PL,55,55,100.0
90L_10NL_1_1,90L_10NL,1,ɾ e t ɾ a d u s ˈi ɾ,V;IND;PRS;2;SG,55,55,100.0
90L_10NL_1_2,90L_10NL,1,ɾ e t ɾ a d u s ˈi ɾ,V;IND;PRS;2;SG,55,55,100.0
90L_10NL_1_3,90L_10NL,1,ɾ e t ɾ a d u s ˈi ɾ,V;IND;PRS;2;SG,55,55,100.0
90L_10NL_1_4,90L_10NL,1,ɾ e t ɾ a d u s ˈi ɾ,V;IND;PRS;2;SG,55,55,100.0
90L_10NL_1_1,90L_10NL,1,ɾ e t ɾ a d u s ˈi ɾ,V;IND;PRS;3;PL,55,55,100.0
90L_10NL_1_2,90L_10NL,1,ɾ e t ɾ a d u s ˈi ɾ,V;IND;PRS;3;PL,55,55,100.0
90L_10NL_1_3,90L_10NL,1,ɾ e t ɾ a d u s ˈi ɾ,V;IND;PRS;3;PL,55,55,100.0
90L_10NL_1_4,90L_10NL,1,ɾ e t ɾ a d u s ˈi ɾ,V;IND;PRS;3;PL,55,55,100.0
90L_10NL_1_1,90L_10NL,1,ɾ e t ɾ a d u s ˈi ɾ,V;IND;PRS;3;SG,55,55,100.0
90L_10NL_1_2,90L_10NL,1,ɾ e t ɾ a d u s ˈi ɾ,V;IND;PRS;3;SG,55,55,100.0
90L_10NL_1_3,90L_10NL,1,ɾ e t ɾ a d u s ˈi ɾ,V;IND;PRS;3;SG,55,55,100.0
90L_10NL_1_4,90L_10NL,1,ɾ e t ɾ a d u s ˈi ɾ,V;IND;PRS;3;SG,55,55,100.0
90L_10NL_1_1,90L_10NL,1,ɾ e t ɾ a d u s ˈi ɾ,V;SBJV;PRS;1;PL,55,55,100.0
90L_10NL_1_2,90L_10NL,1,ɾ e t ɾ a d u s ˈi ɾ,V;SBJV;PRS;1;PL,55,55,100.0
90L_10NL_1_3,90L_10NL,1,ɾ e t ɾ a d u s ˈi ɾ,V;SBJV;PRS;1;PL,55,55,100.0
90L_10NL_1_4,90L_10NL,1,ɾ e t ɾ a d u s ˈi ɾ,V;SBJV;PRS;1;PL,55,55,100.0
90L_10NL_1_1,90L_10NL,1,ɾ e t ɾ a d u s ˈi ɾ,V;SBJV;PRS;1;SG,55,55,100.0
90L_10NL_1_2,90L_10NL,1,ɾ e t ɾ a d u s ˈi ɾ,V;SBJV;PRS;1;SG,55,55,100.0
90L_10NL_1_3,90L_10NL,1,ɾ e t ɾ a d u s ˈi ɾ,V;SBJV;PRS;1;SG,55,55,100.0
90L_10NL_1_4,90L_10NL,1,ɾ e t ɾ a d u s ˈi ɾ,V;SBJV;PRS;1;SG,55,55,100.0
90L_10NL_1_1,90L_10NL,1,ɾ e t ɾ a d u s ˈi ɾ,V;SBJV;PRS;2;PL,55,55,100.0
90L_10NL_1_2,90L_10NL,1,ɾ e t ɾ a d u s ˈi ɾ,V;SBJV;PRS;2;PL,55,55,100.0
90L_10NL_1_3,90L_10NL,1,ɾ e t ɾ a d u s ˈi ɾ,V;SBJV;PRS;2;PL,55,55,100.0
90L_10NL_1_4,90L_10NL,1,ɾ e t ɾ a d u s ˈi ɾ,V;SBJV;PRS;2;PL,55,55,100.0
90L_10NL_1_1,90L_10NL,1,ɾ e t ɾ a d u s ˈi ɾ,V;SBJV;PRS;2;SG,55,55,100.0
90L_10NL_1_2,90L_10NL,1,ɾ e t ɾ a d u s ˈi ɾ,V;SBJV;PRS;2;SG,55,55,100.0
90L_10NL_1_3,90L_10NL,1,ɾ e t ɾ a d u s ˈi ɾ,V;SBJV;PRS;2;SG,55,55,100.0
90L_10NL_1_4,90L_10NL,1,ɾ e t ɾ a d u s ˈi ɾ,V;SBJV;PRS;2;SG,55,55,100.0
90L_10NL_1_1,90L_10NL,1,ɾ e t ɾ a d u s ˈi ɾ,V;SBJV;PRS;3;PL,55,55,100.0
90L_10NL_1_2,90L_10NL,1,ɾ e t ɾ a d u s ˈi ɾ,V;SBJV;PRS;3;PL,55,55,100.0
90L_10NL_1_3,90L_10NL,1,ɾ e t ɾ a d u s ˈi ɾ,V;SBJV;PRS;3;PL,55,55,100.0
90L_10NL_1_4,90L_10NL,1,ɾ e t ɾ a d u s ˈi ɾ,V;SBJV;PRS;3;PL,55,55,100.0
90L_10NL_1_1,90L_10NL,1,ɾ e t ɾ a d u s ˈi ɾ,V;SBJV;PRS;3;SG,55,55,100.0
90L_10NL_1_2,90L_10NL,1,ɾ e t ɾ a d u s ˈi ɾ,V;SBJV;PRS;3;SG,55,55,100.0
90L_10NL_1_3,90L_10NL,1,ɾ e t ɾ a d u s ˈi ɾ,V;SBJV;PRS;3;SG,55,55,100.0
90L_10NL_1_4,90L_10NL,1,ɾ e t ɾ a d u s ˈi ɾ,V;SBJV;PRS;3;SG,55,55,100.0
90L_10NL_1_1,90L_10NL,1,ʃ a s ˈe ɾ,V;IND;PRS;1;PL,55,55,100.0
90L_10NL_1_2,90L_10NL,1,ʃ a s ˈe ɾ,V;IND;PRS;1;PL,51,55,92.73
90L_10NL_1_3,90L_10NL,1,ʃ a s ˈe ɾ,V;IND;PRS;1;PL,55,55,100.0
90L_10NL_1_4,90L_10NL,1,ʃ a s ˈe ɾ,V;IND;PRS;1;PL,50,55,90.91
90L_10NL_1_1,90L_10NL,1,ʃ a s ˈe ɾ,V;IND;PRS;1;SG,55,55,100.0
90L_10NL_1_2,90L_10NL,1,ʃ a s ˈe ɾ,V;IND;PRS;1;SG,52,55,94.55
90L_10NL_1_3,90L_10NL,1,ʃ a s ˈe ɾ,V;IND;PRS;1;SG,55,55,100.0
90L_10NL_1_4,90L_10NL,1,ʃ a s ˈe ɾ,V;IND;PRS;1;SG,44,55,80.0
90L_10NL_1_1,90L_10NL,1,ʃ a s ˈe ɾ,V;IND;PRS;2;PL,55,55,100.0
90L_10NL_1_2,90L_10NL,1,ʃ a s ˈe ɾ,V;IND;PRS;2;PL,52,55,94.55
90L_10NL_1_3,90L_10NL,1,ʃ a s ˈe ɾ,V;IND;PRS;2;PL,55,55,100.0
90L_10NL_1_4,90L_10NL,1,ʃ a s ˈe ɾ,V;IND;PRS;2;PL,52,55,94.55
90L_10NL_1_1,90L_10NL,1,ʃ a s ˈe ɾ,V;IND;PRS;2;SG,55,55,100.0
90L_10NL_1_2,90L_10NL,1,ʃ a s ˈe ɾ,V;IND;PRS;2;SG,49,55,89.09
90L_10NL_1_3,90L_10NL,1,ʃ a s ˈe ɾ,V;IND;PRS;2;SG,55,55,100.0
90L_10NL_1_4,90L_10NL,1,ʃ a s ˈe ɾ,V;IND;PRS;2;SG,55,55,100.0
90L_10NL_1_1,90L_10NL,1,ʃ a s ˈe ɾ,V;IND;PRS;3;PL,55,55,100.0
90L_10NL_1_2,90L_10NL,1,ʃ a s ˈe ɾ,V;IND;PRS;3;PL,49,55,89.09
90L_10NL_1_3,90L_10NL,1,ʃ a s ˈe ɾ,V;IND;PRS;3;PL,55,55,100.0
90L_10NL_1_4,90L_10NL,1,ʃ a s ˈe ɾ,V;IND;PRS;3;PL,55,55,100.0
90L_10NL_1_1,90L_10NL,1,ʃ a s ˈe ɾ,V;IND;PRS;3;SG,55,55,100.0
90L_10NL_1_2,90L_10NL,1,ʃ a s ˈe ɾ,V;IND;PRS;3;SG,49,55,89.09
90L_10NL_1_3,90L_10NL,1,ʃ a s ˈe ɾ,V;IND;PRS;3;SG,55,55,100.0
90L_10NL_1_4,90L_10NL,1,ʃ a s ˈe ɾ,V;IND;PRS;3;SG,55,55,100.0
90L_10NL_1_1,90L_10NL,1,ʃ a s ˈe ɾ,V;SBJV;PRS;1;PL,55,55,100.0
90L_10NL_1_2,90L_10NL,1,ʃ a s ˈe ɾ,V;SBJV;PRS;1;PL,52,55,94.55
90L_10NL_1_3,90L_10NL,1,ʃ a s ˈe ɾ,V;SBJV;PRS;1;PL,53,55,96.36
90L_10NL_1_4,90L_10NL,1,ʃ a s ˈe ɾ,V;SBJV;PRS;1;PL,41,55,74.55
90L_10NL_1_1,90L_10NL,1,ʃ a s ˈe ɾ,V;SBJV;PRS;1;SG,55,55,100.0
90L_10NL_1_2,90L_10NL,1,ʃ a s ˈe ɾ,V;SBJV;PRS;1;SG,55,55,100.0
90L_10NL_1_3,90L_10NL,1,ʃ a s ˈe ɾ,V;SBJV;PRS;1;SG,52,55,94.55
90L_10NL_1_4,90L_10NL,1,ʃ a s ˈe ɾ,V;SBJV;PRS;1;SG,46,55,83.64
90L_10NL_1_1,90L_10NL,1,ʃ a s ˈe ɾ,V;SBJV;PRS;2;PL,55,55,100.0
90L_10NL_1_2,90L_10NL,1,ʃ a s ˈe ɾ,V;SBJV;PRS;2;PL,50,55,90.91
90L_10NL_1_3,90L_10NL,1,ʃ a s ˈe ɾ,V;SBJV;PRS;2;PL,54,55,98.18
90L_10NL_1_4,90L_10NL,1,ʃ a s ˈe ɾ,V;SBJV;PRS;2;PL,43,55,78.18
90L_10NL_1_1,90L_10NL,1,ʃ a s ˈe ɾ,V;SBJV;PRS;2;SG,55,55,100.0
90L_10NL_1_2,90L_10NL,1,ʃ a s ˈe ɾ,V;SBJV;PRS;2;SG,55,55,100.0
90L_10NL_1_3,90L_10NL,1,ʃ a s ˈe ɾ,V;SBJV;PRS;2;SG,53,55,96.36
90L_10NL_1_4,90L_10NL,1,ʃ a s ˈe ɾ,V;SBJV;PRS;2;SG,41,55,74.55
90L_10NL_1_1,90L_10NL,1,ʃ a s ˈe ɾ,V;SBJV;PRS;3;PL,55,55,100.0
90L_10NL_1_2,90L_10NL,1,ʃ a s ˈe ɾ,V;SBJV;PRS;3;PL,55,55,100.0
90L_10NL_1_3,90L_10NL,1,ʃ a s ˈe ɾ,V;SBJV;PRS;3;PL,53,55,96.36
90L_10NL_1_4,90L_10NL,1,ʃ a s ˈe ɾ,V;SBJV;PRS;3;PL,45,55,81.82
90L_10NL_1_1,90L_10NL,1,ʃ a s ˈe ɾ,V;SBJV;PRS;3;SG,55,55,100.0
90L_10NL_1_2,90L_10NL,1,ʃ a s ˈe ɾ,V;SBJV;PRS;3;SG,55,55,100.0
90L_10NL_1_3,90L_10NL,1,ʃ a s ˈe ɾ,V;SBJV;PRS;3;SG,52,55,94.55
90L_10NL_1_4,90L_10NL,1,ʃ a s ˈe ɾ,V;SBJV;PRS;3;SG,45,55,81.82
90L_10NL_2_1,90L_10NL,2,a b o r e s ˈe ɾ,V;IND;PRS;1;PL,55,55,100.0
90L_10NL_2_2,90L_10NL,2,a b o r e s ˈe ɾ,V;IND;PRS;1;PL,55,55,100.0
90L_10NL_2_3,90L_10NL,2,a b o r e s ˈe ɾ,V;IND;PRS;1;PL,55,55,100.0
90L_10NL_2_4,90L_10NL,2,a b o r e s ˈe ɾ,V;IND;PRS;1;PL,55,55,100.0
90L_10NL_2_1,90L_10NL,2,a b o r e s ˈe ɾ,V;IND;PRS;1;SG,55,55,100.0
90L_10NL_2_2,90L_10NL,2,a b o r e s ˈe ɾ,V;IND;PRS;1;SG,55,55,100.0
90L_10NL_2_3,90L_10NL,2,a b o r e s ˈe ɾ,V;IND;PRS;1;SG,55,55,100.0
90L_10NL_2_4,90L_10NL,2,a b o r e s ˈe ɾ,V;IND;PRS;1;SG,55,55,100.0
90L_10NL_2_1,90L_10NL,2,a b o r e s ˈe ɾ,V;IND;PRS;2;PL,55,55,100.0
90L_10NL_2_2,90L_10NL,2,a b o r e s ˈe ɾ,V;IND;PRS;2;PL,55,55,100.0
90L_10NL_2_3,90L_10NL,2,a b o r e s ˈe ɾ,V;IND;PRS;2;PL,55,55,100.0
90L_10NL_2_4,90L_10NL,2,a b o r e s ˈe ɾ,V;IND;PRS;2;PL,55,55,100.0
90L_10NL_2_1,90L_10NL,2,a b o r e s ˈe ɾ,V;IND;PRS;2;SG,55,55,100.0
90L_10NL_2_2,90L_10NL,2,a b o r e s ˈe ɾ,V;IND;PRS;2;SG,55,55,100.0
90L_10NL_2_3,90L_10NL,2,a b o r e s ˈe ɾ,V;IND;PRS;2;SG,55,55,100.0
90L_10NL_2_4,90L_10NL,2,a b o r e s ˈe ɾ,V;IND;PRS;2;SG,55,55,100.0
90L_10NL_2_1,90L_10NL,2,a b o r e s ˈe ɾ,V;IND;PRS;3;PL,55,55,100.0
90L_10NL_2_2,90L_10NL,2,a b o r e s ˈe ɾ,V;IND;PRS;3;PL,55,55,100.0
90L_10NL_2_3,90L_10NL,2,a b o r e s ˈe ɾ,V;IND;PRS;3;PL,55,55,100.0
90L_10NL_2_4,90L_10NL,2,a b o r e s ˈe ɾ,V;IND;PRS;3;PL,55,55,100.0
90L_10NL_2_1,90L_10NL,2,a b o r e s ˈe ɾ,V;IND;PRS;3;SG,55,55,100.0
90L_10NL_2_2,90L_10NL,2,a b o r e s ˈe ɾ,V;IND;PRS;3;SG,55,55,100.0
90L_10NL_2_3,90L_10NL,2,a b o r e s ˈe ɾ,V;IND;PRS;3;SG,55,55,100.0
90L_10NL_2_4,90L_10NL,2,a b o r e s ˈe ɾ,V;IND;PRS;3;SG,55,55,100.0
90L_10NL_2_1,90L_10NL,2,a b o r e s ˈe ɾ,V;SBJV;PRS;1;PL,55,55,100.0
90L_10NL_2_2,90L_10NL,2,a b o r e s ˈe ɾ,V;SBJV;PRS;1;PL,55,55,100.0
90L_10NL_2_3,90L_10NL,2,a b o r e s ˈe ɾ,V;SBJV;PRS;1;PL,55,55,100.0
90L_10NL_2_4,90L_10NL,2,a b o r e s ˈe ɾ,V;SBJV;PRS;1;PL,55,55,100.0
90L_10NL_2_1,90L_10NL,2,a b o r e s ˈe ɾ,V;SBJV;PRS;1;SG,55,55,100.0
90L_10NL_2_2,90L_10NL,2,a b o r e s ˈe ɾ,V;SBJV;PRS;1;SG,55,55,100.0
90L_10NL_2_3,90L_10NL,2,a b o r e s ˈe ɾ,V;SBJV;PRS;1;SG,55,55,100.0
90L_10NL_2_4,90L_10NL,2,a b o r e s ˈe ɾ,V;SBJV;PRS;1;SG,55,55,100.0
90L_10NL_2_1,90L_10NL,2,a b o r e s ˈe ɾ,V;SBJV;PRS;2;PL,55,55,100.0
90L_10NL_2_2,90L_10NL,2,a b o r e s ˈe ɾ,V;SBJV;PRS;2;PL,55,55,100.0
90L_10NL_2_3,90L_10NL,2,a b o r e s ˈe ɾ,V;SBJV;PRS;2;PL,55,55,100.0
90L_10NL_2_4,90L_10NL,2,a b o r e s ˈe ɾ,V;SBJV;PRS;2;PL,55,55,100.0
90L_10NL_2_1,90L_10NL,2,a b o r e s ˈe ɾ,V;SBJV;PRS;2;SG,55,55,100.0
90L_10NL_2_2,90L_10NL,2,a b o r e s ˈe ɾ,V;SBJV;PRS;2;SG,55,55,100.0
90L_10NL_2_3,90L_10NL,2,a b o r e s ˈe ɾ,V;SBJV;PRS;2;SG,55,55,100.0
90L_10NL_2_4,90L_10NL,2,a b o r e s ˈe ɾ,V;SBJV;PRS;2;SG,55,55,100.0
90L_10NL_2_1,90L_10NL,2,a b o r e s ˈe ɾ,V;SBJV;PRS;3;PL,55,55,100.0
90L_10NL_2_2,90L_10NL,2,a b o r e s ˈe ɾ,V;SBJV;PRS;3;PL,55,55,100.0
90L_10NL_2_3,90L_10NL,2,a b o r e s ˈe ɾ,V;SBJV;PRS;3;PL,55,55,100.0
90L_10NL_2_4,90L_10NL,2,a b o r e s ˈe ɾ,V;SBJV;PRS;3;PL,55,55,100.0
90L_10NL_2_1,90L_10NL,2,a b o r e s ˈe ɾ,V;SBJV;PRS;3;SG,55,55,100.0
90L_10NL_2_2,90L_10NL,2,a b o r e s ˈe ɾ,V;SBJV;PRS;3;SG,55,55,100.0
90L_10NL_2_3,90L_10NL,2,a b o r e s ˈe ɾ,V;SBJV;PRS;3;SG,55,55,100.0
90L_10NL_2_4,90L_10NL,2,a b o r e s ˈe ɾ,V;SBJV;PRS;3;SG,55,55,100.0
90L_10NL_2_1,90L_10NL,2,a d o ɾ m e s ˈe ɾ,V;IND;PRS;1;PL,55,55,100.0
90L_10NL_2_2,90L_10NL,2,a d o ɾ m e s ˈe ɾ,V;IND;PRS;1;PL,55,55,100.0
90L_10NL_2_3,90L_10NL,2,a d o ɾ m e s ˈe ɾ,V;IND;PRS;1;PL,55,55,100.0
90L_10NL_2_4,90L_10NL,2,a d o ɾ m e s ˈe ɾ,V;IND;PRS;1;PL,55,55,100.0
90L_10NL_2_1,90L_10NL,2,a d o ɾ m e s ˈe ɾ,V;IND;PRS;1;SG,55,55,100.0
90L_10NL_2_2,90L_10NL,2,a d o ɾ m e s ˈe ɾ,V;IND;PRS;1;SG,55,55,100.0
90L_10NL_2_3,90L_10NL,2,a d o ɾ m e s ˈe ɾ,V;IND;PRS;1;SG,55,55,100.0
90L_10NL_2_4,90L_10NL,2,a d o ɾ m e s ˈe ɾ,V;IND;PRS;1;SG,55,55,100.0
90L_10NL_2_1,90L_10NL,2,a d o ɾ m e s ˈe ɾ,V;IND;PRS;2;PL,55,55,100.0
90L_10NL_2_2,90L_10NL,2,a d o ɾ m e s ˈe ɾ,V;IND;PRS;2;PL,55,55,100.0
90L_10NL_2_3,90L_10NL,2,a d o ɾ m e s ˈe ɾ,V;IND;PRS;2;PL,55,55,100.0
90L_10NL_2_4,90L_10NL,2,a d o ɾ m e s ˈe ɾ,V;IND;PRS;2;PL,55,55,100.0
90L_10NL_2_1,90L_10NL,2,a d o ɾ m e s ˈe ɾ,V;IND;PRS;2;SG,55,55,100.0
90L_10NL_2_2,90L_10NL,2,a d o ɾ m e s ˈe ɾ,V;IND;PRS;2;SG,55,55,100.0
90L_10NL_2_3,90L_10NL,2,a d o ɾ m e s ˈe ɾ,V;IND;PRS;2;SG,55,55,100.0
90L_10NL_2_4,90L_10NL,2,a d o ɾ m e s ˈe ɾ,V;IND;PRS;2;SG,55,55,100.0
90L_10NL_2_1,90L_10NL,2,a d o ɾ m e s ˈe ɾ,V;IND;PRS;3;PL,55,55,100.0
90L_10NL_2_2,90L_10NL,2,a d o ɾ m e s ˈe ɾ,V;IND;PRS;3;PL,55,55,100.0
90L_10NL_2_3,90L_10NL,2,a d o ɾ m e s ˈe ɾ,V;IND;PRS;3;PL,55,55,100.0
90L_10NL_2_4,90L_10NL,2,a d o ɾ m e s ˈe ɾ,V;IND;PRS;3;PL,55,55,100.0
90L_10NL_2_1,90L_10NL,2,a d o ɾ m e s ˈe ɾ,V;IND;PRS;3;SG,55,55,100.0
90L_10NL_2_2,90L_10NL,2,a d o ɾ m e s ˈe ɾ,V;IND;PRS;3;SG,55,55,100.0
90L_10NL_2_3,90L_10NL,2,a d o ɾ m e s ˈe ɾ,V;IND;PRS;3;SG,55,55,100.0
90L_10NL_2_4,90L_10NL,2,a d o ɾ m e s ˈe ɾ,V;IND;PRS;3;SG,55,55,100.0
90L_10NL_2_1,90L_10NL,2,a d o ɾ m e s ˈe ɾ,V;SBJV;PRS;1;PL,55,55,100.0
90L_10NL_2_2,90L_10NL,2,a d o ɾ m e s ˈe ɾ,V;SBJV;PRS;1;PL,55,55,100.0
90L_10NL_2_3,90L_10NL,2,a d o ɾ m e s ˈe ɾ,V;SBJV;PRS;1;PL,55,55,100.0
90L_10NL_2_4,90L_10NL,2,a d o ɾ m e s ˈe ɾ,V;SBJV;PRS;1;PL,55,55,100.0
90L_10NL_2_1,90L_10NL,2,a d o ɾ m e s ˈe ɾ,V;SBJV;PRS;1;SG,55,55,100.0
90L_10NL_2_2,90L_10NL,2,a d o ɾ m e s ˈe ɾ,V;SBJV;PRS;1;SG,55,55,100.0
90L_10NL_2_3,90L_10NL,2,a d o ɾ m e s ˈe ɾ,V;SBJV;PRS;1;SG,55,55,100.0
90L_10NL_2_4,90L_10NL,2,a d o ɾ m e s ˈe ɾ,V;SBJV;PRS;1;SG,55,55,100.0
90L_10NL_2_1,90L_10NL,2,a d o ɾ m e s ˈe ɾ,V;SBJV;PRS;2;PL,55,55,100.0
90L_10NL_2_2,90L_10NL,2,a d o ɾ m e s ˈe ɾ,V;SBJV;PRS;2;PL,55,55,100.0
90L_10NL_2_3,90L_10NL,2,a d o ɾ m e s ˈe ɾ,V;SBJV;PRS;2;PL,55,55,100.0
90L_10NL_2_4,90L_10NL,2,a d o ɾ m e s ˈe ɾ,V;SBJV;PRS;2;PL,55,55,100.0
90L_10NL_2_1,90L_10NL,2,a d o ɾ m e s ˈe ɾ,V;SBJV;PRS;2;SG,55,55,100.0
90L_10NL_2_2,90L_10NL,2,a d o ɾ m e s ˈe ɾ,V;SBJV;PRS;2;SG,55,55,100.0
90L_10NL_2_3,90L_10NL,2,a d o ɾ m e s ˈe ɾ,V;SBJV;PRS;2;SG,55,55,100.0
90L_10NL_2_4,90L_10NL,2,a d o ɾ m e s ˈe ɾ,V;SBJV;PRS;2;SG,55,55,100.0
90L_10NL_2_1,90L_10NL,2,a d o ɾ m e s ˈe ɾ,V;SBJV;PRS;3;PL,55,55,100.0
90L_10NL_2_2,90L_10NL,2,a d o ɾ m e s ˈe ɾ,V;SBJV;PRS;3;PL,55,55,100.0
90L_10NL_2_3,90L_10NL,2,a d o ɾ m e s ˈe ɾ,V;SBJV;PRS;3;PL,55,55,100.0
90L_10NL_2_4,90L_10NL,2,a d o ɾ m e s ˈe ɾ,V;SBJV;PRS;3;PL,55,55,100.0
90L_10NL_2_1,90L_10NL,2,a d o ɾ m e s ˈe ɾ,V;SBJV;PRS;3;SG,55,55,100.0
90L_10NL_2_2,90L_10NL,2,a d o ɾ m e s ˈe ɾ,V;SBJV;PRS;3;SG,55,55,100.0
90L_10NL_2_3,90L_10NL,2,a d o ɾ m e s ˈe ɾ,V;SBJV;PRS;3;SG,55,55,100.0
90L_10NL_2_4,90L_10NL,2,a d o ɾ m e s ˈe ɾ,V;SBJV;PRS;3;SG,55,55,100.0
90L_10NL_2_1,90L_10NL,2,a d ʃ a s ˈe ɾ,V;IND;PRS;1;PL,55,55,100.0
90L_10NL_2_2,90L_10NL,2,a d ʃ a s ˈe ɾ,V;IND;PRS;1;PL,55,55,100.0
90L_10NL_2_3,90L_10NL,2,a d ʃ a s ˈe ɾ,V;IND;PRS;1;PL,37,55,67.27
90L_10NL_2_4,90L_10NL,2,a d ʃ a s ˈe ɾ,V;IND;PRS;1;PL,55,55,100.0
90L_10NL_2_1,90L_10NL,2,a d ʃ a s ˈe ɾ,V;IND;PRS;1;SG,55,55,100.0
90L_10NL_2_2,90L_10NL,2,a d ʃ a s ˈe ɾ,V;IND;PRS;1;SG,55,55,100.0
90L_10NL_2_3,90L_10NL,2,a d ʃ a s ˈe ɾ,V;IND;PRS;1;SG,55,55,100.0
90L_10NL_2_4,90L_10NL,2,a d ʃ a s ˈe ɾ,V;IND;PRS;1;SG,55,55,100.0
90L_10NL_2_1,90L_10NL,2,a d ʃ a s ˈe ɾ,V;IND;PRS;2;PL,55,55,100.0
90L_10NL_2_2,90L_10NL,2,a d ʃ a s ˈe ɾ,V;IND;PRS;2;PL,55,55,100.0
90L_10NL_2_3,90L_10NL,2,a d ʃ a s ˈe ɾ,V;IND;PRS;2;PL,32,55,58.18
90L_10NL_2_4,90L_10NL,2,a d ʃ a s ˈe ɾ,V;IND;PRS;2;PL,55,55,100.0
90L_10NL_2_1,90L_10NL,2,a d ʃ a s ˈe ɾ,V;IND;PRS;2;SG,55,55,100.0
90L_10NL_2_2,90L_10NL,2,a d ʃ a s ˈe ɾ,V;IND;PRS;2;SG,55,55,100.0
90L_10NL_2_3,90L_10NL,2,a d ʃ a s ˈe ɾ,V;IND;PRS;2;SG,55,55,100.0
90L_10NL_2_4,90L_10NL,2,a d ʃ a s ˈe ɾ,V;IND;PRS;2;SG,55,55,100.0
90L_10NL_2_1,90L_10NL,2,a d ʃ a s ˈe ɾ,V;IND;PRS;3;PL,55,55,100.0
90L_10NL_2_2,90L_10NL,2,a d ʃ a s ˈe ɾ,V;IND;PRS;3;PL,55,55,100.0
90L_10NL_2_3,90L_10NL,2,a d ʃ a s ˈe ɾ,V;IND;PRS;3;PL,55,55,100.0
90L_10NL_2_4,90L_10NL,2,a d ʃ a s ˈe ɾ,V;IND;PRS;3;PL,55,55,100.0
90L_10NL_2_1,90L_10NL,2,a d ʃ a s ˈe ɾ,V;IND;PRS;3;SG,55,55,100.0
90L_10NL_2_2,90L_10NL,2,a d ʃ a s ˈe ɾ,V;IND;PRS;3;SG,55,55,100.0
90L_10NL_2_3,90L_10NL,2,a d ʃ a s ˈe ɾ,V;IND;PRS;3;SG,55,55,100.0
90L_10NL_2_4,90L_10NL,2,a d ʃ a s ˈe ɾ,V;IND;PRS;3;SG,55,55,100.0
90L_10NL_2_1,90L_10NL,2,a d ʃ a s ˈe ɾ,V;SBJV;PRS;1;PL,55,55,100.0
90L_10NL_2_2,90L_10NL,2,a d ʃ a s ˈe ɾ,V;SBJV;PRS;1;PL,55,55,100.0
90L_10NL_2_3,90L_10NL,2,a d ʃ a s ˈe ɾ,V;SBJV;PRS;1;PL,55,55,100.0
90L_10NL_2_4,90L_10NL,2,a d ʃ a s ˈe ɾ,V;SBJV;PRS;1;PL,55,55,100.0
90L_10NL_2_1,90L_10NL,2,a d ʃ a s ˈe ɾ,V;SBJV;PRS;1;SG,55,55,100.0
90L_10NL_2_2,90L_10NL,2,a d ʃ a s ˈe ɾ,V;SBJV;PRS;1;SG,55,55,100.0
90L_10NL_2_3,90L_10NL,2,a d ʃ a s ˈe ɾ,V;SBJV;PRS;1;SG,55,55,100.0
90L_10NL_2_4,90L_10NL,2,a d ʃ a s ˈe ɾ,V;SBJV;PRS;1;SG,55,55,100.0
90L_10NL_2_1,90L_10NL,2,a d ʃ a s ˈe ɾ,V;SBJV;PRS;2;PL,55,55,100.0
90L_10NL_2_2,90L_10NL,2,a d ʃ a s ˈe ɾ,V;SBJV;PRS;2;PL,55,55,100.0
90L_10NL_2_3,90L_10NL,2,a d ʃ a s ˈe ɾ,V;SBJV;PRS;2;PL,55,55,100.0
90L_10NL_2_4,90L_10NL,2,a d ʃ a s ˈe ɾ,V;SBJV;PRS;2;PL,55,55,100.0
90L_10NL_2_1,90L_10NL,2,a d ʃ a s ˈe ɾ,V;SBJV;PRS;2;SG,55,55,100.0
90L_10NL_2_2,90L_10NL,2,a d ʃ a s ˈe ɾ,V;SBJV;PRS;2;SG,55,55,100.0
90L_10NL_2_3,90L_10NL,2,a d ʃ a s ˈe ɾ,V;SBJV;PRS;2;SG,55,55,100.0
90L_10NL_2_4,90L_10NL,2,a d ʃ a s ˈe ɾ,V;SBJV;PRS;2;SG,55,55,100.0
90L_10NL_2_1,90L_10NL,2,a d ʃ a s ˈe ɾ,V;SBJV;PRS;3;PL,55,55,100.0
90L_10NL_2_2,90L_10NL,2,a d ʃ a s ˈe ɾ,V;SBJV;PRS;3;PL,55,55,100.0
90L_10NL_2_3,90L_10NL,2,a d ʃ a s ˈe ɾ,V;SBJV;PRS;3;PL,55,55,100.0
90L_10NL_2_4,90L_10NL,2,a d ʃ a s ˈe ɾ,V;SBJV;PRS;3;PL,55,55,100.0
90L_10NL_2_1,90L_10NL,2,a d ʃ a s ˈe ɾ,V;SBJV;PRS;3;SG,55,55,100.0
90L_10NL_2_2,90L_10NL,2,a d ʃ a s ˈe ɾ,V;SBJV;PRS;3;SG,55,55,100.0
90L_10NL_2_3,90L_10NL,2,a d ʃ a s ˈe ɾ,V;SBJV;PRS;3;SG,55,55,100.0
90L_10NL_2_4,90L_10NL,2,a d ʃ a s ˈe ɾ,V;SBJV;PRS;3;SG,55,55,100.0
90L_10NL_2_1,90L_10NL,2,a m a n e s ˈe ɾ,V;IND;PRS;1;PL,55,55,100.0
90L_10NL_2_2,90L_10NL,2,a m a n e s ˈe ɾ,V;IND;PRS;1;PL,55,55,100.0
90L_10NL_2_3,90L_10NL,2,a m a n e s ˈe ɾ,V;IND;PRS;1;PL,55,55,100.0
90L_10NL_2_4,90L_10NL,2,a m a n e s ˈe ɾ,V;IND;PRS;1;PL,55,55,100.0
90L_10NL_2_1,90L_10NL,2,a m a n e s ˈe ɾ,V;IND;PRS;1;SG,55,55,100.0
90L_10NL_2_2,90L_10NL,2,a m a n e s ˈe ɾ,V;IND;PRS;1;SG,55,55,100.0
90L_10NL_2_3,90L_10NL,2,a m a n e s ˈe ɾ,V;IND;PRS;1;SG,55,55,100.0
90L_10NL_2_4,90L_10NL,2,a m a n e s ˈe ɾ,V;IND;PRS;1;SG,55,55,100.0
90L_10NL_2_1,90L_10NL,2,a m a n e s ˈe ɾ,V;IND;PRS;2;PL,55,55,100.0
90L_10NL_2_2,90L_10NL,2,a m a n e s ˈe ɾ,V;IND;PRS;2;PL,55,55,100.0
90L_10NL_2_3,90L_10NL,2,a m a n e s ˈe ɾ,V;IND;PRS;2;PL,55,55,100.0
90L_10NL_2_4,90L_10NL,2,a m a n e s ˈe ɾ,V;IND;PRS;2;PL,55,55,100.0
90L_10NL_2_1,90L_10NL,2,a m a n e s ˈe ɾ,V;IND;PRS;2;SG,55,55,100.0
90L_10NL_2_2,90L_10NL,2,a m a n e s ˈe ɾ,V;IND;PRS;2;SG,55,55,100.0
90L_10NL_2_3,90L_10NL,2,a m a n e s ˈe ɾ,V;IND;PRS;2;SG,55,55,100.0
90L_10NL_2_4,90L_10NL,2,a m a n e s ˈe ɾ,V;IND;PRS;2;SG,55,55,100.0
90L_10NL_2_1,90L_10NL,2,a m a n e s ˈe ɾ,V;IND;PRS;3;PL,55,55,100.0
90L_10NL_2_2,90L_10NL,2,a m a n e s ˈe ɾ,V;IND;PRS;3;PL,55,55,100.0
90L_10NL_2_3,90L_10NL,2,a m a n e s ˈe ɾ,V;IND;PRS;3;PL,55,55,100.0
90L_10NL_2_4,90L_10NL,2,a m a n e s ˈe ɾ,V;IND;PRS;3;PL,55,55,100.0
90L_10NL_2_1,90L_10NL,2,a m a n e s ˈe ɾ,V;IND;PRS;3;SG,55,55,100.0
90L_10NL_2_2,90L_10NL,2,a m a n e s ˈe ɾ,V;IND;PRS;3;SG,55,55,100.0
90L_10NL_2_3,90L_10NL,2,a m a n e s ˈe ɾ,V;IND;PRS;3;SG,55,55,100.0
90L_10NL_2_4,90L_10NL,2,a m a n e s ˈe ɾ,V;IND;PRS;3;SG,55,55,100.0
90L_10NL_2_1,90L_10NL,2,a m a n e s ˈe ɾ,V;SBJV;PRS;1;PL,55,55,100.0
90L_10NL_2_2,90L_10NL,2,a m a n e s ˈe ɾ,V;SBJV;PRS;1;PL,55,55,100.0
90L_10NL_2_3,90L_10NL,2,a m a n e s ˈe ɾ,V;SBJV;PRS;1;PL,55,55,100.0
90L_10NL_2_4,90L_10NL,2,a m a n e s ˈe ɾ,V;SBJV;PRS;1;PL,55,55,100.0
90L_10NL_2_1,90L_10NL,2,a m a n e s ˈe ɾ,V;SBJV;PRS;1;SG,55,55,100.0
90L_10NL_2_2,90L_10NL,2,a m a n e s ˈe ɾ,V;SBJV;PRS;1;SG,55,55,100.0
90L_10NL_2_3,90L_10NL,2,a m a n e s ˈe ɾ,V;SBJV;PRS;1;SG,55,55,100.0
90L_10NL_2_4,90L_10NL,2,a m a n e s ˈe ɾ,V;SBJV;PRS;1;SG,55,55,100.0
90L_10NL_2_1,90L_10NL,2,a m a n e s ˈe ɾ,V;SBJV;PRS;2;PL,55,55,100.0
90L_10NL_2_2,90L_10NL,2,a m a n e s ˈe ɾ,V;SBJV;PRS;2;PL,55,55,100.0
90L_10NL_2_3,90L_10NL,2,a m a n e s ˈe ɾ,V;SBJV;PRS;2;PL,55,55,100.0
90L_10NL_2_4,90L_10NL,2,a m a n e s ˈe ɾ,V;SBJV;PRS;2;PL,55,55,100.0
90L_10NL_2_1,90L_10NL,2,a m a n e s ˈe ɾ,V;SBJV;PRS;2;SG,55,55,100.0
90L_10NL_2_2,90L_10NL,2,a m a n e s ˈe ɾ,V;SBJV;PRS;2;SG,55,55,100.0
90L_10NL_2_3,90L_10NL,2,a m a n e s ˈe ɾ,V;SBJV;PRS;2;SG,55,55,100.0
90L_10NL_2_4,90L_10NL,2,a m a n e s ˈe ɾ,V;SBJV;PRS;2;SG,55,55,100.0
90L_10NL_2_1,90L_10NL,2,a m a n e s ˈe ɾ,V;SBJV;PRS;3;PL,55,55,100.0
90L_10NL_2_2,90L_10NL,2,a m a n e s ˈe ɾ,V;SBJV;PRS;3;PL,55,55,100.0
90L_10NL_2_3,90L_10NL,2,a m a n e s ˈe ɾ,V;SBJV;PRS;3;PL,55,55,100.0
90L_10NL_2_4,90L_10NL,2,a m a n e s ˈe ɾ,V;SBJV;PRS;3;PL,55,55,100.0
90L_10NL_2_1,90L_10NL,2,a m a n e s ˈe ɾ,V;SBJV;PRS;3;SG,55,55,100.0
90L_10NL_2_2,90L_10NL,2,a m a n e s ˈe ɾ,V;SBJV;PRS;3;SG,55,55,100.0
90L_10NL_2_3,90L_10NL,2,a m a n e s ˈe ɾ,V;SBJV;PRS;3;SG,55,55,100.0
90L_10NL_2_4,90L_10NL,2,a m a n e s ˈe ɾ,V;SBJV;PRS;3;SG,55,55,100.0
90L_10NL_2_1,90L_10NL,2,a n t e d e s ˈi ɾ,V;IND;PRS;1;PL,55,55,100.0
90L_10NL_2_2,90L_10NL,2,a n t e d e s ˈi ɾ,V;IND;PRS;1;PL,55,55,100.0
90L_10NL_2_3,90L_10NL,2,a n t e d e s ˈi ɾ,V;IND;PRS;1;PL,55,55,100.0
90L_10NL_2_4,90L_10NL,2,a n t e d e s ˈi ɾ,V;IND;PRS;1;PL,55,55,100.0
90L_10NL_2_1,90L_10NL,2,a n t e d e s ˈi ɾ,V;IND;PRS;1;SG,55,55,100.0
90L_10NL_2_2,90L_10NL,2,a n t e d e s ˈi ɾ,V;IND;PRS;1;SG,55,55,100.0
90L_10NL_2_3,90L_10NL,2,a n t e d e s ˈi ɾ,V;IND;PRS;1;SG,55,55,100.0
90L_10NL_2_4,90L_10NL,2,a n t e d e s ˈi ɾ,V;IND;PRS;1;SG,55,55,100.0
90L_10NL_2_1,90L_10NL,2,a n t e d e s ˈi ɾ,V;IND;PRS;2;PL,55,55,100.0
90L_10NL_2_2,90L_10NL,2,a n t e d e s ˈi ɾ,V;IND;PRS;2;PL,55,55,100.0
90L_10NL_2_3,90L_10NL,2,a n t e d e s ˈi ɾ,V;IND;PRS;2;PL,55,55,100.0
90L_10NL_2_4,90L_10NL,2,a n t e d e s ˈi ɾ,V;IND;PRS;2;PL,55,55,100.0
90L_10NL_2_1,90L_10NL,2,a n t e d e s ˈi ɾ,V;IND;PRS;2;SG,55,55,100.0
90L_10NL_2_2,90L_10NL,2,a n t e d e s ˈi ɾ,V;IND;PRS;2;SG,55,55,100.0
90L_10NL_2_3,90L_10NL,2,a n t e d e s ˈi ɾ,V;IND;PRS;2;SG,55,55,100.0
90L_10NL_2_4,90L_10NL,2,a n t e d e s ˈi ɾ,V;IND;PRS;2;SG,55,55,100.0
90L_10NL_2_1,90L_10NL,2,a n t e d e s ˈi ɾ,V;IND;PRS;3;PL,55,55,100.0
90L_10NL_2_2,90L_10NL,2,a n t e d e s ˈi ɾ,V;IND;PRS;3;PL,55,55,100.0
90L_10NL_2_3,90L_10NL,2,a n t e d e s ˈi ɾ,V;IND;PRS;3;PL,55,55,100.0
90L_10NL_2_4,90L_10NL,2,a n t e d e s ˈi ɾ,V;IND;PRS;3;PL,55,55,100.0
90L_10NL_2_1,90L_10NL,2,a n t e d e s ˈi ɾ,V;IND;PRS;3;SG,55,55,100.0
90L_10NL_2_2,90L_10NL,2,a n t e d e s ˈi ɾ,V;IND;PRS;3;SG,55,55,100.0
90L_10NL_2_3,90L_10NL,2,a n t e d e s ˈi ɾ,V;IND;PRS;3;SG,55,55,100.0
90L_10NL_2_4,90L_10NL,2,a n t e d e s ˈi ɾ,V;IND;PRS;3;SG,55,55,100.0
90L_10NL_2_1,90L_10NL,2,a n t e d e s ˈi ɾ,V;SBJV;PRS;1;PL,55,55,100.0
90L_10NL_2_2,90L_10NL,2,a n t e d e s ˈi ɾ,V;SBJV;PRS;1;PL,55,55,100.0
90L_10NL_2_3,90L_10NL,2,a n t e d e s ˈi ɾ,V;SBJV;PRS;1;PL,55,55,100.0
90L_10NL_2_4,90L_10NL,2,a n t e d e s ˈi ɾ,V;SBJV;PRS;1;PL,55,55,100.0
90L_10NL_2_1,90L_10NL,2,a n t e d e s ˈi ɾ,V;SBJV;PRS;1;SG,55,55,100.0
90L_10NL_2_2,90L_10NL,2,a n t e d e s ˈi ɾ,V;SBJV;PRS;1;SG,55,55,100.0
90L_10NL_2_3,90L_10NL,2,a n t e d e s ˈi ɾ,V;SBJV;PRS;1;SG,55,55,100.0
90L_10NL_2_4,90L_10NL,2,a n t e d e s ˈi ɾ,V;SBJV;PRS;1;SG,55,55,100.0
90L_10NL_2_1,90L_10NL,2,a n t e d e s ˈi ɾ,V;SBJV;PRS;2;PL,55,55,100.0
90L_10NL_2_2,90L_10NL,2,a n t e d e s ˈi ɾ,V;SBJV;PRS;2;PL,55,55,100.0
90L_10NL_2_3,90L_10NL,2,a n t e d e s ˈi ɾ,V;SBJV;PRS;2;PL,55,55,100.0
90L_10NL_2_4,90L_10NL,2,a n t e d e s ˈi ɾ,V;SBJV;PRS;2;PL,55,55,100.0
90L_10NL_2_1,90L_10NL,2,a n t e d e s ˈi ɾ,V;SBJV;PRS;2;SG,55,55,100.0
90L_10NL_2_2,90L_10NL,2,a n t e d e s ˈi ɾ,V;SBJV;PRS;2;SG,55,55,100.0
90L_10NL_2_3,90L_10NL,2,a n t e d e s ˈi ɾ,V;SBJV;PRS;2;SG,55,55,100.0
90L_10NL_2_4,90L_10NL,2,a n t e d e s ˈi ɾ,V;SBJV;PRS;2;SG,55,55,100.0
90L_10NL_2_1,90L_10NL,2,a n t e d e s ˈi ɾ,V;SBJV;PRS;3;PL,55,55,100.0
90L_10NL_2_2,90L_10NL,2,a n t e d e s ˈi ɾ,V;SBJV;PRS;3;PL,55,55,100.0
90L_10NL_2_3,90L_10NL,2,a n t e d e s ˈi ɾ,V;SBJV;PRS;3;PL,55,55,100.0
90L_10NL_2_4,90L_10NL,2,a n t e d e s ˈi ɾ,V;SBJV;PRS;3;PL,55,55,100.0
90L_10NL_2_1,90L_10NL,2,a n t e d e s ˈi ɾ,V;SBJV;PRS;3;SG,55,55,100.0
90L_10NL_2_2,90L_10NL,2,a n t e d e s ˈi ɾ,V;SBJV;PRS;3;SG,55,55,100.0
90L_10NL_2_3,90L_10NL,2,a n t e d e s ˈi ɾ,V;SBJV;PRS;3;SG,55,55,100.0
90L_10NL_2_4,90L_10NL,2,a n t e d e s ˈi ɾ,V;SBJV;PRS;3;SG,55,55,100.0
90L_10NL_2_1,90L_10NL,2,a p e t e s ˈe ɾ,V;IND;PRS;1;PL,55,55,100.0
90L_10NL_2_2,90L_10NL,2,a p e t e s ˈe ɾ,V;IND;PRS;1;PL,55,55,100.0
90L_10NL_2_3,90L_10NL,2,a p e t e s ˈe ɾ,V;IND;PRS;1;PL,55,55,100.0
90L_10NL_2_4,90L_10NL,2,a p e t e s ˈe ɾ,V;IND;PRS;1;PL,55,55,100.0
90L_10NL_2_1,90L_10NL,2,a p e t e s ˈe ɾ,V;IND;PRS;1;SG,55,55,100.0
90L_10NL_2_2,90L_10NL,2,a p e t e s ˈe ɾ,V;IND;PRS;1;SG,55,55,100.0
90L_10NL_2_3,90L_10NL,2,a p e t e s ˈe ɾ,V;IND;PRS;1;SG,55,55,100.0
90L_10NL_2_4,90L_10NL,2,a p e t e s ˈe ɾ,V;IND;PRS;1;SG,44,55,80.0
90L_10NL_2_1,90L_10NL,2,a p e t e s ˈe ɾ,V;IND;PRS;2;PL,55,55,100.0
90L_10NL_2_2,90L_10NL,2,a p e t e s ˈe ɾ,V;IND;PRS;2;PL,55,55,100.0
90L_10NL_2_3,90L_10NL,2,a p e t e s ˈe ɾ,V;IND;PRS;2;PL,55,55,100.0
90L_10NL_2_4,90L_10NL,2,a p e t e s ˈe ɾ,V;IND;PRS;2;PL,55,55,100.0
90L_10NL_2_1,90L_10NL,2,a p e t e s ˈe ɾ,V;IND;PRS;2;SG,55,55,100.0
90L_10NL_2_2,90L_10NL,2,a p e t e s ˈe ɾ,V;IND;PRS;2;SG,55,55,100.0
90L_10NL_2_3,90L_10NL,2,a p e t e s ˈe ɾ,V;IND;PRS;2;SG,55,55,100.0
90L_10NL_2_4,90L_10NL,2,a p e t e s ˈe ɾ,V;IND;PRS;2;SG,53,55,96.36
90L_10NL_2_1,90L_10NL,2,a p e t e s ˈe ɾ,V;IND;PRS;3;PL,55,55,100.0
90L_10NL_2_2,90L_10NL,2,a p e t e s ˈe ɾ,V;IND;PRS;3;PL,55,55,100.0
90L_10NL_2_3,90L_10NL,2,a p e t e s ˈe ɾ,V;IND;PRS;3;PL,55,55,100.0
90L_10NL_2_4,90L_10NL,2,a p e t e s ˈe ɾ,V;IND;PRS;3;PL,52,55,94.55
90L_10NL_2_1,90L_10NL,2,a p e t e s ˈe ɾ,V;IND;PRS;3;SG,55,55,100.0
90L_10NL_2_2,90L_10NL,2,a p e t e s ˈe ɾ,V;IND;PRS;3;SG,55,55,100.0
90L_10NL_2_3,90L_10NL,2,a p e t e s ˈe ɾ,V;IND;PRS;3;SG,55,55,100.0
90L_10NL_2_4,90L_10NL,2,a p e t e s ˈe ɾ,V;IND;PRS;3;SG,44,55,80.0
90L_10NL_2_1,90L_10NL,2,a p e t e s ˈe ɾ,V;SBJV;PRS;1;PL,55,55,100.0
90L_10NL_2_2,90L_10NL,2,a p e t e s ˈe ɾ,V;SBJV;PRS;1;PL,55,55,100.0
90L_10NL_2_3,90L_10NL,2,a p e t e s ˈe ɾ,V;SBJV;PRS;1;PL,54,55,98.18
90L_10NL_2_4,90L_10NL,2,a p e t e s ˈe ɾ,V;SBJV;PRS;1;PL,45,55,81.82
90L_10NL_2_1,90L_10NL,2,a p e t e s ˈe ɾ,V;SBJV;PRS;1;SG,55,55,100.0
90L_10NL_2_2,90L_10NL,2,a p e t e s ˈe ɾ,V;SBJV;PRS;1;SG,54,55,98.18
90L_10NL_2_3,90L_10NL,2,a p e t e s ˈe ɾ,V;SBJV;PRS;1;SG,55,55,100.0
90L_10NL_2_4,90L_10NL,2,a p e t e s ˈe ɾ,V;SBJV;PRS;1;SG,41,55,74.55
90L_10NL_2_1,90L_10NL,2,a p e t e s ˈe ɾ,V;SBJV;PRS;2;PL,53,55,96.36
90L_10NL_2_2,90L_10NL,2,a p e t e s ˈe ɾ,V;SBJV;PRS;2;PL,55,55,100.0
90L_10NL_2_3,90L_10NL,2,a p e t e s ˈe ɾ,V;SBJV;PRS;2;PL,55,55,100.0
90L_10NL_2_4,90L_10NL,2,a p e t e s ˈe ɾ,V;SBJV;PRS;2;PL,38,55,69.09
90L_10NL_2_1,90L_10NL,2,a p e t e s ˈe ɾ,V;SBJV;PRS;2;SG,54,55,98.18
90L_10NL_2_2,90L_10NL,2,a p e t e s ˈe ɾ,V;SBJV;PRS;2;SG,55,55,100.0
90L_10NL_2_3,90L_10NL,2,a p e t e s ˈe ɾ,V;SBJV;PRS;2;SG,55,55,100.0
90L_10NL_2_4,90L_10NL,2,a p e t e s ˈe ɾ,V;SBJV;PRS;2;SG,44,55,80.0
90L_10NL_2_1,90L_10NL,2,a p e t e s ˈe ɾ,V;SBJV;PRS;3;PL,53,55,96.36
90L_10NL_2_2,90L_10NL,2,a p e t e s ˈe ɾ,V;SBJV;PRS;3;PL,55,55,100.0
90L_10NL_2_3,90L_10NL,2,a p e t e s ˈe ɾ,V;SBJV;PRS;3;PL,55,55,100.0
90L_10NL_2_4,90L_10NL,2,a p e t e s ˈe ɾ,V;SBJV;PRS;3;PL,45,55,81.82
90L_10NL_2_1,90L_10NL,2,a p e t e s ˈe ɾ,V;SBJV;PRS;3;SG,55,55,100.0
90L_10NL_2_2,90L_10NL,2,a p e t e s ˈe ɾ,V;SBJV;PRS;3;SG,54,55,98.18
90L_10NL_2_3,90L_10NL,2,a p e t e s ˈe ɾ,V;SBJV;PRS;3;SG,55,55,100.0
90L_10NL_2_4,90L_10NL,2,a p e t e s ˈe ɾ,V;SBJV;PRS;3;SG,41,55,74.55
90L_10NL_2_1,90L_10NL,2,a p o n ˈe ɾ,V;IND;PRS;1;PL,55,55,100.0
90L_10NL_2_2,90L_10NL,2,a p o n ˈe ɾ,V;IND;PRS;1;PL,55,55,100.0
90L_10NL_2_3,90L_10NL,2,a p o n ˈe ɾ,V;IND;PRS;1;PL,55,55,100.0
90L_10NL_2_4,90L_10NL,2,a p o n ˈe ɾ,V;IND;PRS;1;PL,55,55,100.0
90L_10NL_2_1,90L_10NL,2,a p o n ˈe ɾ,V;IND;PRS;1;SG,55,55,100.0
90L_10NL_2_2,90L_10NL,2,a p o n ˈe ɾ,V;IND;PRS;1;SG,55,55,100.0
90L_10NL_2_3,90L_10NL,2,a p o n ˈe ɾ,V;IND;PRS;1;SG,55,55,100.0
90L_10NL_2_4,90L_10NL,2,a p o n ˈe ɾ,V;IND;PRS;1;SG,55,55,100.0
90L_10NL_2_1,90L_10NL,2,a p o n ˈe ɾ,V;IND;PRS;2;PL,55,55,100.0
90L_10NL_2_2,90L_10NL,2,a p o n ˈe ɾ,V;IND;PRS;2;PL,55,55,100.0
90L_10NL_2_3,90L_10NL,2,a p o n ˈe ɾ,V;IND;PRS;2;PL,55,55,100.0
90L_10NL_2_4,90L_10NL,2,a p o n ˈe ɾ,V;IND;PRS;2;PL,55,55,100.0
90L_10NL_2_1,90L_10NL,2,a p o n ˈe ɾ,V;IND;PRS;2;SG,55,55,100.0
90L_10NL_2_2,90L_10NL,2,a p o n ˈe ɾ,V;IND;PRS;2;SG,55,55,100.0
90L_10NL_2_3,90L_10NL,2,a p o n ˈe ɾ,V;IND;PRS;2;SG,55,55,100.0
90L_10NL_2_4,90L_10NL,2,a p o n ˈe ɾ,V;IND;PRS;2;SG,55,55,100.0
90L_10NL_2_1,90L_10NL,2,a p o n ˈe ɾ,V;IND;PRS;3;PL,55,55,100.0
90L_10NL_2_2,90L_10NL,2,a p o n ˈe ɾ,V;IND;PRS;3;PL,55,55,100.0
90L_10NL_2_3,90L_10NL,2,a p o n ˈe ɾ,V;IND;PRS;3;PL,55,55,100.0
90L_10NL_2_4,90L_10NL,2,a p o n ˈe ɾ,V;IND;PRS;3;PL,55,55,100.0
90L_10NL_2_1,90L_10NL,2,a p o n ˈe ɾ,V;IND;PRS;3;SG,55,55,100.0
90L_10NL_2_2,90L_10NL,2,a p o n ˈe ɾ,V;IND;PRS;3;SG,55,55,100.0
90L_10NL_2_3,90L_10NL,2,a p o n ˈe ɾ,V;IND;PRS;3;SG,55,55,100.0
90L_10NL_2_4,90L_10NL,2,a p o n ˈe ɾ,V;IND;PRS;3;SG,55,55,100.0
90L_10NL_2_1,90L_10NL,2,a p o n ˈe ɾ,V;SBJV;PRS;1;PL,55,55,100.0
90L_10NL_2_2,90L_10NL,2,a p o n ˈe ɾ,V;SBJV;PRS;1;PL,55,55,100.0
90L_10NL_2_3,90L_10NL,2,a p o n ˈe ɾ,V;SBJV;PRS;1;PL,55,55,100.0
90L_10NL_2_4,90L_10NL,2,a p o n ˈe ɾ,V;SBJV;PRS;1;PL,55,55,100.0
90L_10NL_2_1,90L_10NL,2,a p o n ˈe ɾ,V;SBJV;PRS;1;SG,55,55,100.0
90L_10NL_2_2,90L_10NL,2,a p o n ˈe ɾ,V;SBJV;PRS;1;SG,54,55,98.18
90L_10NL_2_3,90L_10NL,2,a p o n ˈe ɾ,V;SBJV;PRS;1;SG,55,55,100.0
90L_10NL_2_4,90L_10NL,2,a p o n ˈe ɾ,V;SBJV;PRS;1;SG,55,55,100.0
90L_10NL_2_1,90L_10NL,2,a p o n ˈe ɾ,V;SBJV;PRS;2;PL,55,55,100.0
90L_10NL_2_2,90L_10NL,2,a p o n ˈe ɾ,V;SBJV;PRS;2;PL,55,55,100.0
90L_10NL_2_3,90L_10NL,2,a p o n ˈe ɾ,V;SBJV;PRS;2;PL,55,55,100.0
90L_10NL_2_4,90L_10NL,2,a p o n ˈe ɾ,V;SBJV;PRS;2;PL,55,55,100.0
90L_10NL_2_1,90L_10NL,2,a p o n ˈe ɾ,V;SBJV;PRS;2;SG,55,55,100.0
90L_10NL_2_2,90L_10NL,2,a p o n ˈe ɾ,V;SBJV;PRS;2;SG,53,55,96.36
90L_10NL_2_3,90L_10NL,2,a p o n ˈe ɾ,V;SBJV;PRS;2;SG,55,55,100.0
90L_10NL_2_4,90L_10NL,2,a p o n ˈe ɾ,V;SBJV;PRS;2;SG,55,55,100.0
90L_10NL_2_1,90L_10NL,2,a p o n ˈe ɾ,V;SBJV;PRS;3;PL,55,55,100.0
90L_10NL_2_2,90L_10NL,2,a p o n ˈe ɾ,V;SBJV;PRS;3;PL,55,55,100.0
90L_10NL_2_3,90L_10NL,2,a p o n ˈe ɾ,V;SBJV;PRS;3;PL,55,55,100.0
90L_10NL_2_4,90L_10NL,2,a p o n ˈe ɾ,V;SBJV;PRS;3;PL,55,55,100.0
90L_10NL_2_1,90L_10NL,2,a p o n ˈe ɾ,V;SBJV;PRS;3;SG,55,55,100.0
90L_10NL_2_2,90L_10NL,2,a p o n ˈe ɾ,V;SBJV;PRS;3;SG,54,55,98.18
90L_10NL_2_3,90L_10NL,2,a p o n ˈe ɾ,V;SBJV;PRS;3;SG,55,55,100.0
90L_10NL_2_4,90L_10NL,2,a p o n ˈe ɾ,V;SBJV;PRS;3;SG,55,55,100.0
90L_10NL_2_1,90L_10NL,2,a t a ɾ d e s ˈe ɾ,V;IND;PRS;1;PL,0,55,0.0
90L_10NL_2_2,90L_10NL,2,a t a ɾ d e s ˈe ɾ,V;IND;PRS;1;PL,55,55,100.0
90L_10NL_2_3,90L_10NL,2,a t a ɾ d e s ˈe ɾ,V;IND;PRS;1;PL,55,55,100.0
90L_10NL_2_4,90L_10NL,2,a t a ɾ d e s ˈe ɾ,V;IND;PRS;1;PL,0,55,0.0
90L_10NL_2_1,90L_10NL,2,a t a ɾ d e s ˈe ɾ,V;IND;PRS;1;SG,0,55,0.0
90L_10NL_2_2,90L_10NL,2,a t a ɾ d e s ˈe ɾ,V;IND;PRS;1;SG,55,55,100.0
90L_10NL_2_3,90L_10NL,2,a t a ɾ d e s ˈe ɾ,V;IND;PRS;1;SG,55,55,100.0
90L_10NL_2_4,90L_10NL,2,a t a ɾ d e s ˈe ɾ,V;IND;PRS;1;SG,0,55,0.0
90L_10NL_2_1,90L_10NL,2,a t a ɾ d e s ˈe ɾ,V;IND;PRS;2;PL,0,55,0.0
90L_10NL_2_2,90L_10NL,2,a t a ɾ d e s ˈe ɾ,V;IND;PRS;2;PL,55,55,100.0
90L_10NL_2_3,90L_10NL,2,a t a ɾ d e s ˈe ɾ,V;IND;PRS;2;PL,55,55,100.0
90L_10NL_2_4,90L_10NL,2,a t a ɾ d e s ˈe ɾ,V;IND;PRS;2;PL,0,55,0.0
90L_10NL_2_1,90L_10NL,2,a t a ɾ d e s ˈe ɾ,V;IND;PRS;2;SG,0,55,0.0
90L_10NL_2_2,90L_10NL,2,a t a ɾ d e s ˈe ɾ,V;IND;PRS;2;SG,55,55,100.0
90L_10NL_2_3,90L_10NL,2,a t a ɾ d e s ˈe ɾ,V;IND;PRS;2;SG,55,55,100.0
90L_10NL_2_4,90L_10NL,2,a t a ɾ d e s ˈe ɾ,V;IND;PRS;2;SG,0,55,0.0
90L_10NL_2_1,90L_10NL,2,a t a ɾ d e s ˈe ɾ,V;IND;PRS;3;PL,0,55,0.0
90L_10NL_2_2,90L_10NL,2,a t a ɾ d e s ˈe ɾ,V;IND;PRS;3;PL,55,55,100.0
90L_10NL_2_3,90L_10NL,2,a t a ɾ d e s ˈe ɾ,V;IND;PRS;3;PL,55,55,100.0
90L_10NL_2_4,90L_10NL,2,a t a ɾ d e s ˈe ɾ,V;IND;PRS;3;PL,0,55,0.0
90L_10NL_2_1,90L_10NL,2,a t a ɾ d e s ˈe ɾ,V;IND;PRS;3;SG,0,55,0.0
90L_10NL_2_2,90L_10NL,2,a t a ɾ d e s ˈe ɾ,V;IND;PRS;3;SG,55,55,100.0
90L_10NL_2_3,90L_10NL,2,a t a ɾ d e s ˈe ɾ,V;IND;PRS;3;SG,55,55,100.0
90L_10NL_2_4,90L_10NL,2,a t a ɾ d e s ˈe ɾ,V;IND;PRS;3;SG,0,55,0.0
90L_10NL_2_1,90L_10NL,2,a t a ɾ d e s ˈe ɾ,V;SBJV;PRS;1;PL,0,55,0.0
90L_10NL_2_2,90L_10NL,2,a t a ɾ d e s ˈe ɾ,V;SBJV;PRS;1;PL,55,55,100.0
90L_10NL_2_3,90L_10NL,2,a t a ɾ d e s ˈe ɾ,V;SBJV;PRS;1;PL,55,55,100.0
90L_10NL_2_4,90L_10NL,2,a t a ɾ d e s ˈe ɾ,V;SBJV;PRS;1;PL,0,55,0.0
90L_10NL_2_1,90L_10NL,2,a t a ɾ d e s ˈe ɾ,V;SBJV;PRS;1;SG,0,55,0.0
90L_10NL_2_2,90L_10NL,2,a t a ɾ d e s ˈe ɾ,V;SBJV;PRS;1;SG,55,55,100.0
90L_10NL_2_3,90L_10NL,2,a t a ɾ d e s ˈe ɾ,V;SBJV;PRS;1;SG,55,55,100.0
90L_10NL_2_4,90L_10NL,2,a t a ɾ d e s ˈe ɾ,V;SBJV;PRS;1;SG,0,55,0.0
90L_10NL_2_1,90L_10NL,2,a t a ɾ d e s ˈe ɾ,V;SBJV;PRS;2;PL,0,55,0.0
90L_10NL_2_2,90L_10NL,2,a t a ɾ d e s ˈe ɾ,V;SBJV;PRS;2;PL,55,55,100.0
90L_10NL_2_3,90L_10NL,2,a t a ɾ d e s ˈe ɾ,V;SBJV;PRS;2;PL,55,55,100.0
90L_10NL_2_4,90L_10NL,2,a t a ɾ d e s ˈe ɾ,V;SBJV;PRS;2;PL,0,55,0.0
90L_10NL_2_1,90L_10NL,2,a t a ɾ d e s ˈe ɾ,V;SBJV;PRS;2;SG,0,55,0.0
90L_10NL_2_2,90L_10NL,2,a t a ɾ d e s ˈe ɾ,V;SBJV;PRS;2;SG,55,55,100.0
90L_10NL_2_3,90L_10NL,2,a t a ɾ d e s ˈe ɾ,V;SBJV;PRS;2;SG,55,55,100.0
90L_10NL_2_4,90L_10NL,2,a t a ɾ d e s ˈe ɾ,V;SBJV;PRS;2;SG,0,55,0.0
90L_10NL_2_1,90L_10NL,2,a t a ɾ d e s ˈe ɾ,V;SBJV;PRS;3;PL,0,55,0.0
90L_10NL_2_2,90L_10NL,2,a t a ɾ d e s ˈe ɾ,V;SBJV;PRS;3;PL,55,55,100.0
90L_10NL_2_3,90L_10NL,2,a t a ɾ d e s ˈe ɾ,V;SBJV;PRS;3;PL,55,55,100.0
90L_10NL_2_4,90L_10NL,2,a t a ɾ d e s ˈe ɾ,V;SBJV;PRS;3;PL,0,55,0.0
90L_10NL_2_1,90L_10NL,2,a t a ɾ d e s ˈe ɾ,V;SBJV;PRS;3;SG,0,55,0.0
90L_10NL_2_2,90L_10NL,2,a t a ɾ d e s ˈe ɾ,V;SBJV;PRS;3;SG,55,55,100.0
90L_10NL_2_3,90L_10NL,2,a t a ɾ d e s ˈe ɾ,V;SBJV;PRS;3;SG,55,55,100.0
90L_10NL_2_4,90L_10NL,2,a t a ɾ d e s ˈe ɾ,V;SBJV;PRS;3;SG,0,55,0.0
90L_10NL_2_1,90L_10NL,2,a t e n ˈe ɾ,V;IND;PRS;1;PL,55,55,100.0
90L_10NL_2_2,90L_10NL,2,a t e n ˈe ɾ,V;IND;PRS;1;PL,55,55,100.0
90L_10NL_2_3,90L_10NL,2,a t e n ˈe ɾ,V;IND;PRS;1;PL,55,55,100.0
90L_10NL_2_4,90L_10NL,2,a t e n ˈe ɾ,V;IND;PRS;1;PL,55,55,100.0
90L_10NL_2_1,90L_10NL,2,a t e n ˈe ɾ,V;IND;PRS;1;SG,55,55,100.0
90L_10NL_2_2,90L_10NL,2,a t e n ˈe ɾ,V;IND;PRS;1;SG,55,55,100.0
90L_10NL_2_3,90L_10NL,2,a t e n ˈe ɾ,V;IND;PRS;1;SG,55,55,100.0
90L_10NL_2_4,90L_10NL,2,a t e n ˈe ɾ,V;IND;PRS;1;SG,55,55,100.0
90L_10NL_2_1,90L_10NL,2,a t e n ˈe ɾ,V;IND;PRS;2;PL,55,55,100.0
90L_10NL_2_2,90L_10NL,2,a t e n ˈe ɾ,V;IND;PRS;2;PL,55,55,100.0
90L_10NL_2_3,90L_10NL,2,a t e n ˈe ɾ,V;IND;PRS;2;PL,55,55,100.0
90L_10NL_2_4,90L_10NL,2,a t e n ˈe ɾ,V;IND;PRS;2;PL,55,55,100.0
90L_10NL_2_1,90L_10NL,2,a t e n ˈe ɾ,V;IND;PRS;2;SG,55,55,100.0
90L_10NL_2_2,90L_10NL,2,a t e n ˈe ɾ,V;IND;PRS;2;SG,55,55,100.0
90L_10NL_2_3,90L_10NL,2,a t e n ˈe ɾ,V;IND;PRS;2;SG,55,55,100.0
90L_10NL_2_4,90L_10NL,2,a t e n ˈe ɾ,V;IND;PRS;2;SG,55,55,100.0
90L_10NL_2_1,90L_10NL,2,a t e n ˈe ɾ,V;IND;PRS;3;PL,55,55,100.0
90L_10NL_2_2,90L_10NL,2,a t e n ˈe ɾ,V;IND;PRS;3;PL,55,55,100.0
90L_10NL_2_3,90L_10NL,2,a t e n ˈe ɾ,V;IND;PRS;3;PL,55,55,100.0
90L_10NL_2_4,90L_10NL,2,a t e n ˈe ɾ,V;IND;PRS;3;PL,55,55,100.0
90L_10NL_2_1,90L_10NL,2,a t e n ˈe ɾ,V;IND;PRS;3;SG,55,55,100.0
90L_10NL_2_2,90L_10NL,2,a t e n ˈe ɾ,V;IND;PRS;3;SG,55,55,100.0
90L_10NL_2_3,90L_10NL,2,a t e n ˈe ɾ,V;IND;PRS;3;SG,55,55,100.0
90L_10NL_2_4,90L_10NL,2,a t e n ˈe ɾ,V;IND;PRS;3;SG,55,55,100.0
90L_10NL_2_1,90L_10NL,2,a t e n ˈe ɾ,V;SBJV;PRS;1;PL,55,55,100.0
90L_10NL_2_2,90L_10NL,2,a t e n ˈe ɾ,V;SBJV;PRS;1;PL,55,55,100.0
90L_10NL_2_3,90L_10NL,2,a t e n ˈe ɾ,V;SBJV;PRS;1;PL,55,55,100.0
90L_10NL_2_4,90L_10NL,2,a t e n ˈe ɾ,V;SBJV;PRS;1;PL,55,55,100.0
90L_10NL_2_1,90L_10NL,2,a t e n ˈe ɾ,V;SBJV;PRS;1;SG,55,55,100.0
90L_10NL_2_2,90L_10NL,2,a t e n ˈe ɾ,V;SBJV;PRS;1;SG,55,55,100.0
90L_10NL_2_3,90L_10NL,2,a t e n ˈe ɾ,V;SBJV;PRS;1;SG,55,55,100.0
90L_10NL_2_4,90L_10NL,2,a t e n ˈe ɾ,V;SBJV;PRS;1;SG,55,55,100.0
90L_10NL_2_1,90L_10NL,2,a t e n ˈe ɾ,V;SBJV;PRS;2;PL,55,55,100.0
90L_10NL_2_2,90L_10NL,2,a t e n ˈe ɾ,V;SBJV;PRS;2;PL,55,55,100.0
90L_10NL_2_3,90L_10NL,2,a t e n ˈe ɾ,V;SBJV;PRS;2;PL,55,55,100.0
90L_10NL_2_4,90L_10NL,2,a t e n ˈe ɾ,V;SBJV;PRS;2;PL,55,55,100.0
90L_10NL_2_1,90L_10NL,2,a t e n ˈe ɾ,V;SBJV;PRS;2;SG,55,55,100.0
90L_10NL_2_2,90L_10NL,2,a t e n ˈe ɾ,V;SBJV;PRS;2;SG,55,55,100.0
90L_10NL_2_3,90L_10NL,2,a t e n ˈe ɾ,V;SBJV;PRS;2;SG,55,55,100.0
90L_10NL_2_4,90L_10NL,2,a t e n ˈe ɾ,V;SBJV;PRS;2;SG,55,55,100.0
90L_10NL_2_1,90L_10NL,2,a t e n ˈe ɾ,V;SBJV;PRS;3;PL,55,55,100.0
90L_10NL_2_2,90L_10NL,2,a t e n ˈe ɾ,V;SBJV;PRS;3;PL,55,55,100.0
90L_10NL_2_3,90L_10NL,2,a t e n ˈe ɾ,V;SBJV;PRS;3;PL,55,55,100.0
90L_10NL_2_4,90L_10NL,2,a t e n ˈe ɾ,V;SBJV;PRS;3;PL,55,55,100.0
90L_10NL_2_1,90L_10NL,2,a t e n ˈe ɾ,V;SBJV;PRS;3;SG,55,55,100.0
90L_10NL_2_2,90L_10NL,2,a t e n ˈe ɾ,V;SBJV;PRS;3;SG,55,55,100.0
90L_10NL_2_3,90L_10NL,2,a t e n ˈe ɾ,V;SBJV;PRS;3;SG,55,55,100.0
90L_10NL_2_4,90L_10NL,2,a t e n ˈe ɾ,V;SBJV;PRS;3;SG,55,55,100.0
90L_10NL_2_1,90L_10NL,2,d e b e n ˈi ɾ,V;IND;PRS;1;PL,55,55,100.0
90L_10NL_2_2,90L_10NL,2,d e b e n ˈi ɾ,V;IND;PRS;1;PL,55,55,100.0
90L_10NL_2_3,90L_10NL,2,d e b e n ˈi ɾ,V;IND;PRS;1;PL,55,55,100.0
90L_10NL_2_4,90L_10NL,2,d e b e n ˈi ɾ,V;IND;PRS;1;PL,55,55,100.0
90L_10NL_2_1,90L_10NL,2,d e b e n ˈi ɾ,V;IND;PRS;1;SG,55,55,100.0
90L_10NL_2_2,90L_10NL,2,d e b e n ˈi ɾ,V;IND;PRS;1;SG,55,55,100.0
90L_10NL_2_3,90L_10NL,2,d e b e n ˈi ɾ,V;IND;PRS;1;SG,55,55,100.0
90L_10NL_2_4,90L_10NL,2,d e b e n ˈi ɾ,V;IND;PRS;1;SG,55,55,100.0
90L_10NL_2_1,90L_10NL,2,d e b e n ˈi ɾ,V;IND;PRS;2;PL,55,55,100.0
90L_10NL_2_2,90L_10NL,2,d e b e n ˈi ɾ,V;IND;PRS;2;PL,55,55,100.0
90L_10NL_2_3,90L_10NL,2,d e b e n ˈi ɾ,V;IND;PRS;2;PL,55,55,100.0
90L_10NL_2_4,90L_10NL,2,d e b e n ˈi ɾ,V;IND;PRS;2;PL,55,55,100.0
90L_10NL_2_1,90L_10NL,2,d e b e n ˈi ɾ,V;IND;PRS;2;SG,55,55,100.0
90L_10NL_2_2,90L_10NL,2,d e b e n ˈi ɾ,V;IND;PRS;2;SG,55,55,100.0
90L_10NL_2_3,90L_10NL,2,d e b e n ˈi ɾ,V;IND;PRS;2;SG,55,55,100.0
90L_10NL_2_4,90L_10NL,2,d e b e n ˈi ɾ,V;IND;PRS;2;SG,55,55,100.0
90L_10NL_2_1,90L_10NL,2,d e b e n ˈi ɾ,V;IND;PRS;3;PL,55,55,100.0
90L_10NL_2_2,90L_10NL,2,d e b e n ˈi ɾ,V;IND;PRS;3;PL,55,55,100.0
90L_10NL_2_3,90L_10NL,2,d e b e n ˈi ɾ,V;IND;PRS;3;PL,55,55,100.0
90L_10NL_2_4,90L_10NL,2,d e b e n ˈi ɾ,V;IND;PRS;3;PL,55,55,100.0
90L_10NL_2_1,90L_10NL,2,d e b e n ˈi ɾ,V;IND;PRS;3;SG,55,55,100.0
90L_10NL_2_2,90L_10NL,2,d e b e n ˈi ɾ,V;IND;PRS;3;SG,55,55,100.0
90L_10NL_2_3,90L_10NL,2,d e b e n ˈi ɾ,V;IND;PRS;3;SG,55,55,100.0
90L_10NL_2_4,90L_10NL,2,d e b e n ˈi ɾ,V;IND;PRS;3;SG,55,55,100.0
90L_10NL_2_1,90L_10NL,2,d e b e n ˈi ɾ,V;SBJV;PRS;1;PL,54,55,98.18
90L_10NL_2_2,90L_10NL,2,d e b e n ˈi ɾ,V;SBJV;PRS;1;PL,55,55,100.0
90L_10NL_2_3,90L_10NL,2,d e b e n ˈi ɾ,V;SBJV;PRS;1;PL,55,55,100.0
90L_10NL_2_4,90L_10NL,2,d e b e n ˈi ɾ,V;SBJV;PRS;1;PL,55,55,100.0
90L_10NL_2_1,90L_10NL,2,d e b e n ˈi ɾ,V;SBJV;PRS;1;SG,55,55,100.0
90L_10NL_2_2,90L_10NL,2,d e b e n ˈi ɾ,V;SBJV;PRS;1;SG,55,55,100.0
90L_10NL_2_3,90L_10NL,2,d e b e n ˈi ɾ,V;SBJV;PRS;1;SG,55,55,100.0
90L_10NL_2_4,90L_10NL,2,d e b e n ˈi ɾ,V;SBJV;PRS;1;SG,55,55,100.0
90L_10NL_2_1,90L_10NL,2,d e b e n ˈi ɾ,V;SBJV;PRS;2;PL,55,55,100.0
90L_10NL_2_2,90L_10NL,2,d e b e n ˈi ɾ,V;SBJV;PRS;2;PL,55,55,100.0
90L_10NL_2_3,90L_10NL,2,d e b e n ˈi ɾ,V;SBJV;PRS;2;PL,55,55,100.0
90L_10NL_2_4,90L_10NL,2,d e b e n ˈi ɾ,V;SBJV;PRS;2;PL,55,55,100.0
90L_10NL_2_1,90L_10NL,2,d e b e n ˈi ɾ,V;SBJV;PRS;2;SG,55,55,100.0
90L_10NL_2_2,90L_10NL,2,d e b e n ˈi ɾ,V;SBJV;PRS;2;SG,55,55,100.0
90L_10NL_2_3,90L_10NL,2,d e b e n ˈi ɾ,V;SBJV;PRS;2;SG,55,55,100.0
90L_10NL_2_4,90L_10NL,2,d e b e n ˈi ɾ,V;SBJV;PRS;2;SG,55,55,100.0
90L_10NL_2_1,90L_10NL,2,d e b e n ˈi ɾ,V;SBJV;PRS;3;PL,55,55,100.0
90L_10NL_2_2,90L_10NL,2,d e b e n ˈi ɾ,V;SBJV;PRS;3;PL,55,55,100.0
90L_10NL_2_3,90L_10NL,2,d e b e n ˈi ɾ,V;SBJV;PRS;3;PL,55,55,100.0
90L_10NL_2_4,90L_10NL,2,d e b e n ˈi ɾ,V;SBJV;PRS;3;PL,55,55,100.0
90L_10NL_2_1,90L_10NL,2,d e b e n ˈi ɾ,V;SBJV;PRS;3;SG,55,55,100.0
90L_10NL_2_2,90L_10NL,2,d e b e n ˈi ɾ,V;SBJV;PRS;3;SG,55,55,100.0
90L_10NL_2_3,90L_10NL,2,d e b e n ˈi ɾ,V;SBJV;PRS;3;SG,55,55,100.0
90L_10NL_2_4,90L_10NL,2,d e b e n ˈi ɾ,V;SBJV;PRS;3;SG,55,55,100.0
90L_10NL_2_1,90L_10NL,2,d e d u s ˈi ɾ,V;IND;PRS;1;PL,55,55,100.0
90L_10NL_2_2,90L_10NL,2,d e d u s ˈi ɾ,V;IND;PRS;1;PL,55,55,100.0
90L_10NL_2_3,90L_10NL,2,d e d u s ˈi ɾ,V;IND;PRS;1;PL,55,55,100.0
90L_10NL_2_4,90L_10NL,2,d e d u s ˈi ɾ,V;IND;PRS;1;PL,55,55,100.0
90L_10NL_2_1,90L_10NL,2,d e d u s ˈi ɾ,V;IND;PRS;1;SG,55,55,100.0
90L_10NL_2_2,90L_10NL,2,d e d u s ˈi ɾ,V;IND;PRS;1;SG,55,55,100.0
90L_10NL_2_3,90L_10NL,2,d e d u s ˈi ɾ,V;IND;PRS;1;SG,55,55,100.0
90L_10NL_2_4,90L_10NL,2,d e d u s ˈi ɾ,V;IND;PRS;1;SG,55,55,100.0
90L_10NL_2_1,90L_10NL,2,d e d u s ˈi ɾ,V;IND;PRS;2;PL,55,55,100.0
90L_10NL_2_2,90L_10NL,2,d e d u s ˈi ɾ,V;IND;PRS;2;PL,55,55,100.0
90L_10NL_2_3,90L_10NL,2,d e d u s ˈi ɾ,V;IND;PRS;2;PL,55,55,100.0
90L_10NL_2_4,90L_10NL,2,d e d u s ˈi ɾ,V;IND;PRS;2;PL,55,55,100.0
90L_10NL_2_1,90L_10NL,2,d e d u s ˈi ɾ,V;IND;PRS;2;SG,55,55,100.0
90L_10NL_2_2,90L_10NL,2,d e d u s ˈi ɾ,V;IND;PRS;2;SG,55,55,100.0
90L_10NL_2_3,90L_10NL,2,d e d u s ˈi ɾ,V;IND;PRS;2;SG,55,55,100.0
90L_10NL_2_4,90L_10NL,2,d e d u s ˈi ɾ,V;IND;PRS;2;SG,55,55,100.0
90L_10NL_2_1,90L_10NL,2,d e d u s ˈi ɾ,V;IND;PRS;3;PL,55,55,100.0
90L_10NL_2_2,90L_10NL,2,d e d u s ˈi ɾ,V;IND;PRS;3;PL,55,55,100.0
90L_10NL_2_3,90L_10NL,2,d e d u s ˈi ɾ,V;IND;PRS;3;PL,55,55,100.0
90L_10NL_2_4,90L_10NL,2,d e d u s ˈi ɾ,V;IND;PRS;3;PL,55,55,100.0
90L_10NL_2_1,90L_10NL,2,d e d u s ˈi ɾ,V;IND;PRS;3;SG,55,55,100.0
90L_10NL_2_2,90L_10NL,2,d e d u s ˈi ɾ,V;IND;PRS;3;SG,55,55,100.0
90L_10NL_2_3,90L_10NL,2,d e d u s ˈi ɾ,V;IND;PRS;3;SG,55,55,100.0
90L_10NL_2_4,90L_10NL,2,d e d u s ˈi ɾ,V;IND;PRS;3;SG,55,55,100.0
90L_10NL_2_1,90L_10NL,2,d e d u s ˈi ɾ,V;SBJV;PRS;1;PL,55,55,100.0
90L_10NL_2_2,90L_10NL,2,d e d u s ˈi ɾ,V;SBJV;PRS;1;PL,55,55,100.0
90L_10NL_2_3,90L_10NL,2,d e d u s ˈi ɾ,V;SBJV;PRS;1;PL,55,55,100.0
90L_10NL_2_4,90L_10NL,2,d e d u s ˈi ɾ,V;SBJV;PRS;1;PL,55,55,100.0
90L_10NL_2_1,90L_10NL,2,d e d u s ˈi ɾ,V;SBJV;PRS;1;SG,55,55,100.0
90L_10NL_2_2,90L_10NL,2,d e d u s ˈi ɾ,V;SBJV;PRS;1;SG,55,55,100.0
90L_10NL_2_3,90L_10NL,2,d e d u s ˈi ɾ,V;SBJV;PRS;1;SG,55,55,100.0
90L_10NL_2_4,90L_10NL,2,d e d u s ˈi ɾ,V;SBJV;PRS;1;SG,55,55,100.0
90L_10NL_2_1,90L_10NL,2,d e d u s ˈi ɾ,V;SBJV;PRS;2;PL,55,55,100.0
90L_10NL_2_2,90L_10NL,2,d e d u s ˈi ɾ,V;SBJV;PRS;2;PL,55,55,100.0
90L_10NL_2_3,90L_10NL,2,d e d u s ˈi ɾ,V;SBJV;PRS;2;PL,55,55,100.0
90L_10NL_2_4,90L_10NL,2,d e d u s ˈi ɾ,V;SBJV;PRS;2;PL,55,55,100.0
90L_10NL_2_1,90L_10NL,2,d e d u s ˈi ɾ,V;SBJV;PRS;2;SG,55,55,100.0
90L_10NL_2_2,90L_10NL,2,d e d u s ˈi ɾ,V;SBJV;PRS;2;SG,55,55,100.0
90L_10NL_2_3,90L_10NL,2,d e d u s ˈi ɾ,V;SBJV;PRS;2;SG,55,55,100.0
90L_10NL_2_4,90L_10NL,2,d e d u s ˈi ɾ,V;SBJV;PRS;2;SG,55,55,100.0
90L_10NL_2_1,90L_10NL,2,d e d u s ˈi ɾ,V;SBJV;PRS;3;PL,55,55,100.0
90L_10NL_2_2,90L_10NL,2,d e d u s ˈi ɾ,V;SBJV;PRS;3;PL,55,55,100.0
90L_10NL_2_3,90L_10NL,2,d e d u s ˈi ɾ,V;SBJV;PRS;3;PL,55,55,100.0
90L_10NL_2_4,90L_10NL,2,d e d u s ˈi ɾ,V;SBJV;PRS;3;PL,55,55,100.0
90L_10NL_2_1,90L_10NL,2,d e d u s ˈi ɾ,V;SBJV;PRS;3;SG,55,55,100.0
90L_10NL_2_2,90L_10NL,2,d e d u s ˈi ɾ,V;SBJV;PRS;3;SG,55,55,100.0
90L_10NL_2_3,90L_10NL,2,d e d u s ˈi ɾ,V;SBJV;PRS;3;SG,55,55,100.0
90L_10NL_2_4,90L_10NL,2,d e d u s ˈi ɾ,V;SBJV;PRS;3;SG,55,55,100.0
90L_10NL_2_1,90L_10NL,2,d e s a p a ɾ e s ˈe ɾ,V;IND;PRS;1;PL,55,55,100.0
90L_10NL_2_2,90L_10NL,2,d e s a p a ɾ e s ˈe ɾ,V;IND;PRS;1;PL,55,55,100.0
90L_10NL_2_3,90L_10NL,2,d e s a p a ɾ e s ˈe ɾ,V;IND;PRS;1;PL,0,55,0.0
90L_10NL_2_4,90L_10NL,2,d e s a p a ɾ e s ˈe ɾ,V;IND;PRS;1;PL,55,55,100.0
90L_10NL_2_1,90L_10NL,2,d e s a p a ɾ e s ˈe ɾ,V;IND;PRS;1;SG,52,55,94.55
90L_10NL_2_2,90L_10NL,2,d e s a p a ɾ e s ˈe ɾ,V;IND;PRS;1;SG,55,55,100.0
90L_10NL_2_3,90L_10NL,2,d e s a p a ɾ e s ˈe ɾ,V;IND;PRS;1;SG,0,55,0.0
90L_10NL_2_4,90L_10NL,2,d e s a p a ɾ e s ˈe ɾ,V;IND;PRS;1;SG,55,55,100.0
90L_10NL_2_1,90L_10NL,2,d e s a p a ɾ e s ˈe ɾ,V;IND;PRS;2;PL,55,55,100.0
90L_10NL_2_2,90L_10NL,2,d e s a p a ɾ e s ˈe ɾ,V;IND;PRS;2;PL,55,55,100.0
90L_10NL_2_3,90L_10NL,2,d e s a p a ɾ e s ˈe ɾ,V;IND;PRS;2;PL,0,55,0.0
90L_10NL_2_4,90L_10NL,2,d e s a p a ɾ e s ˈe ɾ,V;IND;PRS;2;PL,55,55,100.0
90L_10NL_2_1,90L_10NL,2,d e s a p a ɾ e s ˈe ɾ,V;IND;PRS;2;SG,54,55,98.18
90L_10NL_2_2,90L_10NL,2,d e s a p a ɾ e s ˈe ɾ,V;IND;PRS;2;SG,55,55,100.0
90L_10NL_2_3,90L_10NL,2,d e s a p a ɾ e s ˈe ɾ,V;IND;PRS;2;SG,0,55,0.0
90L_10NL_2_4,90L_10NL,2,d e s a p a ɾ e s ˈe ɾ,V;IND;PRS;2;SG,55,55,100.0
90L_10NL_2_1,90L_10NL,2,d e s a p a ɾ e s ˈe ɾ,V;IND;PRS;3;PL,49,55,89.09
90L_10NL_2_2,90L_10NL,2,d e s a p a ɾ e s ˈe ɾ,V;IND;PRS;3;PL,55,55,100.0
90L_10NL_2_3,90L_10NL,2,d e s a p a ɾ e s ˈe ɾ,V;IND;PRS;3;PL,0,55,0.0
90L_10NL_2_4,90L_10NL,2,d e s a p a ɾ e s ˈe ɾ,V;IND;PRS;3;PL,55,55,100.0
90L_10NL_2_1,90L_10NL,2,d e s a p a ɾ e s ˈe ɾ,V;IND;PRS;3;SG,55,55,100.0
90L_10NL_2_2,90L_10NL,2,d e s a p a ɾ e s ˈe ɾ,V;IND;PRS;3;SG,55,55,100.0
90L_10NL_2_3,90L_10NL,2,d e s a p a ɾ e s ˈe ɾ,V;IND;PRS;3;SG,0,55,0.0
90L_10NL_2_4,90L_10NL,2,d e s a p a ɾ e s ˈe ɾ,V;IND;PRS;3;SG,55,55,100.0
90L_10NL_2_1,90L_10NL,2,d e s a p a ɾ e s ˈe ɾ,V;SBJV;PRS;1;PL,55,55,100.0
90L_10NL_2_2,90L_10NL,2,d e s a p a ɾ e s ˈe ɾ,V;SBJV;PRS;1;PL,55,55,100.0
90L_10NL_2_3,90L_10NL,2,d e s a p a ɾ e s ˈe ɾ,V;SBJV;PRS;1;PL,0,55,0.0
90L_10NL_2_4,90L_10NL,2,d e s a p a ɾ e s ˈe ɾ,V;SBJV;PRS;1;PL,55,55,100.0
90L_10NL_2_1,90L_10NL,2,d e s a p a ɾ e s ˈe ɾ,V;SBJV;PRS;1;SG,51,55,92.73
90L_10NL_2_2,90L_10NL,2,d e s a p a ɾ e s ˈe ɾ,V;SBJV;PRS;1;SG,55,55,100.0
90L_10NL_2_3,90L_10NL,2,d e s a p a ɾ e s ˈe ɾ,V;SBJV;PRS;1;SG,0,55,0.0
90L_10NL_2_4,90L_10NL,2,d e s a p a ɾ e s ˈe ɾ,V;SBJV;PRS;1;SG,55,55,100.0
90L_10NL_2_1,90L_10NL,2,d e s a p a ɾ e s ˈe ɾ,V;SBJV;PRS;2;PL,55,55,100.0
90L_10NL_2_2,90L_10NL,2,d e s a p a ɾ e s ˈe ɾ,V;SBJV;PRS;2;PL,55,55,100.0
90L_10NL_2_3,90L_10NL,2,d e s a p a ɾ e s ˈe ɾ,V;SBJV;PRS;2;PL,0,55,0.0
90L_10NL_2_4,90L_10NL,2,d e s a p a ɾ e s ˈe ɾ,V;SBJV;PRS;2;PL,55,55,100.0
90L_10NL_2_1,90L_10NL,2,d e s a p a ɾ e s ˈe ɾ,V;SBJV;PRS;2;SG,51,55,92.73
90L_10NL_2_2,90L_10NL,2,d e s a p a ɾ e s ˈe ɾ,V;SBJV;PRS;2;SG,55,55,100.0
90L_10NL_2_3,90L_10NL,2,d e s a p a ɾ e s ˈe ɾ,V;SBJV;PRS;2;SG,0,55,0.0
90L_10NL_2_4,90L_10NL,2,d e s a p a ɾ e s ˈe ɾ,V;SBJV;PRS;2;SG,55,55,100.0
90L_10NL_2_1,90L_10NL,2,d e s a p a ɾ e s ˈe ɾ,V;SBJV;PRS;3;PL,47,55,85.45
90L_10NL_2_2,90L_10NL,2,d e s a p a ɾ e s ˈe ɾ,V;SBJV;PRS;3;PL,55,55,100.0
90L_10NL_2_3,90L_10NL,2,d e s a p a ɾ e s ˈe ɾ,V;SBJV;PRS;3;PL,0,55,0.0
90L_10NL_2_4,90L_10NL,2,d e s a p a ɾ e s ˈe ɾ,V;SBJV;PRS;3;PL,55,55,100.0
90L_10NL_2_1,90L_10NL,2,d e s a p a ɾ e s ˈe ɾ,V;SBJV;PRS;3;SG,50,55,90.91
90L_10NL_2_2,90L_10NL,2,d e s a p a ɾ e s ˈe ɾ,V;SBJV;PRS;3;SG,55,55,100.0
90L_10NL_2_3,90L_10NL,2,d e s a p a ɾ e s ˈe ɾ,V;SBJV;PRS;3;SG,0,55,0.0
90L_10NL_2_4,90L_10NL,2,d e s a p a ɾ e s ˈe ɾ,V;SBJV;PRS;3;SG,55,55,100.0
90L_10NL_2_1,90L_10NL,2,d e s a s ˈe ɾ,V;IND;PRS;2;PL,55,55,100.0
90L_10NL_2_2,90L_10NL,2,d e s a s ˈe ɾ,V;IND;PRS;2;PL,55,55,100.0
90L_10NL_2_3,90L_10NL,2,d e s a s ˈe ɾ,V;IND;PRS;2;PL,55,55,100.0
90L_10NL_2_4,90L_10NL,2,d e s a s ˈe ɾ,V;IND;PRS;2;PL,55,55,100.0
90L_10NL_2_1,90L_10NL,2,d e s a s ˈe ɾ,V;IND;PRS;2;SG,55,55,100.0
90L_10NL_2_2,90L_10NL,2,d e s a s ˈe ɾ,V;IND;PRS;2;SG,55,55,100.0
90L_10NL_2_3,90L_10NL,2,d e s a s ˈe ɾ,V;IND;PRS;2;SG,55,55,100.0
90L_10NL_2_4,90L_10NL,2,d e s a s ˈe ɾ,V;IND;PRS;2;SG,55,55,100.0
90L_10NL_2_1,90L_10NL,2,d e s a s ˈe ɾ,V;IND;PRS;3;PL,55,55,100.0
90L_10NL_2_2,90L_10NL,2,d e s a s ˈe ɾ,V;IND;PRS;3;PL,55,55,100.0
90L_10NL_2_3,90L_10NL,2,d e s a s ˈe ɾ,V;IND;PRS;3;PL,55,55,100.0
90L_10NL_2_4,90L_10NL,2,d e s a s ˈe ɾ,V;IND;PRS;3;PL,55,55,100.0
90L_10NL_2_1,90L_10NL,2,d e s a s ˈe ɾ,V;IND;PRS;3;SG,55,55,100.0
90L_10NL_2_2,90L_10NL,2,d e s a s ˈe ɾ,V;IND;PRS;3;SG,55,55,100.0
90L_10NL_2_3,90L_10NL,2,d e s a s ˈe ɾ,V;IND;PRS;3;SG,55,55,100.0
90L_10NL_2_4,90L_10NL,2,d e s a s ˈe ɾ,V;IND;PRS;3;SG,55,55,100.0
90L_10NL_2_1,90L_10NL,2,d e s a s ˈi ɾ,V;IND;PRS;1;PL,55,55,100.0
90L_10NL_2_2,90L_10NL,2,d e s a s ˈi ɾ,V;IND;PRS;1;PL,55,55,100.0
90L_10NL_2_3,90L_10NL,2,d e s a s ˈi ɾ,V;IND;PRS;1;PL,55,55,100.0
90L_10NL_2_4,90L_10NL,2,d e s a s ˈi ɾ,V;IND;PRS;1;PL,55,55,100.0
90L_10NL_2_1,90L_10NL,2,d e s a s ˈi ɾ,V;IND;PRS;1;SG,0,55,0.0
90L_10NL_2_2,90L_10NL,2,d e s a s ˈi ɾ,V;IND;PRS;1;SG,0,55,0.0
90L_10NL_2_3,90L_10NL,2,d e s a s ˈi ɾ,V;IND;PRS;1;SG,0,55,0.0
90L_10NL_2_4,90L_10NL,2,d e s a s ˈi ɾ,V;IND;PRS;1;SG,0,55,0.0
90L_10NL_2_1,90L_10NL,2,d e s a s ˈi ɾ,V;SBJV;PRS;1;PL,0,55,0.0
90L_10NL_2_2,90L_10NL,2,d e s a s ˈi ɾ,V;SBJV;PRS;1;PL,0,55,0.0
90L_10NL_2_3,90L_10NL,2,d e s a s ˈi ɾ,V;SBJV;PRS;1;PL,0,55,0.0
90L_10NL_2_4,90L_10NL,2,d e s a s ˈi ɾ,V;SBJV;PRS;1;PL,0,55,0.0
90L_10NL_2_1,90L_10NL,2,d e s a s ˈi ɾ,V;SBJV;PRS;1;SG,0,55,0.0
90L_10NL_2_2,90L_10NL,2,d e s a s ˈi ɾ,V;SBJV;PRS;1;SG,0,55,0.0
90L_10NL_2_3,90L_10NL,2,d e s a s ˈi ɾ,V;SBJV;PRS;1;SG,0,55,0.0
90L_10NL_2_4,90L_10NL,2,d e s a s ˈi ɾ,V;SBJV;PRS;1;SG,0,55,0.0
90L_10NL_2_1,90L_10NL,2,d e s a s ˈi ɾ,V;SBJV;PRS;2;PL,0,55,0.0
90L_10NL_2_2,90L_10NL,2,d e s a s ˈi ɾ,V;SBJV;PRS;2;PL,0,55,0.0
90L_10NL_2_3,90L_10NL,2,d e s a s ˈi ɾ,V;SBJV;PRS;2;PL,1,55,1.82
90L_10NL_2_4,90L_10NL,2,d e s a s ˈi ɾ,V;SBJV;PRS;2;PL,0,55,0.0
90L_10NL_2_1,90L_10NL,2,d e s a s ˈi ɾ,V;SBJV;PRS;2;SG,0,55,0.0
90L_10NL_2_2,90L_10NL,2,d e s a s ˈi ɾ,V;SBJV;PRS;2;SG,0,55,0.0
90L_10NL_2_3,90L_10NL,2,d e s a s ˈi ɾ,V;SBJV;PRS;2;SG,0,55,0.0
90L_10NL_2_4,90L_10NL,2,d e s a s ˈi ɾ,V;SBJV;PRS;2;SG,0,55,0.0
90L_10NL_2_1,90L_10NL,2,d e s a s ˈi ɾ,V;SBJV;PRS;3;PL,0,55,0.0
90L_10NL_2_2,90L_10NL,2,d e s a s ˈi ɾ,V;SBJV;PRS;3;PL,0,55,0.0
90L_10NL_2_3,90L_10NL,2,d e s a s ˈi ɾ,V;SBJV;PRS;3;PL,0,55,0.0
90L_10NL_2_4,90L_10NL,2,d e s a s ˈi ɾ,V;SBJV;PRS;3;PL,0,55,0.0
90L_10NL_2_1,90L_10NL,2,d e s a s ˈi ɾ,V;SBJV;PRS;3;SG,0,55,0.0
90L_10NL_2_2,90L_10NL,2,d e s a s ˈi ɾ,V;SBJV;PRS;3;SG,0,55,0.0
90L_10NL_2_3,90L_10NL,2,d e s a s ˈi ɾ,V;SBJV;PRS;3;SG,0,55,0.0
90L_10NL_2_4,90L_10NL,2,d e s a s ˈi ɾ,V;SBJV;PRS;3;SG,0,55,0.0
90L_10NL_2_1,90L_10NL,2,d e s b a n e s ˈe ɾ,V;IND;PRS;1;PL,55,55,100.0
90L_10NL_2_2,90L_10NL,2,d e s b a n e s ˈe ɾ,V;IND;PRS;1;PL,55,55,100.0
90L_10NL_2_3,90L_10NL,2,d e s b a n e s ˈe ɾ,V;IND;PRS;1;PL,55,55,100.0
90L_10NL_2_4,90L_10NL,2,d e s b a n e s ˈe ɾ,V;IND;PRS;1;PL,55,55,100.0
90L_10NL_2_1,90L_10NL,2,d e s b a n e s ˈe ɾ,V;IND;PRS;1;SG,55,55,100.0
90L_10NL_2_2,90L_10NL,2,d e s b a n e s ˈe ɾ,V;IND;PRS;1;SG,55,55,100.0
90L_10NL_2_3,90L_10NL,2,d e s b a n e s ˈe ɾ,V;IND;PRS;1;SG,55,55,100.0
90L_10NL_2_4,90L_10NL,2,d e s b a n e s ˈe ɾ,V;IND;PRS;1;SG,55,55,100.0
90L_10NL_2_1,90L_10NL,2,d e s b a n e s ˈe ɾ,V;IND;PRS;2;PL,55,55,100.0
90L_10NL_2_2,90L_10NL,2,d e s b a n e s ˈe ɾ,V;IND;PRS;2;PL,55,55,100.0
90L_10NL_2_3,90L_10NL,2,d e s b a n e s ˈe ɾ,V;IND;PRS;2;PL,55,55,100.0
90L_10NL_2_4,90L_10NL,2,d e s b a n e s ˈe ɾ,V;IND;PRS;2;PL,55,55,100.0
90L_10NL_2_1,90L_10NL,2,d e s b a n e s ˈe ɾ,V;IND;PRS;2;SG,55,55,100.0
90L_10NL_2_2,90L_10NL,2,d e s b a n e s ˈe ɾ,V;IND;PRS;2;SG,55,55,100.0
90L_10NL_2_3,90L_10NL,2,d e s b a n e s ˈe ɾ,V;IND;PRS;2;SG,55,55,100.0
90L_10NL_2_4,90L_10NL,2,d e s b a n e s ˈe ɾ,V;IND;PRS;2;SG,55,55,100.0
90L_10NL_2_1,90L_10NL,2,d e s b a n e s ˈe ɾ,V;IND;PRS;3;PL,55,55,100.0
90L_10NL_2_2,90L_10NL,2,d e s b a n e s ˈe ɾ,V;IND;PRS;3;PL,55,55,100.0
90L_10NL_2_3,90L_10NL,2,d e s b a n e s ˈe ɾ,V;IND;PRS;3;PL,55,55,100.0
90L_10NL_2_4,90L_10NL,2,d e s b a n e s ˈe ɾ,V;IND;PRS;3;PL,55,55,100.0
90L_10NL_2_1,90L_10NL,2,d e s b a n e s ˈe ɾ,V;IND;PRS;3;SG,55,55,100.0
90L_10NL_2_2,90L_10NL,2,d e s b a n e s ˈe ɾ,V;IND;PRS;3;SG,55,55,100.0
90L_10NL_2_3,90L_10NL,2,d e s b a n e s ˈe ɾ,V;IND;PRS;3;SG,55,55,100.0
90L_10NL_2_4,90L_10NL,2,d e s b a n e s ˈe ɾ,V;IND;PRS;3;SG,55,55,100.0
90L_10NL_2_1,90L_10NL,2,d e s b a n e s ˈe ɾ,V;SBJV;PRS;1;PL,55,55,100.0
90L_10NL_2_2,90L_10NL,2,d e s b a n e s ˈe ɾ,V;SBJV;PRS;1;PL,55,55,100.0
90L_10NL_2_3,90L_10NL,2,d e s b a n e s ˈe ɾ,V;SBJV;PRS;1;PL,55,55,100.0
90L_10NL_2_4,90L_10NL,2,d e s b a n e s ˈe ɾ,V;SBJV;PRS;1;PL,55,55,100.0
90L_10NL_2_1,90L_10NL,2,d e s b a n e s ˈe ɾ,V;SBJV;PRS;1;SG,55,55,100.0
90L_10NL_2_2,90L_10NL,2,d e s b a n e s ˈe ɾ,V;SBJV;PRS;1;SG,55,55,100.0
90L_10NL_2_3,90L_10NL,2,d e s b a n e s ˈe ɾ,V;SBJV;PRS;1;SG,55,55,100.0
90L_10NL_2_4,90L_10NL,2,d e s b a n e s ˈe ɾ,V;SBJV;PRS;1;SG,55,55,100.0
90L_10NL_2_1,90L_10NL,2,d e s b a n e s ˈe ɾ,V;SBJV;PRS;2;PL,55,55,100.0
90L_10NL_2_2,90L_10NL,2,d e s b a n e s ˈe ɾ,V;SBJV;PRS;2;PL,55,55,100.0
90L_10NL_2_3,90L_10NL,2,d e s b a n e s ˈe ɾ,V;SBJV;PRS;2;PL,55,55,100.0
90L_10NL_2_4,90L_10NL,2,d e s b a n e s ˈe ɾ,V;SBJV;PRS;2;PL,55,55,100.0
90L_10NL_2_1,90L_10NL,2,d e s b a n e s ˈe ɾ,V;SBJV;PRS;2;SG,55,55,100.0
90L_10NL_2_2,90L_10NL,2,d e s b a n e s ˈe ɾ,V;SBJV;PRS;2;SG,55,55,100.0
90L_10NL_2_3,90L_10NL,2,d e s b a n e s ˈe ɾ,V;SBJV;PRS;2;SG,55,55,100.0
90L_10NL_2_4,90L_10NL,2,d e s b a n e s ˈe ɾ,V;SBJV;PRS;2;SG,55,55,100.0
90L_10NL_2_1,90L_10NL,2,d e s b a n e s ˈe ɾ,V;SBJV;PRS;3;PL,55,55,100.0
90L_10NL_2_2,90L_10NL,2,d e s b a n e s ˈe ɾ,V;SBJV;PRS;3;PL,55,55,100.0
90L_10NL_2_3,90L_10NL,2,d e s b a n e s ˈe ɾ,V;SBJV;PRS;3;PL,55,55,100.0
90L_10NL_2_4,90L_10NL,2,d e s b a n e s ˈe ɾ,V;SBJV;PRS;3;PL,55,55,100.0
90L_10NL_2_1,90L_10NL,2,d e s b a n e s ˈe ɾ,V;SBJV;PRS;3;SG,55,55,100.0
90L_10NL_2_2,90L_10NL,2,d e s b a n e s ˈe ɾ,V;SBJV;PRS;3;SG,55,55,100.0
90L_10NL_2_3,90L_10NL,2,d e s b a n e s ˈe ɾ,V;SBJV;PRS;3;SG,55,55,100.0
90L_10NL_2_4,90L_10NL,2,d e s b a n e s ˈe ɾ,V;SBJV;PRS;3;SG,55,55,100.0
90L_10NL_2_1,90L_10NL,2,d e s o b e d e s ˈe ɾ,V;IND;PRS;1;PL,55,55,100.0
90L_10NL_2_2,90L_10NL,2,d e s o b e d e s ˈe ɾ,V;IND;PRS;1;PL,55,55,100.0
90L_10NL_2_3,90L_10NL,2,d e s o b e d e s ˈe ɾ,V;IND;PRS;1;PL,55,55,100.0
90L_10NL_2_4,90L_10NL,2,d e s o b e d e s ˈe ɾ,V;IND;PRS;1;PL,55,55,100.0
90L_10NL_2_1,90L_10NL,2,d e s o b e d e s ˈe ɾ,V;IND;PRS;1;SG,55,55,100.0
90L_10NL_2_2,90L_10NL,2,d e s o b e d e s ˈe ɾ,V;IND;PRS;1;SG,55,55,100.0
90L_10NL_2_3,90L_10NL,2,d e s o b e d e s ˈe ɾ,V;IND;PRS;1;SG,55,55,100.0
90L_10NL_2_4,90L_10NL,2,d e s o b e d e s ˈe ɾ,V;IND;PRS;1;SG,55,55,100.0
90L_10NL_2_1,90L_10NL,2,d e s o b e d e s ˈe ɾ,V;IND;PRS;2;PL,55,55,100.0
90L_10NL_2_2,90L_10NL,2,d e s o b e d e s ˈe ɾ,V;IND;PRS;2;PL,55,55,100.0
90L_10NL_2_3,90L_10NL,2,d e s o b e d e s ˈe ɾ,V;IND;PRS;2;PL,55,55,100.0
90L_10NL_2_4,90L_10NL,2,d e s o b e d e s ˈe ɾ,V;IND;PRS;2;PL,55,55,100.0
90L_10NL_2_1,90L_10NL,2,d e s o b e d e s ˈe ɾ,V;IND;PRS;2;SG,55,55,100.0
90L_10NL_2_2,90L_10NL,2,d e s o b e d e s ˈe ɾ,V;IND;PRS;2;SG,55,55,100.0
90L_10NL_2_3,90L_10NL,2,d e s o b e d e s ˈe ɾ,V;IND;PRS;2;SG,55,55,100.0
90L_10NL_2_4,90L_10NL,2,d e s o b e d e s ˈe ɾ,V;IND;PRS;2;SG,55,55,100.0
90L_10NL_2_1,90L_10NL,2,d e s o b e d e s ˈe ɾ,V;IND;PRS;3;PL,55,55,100.0
90L_10NL_2_2,90L_10NL,2,d e s o b e d e s ˈe ɾ,V;IND;PRS;3;PL,55,55,100.0
90L_10NL_2_3,90L_10NL,2,d e s o b e d e s ˈe ɾ,V;IND;PRS;3;PL,55,55,100.0
90L_10NL_2_4,90L_10NL,2,d e s o b e d e s ˈe ɾ,V;IND;PRS;3;PL,55,55,100.0
90L_10NL_2_1,90L_10NL,2,d e s o b e d e s ˈe ɾ,V;IND;PRS;3;SG,55,55,100.0
90L_10NL_2_2,90L_10NL,2,d e s o b e d e s ˈe ɾ,V;IND;PRS;3;SG,55,55,100.0
90L_10NL_2_3,90L_10NL,2,d e s o b e d e s ˈe ɾ,V;IND;PRS;3;SG,55,55,100.0
90L_10NL_2_4,90L_10NL,2,d e s o b e d e s ˈe ɾ,V;IND;PRS;3;SG,55,55,100.0
90L_10NL_2_1,90L_10NL,2,d e s o b e d e s ˈe ɾ,V;SBJV;PRS;1;PL,55,55,100.0
90L_10NL_2_2,90L_10NL,2,d e s o b e d e s ˈe ɾ,V;SBJV;PRS;1;PL,55,55,100.0
90L_10NL_2_3,90L_10NL,2,d e s o b e d e s ˈe ɾ,V;SBJV;PRS;1;PL,55,55,100.0
90L_10NL_2_4,90L_10NL,2,d e s o b e d e s ˈe ɾ,V;SBJV;PRS;1;PL,55,55,100.0
90L_10NL_2_1,90L_10NL,2,d e s o b e d e s ˈe ɾ,V;SBJV;PRS;1;SG,55,55,100.0
90L_10NL_2_2,90L_10NL,2,d e s o b e d e s ˈe ɾ,V;SBJV;PRS;1;SG,55,55,100.0
90L_10NL_2_3,90L_10NL,2,d e s o b e d e s ˈe ɾ,V;SBJV;PRS;1;SG,55,55,100.0
90L_10NL_2_4,90L_10NL,2,d e s o b e d e s ˈe ɾ,V;SBJV;PRS;1;SG,55,55,100.0
90L_10NL_2_1,90L_10NL,2,d e s o b e d e s ˈe ɾ,V;SBJV;PRS;2;PL,55,55,100.0
90L_10NL_2_2,90L_10NL,2,d e s o b e d e s ˈe ɾ,V;SBJV;PRS;2;PL,55,55,100.0
90L_10NL_2_3,90L_10NL,2,d e s o b e d e s ˈe ɾ,V;SBJV;PRS;2;PL,55,55,100.0
90L_10NL_2_4,90L_10NL,2,d e s o b e d e s ˈe ɾ,V;SBJV;PRS;2;PL,55,55,100.0
90L_10NL_2_1,90L_10NL,2,d e s o b e d e s ˈe ɾ,V;SBJV;PRS;2;SG,55,55,100.0
90L_10NL_2_2,90L_10NL,2,d e s o b e d e s ˈe ɾ,V;SBJV;PRS;2;SG,55,55,100.0
90L_10NL_2_3,90L_10NL,2,d e s o b e d e s ˈe ɾ,V;SBJV;PRS;2;SG,55,55,100.0
90L_10NL_2_4,90L_10NL,2,d e s o b e d e s ˈe ɾ,V;SBJV;PRS;2;SG,55,55,100.0
90L_10NL_2_1,90L_10NL,2,d e s o b e d e s ˈe ɾ,V;SBJV;PRS;3;PL,55,55,100.0
90L_10NL_2_2,90L_10NL,2,d e s o b e d e s ˈe ɾ,V;SBJV;PRS;3;PL,55,55,100.0
90L_10NL_2_3,90L_10NL,2,d e s o b e d e s ˈe ɾ,V;SBJV;PRS;3;PL,55,55,100.0
90L_10NL_2_4,90L_10NL,2,d e s o b e d e s ˈe ɾ,V;SBJV;PRS;3;PL,55,55,100.0
90L_10NL_2_1,90L_10NL,2,d e s o b e d e s ˈe ɾ,V;SBJV;PRS;3;SG,55,55,100.0
90L_10NL_2_2,90L_10NL,2,d e s o b e d e s ˈe ɾ,V;SBJV;PRS;3;SG,55,55,100.0
90L_10NL_2_3,90L_10NL,2,d e s o b e d e s ˈe ɾ,V;SBJV;PRS;3;SG,55,55,100.0
90L_10NL_2_4,90L_10NL,2,d e s o b e d e s ˈe ɾ,V;SBJV;PRS;3;SG,55,55,100.0
90L_10NL_2_1,90L_10NL,2,d e s p a ɾ e s ˈe ɾ,V;IND;PRS;1;PL,55,55,100.0
90L_10NL_2_2,90L_10NL,2,d e s p a ɾ e s ˈe ɾ,V;IND;PRS;1;PL,55,55,100.0
90L_10NL_2_3,90L_10NL,2,d e s p a ɾ e s ˈe ɾ,V;IND;PRS;1;PL,55,55,100.0
90L_10NL_2_4,90L_10NL,2,d e s p a ɾ e s ˈe ɾ,V;IND;PRS;1;PL,55,55,100.0
90L_10NL_2_1,90L_10NL,2,d e s p a ɾ e s ˈe ɾ,V;IND;PRS;1;SG,55,55,100.0
90L_10NL_2_2,90L_10NL,2,d e s p a ɾ e s ˈe ɾ,V;IND;PRS;1;SG,55,55,100.0
90L_10NL_2_3,90L_10NL,2,d e s p a ɾ e s ˈe ɾ,V;IND;PRS;1;SG,55,55,100.0
90L_10NL_2_4,90L_10NL,2,d e s p a ɾ e s ˈe ɾ,V;IND;PRS;1;SG,55,55,100.0
90L_10NL_2_1,90L_10NL,2,d e s p a ɾ e s ˈe ɾ,V;IND;PRS;2;PL,55,55,100.0
90L_10NL_2_2,90L_10NL,2,d e s p a ɾ e s ˈe ɾ,V;IND;PRS;2;PL,55,55,100.0
90L_10NL_2_3,90L_10NL,2,d e s p a ɾ e s ˈe ɾ,V;IND;PRS;2;PL,55,55,100.0
90L_10NL_2_4,90L_10NL,2,d e s p a ɾ e s ˈe ɾ,V;IND;PRS;2;PL,55,55,100.0
90L_10NL_2_1,90L_10NL,2,d e s p a ɾ e s ˈe ɾ,V;IND;PRS;2;SG,55,55,100.0
90L_10NL_2_2,90L_10NL,2,d e s p a ɾ e s ˈe ɾ,V;IND;PRS;2;SG,55,55,100.0
90L_10NL_2_3,90L_10NL,2,d e s p a ɾ e s ˈe ɾ,V;IND;PRS;2;SG,55,55,100.0
90L_10NL_2_4,90L_10NL,2,d e s p a ɾ e s ˈe ɾ,V;IND;PRS;2;SG,55,55,100.0
90L_10NL_2_1,90L_10NL,2,d e s p a ɾ e s ˈe ɾ,V;IND;PRS;3;PL,55,55,100.0
90L_10NL_2_2,90L_10NL,2,d e s p a ɾ e s ˈe ɾ,V;IND;PRS;3;PL,55,55,100.0
90L_10NL_2_3,90L_10NL,2,d e s p a ɾ e s ˈe ɾ,V;IND;PRS;3;PL,55,55,100.0
90L_10NL_2_4,90L_10NL,2,d e s p a ɾ e s ˈe ɾ,V;IND;PRS;3;PL,55,55,100.0
90L_10NL_2_1,90L_10NL,2,d e s p a ɾ e s ˈe ɾ,V;IND;PRS;3;SG,55,55,100.0
90L_10NL_2_2,90L_10NL,2,d e s p a ɾ e s ˈe ɾ,V;IND;PRS;3;SG,55,55,100.0
90L_10NL_2_3,90L_10NL,2,d e s p a ɾ e s ˈe ɾ,V;IND;PRS;3;SG,55,55,100.0
90L_10NL_2_4,90L_10NL,2,d e s p a ɾ e s ˈe ɾ,V;IND;PRS;3;SG,55,55,100.0
90L_10NL_2_1,90L_10NL,2,d e s p a ɾ e s ˈe ɾ,V;SBJV;PRS;1;PL,55,55,100.0
90L_10NL_2_2,90L_10NL,2,d e s p a ɾ e s ˈe ɾ,V;SBJV;PRS;1;PL,55,55,100.0
90L_10NL_2_3,90L_10NL,2,d e s p a ɾ e s ˈe ɾ,V;SBJV;PRS;1;PL,55,55,100.0
90L_10NL_2_4,90L_10NL,2,d e s p a ɾ e s ˈe ɾ,V;SBJV;PRS;1;PL,55,55,100.0
90L_10NL_2_1,90L_10NL,2,d e s p a ɾ e s ˈe ɾ,V;SBJV;PRS;1;SG,55,55,100.0
90L_10NL_2_2,90L_10NL,2,d e s p a ɾ e s ˈe ɾ,V;SBJV;PRS;1;SG,55,55,100.0
90L_10NL_2_3,90L_10NL,2,d e s p a ɾ e s ˈe ɾ,V;SBJV;PRS;1;SG,55,55,100.0
90L_10NL_2_4,90L_10NL,2,d e s p a ɾ e s ˈe ɾ,V;SBJV;PRS;1;SG,55,55,100.0
90L_10NL_2_1,90L_10NL,2,d e s p a ɾ e s ˈe ɾ,V;SBJV;PRS;2;PL,55,55,100.0
90L_10NL_2_2,90L_10NL,2,d e s p a ɾ e s ˈe ɾ,V;SBJV;PRS;2;PL,55,55,100.0
90L_10NL_2_3,90L_10NL,2,d e s p a ɾ e s ˈe ɾ,V;SBJV;PRS;2;PL,55,55,100.0
90L_10NL_2_4,90L_10NL,2,d e s p a ɾ e s ˈe ɾ,V;SBJV;PRS;2;PL,55,55,100.0
90L_10NL_2_1,90L_10NL,2,d e s p a ɾ e s ˈe ɾ,V;SBJV;PRS;2;SG,55,55,100.0
90L_10NL_2_2,90L_10NL,2,d e s p a ɾ e s ˈe ɾ,V;SBJV;PRS;2;SG,55,55,100.0
90L_10NL_2_3,90L_10NL,2,d e s p a ɾ e s ˈe ɾ,V;SBJV;PRS;2;SG,55,55,100.0
90L_10NL_2_4,90L_10NL,2,d e s p a ɾ e s ˈe ɾ,V;SBJV;PRS;2;SG,55,55,100.0
90L_10NL_2_1,90L_10NL,2,d e s p a ɾ e s ˈe ɾ,V;SBJV;PRS;3;PL,55,55,100.0
90L_10NL_2_2,90L_10NL,2,d e s p a ɾ e s ˈe ɾ,V;SBJV;PRS;3;PL,55,55,100.0
90L_10NL_2_3,90L_10NL,2,d e s p a ɾ e s ˈe ɾ,V;SBJV;PRS;3;PL,55,55,100.0
90L_10NL_2_4,90L_10NL,2,d e s p a ɾ e s ˈe ɾ,V;SBJV;PRS;3;PL,55,55,100.0
90L_10NL_2_1,90L_10NL,2,d e s p a ɾ e s ˈe ɾ,V;SBJV;PRS;3;SG,55,55,100.0
90L_10NL_2_2,90L_10NL,2,d e s p a ɾ e s ˈe ɾ,V;SBJV;PRS;3;SG,55,55,100.0
90L_10NL_2_3,90L_10NL,2,d e s p a ɾ e s ˈe ɾ,V;SBJV;PRS;3;SG,55,55,100.0
90L_10NL_2_4,90L_10NL,2,d e s p a ɾ e s ˈe ɾ,V;SBJV;PRS;3;SG,55,55,100.0
90L_10NL_2_1,90L_10NL,2,d e s t o ɾ s ˈe ɾ,V;IND;PRS;1;PL,51,55,92.73
90L_10NL_2_2,90L_10NL,2,d e s t o ɾ s ˈe ɾ,V;IND;PRS;1;PL,55,55,100.0
90L_10NL_2_3,90L_10NL,2,d e s t o ɾ s ˈe ɾ,V;IND;PRS;1;PL,54,55,98.18
90L_10NL_2_4,90L_10NL,2,d e s t o ɾ s ˈe ɾ,V;IND;PRS;1;PL,48,55,87.27
90L_10NL_2_1,90L_10NL,2,d e s t o ɾ s ˈe ɾ,V;IND;PRS;1;SG,49,55,89.09
90L_10NL_2_2,90L_10NL,2,d e s t o ɾ s ˈe ɾ,V;IND;PRS;1;SG,35,55,63.64
90L_10NL_2_3,90L_10NL,2,d e s t o ɾ s ˈe ɾ,V;IND;PRS;1;SG,6,55,10.91
90L_10NL_2_4,90L_10NL,2,d e s t o ɾ s ˈe ɾ,V;IND;PRS;1;SG,52,55,94.55
90L_10NL_2_1,90L_10NL,2,d e s t o ɾ s ˈe ɾ,V;IND;PRS;2;PL,52,55,94.55
90L_10NL_2_2,90L_10NL,2,d e s t o ɾ s ˈe ɾ,V;IND;PRS;2;PL,55,55,100.0
90L_10NL_2_3,90L_10NL,2,d e s t o ɾ s ˈe ɾ,V;IND;PRS;2;PL,51,55,92.73
90L_10NL_2_4,90L_10NL,2,d e s t o ɾ s ˈe ɾ,V;IND;PRS;2;PL,45,55,81.82
90L_10NL_2_1,90L_10NL,2,d e s t o ɾ s ˈe ɾ,V;IND;PRS;2;SG,51,55,92.73
90L_10NL_2_2,90L_10NL,2,d e s t o ɾ s ˈe ɾ,V;IND;PRS;2;SG,23,55,41.82
90L_10NL_2_3,90L_10NL,2,d e s t o ɾ s ˈe ɾ,V;IND;PRS;2;SG,42,55,76.36
90L_10NL_2_4,90L_10NL,2,d e s t o ɾ s ˈe ɾ,V;IND;PRS;2;SG,52,55,94.55
90L_10NL_2_1,90L_10NL,2,d e s t o ɾ s ˈe ɾ,V;IND;PRS;3;PL,50,55,90.91
90L_10NL_2_2,90L_10NL,2,d e s t o ɾ s ˈe ɾ,V;IND;PRS;3;PL,23,55,41.82
90L_10NL_2_3,90L_10NL,2,d e s t o ɾ s ˈe ɾ,V;IND;PRS;3;PL,41,55,74.55
90L_10NL_2_4,90L_10NL,2,d e s t o ɾ s ˈe ɾ,V;IND;PRS;3;PL,52,55,94.55
90L_10NL_2_1,90L_10NL,2,d e s t o ɾ s ˈe ɾ,V;IND;PRS;3;SG,52,55,94.55
90L_10NL_2_2,90L_10NL,2,d e s t o ɾ s ˈe ɾ,V;IND;PRS;3;SG,25,55,45.45
90L_10NL_2_3,90L_10NL,2,d e s t o ɾ s ˈe ɾ,V;IND;PRS;3;SG,31,55,56.36
90L_10NL_2_4,90L_10NL,2,d e s t o ɾ s ˈe ɾ,V;IND;PRS;3;SG,51,55,92.73
90L_10NL_2_1,90L_10NL,2,d e s t o ɾ s ˈe ɾ,V;SBJV;PRS;1;PL,44,55,80.0
90L_10NL_2_2,90L_10NL,2,d e s t o ɾ s ˈe ɾ,V;SBJV;PRS;1;PL,55,55,100.0
90L_10NL_2_3,90L_10NL,2,d e s t o ɾ s ˈe ɾ,V;SBJV;PRS;1;PL,51,55,92.73
90L_10NL_2_4,90L_10NL,2,d e s t o ɾ s ˈe ɾ,V;SBJV;PRS;1;PL,52,55,94.55
90L_10NL_2_1,90L_10NL,2,d e s t o ɾ s ˈe ɾ,V;SBJV;PRS;1;SG,49,55,89.09
90L_10NL_2_2,90L_10NL,2,d e s t o ɾ s ˈe ɾ,V;SBJV;PRS;1;SG,35,55,63.64
90L_10NL_2_3,90L_10NL,2,d e s t o ɾ s ˈe ɾ,V;SBJV;PRS;1;SG,9,55,16.36
90L_10NL_2_4,90L_10NL,2,d e s t o ɾ s ˈe ɾ,V;SBJV;PRS;1;SG,54,55,98.18
90L_10NL_2_1,90L_10NL,2,d e s t o ɾ s ˈe ɾ,V;SBJV;PRS;2;PL,50,55,90.91
90L_10NL_2_2,90L_10NL,2,d e s t o ɾ s ˈe ɾ,V;SBJV;PRS;2;PL,55,55,100.0
90L_10NL_2_3,90L_10NL,2,d e s t o ɾ s ˈe ɾ,V;SBJV;PRS;2;PL,49,55,89.09
90L_10NL_2_4,90L_10NL,2,d e s t o ɾ s ˈe ɾ,V;SBJV;PRS;2;PL,46,55,83.64
90L_10NL_2_1,90L_10NL,2,d e s t o ɾ s ˈe ɾ,V;SBJV;PRS;2;SG,49,55,89.09
90L_10NL_2_2,90L_10NL,2,d e s t o ɾ s ˈe ɾ,V;SBJV;PRS;2;SG,35,55,63.64
90L_10NL_2_3,90L_10NL,2,d e s t o ɾ s ˈe ɾ,V;SBJV;PRS;2;SG,9,55,16.36
90L_10NL_2_4,90L_10NL,2,d e s t o ɾ s ˈe ɾ,V;SBJV;PRS;2;SG,54,55,98.18
90L_10NL_2_1,90L_10NL,2,d e s t o ɾ s ˈe ɾ,V;SBJV;PRS;3;PL,49,55,89.09
90L_10NL_2_2,90L_10NL,2,d e s t o ɾ s ˈe ɾ,V;SBJV;PRS;3;PL,35,55,63.64
90L_10NL_2_3,90L_10NL,2,d e s t o ɾ s ˈe ɾ,V;SBJV;PRS;3;PL,11,55,20.0
90L_10NL_2_4,90L_10NL,2,d e s t o ɾ s ˈe ɾ,V;SBJV;PRS;3;PL,55,55,100.0
90L_10NL_2_1,90L_10NL,2,d e s t o ɾ s ˈe ɾ,V;SBJV;PRS;3;SG,49,55,89.09
90L_10NL_2_2,90L_10NL,2,d e s t o ɾ s ˈe ɾ,V;SBJV;PRS;3;SG,35,55,63.64
90L_10NL_2_3,90L_10NL,2,d e s t o ɾ s ˈe ɾ,V;SBJV;PRS;3;SG,8,55,14.55
90L_10NL_2_4,90L_10NL,2,d e s t o ɾ s ˈe ɾ,V;SBJV;PRS;3;SG,54,55,98.18
90L_10NL_2_1,90L_10NL,2,d e ɾ e l i n k ˈi ɾ,V;IND;PRS;1;PL,55,55,100.0
90L_10NL_2_2,90L_10NL,2,d e ɾ e l i n k ˈi ɾ,V;IND;PRS;1;PL,55,55,100.0
90L_10NL_2_3,90L_10NL,2,d e ɾ e l i n k ˈi ɾ,V;IND;PRS;1;PL,55,55,100.0
90L_10NL_2_4,90L_10NL,2,d e ɾ e l i n k ˈi ɾ,V;IND;PRS;1;PL,55,55,100.0
90L_10NL_2_1,90L_10NL,2,d e ɾ e l i n k ˈi ɾ,V;IND;PRS;1;SG,55,55,100.0
90L_10NL_2_2,90L_10NL,2,d e ɾ e l i n k ˈi ɾ,V;IND;PRS;1;SG,55,55,100.0
90L_10NL_2_3,90L_10NL,2,d e ɾ e l i n k ˈi ɾ,V;IND;PRS;1;SG,55,55,100.0
90L_10NL_2_4,90L_10NL,2,d e ɾ e l i n k ˈi ɾ,V;IND;PRS;1;SG,55,55,100.0
90L_10NL_2_1,90L_10NL,2,d e ɾ e l i n k ˈi ɾ,V;IND;PRS;2;PL,55,55,100.0
90L_10NL_2_2,90L_10NL,2,d e ɾ e l i n k ˈi ɾ,V;IND;PRS;2;PL,55,55,100.0
90L_10NL_2_3,90L_10NL,2,d e ɾ e l i n k ˈi ɾ,V;IND;PRS;2;PL,55,55,100.0
90L_10NL_2_4,90L_10NL,2,d e ɾ e l i n k ˈi ɾ,V;IND;PRS;2;PL,55,55,100.0
90L_10NL_2_1,90L_10NL,2,d e ɾ e l i n k ˈi ɾ,V;IND;PRS;2;SG,55,55,100.0
90L_10NL_2_2,90L_10NL,2,d e ɾ e l i n k ˈi ɾ,V;IND;PRS;2;SG,55,55,100.0
90L_10NL_2_3,90L_10NL,2,d e ɾ e l i n k ˈi ɾ,V;IND;PRS;2;SG,55,55,100.0
90L_10NL_2_4,90L_10NL,2,d e ɾ e l i n k ˈi ɾ,V;IND;PRS;2;SG,55,55,100.0
90L_10NL_2_1,90L_10NL,2,d e ɾ e l i n k ˈi ɾ,V;IND;PRS;3;PL,55,55,100.0
90L_10NL_2_2,90L_10NL,2,d e ɾ e l i n k ˈi ɾ,V;IND;PRS;3;PL,55,55,100.0
90L_10NL_2_3,90L_10NL,2,d e ɾ e l i n k ˈi ɾ,V;IND;PRS;3;PL,55,55,100.0
90L_10NL_2_4,90L_10NL,2,d e ɾ e l i n k ˈi ɾ,V;IND;PRS;3;PL,55,55,100.0
90L_10NL_2_1,90L_10NL,2,d e ɾ e l i n k ˈi ɾ,V;IND;PRS;3;SG,55,55,100.0
90L_10NL_2_2,90L_10NL,2,d e ɾ e l i n k ˈi ɾ,V;IND;PRS;3;SG,55,55,100.0
90L_10NL_2_3,90L_10NL,2,d e ɾ e l i n k ˈi ɾ,V;IND;PRS;3;SG,55,55,100.0
90L_10NL_2_4,90L_10NL,2,d e ɾ e l i n k ˈi ɾ,V;IND;PRS;3;SG,55,55,100.0
90L_10NL_2_1,90L_10NL,2,d e ɾ e l i n k ˈi ɾ,V;SBJV;PRS;1;PL,55,55,100.0
90L_10NL_2_2,90L_10NL,2,d e ɾ e l i n k ˈi ɾ,V;SBJV;PRS;1;PL,55,55,100.0
90L_10NL_2_3,90L_10NL,2,d e ɾ e l i n k ˈi ɾ,V;SBJV;PRS;1;PL,55,55,100.0
90L_10NL_2_4,90L_10NL,2,d e ɾ e l i n k ˈi ɾ,V;SBJV;PRS;1;PL,55,55,100.0
90L_10NL_2_1,90L_10NL,2,d e ɾ e l i n k ˈi ɾ,V;SBJV;PRS;1;SG,55,55,100.0
90L_10NL_2_2,90L_10NL,2,d e ɾ e l i n k ˈi ɾ,V;SBJV;PRS;1;SG,55,55,100.0
90L_10NL_2_3,90L_10NL,2,d e ɾ e l i n k ˈi ɾ,V;SBJV;PRS;1;SG,55,55,100.0
90L_10NL_2_4,90L_10NL,2,d e ɾ e l i n k ˈi ɾ,V;SBJV;PRS;1;SG,55,55,100.0
90L_10NL_2_1,90L_10NL,2,d e ɾ e l i n k ˈi ɾ,V;SBJV;PRS;2;PL,55,55,100.0
90L_10NL_2_2,90L_10NL,2,d e ɾ e l i n k ˈi ɾ,V;SBJV;PRS;2;PL,55,55,100.0
90L_10NL_2_3,90L_10NL,2,d e ɾ e l i n k ˈi ɾ,V;SBJV;PRS;2;PL,55,55,100.0
90L_10NL_2_4,90L_10NL,2,d e ɾ e l i n k ˈi ɾ,V;SBJV;PRS;2;PL,55,55,100.0
90L_10NL_2_1,90L_10NL,2,d e ɾ e l i n k ˈi ɾ,V;SBJV;PRS;2;SG,55,55,100.0
90L_10NL_2_2,90L_10NL,2,d e ɾ e l i n k ˈi ɾ,V;SBJV;PRS;2;SG,55,55,100.0
90L_10NL_2_3,90L_10NL,2,d e ɾ e l i n k ˈi ɾ,V;SBJV;PRS;2;SG,55,55,100.0
90L_10NL_2_4,90L_10NL,2,d e ɾ e l i n k ˈi ɾ,V;SBJV;PRS;2;SG,55,55,100.0
90L_10NL_2_1,90L_10NL,2,d e ɾ e l i n k ˈi ɾ,V;SBJV;PRS;3;PL,55,55,100.0
90L_10NL_2_2,90L_10NL,2,d e ɾ e l i n k ˈi ɾ,V;SBJV;PRS;3;PL,55,55,100.0
90L_10NL_2_3,90L_10NL,2,d e ɾ e l i n k ˈi ɾ,V;SBJV;PRS;3;PL,55,55,100.0
90L_10NL_2_4,90L_10NL,2,d e ɾ e l i n k ˈi ɾ,V;SBJV;PRS;3;PL,55,55,100.0
90L_10NL_2_1,90L_10NL,2,d e ɾ e l i n k ˈi ɾ,V;SBJV;PRS;3;SG,55,55,100.0
90L_10NL_2_2,90L_10NL,2,d e ɾ e l i n k ˈi ɾ,V;SBJV;PRS;3;SG,55,55,100.0
90L_10NL_2_3,90L_10NL,2,d e ɾ e l i n k ˈi ɾ,V;SBJV;PRS;3;SG,55,55,100.0
90L_10NL_2_4,90L_10NL,2,d e ɾ e l i n k ˈi ɾ,V;SBJV;PRS;3;SG,55,55,100.0
90L_10NL_2_1,90L_10NL,2,d i ɾ i ç ˈi ɾ,V;IND;PRS;1;PL,55,55,100.0
90L_10NL_2_2,90L_10NL,2,d i ɾ i ç ˈi ɾ,V;IND;PRS;1;PL,55,55,100.0
90L_10NL_2_3,90L_10NL,2,d i ɾ i ç ˈi ɾ,V;IND;PRS;1;PL,55,55,100.0
90L_10NL_2_4,90L_10NL,2,d i ɾ i ç ˈi ɾ,V;IND;PRS;1;PL,55,55,100.0
90L_10NL_2_1,90L_10NL,2,d i ɾ i ç ˈi ɾ,V;IND;PRS;1;SG,55,55,100.0
90L_10NL_2_2,90L_10NL,2,d i ɾ i ç ˈi ɾ,V;IND;PRS;1;SG,55,55,100.0
90L_10NL_2_3,90L_10NL,2,d i ɾ i ç ˈi ɾ,V;IND;PRS;1;SG,55,55,100.0
90L_10NL_2_4,90L_10NL,2,d i ɾ i ç ˈi ɾ,V;IND;PRS;1;SG,55,55,100.0
90L_10NL_2_1,90L_10NL,2,d i ɾ i ç ˈi ɾ,V;IND;PRS;2;PL,55,55,100.0
90L_10NL_2_2,90L_10NL,2,d i ɾ i ç ˈi ɾ,V;IND;PRS;2;PL,55,55,100.0
90L_10NL_2_3,90L_10NL,2,d i ɾ i ç ˈi ɾ,V;IND;PRS;2;PL,55,55,100.0
90L_10NL_2_4,90L_10NL,2,d i ɾ i ç ˈi ɾ,V;IND;PRS;2;PL,55,55,100.0
90L_10NL_2_1,90L_10NL,2,d i ɾ i ç ˈi ɾ,V;IND;PRS;2;SG,55,55,100.0
90L_10NL_2_2,90L_10NL,2,d i ɾ i ç ˈi ɾ,V;IND;PRS;2;SG,55,55,100.0
90L_10NL_2_3,90L_10NL,2,d i ɾ i ç ˈi ɾ,V;IND;PRS;2;SG,55,55,100.0
90L_10NL_2_4,90L_10NL,2,d i ɾ i ç ˈi ɾ,V;IND;PRS;2;SG,55,55,100.0
90L_10NL_2_1,90L_10NL,2,d i ɾ i ç ˈi ɾ,V;IND;PRS;3;PL,55,55,100.0
90L_10NL_2_2,90L_10NL,2,d i ɾ i ç ˈi ɾ,V;IND;PRS;3;PL,55,55,100.0
90L_10NL_2_3,90L_10NL,2,d i ɾ i ç ˈi ɾ,V;IND;PRS;3;PL,55,55,100.0
90L_10NL_2_4,90L_10NL,2,d i ɾ i ç ˈi ɾ,V;IND;PRS;3;PL,55,55,100.0
90L_10NL_2_1,90L_10NL,2,d i ɾ i ç ˈi ɾ,V;IND;PRS;3;SG,55,55,100.0
90L_10NL_2_2,90L_10NL,2,d i ɾ i ç ˈi ɾ,V;IND;PRS;3;SG,55,55,100.0
90L_10NL_2_3,90L_10NL,2,d i ɾ i ç ˈi ɾ,V;IND;PRS;3;SG,55,55,100.0
90L_10NL_2_4,90L_10NL,2,d i ɾ i ç ˈi ɾ,V;IND;PRS;3;SG,55,55,100.0
90L_10NL_2_1,90L_10NL,2,d i ɾ i ç ˈi ɾ,V;SBJV;PRS;1;PL,55,55,100.0
90L_10NL_2_2,90L_10NL,2,d i ɾ i ç ˈi ɾ,V;SBJV;PRS;1;PL,55,55,100.0
90L_10NL_2_3,90L_10NL,2,d i ɾ i ç ˈi ɾ,V;SBJV;PRS;1;PL,55,55,100.0
90L_10NL_2_4,90L_10NL,2,d i ɾ i ç ˈi ɾ,V;SBJV;PRS;1;PL,55,55,100.0
90L_10NL_2_1,90L_10NL,2,d i ɾ i ç ˈi ɾ,V;SBJV;PRS;1;SG,55,55,100.0
90L_10NL_2_2,90L_10NL,2,d i ɾ i ç ˈi ɾ,V;SBJV;PRS;1;SG,55,55,100.0
90L_10NL_2_3,90L_10NL,2,d i ɾ i ç ˈi ɾ,V;SBJV;PRS;1;SG,55,55,100.0
90L_10NL_2_4,90L_10NL,2,d i ɾ i ç ˈi ɾ,V;SBJV;PRS;1;SG,55,55,100.0
90L_10NL_2_1,90L_10NL,2,d i ɾ i ç ˈi ɾ,V;SBJV;PRS;2;PL,55,55,100.0
90L_10NL_2_2,90L_10NL,2,d i ɾ i ç ˈi ɾ,V;SBJV;PRS;2;PL,55,55,100.0
90L_10NL_2_3,90L_10NL,2,d i ɾ i ç ˈi ɾ,V;SBJV;PRS;2;PL,55,55,100.0
90L_10NL_2_4,90L_10NL,2,d i ɾ i ç ˈi ɾ,V;SBJV;PRS;2;PL,55,55,100.0
90L_10NL_2_1,90L_10NL,2,d i ɾ i ç ˈi ɾ,V;SBJV;PRS;2;SG,55,55,100.0
90L_10NL_2_2,90L_10NL,2,d i ɾ i ç ˈi ɾ,V;SBJV;PRS;2;SG,55,55,100.0
90L_10NL_2_3,90L_10NL,2,d i ɾ i ç ˈi ɾ,V;SBJV;PRS;2;SG,55,55,100.0
90L_10NL_2_4,90L_10NL,2,d i ɾ i ç ˈi ɾ,V;SBJV;PRS;2;SG,55,55,100.0
90L_10NL_2_1,90L_10NL,2,d i ɾ i ç ˈi ɾ,V;SBJV;PRS;3;PL,55,55,100.0
90L_10NL_2_2,90L_10NL,2,d i ɾ i ç ˈi ɾ,V;SBJV;PRS;3;PL,55,55,100.0
90L_10NL_2_3,90L_10NL,2,d i ɾ i ç ˈi ɾ,V;SBJV;PRS;3;PL,55,55,100.0
90L_10NL_2_4,90L_10NL,2,d i ɾ i ç ˈi ɾ,V;SBJV;PRS;3;PL,55,55,100.0
90L_10NL_2_1,90L_10NL,2,d i ɾ i ç ˈi ɾ,V;SBJV;PRS;3;SG,55,55,100.0
90L_10NL_2_2,90L_10NL,2,d i ɾ i ç ˈi ɾ,V;SBJV;PRS;3;SG,55,55,100.0
90L_10NL_2_3,90L_10NL,2,d i ɾ i ç ˈi ɾ,V;SBJV;PRS;3;SG,55,55,100.0
90L_10NL_2_4,90L_10NL,2,d i ɾ i ç ˈi ɾ,V;SBJV;PRS;3;SG,55,55,100.0
90L_10NL_2_1,90L_10NL,2,e d u s ˈi ɾ,V;IND;PRS;1;PL,55,55,100.0
90L_10NL_2_2,90L_10NL,2,e d u s ˈi ɾ,V;IND;PRS;1;PL,55,55,100.0
90L_10NL_2_3,90L_10NL,2,e d u s ˈi ɾ,V;IND;PRS;1;PL,55,55,100.0
90L_10NL_2_4,90L_10NL,2,e d u s ˈi ɾ,V;IND;PRS;1;PL,55,55,100.0
90L_10NL_2_1,90L_10NL,2,e d u s ˈi ɾ,V;IND;PRS;1;SG,55,55,100.0
90L_10NL_2_2,90L_10NL,2,e d u s ˈi ɾ,V;IND;PRS;1;SG,55,55,100.0
90L_10NL_2_3,90L_10NL,2,e d u s ˈi ɾ,V;IND;PRS;1;SG,55,55,100.0
90L_10NL_2_4,90L_10NL,2,e d u s ˈi ɾ,V;IND;PRS;1;SG,55,55,100.0
90L_10NL_2_1,90L_10NL,2,e d u s ˈi ɾ,V;IND;PRS;2;PL,55,55,100.0
90L_10NL_2_2,90L_10NL,2,e d u s ˈi ɾ,V;IND;PRS;2;PL,55,55,100.0
90L_10NL_2_3,90L_10NL,2,e d u s ˈi ɾ,V;IND;PRS;2;PL,55,55,100.0
90L_10NL_2_4,90L_10NL,2,e d u s ˈi ɾ,V;IND;PRS;2;PL,55,55,100.0
90L_10NL_2_1,90L_10NL,2,e d u s ˈi ɾ,V;IND;PRS;2;SG,55,55,100.0
90L_10NL_2_2,90L_10NL,2,e d u s ˈi ɾ,V;IND;PRS;2;SG,55,55,100.0
90L_10NL_2_3,90L_10NL,2,e d u s ˈi ɾ,V;IND;PRS;2;SG,55,55,100.0
90L_10NL_2_4,90L_10NL,2,e d u s ˈi ɾ,V;IND;PRS;2;SG,55,55,100.0
90L_10NL_2_1,90L_10NL,2,e d u s ˈi ɾ,V;IND;PRS;3;PL,55,55,100.0
90L_10NL_2_2,90L_10NL,2,e d u s ˈi ɾ,V;IND;PRS;3;PL,55,55,100.0
90L_10NL_2_3,90L_10NL,2,e d u s ˈi ɾ,V;IND;PRS;3;PL,55,55,100.0
90L_10NL_2_4,90L_10NL,2,e d u s ˈi ɾ,V;IND;PRS;3;PL,55,55,100.0
90L_10NL_2_1,90L_10NL,2,e d u s ˈi ɾ,V;IND;PRS;3;SG,55,55,100.0
90L_10NL_2_2,90L_10NL,2,e d u s ˈi ɾ,V;IND;PRS;3;SG,55,55,100.0
90L_10NL_2_3,90L_10NL,2,e d u s ˈi ɾ,V;IND;PRS;3;SG,55,55,100.0
90L_10NL_2_4,90L_10NL,2,e d u s ˈi ɾ,V;IND;PRS;3;SG,55,55,100.0
90L_10NL_2_1,90L_10NL,2,e d u s ˈi ɾ,V;SBJV;PRS;1;PL,55,55,100.0
90L_10NL_2_2,90L_10NL,2,e d u s ˈi ɾ,V;SBJV;PRS;1;PL,55,55,100.0
90L_10NL_2_3,90L_10NL,2,e d u s ˈi ɾ,V;SBJV;PRS;1;PL,55,55,100.0
90L_10NL_2_4,90L_10NL,2,e d u s ˈi ɾ,V;SBJV;PRS;1;PL,55,55,100.0
90L_10NL_2_1,90L_10NL,2,e d u s ˈi ɾ,V;SBJV;PRS;1;SG,55,55,100.0
90L_10NL_2_2,90L_10NL,2,e d u s ˈi ɾ,V;SBJV;PRS;1;SG,55,55,100.0
90L_10NL_2_3,90L_10NL,2,e d u s ˈi ɾ,V;SBJV;PRS;1;SG,55,55,100.0
90L_10NL_2_4,90L_10NL,2,e d u s ˈi ɾ,V;SBJV;PRS;1;SG,55,55,100.0
90L_10NL_2_1,90L_10NL,2,e d u s ˈi ɾ,V;SBJV;PRS;2;PL,55,55,100.0
90L_10NL_2_2,90L_10NL,2,e d u s ˈi ɾ,V;SBJV;PRS;2;PL,55,55,100.0
90L_10NL_2_3,90L_10NL,2,e d u s ˈi ɾ,V;SBJV;PRS;2;PL,55,55,100.0
90L_10NL_2_4,90L_10NL,2,e d u s ˈi ɾ,V;SBJV;PRS;2;PL,55,55,100.0
90L_10NL_2_1,90L_10NL,2,e d u s ˈi ɾ,V;SBJV;PRS;2;SG,55,55,100.0
90L_10NL_2_2,90L_10NL,2,e d u s ˈi ɾ,V;SBJV;PRS;2;SG,55,55,100.0
90L_10NL_2_3,90L_10NL,2,e d u s ˈi ɾ,V;SBJV;PRS;2;SG,55,55,100.0
90L_10NL_2_4,90L_10NL,2,e d u s ˈi ɾ,V;SBJV;PRS;2;SG,55,55,100.0
90L_10NL_2_1,90L_10NL,2,e d u s ˈi ɾ,V;SBJV;PRS;3;PL,55,55,100.0
90L_10NL_2_2,90L_10NL,2,e d u s ˈi ɾ,V;SBJV;PRS;3;PL,55,55,100.0
90L_10NL_2_3,90L_10NL,2,e d u s ˈi ɾ,V;SBJV;PRS;3;PL,55,55,100.0
90L_10NL_2_4,90L_10NL,2,e d u s ˈi ɾ,V;SBJV;PRS;3;PL,55,55,100.0
90L_10NL_2_1,90L_10NL,2,e d u s ˈi ɾ,V;SBJV;PRS;3;SG,55,55,100.0
90L_10NL_2_2,90L_10NL,2,e d u s ˈi ɾ,V;SBJV;PRS;3;SG,55,55,100.0
90L_10NL_2_3,90L_10NL,2,e d u s ˈi ɾ,V;SBJV;PRS;3;SG,55,55,100.0
90L_10NL_2_4,90L_10NL,2,e d u s ˈi ɾ,V;SBJV;PRS;3;SG,55,55,100.0
90L_10NL_2_1,90L_10NL,2,e k i b a l ˈe ɾ,V;IND;PRS;1;PL,55,55,100.0
90L_10NL_2_2,90L_10NL,2,e k i b a l ˈe ɾ,V;IND;PRS;1;PL,49,55,89.09
90L_10NL_2_3,90L_10NL,2,e k i b a l ˈe ɾ,V;IND;PRS;1;PL,55,55,100.0
90L_10NL_2_4,90L_10NL,2,e k i b a l ˈe ɾ,V;IND;PRS;1;PL,55,55,100.0
90L_10NL_2_1,90L_10NL,2,e k i b a l ˈe ɾ,V;IND;PRS;1;SG,55,55,100.0
90L_10NL_2_2,90L_10NL,2,e k i b a l ˈe ɾ,V;IND;PRS;1;SG,55,55,100.0
90L_10NL_2_3,90L_10NL,2,e k i b a l ˈe ɾ,V;IND;PRS;1;SG,55,55,100.0
90L_10NL_2_4,90L_10NL,2,e k i b a l ˈe ɾ,V;IND;PRS;1;SG,51,55,92.73
90L_10NL_2_1,90L_10NL,2,e k i b a l ˈe ɾ,V;IND;PRS;2;PL,55,55,100.0
90L_10NL_2_2,90L_10NL,2,e k i b a l ˈe ɾ,V;IND;PRS;2;PL,55,55,100.0
90L_10NL_2_3,90L_10NL,2,e k i b a l ˈe ɾ,V;IND;PRS;2;PL,55,55,100.0
90L_10NL_2_4,90L_10NL,2,e k i b a l ˈe ɾ,V;IND;PRS;2;PL,55,55,100.0
90L_10NL_2_1,90L_10NL,2,e k i b a l ˈe ɾ,V;IND;PRS;2;SG,55,55,100.0
90L_10NL_2_2,90L_10NL,2,e k i b a l ˈe ɾ,V;IND;PRS;2;SG,52,55,94.55
90L_10NL_2_3,90L_10NL,2,e k i b a l ˈe ɾ,V;IND;PRS;2;SG,54,55,98.18
90L_10NL_2_4,90L_10NL,2,e k i b a l ˈe ɾ,V;IND;PRS;2;SG,55,55,100.0
90L_10NL_2_1,90L_10NL,2,e k i b a l ˈe ɾ,V;IND;PRS;3;PL,55,55,100.0
90L_10NL_2_2,90L_10NL,2,e k i b a l ˈe ɾ,V;IND;PRS;3;PL,54,55,98.18
90L_10NL_2_3,90L_10NL,2,e k i b a l ˈe ɾ,V;IND;PRS;3;PL,54,55,98.18
90L_10NL_2_4,90L_10NL,2,e k i b a l ˈe ɾ,V;IND;PRS;3;PL,55,55,100.0
90L_10NL_2_1,90L_10NL,2,e k i b a l ˈe ɾ,V;IND;PRS;3;SG,55,55,100.0
90L_10NL_2_2,90L_10NL,2,e k i b a l ˈe ɾ,V;IND;PRS;3;SG,55,55,100.0
90L_10NL_2_3,90L_10NL,2,e k i b a l ˈe ɾ,V;IND;PRS;3;SG,54,55,98.18
90L_10NL_2_4,90L_10NL,2,e k i b a l ˈe ɾ,V;IND;PRS;3;SG,55,55,100.0
90L_10NL_2_1,90L_10NL,2,e k i b a l ˈe ɾ,V;SBJV;PRS;1;PL,55,55,100.0
90L_10NL_2_2,90L_10NL,2,e k i b a l ˈe ɾ,V;SBJV;PRS;1;PL,55,55,100.0
90L_10NL_2_3,90L_10NL,2,e k i b a l ˈe ɾ,V;SBJV;PRS;1;PL,54,55,98.18
90L_10NL_2_4,90L_10NL,2,e k i b a l ˈe ɾ,V;SBJV;PRS;1;PL,55,55,100.0
90L_10NL_2_1,90L_10NL,2,e k i b a l ˈe ɾ,V;SBJV;PRS;1;SG,55,55,100.0
90L_10NL_2_2,90L_10NL,2,e k i b a l ˈe ɾ,V;SBJV;PRS;1;SG,55,55,100.0
90L_10NL_2_3,90L_10NL,2,e k i b a l ˈe ɾ,V;SBJV;PRS;1;SG,55,55,100.0
90L_10NL_2_4,90L_10NL,2,e k i b a l ˈe ɾ,V;SBJV;PRS;1;SG,54,55,98.18
90L_10NL_2_1,90L_10NL,2,e k i b a l ˈe ɾ,V;SBJV;PRS;2;PL,55,55,100.0
90L_10NL_2_2,90L_10NL,2,e k i b a l ˈe ɾ,V;SBJV;PRS;2;PL,55,55,100.0
90L_10NL_2_3,90L_10NL,2,e k i b a l ˈe ɾ,V;SBJV;PRS;2;PL,55,55,100.0
90L_10NL_2_4,90L_10NL,2,e k i b a l ˈe ɾ,V;SBJV;PRS;2;PL,55,55,100.0
90L_10NL_2_1,90L_10NL,2,e k i b a l ˈe ɾ,V;SBJV;PRS;2;SG,55,55,100.0
90L_10NL_2_2,90L_10NL,2,e k i b a l ˈe ɾ,V;SBJV;PRS;2;SG,55,55,100.0
90L_10NL_2_3,90L_10NL,2,e k i b a l ˈe ɾ,V;SBJV;PRS;2;SG,55,55,100.0
90L_10NL_2_4,90L_10NL,2,e k i b a l ˈe ɾ,V;SBJV;PRS;2;SG,55,55,100.0
90L_10NL_2_1,90L_10NL,2,e k i b a l ˈe ɾ,V;SBJV;PRS;3;PL,55,55,100.0
90L_10NL_2_2,90L_10NL,2,e k i b a l ˈe ɾ,V;SBJV;PRS;3;PL,55,55,100.0
90L_10NL_2_3,90L_10NL,2,e k i b a l ˈe ɾ,V;SBJV;PRS;3;PL,55,55,100.0
90L_10NL_2_4,90L_10NL,2,e k i b a l ˈe ɾ,V;SBJV;PRS;3;PL,54,55,98.18
90L_10NL_2_1,90L_10NL,2,e k i b a l ˈe ɾ,V;SBJV;PRS;3;SG,55,55,100.0
90L_10NL_2_2,90L_10NL,2,e k i b a l ˈe ɾ,V;SBJV;PRS;3;SG,55,55,100.0
90L_10NL_2_3,90L_10NL,2,e k i b a l ˈe ɾ,V;SBJV;PRS;3;SG,55,55,100.0
90L_10NL_2_4,90L_10NL,2,e k i b a l ˈe ɾ,V;SBJV;PRS;3;SG,54,55,98.18
90L_10NL_2_1,90L_10NL,2,e k s t ɾ a ˈe ɾ,V;IND;PRS;1;PL,55,55,100.0
90L_10NL_2_2,90L_10NL,2,e k s t ɾ a ˈe ɾ,V;IND;PRS;1;PL,55,55,100.0
90L_10NL_2_3,90L_10NL,2,e k s t ɾ a ˈe ɾ,V;IND;PRS;1;PL,55,55,100.0
90L_10NL_2_4,90L_10NL,2,e k s t ɾ a ˈe ɾ,V;IND;PRS;1;PL,55,55,100.0
90L_10NL_2_1,90L_10NL,2,e k s t ɾ a ˈe ɾ,V;IND;PRS;1;SG,55,55,100.0
90L_10NL_2_2,90L_10NL,2,e k s t ɾ a ˈe ɾ,V;IND;PRS;1;SG,55,55,100.0
90L_10NL_2_3,90L_10NL,2,e k s t ɾ a ˈe ɾ,V;IND;PRS;1;SG,55,55,100.0
90L_10NL_2_4,90L_10NL,2,e k s t ɾ a ˈe ɾ,V;IND;PRS;1;SG,55,55,100.0
90L_10NL_2_1,90L_10NL,2,e k s t ɾ a ˈe ɾ,V;IND;PRS;2;PL,55,55,100.0
90L_10NL_2_2,90L_10NL,2,e k s t ɾ a ˈe ɾ,V;IND;PRS;2;PL,55,55,100.0
90L_10NL_2_3,90L_10NL,2,e k s t ɾ a ˈe ɾ,V;IND;PRS;2;PL,55,55,100.0
90L_10NL_2_4,90L_10NL,2,e k s t ɾ a ˈe ɾ,V;IND;PRS;2;PL,55,55,100.0
90L_10NL_2_1,90L_10NL,2,e k s t ɾ a ˈe ɾ,V;IND;PRS;2;SG,55,55,100.0
90L_10NL_2_2,90L_10NL,2,e k s t ɾ a ˈe ɾ,V;IND;PRS;2;SG,49,55,89.09
90L_10NL_2_3,90L_10NL,2,e k s t ɾ a ˈe ɾ,V;IND;PRS;2;SG,55,55,100.0
90L_10NL_2_4,90L_10NL,2,e k s t ɾ a ˈe ɾ,V;IND;PRS;2;SG,55,55,100.0
90L_10NL_2_1,90L_10NL,2,e k s t ɾ a ˈe ɾ,V;IND;PRS;3;PL,55,55,100.0
90L_10NL_2_2,90L_10NL,2,e k s t ɾ a ˈe ɾ,V;IND;PRS;3;PL,49,55,89.09
90L_10NL_2_3,90L_10NL,2,e k s t ɾ a ˈe ɾ,V;IND;PRS;3;PL,55,55,100.0
90L_10NL_2_4,90L_10NL,2,e k s t ɾ a ˈe ɾ,V;IND;PRS;3;PL,55,55,100.0
90L_10NL_2_1,90L_10NL,2,e k s t ɾ a ˈe ɾ,V;IND;PRS;3;SG,55,55,100.0
90L_10NL_2_2,90L_10NL,2,e k s t ɾ a ˈe ɾ,V;IND;PRS;3;SG,49,55,89.09
90L_10NL_2_3,90L_10NL,2,e k s t ɾ a ˈe ɾ,V;IND;PRS;3;SG,55,55,100.0
90L_10NL_2_4,90L_10NL,2,e k s t ɾ a ˈe ɾ,V;IND;PRS;3;SG,55,55,100.0
90L_10NL_2_1,90L_10NL,2,e k s t ɾ a ˈe ɾ,V;SBJV;PRS;1;PL,55,55,100.0
90L_10NL_2_2,90L_10NL,2,e k s t ɾ a ˈe ɾ,V;SBJV;PRS;1;PL,55,55,100.0
90L_10NL_2_3,90L_10NL,2,e k s t ɾ a ˈe ɾ,V;SBJV;PRS;1;PL,55,55,100.0
90L_10NL_2_4,90L_10NL,2,e k s t ɾ a ˈe ɾ,V;SBJV;PRS;1;PL,55,55,100.0
90L_10NL_2_1,90L_10NL,2,e k s t ɾ a ˈe ɾ,V;SBJV;PRS;1;SG,55,55,100.0
90L_10NL_2_2,90L_10NL,2,e k s t ɾ a ˈe ɾ,V;SBJV;PRS;1;SG,55,55,100.0
90L_10NL_2_3,90L_10NL,2,e k s t ɾ a ˈe ɾ,V;SBJV;PRS;1;SG,55,55,100.0
90L_10NL_2_4,90L_10NL,2,e k s t ɾ a ˈe ɾ,V;SBJV;PRS;1;SG,55,55,100.0
90L_10NL_2_1,90L_10NL,2,e k s t ɾ a ˈe ɾ,V;SBJV;PRS;2;PL,55,55,100.0
90L_10NL_2_2,90L_10NL,2,e k s t ɾ a ˈe ɾ,V;SBJV;PRS;2;PL,55,55,100.0
90L_10NL_2_3,90L_10NL,2,e k s t ɾ a ˈe ɾ,V;SBJV;PRS;2;PL,55,55,100.0
90L_10NL_2_4,90L_10NL,2,e k s t ɾ a ˈe ɾ,V;SBJV;PRS;2;PL,55,55,100.0
90L_10NL_2_1,90L_10NL,2,e k s t ɾ a ˈe ɾ,V;SBJV;PRS;2;SG,55,55,100.0
90L_10NL_2_2,90L_10NL,2,e k s t ɾ a ˈe ɾ,V;SBJV;PRS;2;SG,55,55,100.0
90L_10NL_2_3,90L_10NL,2,e k s t ɾ a ˈe ɾ,V;SBJV;PRS;2;SG,55,55,100.0
90L_10NL_2_4,90L_10NL,2,e k s t ɾ a ˈe ɾ,V;SBJV;PRS;2;SG,55,55,100.0
90L_10NL_2_1,90L_10NL,2,e k s t ɾ a ˈe ɾ,V;SBJV;PRS;3;PL,55,55,100.0
90L_10NL_2_2,90L_10NL,2,e k s t ɾ a ˈe ɾ,V;SBJV;PRS;3;PL,55,55,100.0
90L_10NL_2_3,90L_10NL,2,e k s t ɾ a ˈe ɾ,V;SBJV;PRS;3;PL,55,55,100.0
90L_10NL_2_4,90L_10NL,2,e k s t ɾ a ˈe ɾ,V;SBJV;PRS;3;PL,55,55,100.0
90L_10NL_2_1,90L_10NL,2,e k s t ɾ a ˈe ɾ,V;SBJV;PRS;3;SG,55,55,100.0
90L_10NL_2_2,90L_10NL,2,e k s t ɾ a ˈe ɾ,V;SBJV;PRS;3;SG,55,55,100.0
90L_10NL_2_3,90L_10NL,2,e k s t ɾ a ˈe ɾ,V;SBJV;PRS;3;SG,55,55,100.0
90L_10NL_2_4,90L_10NL,2,e k s t ɾ a ˈe ɾ,V;SBJV;PRS;3;SG,55,55,100.0
90L_10NL_2_1,90L_10NL,2,e l i ç ˈi ɾ,V;IND;PRS;1;PL,0,55,0.0
90L_10NL_2_2,90L_10NL,2,e l i ç ˈi ɾ,V;IND;PRS;1;PL,0,55,0.0
90L_10NL_2_3,90L_10NL,2,e l i ç ˈi ɾ,V;IND;PRS;1;PL,0,55,0.0
90L_10NL_2_4,90L_10NL,2,e l i ç ˈi ɾ,V;IND;PRS;1;PL,0,55,0.0
90L_10NL_2_1,90L_10NL,2,e l i ç ˈi ɾ,V;IND;PRS;1;SG,55,55,100.0
90L_10NL_2_2,90L_10NL,2,e l i ç ˈi ɾ,V;IND;PRS;1;SG,55,55,100.0
90L_10NL_2_3,90L_10NL,2,e l i ç ˈi ɾ,V;IND;PRS;1;SG,55,55,100.0
90L_10NL_2_4,90L_10NL,2,e l i ç ˈi ɾ,V;IND;PRS;1;SG,55,55,100.0
90L_10NL_2_1,90L_10NL,2,e l i ç ˈi ɾ,V;IND;PRS;2;PL,0,55,0.0
90L_10NL_2_2,90L_10NL,2,e l i ç ˈi ɾ,V;IND;PRS;2;PL,0,55,0.0
90L_10NL_2_3,90L_10NL,2,e l i ç ˈi ɾ,V;IND;PRS;2;PL,0,55,0.0
90L_10NL_2_4,90L_10NL,2,e l i ç ˈi ɾ,V;IND;PRS;2;PL,0,55,0.0
90L_10NL_2_1,90L_10NL,2,e l i ç ˈi ɾ,V;IND;PRS;2;SG,55,55,100.0
90L_10NL_2_2,90L_10NL,2,e l i ç ˈi ɾ,V;IND;PRS;2;SG,55,55,100.0
90L_10NL_2_3,90L_10NL,2,e l i ç ˈi ɾ,V;IND;PRS;2;SG,55,55,100.0
90L_10NL_2_4,90L_10NL,2,e l i ç ˈi ɾ,V;IND;PRS;2;SG,55,55,100.0
90L_10NL_2_1,90L_10NL,2,e l i ç ˈi ɾ,V;IND;PRS;3;PL,55,55,100.0
90L_10NL_2_2,90L_10NL,2,e l i ç ˈi ɾ,V;IND;PRS;3;PL,55,55,100.0
90L_10NL_2_3,90L_10NL,2,e l i ç ˈi ɾ,V;IND;PRS;3;PL,55,55,100.0
90L_10NL_2_4,90L_10NL,2,e l i ç ˈi ɾ,V;IND;PRS;3;PL,55,55,100.0
90L_10NL_2_1,90L_10NL,2,e l i ç ˈi ɾ,V;IND;PRS;3;SG,55,55,100.0
90L_10NL_2_2,90L_10NL,2,e l i ç ˈi ɾ,V;IND;PRS;3;SG,55,55,100.0
90L_10NL_2_3,90L_10NL,2,e l i ç ˈi ɾ,V;IND;PRS;3;SG,55,55,100.0
90L_10NL_2_4,90L_10NL,2,e l i ç ˈi ɾ,V;IND;PRS;3;SG,55,55,100.0
90L_10NL_2_1,90L_10NL,2,e l i ç ˈi ɾ,V;SBJV;PRS;1;PL,55,55,100.0
90L_10NL_2_2,90L_10NL,2,e l i ç ˈi ɾ,V;SBJV;PRS;1;PL,55,55,100.0
90L_10NL_2_3,90L_10NL,2,e l i ç ˈi ɾ,V;SBJV;PRS;1;PL,55,55,100.0
90L_10NL_2_4,90L_10NL,2,e l i ç ˈi ɾ,V;SBJV;PRS;1;PL,55,55,100.0
90L_10NL_2_1,90L_10NL,2,e l i ç ˈi ɾ,V;SBJV;PRS;1;SG,55,55,100.0
90L_10NL_2_2,90L_10NL,2,e l i ç ˈi ɾ,V;SBJV;PRS;1;SG,55,55,100.0
90L_10NL_2_3,90L_10NL,2,e l i ç ˈi ɾ,V;SBJV;PRS;1;SG,55,55,100.0
90L_10NL_2_4,90L_10NL,2,e l i ç ˈi ɾ,V;SBJV;PRS;1;SG,55,55,100.0
90L_10NL_2_1,90L_10NL,2,e l i ç ˈi ɾ,V;SBJV;PRS;2;PL,55,55,100.0
90L_10NL_2_2,90L_10NL,2,e l i ç ˈi ɾ,V;SBJV;PRS;2;PL,55,55,100.0
90L_10NL_2_3,90L_10NL,2,e l i ç ˈi ɾ,V;SBJV;PRS;2;PL,55,55,100.0
90L_10NL_2_4,90L_10NL,2,e l i ç ˈi ɾ,V;SBJV;PRS;2;PL,55,55,100.0
90L_10NL_2_1,90L_10NL,2,e l i ç ˈi ɾ,V;SBJV;PRS;2;SG,55,55,100.0
90L_10NL_2_2,90L_10NL,2,e l i ç ˈi ɾ,V;SBJV;PRS;2;SG,55,55,100.0
90L_10NL_2_3,90L_10NL,2,e l i ç ˈi ɾ,V;SBJV;PRS;2;SG,55,55,100.0
90L_10NL_2_4,90L_10NL,2,e l i ç ˈi ɾ,V;SBJV;PRS;2;SG,55,55,100.0
90L_10NL_2_1,90L_10NL,2,e l i ç ˈi ɾ,V;SBJV;PRS;3;PL,55,55,100.0
90L_10NL_2_2,90L_10NL,2,e l i ç ˈi ɾ,V;SBJV;PRS;3;PL,55,55,100.0
90L_10NL_2_3,90L_10NL,2,e l i ç ˈi ɾ,V;SBJV;PRS;3;PL,55,55,100.0
90L_10NL_2_4,90L_10NL,2,e l i ç ˈi ɾ,V;SBJV;PRS;3;PL,55,55,100.0
90L_10NL_2_1,90L_10NL,2,e l i ç ˈi ɾ,V;SBJV;PRS;3;SG,55,55,100.0
90L_10NL_2_2,90L_10NL,2,e l i ç ˈi ɾ,V;SBJV;PRS;3;SG,55,55,100.0
90L_10NL_2_3,90L_10NL,2,e l i ç ˈi ɾ,V;SBJV;PRS;3;SG,55,55,100.0
90L_10NL_2_4,90L_10NL,2,e l i ç ˈi ɾ,V;SBJV;PRS;3;SG,55,55,100.0
90L_10NL_2_1,90L_10NL,2,e m b e ʃ e s ˈe ɾ,V;IND;PRS;1;PL,55,55,100.0
90L_10NL_2_2,90L_10NL,2,e m b e ʃ e s ˈe ɾ,V;IND;PRS;1;PL,55,55,100.0
90L_10NL_2_3,90L_10NL,2,e m b e ʃ e s ˈe ɾ,V;IND;PRS;1;PL,55,55,100.0
90L_10NL_2_4,90L_10NL,2,e m b e ʃ e s ˈe ɾ,V;IND;PRS;1;PL,55,55,100.0
90L_10NL_2_1,90L_10NL,2,e m b e ʃ e s ˈe ɾ,V;IND;PRS;1;SG,55,55,100.0
90L_10NL_2_2,90L_10NL,2,e m b e ʃ e s ˈe ɾ,V;IND;PRS;1;SG,55,55,100.0
90L_10NL_2_3,90L_10NL,2,e m b e ʃ e s ˈe ɾ,V;IND;PRS;1;SG,55,55,100.0
90L_10NL_2_4,90L_10NL,2,e m b e ʃ e s ˈe ɾ,V;IND;PRS;1;SG,55,55,100.0
90L_10NL_2_1,90L_10NL,2,e m b e ʃ e s ˈe ɾ,V;IND;PRS;2;PL,55,55,100.0
90L_10NL_2_2,90L_10NL,2,e m b e ʃ e s ˈe ɾ,V;IND;PRS;2;PL,55,55,100.0
90L_10NL_2_3,90L_10NL,2,e m b e ʃ e s ˈe ɾ,V;IND;PRS;2;PL,55,55,100.0
90L_10NL_2_4,90L_10NL,2,e m b e ʃ e s ˈe ɾ,V;IND;PRS;2;PL,55,55,100.0
90L_10NL_2_1,90L_10NL,2,e m b e ʃ e s ˈe ɾ,V;IND;PRS;2;SG,55,55,100.0
90L_10NL_2_2,90L_10NL,2,e m b e ʃ e s ˈe ɾ,V;IND;PRS;2;SG,55,55,100.0
90L_10NL_2_3,90L_10NL,2,e m b e ʃ e s ˈe ɾ,V;IND;PRS;2;SG,55,55,100.0
90L_10NL_2_4,90L_10NL,2,e m b e ʃ e s ˈe ɾ,V;IND;PRS;2;SG,55,55,100.0
90L_10NL_2_1,90L_10NL,2,e m b e ʃ e s ˈe ɾ,V;IND;PRS;3;PL,55,55,100.0
90L_10NL_2_2,90L_10NL,2,e m b e ʃ e s ˈe ɾ,V;IND;PRS;3;PL,55,55,100.0
90L_10NL_2_3,90L_10NL,2,e m b e ʃ e s ˈe ɾ,V;IND;PRS;3;PL,55,55,100.0
90L_10NL_2_4,90L_10NL,2,e m b e ʃ e s ˈe ɾ,V;IND;PRS;3;PL,55,55,100.0
90L_10NL_2_1,90L_10NL,2,e m b e ʃ e s ˈe ɾ,V;IND;PRS;3;SG,55,55,100.0
90L_10NL_2_2,90L_10NL,2,e m b e ʃ e s ˈe ɾ,V;IND;PRS;3;SG,55,55,100.0
90L_10NL_2_3,90L_10NL,2,e m b e ʃ e s ˈe ɾ,V;IND;PRS;3;SG,55,55,100.0
90L_10NL_2_4,90L_10NL,2,e m b e ʃ e s ˈe ɾ,V;IND;PRS;3;SG,55,55,100.0
90L_10NL_2_1,90L_10NL,2,e m b e ʃ e s ˈe ɾ,V;SBJV;PRS;1;PL,55,55,100.0
90L_10NL_2_2,90L_10NL,2,e m b e ʃ e s ˈe ɾ,V;SBJV;PRS;1;PL,55,55,100.0
90L_10NL_2_3,90L_10NL,2,e m b e ʃ e s ˈe ɾ,V;SBJV;PRS;1;PL,55,55,100.0
90L_10NL_2_4,90L_10NL,2,e m b e ʃ e s ˈe ɾ,V;SBJV;PRS;1;PL,55,55,100.0
90L_10NL_2_1,90L_10NL,2,e m b e ʃ e s ˈe ɾ,V;SBJV;PRS;1;SG,55,55,100.0
90L_10NL_2_2,90L_10NL,2,e m b e ʃ e s ˈe ɾ,V;SBJV;PRS;1;SG,55,55,100.0
90L_10NL_2_3,90L_10NL,2,e m b e ʃ e s ˈe ɾ,V;SBJV;PRS;1;SG,55,55,100.0
90L_10NL_2_4,90L_10NL,2,e m b e ʃ e s ˈe ɾ,V;SBJV;PRS;1;SG,55,55,100.0
90L_10NL_2_1,90L_10NL,2,e m b e ʃ e s ˈe ɾ,V;SBJV;PRS;2;PL,55,55,100.0
90L_10NL_2_2,90L_10NL,2,e m b e ʃ e s ˈe ɾ,V;SBJV;PRS;2;PL,55,55,100.0
90L_10NL_2_3,90L_10NL,2,e m b e ʃ e s ˈe ɾ,V;SBJV;PRS;2;PL,55,55,100.0
90L_10NL_2_4,90L_10NL,2,e m b e ʃ e s ˈe ɾ,V;SBJV;PRS;2;PL,55,55,100.0
90L_10NL_2_1,90L_10NL,2,e m b e ʃ e s ˈe ɾ,V;SBJV;PRS;2;SG,55,55,100.0
90L_10NL_2_2,90L_10NL,2,e m b e ʃ e s ˈe ɾ,V;SBJV;PRS;2;SG,55,55,100.0
90L_10NL_2_3,90L_10NL,2,e m b e ʃ e s ˈe ɾ,V;SBJV;PRS;2;SG,55,55,100.0
90L_10NL_2_4,90L_10NL,2,e m b e ʃ e s ˈe ɾ,V;SBJV;PRS;2;SG,55,55,100.0
90L_10NL_2_1,90L_10NL,2,e m b e ʃ e s ˈe ɾ,V;SBJV;PRS;3;PL,55,55,100.0
90L_10NL_2_2,90L_10NL,2,e m b e ʃ e s ˈe ɾ,V;SBJV;PRS;3;PL,55,55,100.0
90L_10NL_2_3,90L_10NL,2,e m b e ʃ e s ˈe ɾ,V;SBJV;PRS;3;PL,55,55,100.0
90L_10NL_2_4,90L_10NL,2,e m b e ʃ e s ˈe ɾ,V;SBJV;PRS;3;PL,55,55,100.0
90L_10NL_2_1,90L_10NL,2,e m b e ʃ e s ˈe ɾ,V;SBJV;PRS;3;SG,55,55,100.0
90L_10NL_2_2,90L_10NL,2,e m b e ʃ e s ˈe ɾ,V;SBJV;PRS;3;SG,55,55,100.0
90L_10NL_2_3,90L_10NL,2,e m b e ʃ e s ˈe ɾ,V;SBJV;PRS;3;SG,55,55,100.0
90L_10NL_2_4,90L_10NL,2,e m b e ʃ e s ˈe ɾ,V;SBJV;PRS;3;SG,55,55,100.0
90L_10NL_2_1,90L_10NL,2,e m p o b ɾ e s ˈe ɾ,V;IND;PRS;1;PL,25,55,45.45
90L_10NL_2_2,90L_10NL,2,e m p o b ɾ e s ˈe ɾ,V;IND;PRS;1;PL,55,55,100.0
90L_10NL_2_3,90L_10NL,2,e m p o b ɾ e s ˈe ɾ,V;IND;PRS;1;PL,0,55,0.0
90L_10NL_2_4,90L_10NL,2,e m p o b ɾ e s ˈe ɾ,V;IND;PRS;1;PL,55,55,100.0
90L_10NL_2_1,90L_10NL,2,e m p o b ɾ e s ˈe ɾ,V;IND;PRS;1;SG,52,55,94.55
90L_10NL_2_2,90L_10NL,2,e m p o b ɾ e s ˈe ɾ,V;IND;PRS;1;SG,55,55,100.0
90L_10NL_2_3,90L_10NL,2,e m p o b ɾ e s ˈe ɾ,V;IND;PRS;1;SG,0,55,0.0
90L_10NL_2_4,90L_10NL,2,e m p o b ɾ e s ˈe ɾ,V;IND;PRS;1;SG,55,55,100.0
90L_10NL_2_1,90L_10NL,2,e m p o b ɾ e s ˈe ɾ,V;IND;PRS;2;PL,22,55,40.0
90L_10NL_2_2,90L_10NL,2,e m p o b ɾ e s ˈe ɾ,V;IND;PRS;2;PL,55,55,100.0
90L_10NL_2_3,90L_10NL,2,e m p o b ɾ e s ˈe ɾ,V;IND;PRS;2;PL,0,55,0.0
90L_10NL_2_4,90L_10NL,2,e m p o b ɾ e s ˈe ɾ,V;IND;PRS;2;PL,55,55,100.0
90L_10NL_2_1,90L_10NL,2,e m p o b ɾ e s ˈe ɾ,V;IND;PRS;2;SG,51,55,92.73
90L_10NL_2_2,90L_10NL,2,e m p o b ɾ e s ˈe ɾ,V;IND;PRS;2;SG,55,55,100.0
90L_10NL_2_3,90L_10NL,2,e m p o b ɾ e s ˈe ɾ,V;IND;PRS;2;SG,0,55,0.0
90L_10NL_2_4,90L_10NL,2,e m p o b ɾ e s ˈe ɾ,V;IND;PRS;2;SG,55,55,100.0
90L_10NL_2_1,90L_10NL,2,e m p o b ɾ e s ˈe ɾ,V;IND;PRS;3;PL,51,55,92.73
90L_10NL_2_2,90L_10NL,2,e m p o b ɾ e s ˈe ɾ,V;IND;PRS;3;PL,55,55,100.0
90L_10NL_2_3,90L_10NL,2,e m p o b ɾ e s ˈe ɾ,V;IND;PRS;3;PL,0,55,0.0
90L_10NL_2_4,90L_10NL,2,e m p o b ɾ e s ˈe ɾ,V;IND;PRS;3;PL,55,55,100.0
90L_10NL_2_1,90L_10NL,2,e m p o b ɾ e s ˈe ɾ,V;IND;PRS;3;SG,50,55,90.91
90L_10NL_2_2,90L_10NL,2,e m p o b ɾ e s ˈe ɾ,V;IND;PRS;3;SG,55,55,100.0
90L_10NL_2_3,90L_10NL,2,e m p o b ɾ e s ˈe ɾ,V;IND;PRS;3;SG,0,55,0.0
90L_10NL_2_4,90L_10NL,2,e m p o b ɾ e s ˈe ɾ,V;IND;PRS;3;SG,55,55,100.0
90L_10NL_2_1,90L_10NL,2,e m p o b ɾ e s ˈe ɾ,V;SBJV;PRS;1;PL,21,55,38.18
90L_10NL_2_2,90L_10NL,2,e m p o b ɾ e s ˈe ɾ,V;SBJV;PRS;1;PL,55,55,100.0
90L_10NL_2_3,90L_10NL,2,e m p o b ɾ e s ˈe ɾ,V;SBJV;PRS;1;PL,0,55,0.0
90L_10NL_2_4,90L_10NL,2,e m p o b ɾ e s ˈe ɾ,V;SBJV;PRS;1;PL,55,55,100.0
90L_10NL_2_1,90L_10NL,2,e m p o b ɾ e s ˈe ɾ,V;SBJV;PRS;1;SG,52,55,94.55
90L_10NL_2_2,90L_10NL,2,e m p o b ɾ e s ˈe ɾ,V;SBJV;PRS;1;SG,55,55,100.0
90L_10NL_2_3,90L_10NL,2,e m p o b ɾ e s ˈe ɾ,V;SBJV;PRS;1;SG,0,55,0.0
90L_10NL_2_4,90L_10NL,2,e m p o b ɾ e s ˈe ɾ,V;SBJV;PRS;1;SG,55,55,100.0
90L_10NL_2_1,90L_10NL,2,e m p o b ɾ e s ˈe ɾ,V;SBJV;PRS;2;PL,7,55,12.73
90L_10NL_2_2,90L_10NL,2,e m p o b ɾ e s ˈe ɾ,V;SBJV;PRS;2;PL,55,55,100.0
90L_10NL_2_3,90L_10NL,2,e m p o b ɾ e s ˈe ɾ,V;SBJV;PRS;2;PL,0,55,0.0
90L_10NL_2_4,90L_10NL,2,e m p o b ɾ e s ˈe ɾ,V;SBJV;PRS;2;PL,55,55,100.0
90L_10NL_2_1,90L_10NL,2,e m p o b ɾ e s ˈe ɾ,V;SBJV;PRS;2;SG,51,55,92.73
90L_10NL_2_2,90L_10NL,2,e m p o b ɾ e s ˈe ɾ,V;SBJV;PRS;2;SG,55,55,100.0
90L_10NL_2_3,90L_10NL,2,e m p o b ɾ e s ˈe ɾ,V;SBJV;PRS;2;SG,0,55,0.0
90L_10NL_2_4,90L_10NL,2,e m p o b ɾ e s ˈe ɾ,V;SBJV;PRS;2;SG,55,55,100.0
90L_10NL_2_1,90L_10NL,2,e m p o b ɾ e s ˈe ɾ,V;SBJV;PRS;3;PL,52,55,94.55
90L_10NL_2_2,90L_10NL,2,e m p o b ɾ e s ˈe ɾ,V;SBJV;PRS;3;PL,55,55,100.0
90L_10NL_2_3,90L_10NL,2,e m p o b ɾ e s ˈe ɾ,V;SBJV;PRS;3;PL,0,55,0.0
90L_10NL_2_4,90L_10NL,2,e m p o b ɾ e s ˈe ɾ,V;SBJV;PRS;3;PL,55,55,100.0
90L_10NL_2_1,90L_10NL,2,e m p o b ɾ e s ˈe ɾ,V;SBJV;PRS;3;SG,52,55,94.55
90L_10NL_2_2,90L_10NL,2,e m p o b ɾ e s ˈe ɾ,V;SBJV;PRS;3;SG,55,55,100.0
90L_10NL_2_3,90L_10NL,2,e m p o b ɾ e s ˈe ɾ,V;SBJV;PRS;3;SG,0,55,0.0
90L_10NL_2_4,90L_10NL,2,e m p o b ɾ e s ˈe ɾ,V;SBJV;PRS;3;SG,55,55,100.0
90L_10NL_2_1,90L_10NL,2,e m u n ç ˈe ɾ,V;IND;PRS;1;PL,55,55,100.0
90L_10NL_2_2,90L_10NL,2,e m u n ç ˈe ɾ,V;IND;PRS;1;PL,55,55,100.0
90L_10NL_2_3,90L_10NL,2,e m u n ç ˈe ɾ,V;IND;PRS;1;PL,55,55,100.0
90L_10NL_2_4,90L_10NL,2,e m u n ç ˈe ɾ,V;IND;PRS;1;PL,55,55,100.0
90L_10NL_2_1,90L_10NL,2,e m u n ç ˈe ɾ,V;IND;PRS;1;SG,55,55,100.0
90L_10NL_2_2,90L_10NL,2,e m u n ç ˈe ɾ,V;IND;PRS;1;SG,55,55,100.0
90L_10NL_2_3,90L_10NL,2,e m u n ç ˈe ɾ,V;IND;PRS;1;SG,55,55,100.0
90L_10NL_2_4,90L_10NL,2,e m u n ç ˈe ɾ,V;IND;PRS;1;SG,55,55,100.0
90L_10NL_2_1,90L_10NL,2,e m u n ç ˈe ɾ,V;IND;PRS;2;PL,55,55,100.0
90L_10NL_2_2,90L_10NL,2,e m u n ç ˈe ɾ,V;IND;PRS;2;PL,55,55,100.0
90L_10NL_2_3,90L_10NL,2,e m u n ç ˈe ɾ,V;IND;PRS;2;PL,55,55,100.0
90L_10NL_2_4,90L_10NL,2,e m u n ç ˈe ɾ,V;IND;PRS;2;PL,55,55,100.0
90L_10NL_2_1,90L_10NL,2,e m u n ç ˈe ɾ,V;IND;PRS;2;SG,55,55,100.0
90L_10NL_2_2,90L_10NL,2,e m u n ç ˈe ɾ,V;IND;PRS;2;SG,55,55,100.0
90L_10NL_2_3,90L_10NL,2,e m u n ç ˈe ɾ,V;IND;PRS;2;SG,55,55,100.0
90L_10NL_2_4,90L_10NL,2,e m u n ç ˈe ɾ,V;IND;PRS;2;SG,55,55,100.0
90L_10NL_2_1,90L_10NL,2,e m u n ç ˈe ɾ,V;IND;PRS;3;PL,55,55,100.0
90L_10NL_2_2,90L_10NL,2,e m u n ç ˈe ɾ,V;IND;PRS;3;PL,55,55,100.0
90L_10NL_2_3,90L_10NL,2,e m u n ç ˈe ɾ,V;IND;PRS;3;PL,55,55,100.0
90L_10NL_2_4,90L_10NL,2,e m u n ç ˈe ɾ,V;IND;PRS;3;PL,55,55,100.0
90L_10NL_2_1,90L_10NL,2,e m u n ç ˈe ɾ,V;IND;PRS;3;SG,55,55,100.0
90L_10NL_2_2,90L_10NL,2,e m u n ç ˈe ɾ,V;IND;PRS;3;SG,55,55,100.0
90L_10NL_2_3,90L_10NL,2,e m u n ç ˈe ɾ,V;IND;PRS;3;SG,55,55,100.0
90L_10NL_2_4,90L_10NL,2,e m u n ç ˈe ɾ,V;IND;PRS;3;SG,55,55,100.0
90L_10NL_2_1,90L_10NL,2,e m u n ç ˈe ɾ,V;SBJV;PRS;1;PL,55,55,100.0
90L_10NL_2_2,90L_10NL,2,e m u n ç ˈe ɾ,V;SBJV;PRS;1;PL,55,55,100.0
90L_10NL_2_3,90L_10NL,2,e m u n ç ˈe ɾ,V;SBJV;PRS;1;PL,55,55,100.0
90L_10NL_2_4,90L_10NL,2,e m u n ç ˈe ɾ,V;SBJV;PRS;1;PL,55,55,100.0
90L_10NL_2_1,90L_10NL,2,e m u n ç ˈe ɾ,V;SBJV;PRS;1;SG,55,55,100.0
90L_10NL_2_2,90L_10NL,2,e m u n ç ˈe ɾ,V;SBJV;PRS;1;SG,55,55,100.0
90L_10NL_2_3,90L_10NL,2,e m u n ç ˈe ɾ,V;SBJV;PRS;1;SG,55,55,100.0
90L_10NL_2_4,90L_10NL,2,e m u n ç ˈe ɾ,V;SBJV;PRS;1;SG,55,55,100.0
90L_10NL_2_1,90L_10NL,2,e m u n ç ˈe ɾ,V;SBJV;PRS;2;PL,55,55,100.0
90L_10NL_2_2,90L_10NL,2,e m u n ç ˈe ɾ,V;SBJV;PRS;2;PL,55,55,100.0
90L_10NL_2_3,90L_10NL,2,e m u n ç ˈe ɾ,V;SBJV;PRS;2;PL,55,55,100.0
90L_10NL_2_4,90L_10NL,2,e m u n ç ˈe ɾ,V;SBJV;PRS;2;PL,55,55,100.0
90L_10NL_2_1,90L_10NL,2,e m u n ç ˈe ɾ,V;SBJV;PRS;2;SG,55,55,100.0
90L_10NL_2_2,90L_10NL,2,e m u n ç ˈe ɾ,V;SBJV;PRS;2;SG,55,55,100.0
90L_10NL_2_3,90L_10NL,2,e m u n ç ˈe ɾ,V;SBJV;PRS;2;SG,55,55,100.0
90L_10NL_2_4,90L_10NL,2,e m u n ç ˈe ɾ,V;SBJV;PRS;2;SG,55,55,100.0
90L_10NL_2_1,90L_10NL,2,e m u n ç ˈe ɾ,V;SBJV;PRS;3;PL,55,55,100.0
90L_10NL_2_2,90L_10NL,2,e m u n ç ˈe ɾ,V;SBJV;PRS;3;PL,55,55,100.0
90L_10NL_2_3,90L_10NL,2,e m u n ç ˈe ɾ,V;SBJV;PRS;3;PL,55,55,100.0
90L_10NL_2_4,90L_10NL,2,e m u n ç ˈe ɾ,V;SBJV;PRS;3;PL,55,55,100.0
90L_10NL_2_1,90L_10NL,2,e m u n ç ˈe ɾ,V;SBJV;PRS;3;SG,55,55,100.0
90L_10NL_2_2,90L_10NL,2,e m u n ç ˈe ɾ,V;SBJV;PRS;3;SG,55,55,100.0
90L_10NL_2_3,90L_10NL,2,e m u n ç ˈe ɾ,V;SBJV;PRS;3;SG,55,55,100.0
90L_10NL_2_4,90L_10NL,2,e m u n ç ˈe ɾ,V;SBJV;PRS;3;SG,55,55,100.0
90L_10NL_2_1,90L_10NL,2,e n b i l e s ˈe ɾ,V;IND;PRS;1;PL,55,55,100.0
90L_10NL_2_2,90L_10NL,2,e n b i l e s ˈe ɾ,V;IND;PRS;1;PL,55,55,100.0
90L_10NL_2_3,90L_10NL,2,e n b i l e s ˈe ɾ,V;IND;PRS;1;PL,0,55,0.0
90L_10NL_2_4,90L_10NL,2,e n b i l e s ˈe ɾ,V;IND;PRS;1;PL,55,55,100.0
90L_10NL_2_1,90L_10NL,2,e n b i l e s ˈe ɾ,V;IND;PRS;1;SG,55,55,100.0
90L_10NL_2_2,90L_10NL,2,e n b i l e s ˈe ɾ,V;IND;PRS;1;SG,55,55,100.0
90L_10NL_2_3,90L_10NL,2,e n b i l e s ˈe ɾ,V;IND;PRS;1;SG,0,55,0.0
90L_10NL_2_4,90L_10NL,2,e n b i l e s ˈe ɾ,V;IND;PRS;1;SG,55,55,100.0
90L_10NL_2_1,90L_10NL,2,e n b i l e s ˈe ɾ,V;IND;PRS;2;PL,55,55,100.0
90L_10NL_2_2,90L_10NL,2,e n b i l e s ˈe ɾ,V;IND;PRS;2;PL,55,55,100.0
90L_10NL_2_3,90L_10NL,2,e n b i l e s ˈe ɾ,V;IND;PRS;2;PL,0,55,0.0
90L_10NL_2_4,90L_10NL,2,e n b i l e s ˈe ɾ,V;IND;PRS;2;PL,55,55,100.0
90L_10NL_2_1,90L_10NL,2,e n b i l e s ˈe ɾ,V;IND;PRS;2;SG,55,55,100.0
90L_10NL_2_2,90L_10NL,2,e n b i l e s ˈe ɾ,V;IND;PRS;2;SG,55,55,100.0
90L_10NL_2_3,90L_10NL,2,e n b i l e s ˈe ɾ,V;IND;PRS;2;SG,2,55,3.64
90L_10NL_2_4,90L_10NL,2,e n b i l e s ˈe ɾ,V;IND;PRS;2;SG,55,55,100.0
90L_10NL_2_1,90L_10NL,2,e n b i l e s ˈe ɾ,V;IND;PRS;3;PL,55,55,100.0
90L_10NL_2_2,90L_10NL,2,e n b i l e s ˈe ɾ,V;IND;PRS;3;PL,55,55,100.0
90L_10NL_2_3,90L_10NL,2,e n b i l e s ˈe ɾ,V;IND;PRS;3;PL,2,55,3.64
90L_10NL_2_4,90L_10NL,2,e n b i l e s ˈe ɾ,V;IND;PRS;3;PL,55,55,100.0
90L_10NL_2_1,90L_10NL,2,e n b i l e s ˈe ɾ,V;IND;PRS;3;SG,55,55,100.0
90L_10NL_2_2,90L_10NL,2,e n b i l e s ˈe ɾ,V;IND;PRS;3;SG,55,55,100.0
90L_10NL_2_3,90L_10NL,2,e n b i l e s ˈe ɾ,V;IND;PRS;3;SG,1,55,1.82
90L_10NL_2_4,90L_10NL,2,e n b i l e s ˈe ɾ,V;IND;PRS;3;SG,55,55,100.0
90L_10NL_2_1,90L_10NL,2,e n b i l e s ˈe ɾ,V;SBJV;PRS;1;PL,55,55,100.0
90L_10NL_2_2,90L_10NL,2,e n b i l e s ˈe ɾ,V;SBJV;PRS;1;PL,55,55,100.0
90L_10NL_2_3,90L_10NL,2,e n b i l e s ˈe ɾ,V;SBJV;PRS;1;PL,0,55,0.0
90L_10NL_2_4,90L_10NL,2,e n b i l e s ˈe ɾ,V;SBJV;PRS;1;PL,55,55,100.0
90L_10NL_2_1,90L_10NL,2,e n b i l e s ˈe ɾ,V;SBJV;PRS;1;SG,55,55,100.0
90L_10NL_2_2,90L_10NL,2,e n b i l e s ˈe ɾ,V;SBJV;PRS;1;SG,55,55,100.0
90L_10NL_2_3,90L_10NL,2,e n b i l e s ˈe ɾ,V;SBJV;PRS;1;SG,0,55,0.0
90L_10NL_2_4,90L_10NL,2,e n b i l e s ˈe ɾ,V;SBJV;PRS;1;SG,54,55,98.18
90L_10NL_2_1,90L_10NL,2,e n b i l e s ˈe ɾ,V;SBJV;PRS;2;PL,55,55,100.0
90L_10NL_2_2,90L_10NL,2,e n b i l e s ˈe ɾ,V;SBJV;PRS;2;PL,55,55,100.0
90L_10NL_2_3,90L_10NL,2,e n b i l e s ˈe ɾ,V;SBJV;PRS;2;PL,0,55,0.0
90L_10NL_2_4,90L_10NL,2,e n b i l e s ˈe ɾ,V;SBJV;PRS;2;PL,55,55,100.0
90L_10NL_2_1,90L_10NL,2,e n b i l e s ˈe ɾ,V;SBJV;PRS;2;SG,55,55,100.0
90L_10NL_2_2,90L_10NL,2,e n b i l e s ˈe ɾ,V;SBJV;PRS;2;SG,55,55,100.0
90L_10NL_2_3,90L_10NL,2,e n b i l e s ˈe ɾ,V;SBJV;PRS;2;SG,0,55,0.0
90L_10NL_2_4,90L_10NL,2,e n b i l e s ˈe ɾ,V;SBJV;PRS;2;SG,55,55,100.0
90L_10NL_2_1,90L_10NL,2,e n b i l e s ˈe ɾ,V;SBJV;PRS;3;PL,55,55,100.0
90L_10NL_2_2,90L_10NL,2,e n b i l e s ˈe ɾ,V;SBJV;PRS;3;PL,55,55,100.0
90L_10NL_2_3,90L_10NL,2,e n b i l e s ˈe ɾ,V;SBJV;PRS;3;PL,0,55,0.0
90L_10NL_2_4,90L_10NL,2,e n b i l e s ˈe ɾ,V;SBJV;PRS;3;PL,55,55,100.0
90L_10NL_2_1,90L_10NL,2,e n b i l e s ˈe ɾ,V;SBJV;PRS;3;SG,55,55,100.0
90L_10NL_2_2,90L_10NL,2,e n b i l e s ˈe ɾ,V;SBJV;PRS;3;SG,55,55,100.0
90L_10NL_2_3,90L_10NL,2,e n b i l e s ˈe ɾ,V;SBJV;PRS;3;SG,0,55,0.0
90L_10NL_2_4,90L_10NL,2,e n b i l e s ˈe ɾ,V;SBJV;PRS;3;SG,54,55,98.18
90L_10NL_2_1,90L_10NL,2,e n k a ʃ e s ˈe ɾ,V;IND;PRS;1;PL,55,55,100.0
90L_10NL_2_2,90L_10NL,2,e n k a ʃ e s ˈe ɾ,V;IND;PRS;1;PL,55,55,100.0
90L_10NL_2_3,90L_10NL,2,e n k a ʃ e s ˈe ɾ,V;IND;PRS;1;PL,55,55,100.0
90L_10NL_2_4,90L_10NL,2,e n k a ʃ e s ˈe ɾ,V;IND;PRS;1;PL,55,55,100.0
90L_10NL_2_1,90L_10NL,2,e n k a ʃ e s ˈe ɾ,V;IND;PRS;1;SG,55,55,100.0
90L_10NL_2_2,90L_10NL,2,e n k a ʃ e s ˈe ɾ,V;IND;PRS;1;SG,55,55,100.0
90L_10NL_2_3,90L_10NL,2,e n k a ʃ e s ˈe ɾ,V;IND;PRS;1;SG,55,55,100.0
90L_10NL_2_4,90L_10NL,2,e n k a ʃ e s ˈe ɾ,V;IND;PRS;1;SG,55,55,100.0
90L_10NL_2_1,90L_10NL,2,e n k a ʃ e s ˈe ɾ,V;IND;PRS;2;PL,55,55,100.0
90L_10NL_2_2,90L_10NL,2,e n k a ʃ e s ˈe ɾ,V;IND;PRS;2;PL,55,55,100.0
90L_10NL_2_3,90L_10NL,2,e n k a ʃ e s ˈe ɾ,V;IND;PRS;2;PL,55,55,100.0
90L_10NL_2_4,90L_10NL,2,e n k a ʃ e s ˈe ɾ,V;IND;PRS;2;PL,55,55,100.0
90L_10NL_2_1,90L_10NL,2,e n k a ʃ e s ˈe ɾ,V;IND;PRS;2;SG,55,55,100.0
90L_10NL_2_2,90L_10NL,2,e n k a ʃ e s ˈe ɾ,V;IND;PRS;2;SG,55,55,100.0
90L_10NL_2_3,90L_10NL,2,e n k a ʃ e s ˈe ɾ,V;IND;PRS;2;SG,55,55,100.0
90L_10NL_2_4,90L_10NL,2,e n k a ʃ e s ˈe ɾ,V;IND;PRS;2;SG,55,55,100.0
90L_10NL_2_1,90L_10NL,2,e n k a ʃ e s ˈe ɾ,V;IND;PRS;3;PL,55,55,100.0
90L_10NL_2_2,90L_10NL,2,e n k a ʃ e s ˈe ɾ,V;IND;PRS;3;PL,55,55,100.0
90L_10NL_2_3,90L_10NL,2,e n k a ʃ e s ˈe ɾ,V;IND;PRS;3;PL,55,55,100.0
90L_10NL_2_4,90L_10NL,2,e n k a ʃ e s ˈe ɾ,V;IND;PRS;3;PL,55,55,100.0
90L_10NL_2_1,90L_10NL,2,e n k a ʃ e s ˈe ɾ,V;IND;PRS;3;SG,55,55,100.0
90L_10NL_2_2,90L_10NL,2,e n k a ʃ e s ˈe ɾ,V;IND;PRS;3;SG,55,55,100.0
90L_10NL_2_3,90L_10NL,2,e n k a ʃ e s ˈe ɾ,V;IND;PRS;3;SG,55,55,100.0
90L_10NL_2_4,90L_10NL,2,e n k a ʃ e s ˈe ɾ,V;IND;PRS;3;SG,55,55,100.0
90L_10NL_2_1,90L_10NL,2,e n k a ʃ e s ˈe ɾ,V;SBJV;PRS;1;PL,55,55,100.0
90L_10NL_2_2,90L_10NL,2,e n k a ʃ e s ˈe ɾ,V;SBJV;PRS;1;PL,55,55,100.0
90L_10NL_2_3,90L_10NL,2,e n k a ʃ e s ˈe ɾ,V;SBJV;PRS;1;PL,55,55,100.0
90L_10NL_2_4,90L_10NL,2,e n k a ʃ e s ˈe ɾ,V;SBJV;PRS;1;PL,55,55,100.0
90L_10NL_2_1,90L_10NL,2,e n k a ʃ e s ˈe ɾ,V;SBJV;PRS;1;SG,55,55,100.0
90L_10NL_2_2,90L_10NL,2,e n k a ʃ e s ˈe ɾ,V;SBJV;PRS;1;SG,55,55,100.0
90L_10NL_2_3,90L_10NL,2,e n k a ʃ e s ˈe ɾ,V;SBJV;PRS;1;SG,55,55,100.0
90L_10NL_2_4,90L_10NL,2,e n k a ʃ e s ˈe ɾ,V;SBJV;PRS;1;SG,55,55,100.0
90L_10NL_2_1,90L_10NL,2,e n k a ʃ e s ˈe ɾ,V;SBJV;PRS;2;PL,55,55,100.0
90L_10NL_2_2,90L_10NL,2,e n k a ʃ e s ˈe ɾ,V;SBJV;PRS;2;PL,55,55,100.0
90L_10NL_2_3,90L_10NL,2,e n k a ʃ e s ˈe ɾ,V;SBJV;PRS;2;PL,55,55,100.0
90L_10NL_2_4,90L_10NL,2,e n k a ʃ e s ˈe ɾ,V;SBJV;PRS;2;PL,55,55,100.0
90L_10NL_2_1,90L_10NL,2,e n k a ʃ e s ˈe ɾ,V;SBJV;PRS;2;SG,55,55,100.0
90L_10NL_2_2,90L_10NL,2,e n k a ʃ e s ˈe ɾ,V;SBJV;PRS;2;SG,55,55,100.0
90L_10NL_2_3,90L_10NL,2,e n k a ʃ e s ˈe ɾ,V;SBJV;PRS;2;SG,55,55,100.0
90L_10NL_2_4,90L_10NL,2,e n k a ʃ e s ˈe ɾ,V;SBJV;PRS;2;SG,55,55,100.0
90L_10NL_2_1,90L_10NL,2,e n k a ʃ e s ˈe ɾ,V;SBJV;PRS;3;PL,55,55,100.0
90L_10NL_2_2,90L_10NL,2,e n k a ʃ e s ˈe ɾ,V;SBJV;PRS;3;PL,55,55,100.0
90L_10NL_2_3,90L_10NL,2,e n k a ʃ e s ˈe ɾ,V;SBJV;PRS;3;PL,55,55,100.0
90L_10NL_2_4,90L_10NL,2,e n k a ʃ e s ˈe ɾ,V;SBJV;PRS;3;PL,55,55,100.0
90L_10NL_2_1,90L_10NL,2,e n k a ʃ e s ˈe ɾ,V;SBJV;PRS;3;SG,55,55,100.0
90L_10NL_2_2,90L_10NL,2,e n k a ʃ e s ˈe ɾ,V;SBJV;PRS;3;SG,55,55,100.0
90L_10NL_2_3,90L_10NL,2,e n k a ʃ e s ˈe ɾ,V;SBJV;PRS;3;SG,55,55,100.0
90L_10NL_2_4,90L_10NL,2,e n k a ʃ e s ˈe ɾ,V;SBJV;PRS;3;SG,55,55,100.0
90L_10NL_2_1,90L_10NL,2,e n l o k e s ˈe ɾ,V;IND;PRS;1;PL,55,55,100.0
90L_10NL_2_2,90L_10NL,2,e n l o k e s ˈe ɾ,V;IND;PRS;1;PL,55,55,100.0
90L_10NL_2_3,90L_10NL,2,e n l o k e s ˈe ɾ,V;IND;PRS;1;PL,51,55,92.73
90L_10NL_2_4,90L_10NL,2,e n l o k e s ˈe ɾ,V;IND;PRS;1;PL,55,55,100.0
90L_10NL_2_1,90L_10NL,2,e n l o k e s ˈe ɾ,V;IND;PRS;1;SG,55,55,100.0
90L_10NL_2_2,90L_10NL,2,e n l o k e s ˈe ɾ,V;IND;PRS;1;SG,55,55,100.0
90L_10NL_2_3,90L_10NL,2,e n l o k e s ˈe ɾ,V;IND;PRS;1;SG,55,55,100.0
90L_10NL_2_4,90L_10NL,2,e n l o k e s ˈe ɾ,V;IND;PRS;1;SG,55,55,100.0
90L_10NL_2_1,90L_10NL,2,e n l o k e s ˈe ɾ,V;IND;PRS;2;PL,55,55,100.0
90L_10NL_2_2,90L_10NL,2,e n l o k e s ˈe ɾ,V;IND;PRS;2;PL,55,55,100.0
90L_10NL_2_3,90L_10NL,2,e n l o k e s ˈe ɾ,V;IND;PRS;2;PL,54,55,98.18
90L_10NL_2_4,90L_10NL,2,e n l o k e s ˈe ɾ,V;IND;PRS;2;PL,55,55,100.0
90L_10NL_2_1,90L_10NL,2,e n l o k e s ˈe ɾ,V;IND;PRS;2;SG,55,55,100.0
90L_10NL_2_2,90L_10NL,2,e n l o k e s ˈe ɾ,V;IND;PRS;2;SG,55,55,100.0
90L_10NL_2_3,90L_10NL,2,e n l o k e s ˈe ɾ,V;IND;PRS;2;SG,55,55,100.0
90L_10NL_2_4,90L_10NL,2,e n l o k e s ˈe ɾ,V;IND;PRS;2;SG,55,55,100.0
90L_10NL_2_1,90L_10NL,2,e n l o k e s ˈe ɾ,V;IND;PRS;3;PL,55,55,100.0
90L_10NL_2_2,90L_10NL,2,e n l o k e s ˈe ɾ,V;IND;PRS;3;PL,55,55,100.0
90L_10NL_2_3,90L_10NL,2,e n l o k e s ˈe ɾ,V;IND;PRS;3;PL,55,55,100.0
90L_10NL_2_4,90L_10NL,2,e n l o k e s ˈe ɾ,V;IND;PRS;3;PL,55,55,100.0
90L_10NL_2_1,90L_10NL,2,e n l o k e s ˈe ɾ,V;IND;PRS;3;SG,55,55,100.0
90L_10NL_2_2,90L_10NL,2,e n l o k e s ˈe ɾ,V;IND;PRS;3;SG,55,55,100.0
90L_10NL_2_3,90L_10NL,2,e n l o k e s ˈe ɾ,V;IND;PRS;3;SG,55,55,100.0
90L_10NL_2_4,90L_10NL,2,e n l o k e s ˈe ɾ,V;IND;PRS;3;SG,55,55,100.0
90L_10NL_2_1,90L_10NL,2,e n l o k e s ˈe ɾ,V;SBJV;PRS;1;PL,55,55,100.0
90L_10NL_2_2,90L_10NL,2,e n l o k e s ˈe ɾ,V;SBJV;PRS;1;PL,55,55,100.0
90L_10NL_2_3,90L_10NL,2,e n l o k e s ˈe ɾ,V;SBJV;PRS;1;PL,49,55,89.09
90L_10NL_2_4,90L_10NL,2,e n l o k e s ˈe ɾ,V;SBJV;PRS;1;PL,55,55,100.0
90L_10NL_2_1,90L_10NL,2,e n l o k e s ˈe ɾ,V;SBJV;PRS;1;SG,55,55,100.0
90L_10NL_2_2,90L_10NL,2,e n l o k e s ˈe ɾ,V;SBJV;PRS;1;SG,55,55,100.0
90L_10NL_2_3,90L_10NL,2,e n l o k e s ˈe ɾ,V;SBJV;PRS;1;SG,55,55,100.0
90L_10NL_2_4,90L_10NL,2,e n l o k e s ˈe ɾ,V;SBJV;PRS;1;SG,55,55,100.0
90L_10NL_2_1,90L_10NL,2,e n l o k e s ˈe ɾ,V;SBJV;PRS;2;PL,55,55,100.0
90L_10NL_2_2,90L_10NL,2,e n l o k e s ˈe ɾ,V;SBJV;PRS;2;PL,55,55,100.0
90L_10NL_2_3,90L_10NL,2,e n l o k e s ˈe ɾ,V;SBJV;PRS;2;PL,55,55,100.0
90L_10NL_2_4,90L_10NL,2,e n l o k e s ˈe ɾ,V;SBJV;PRS;2;PL,55,55,100.0
90L_10NL_2_1,90L_10NL,2,e n l o k e s ˈe ɾ,V;SBJV;PRS;2;SG,55,55,100.0
90L_10NL_2_2,90L_10NL,2,e n l o k e s ˈe ɾ,V;SBJV;PRS;2;SG,55,55,100.0
90L_10NL_2_3,90L_10NL,2,e n l o k e s ˈe ɾ,V;SBJV;PRS;2;SG,55,55,100.0
90L_10NL_2_4,90L_10NL,2,e n l o k e s ˈe ɾ,V;SBJV;PRS;2;SG,55,55,100.0
90L_10NL_2_1,90L_10NL,2,e n l o k e s ˈe ɾ,V;SBJV;PRS;3;PL,55,55,100.0
90L_10NL_2_2,90L_10NL,2,e n l o k e s ˈe ɾ,V;SBJV;PRS;3;PL,55,55,100.0
90L_10NL_2_3,90L_10NL,2,e n l o k e s ˈe ɾ,V;SBJV;PRS;3;PL,55,55,100.0
90L_10NL_2_4,90L_10NL,2,e n l o k e s ˈe ɾ,V;SBJV;PRS;3;PL,55,55,100.0
90L_10NL_2_1,90L_10NL,2,e n l o k e s ˈe ɾ,V;SBJV;PRS;3;SG,55,55,100.0
90L_10NL_2_2,90L_10NL,2,e n l o k e s ˈe ɾ,V;SBJV;PRS;3;SG,55,55,100.0
90L_10NL_2_3,90L_10NL,2,e n l o k e s ˈe ɾ,V;SBJV;PRS;3;SG,55,55,100.0
90L_10NL_2_4,90L_10NL,2,e n l o k e s ˈe ɾ,V;SBJV;PRS;3;SG,55,55,100.0
90L_10NL_2_1,90L_10NL,2,e n l u s ˈi ɾ,V;IND;PRS;1;PL,55,55,100.0
90L_10NL_2_2,90L_10NL,2,e n l u s ˈi ɾ,V;IND;PRS;1;PL,55,55,100.0
90L_10NL_2_3,90L_10NL,2,e n l u s ˈi ɾ,V;IND;PRS;1;PL,55,55,100.0
90L_10NL_2_4,90L_10NL,2,e n l u s ˈi ɾ,V;IND;PRS;1;PL,55,55,100.0
90L_10NL_2_1,90L_10NL,2,e n l u s ˈi ɾ,V;IND;PRS;1;SG,55,55,100.0
90L_10NL_2_2,90L_10NL,2,e n l u s ˈi ɾ,V;IND;PRS;1;SG,55,55,100.0
90L_10NL_2_3,90L_10NL,2,e n l u s ˈi ɾ,V;IND;PRS;1;SG,55,55,100.0
90L_10NL_2_4,90L_10NL,2,e n l u s ˈi ɾ,V;IND;PRS;1;SG,55,55,100.0
90L_10NL_2_1,90L_10NL,2,e n l u s ˈi ɾ,V;IND;PRS;2;PL,55,55,100.0
90L_10NL_2_2,90L_10NL,2,e n l u s ˈi ɾ,V;IND;PRS;2;PL,55,55,100.0
90L_10NL_2_3,90L_10NL,2,e n l u s ˈi ɾ,V;IND;PRS;2;PL,55,55,100.0
90L_10NL_2_4,90L_10NL,2,e n l u s ˈi ɾ,V;IND;PRS;2;PL,55,55,100.0
90L_10NL_2_1,90L_10NL,2,e n l u s ˈi ɾ,V;IND;PRS;2;SG,55,55,100.0
90L_10NL_2_2,90L_10NL,2,e n l u s ˈi ɾ,V;IND;PRS;2;SG,55,55,100.0
90L_10NL_2_3,90L_10NL,2,e n l u s ˈi ɾ,V;IND;PRS;2;SG,55,55,100.0
90L_10NL_2_4,90L_10NL,2,e n l u s ˈi ɾ,V;IND;PRS;2;SG,55,55,100.0
90L_10NL_2_1,90L_10NL,2,e n l u s ˈi ɾ,V;IND;PRS;3;PL,55,55,100.0
90L_10NL_2_2,90L_10NL,2,e n l u s ˈi ɾ,V;IND;PRS;3;PL,55,55,100.0
90L_10NL_2_3,90L_10NL,2,e n l u s ˈi ɾ,V;IND;PRS;3;PL,55,55,100.0
90L_10NL_2_4,90L_10NL,2,e n l u s ˈi ɾ,V;IND;PRS;3;PL,55,55,100.0
90L_10NL_2_1,90L_10NL,2,e n l u s ˈi ɾ,V;IND;PRS;3;SG,55,55,100.0
90L_10NL_2_2,90L_10NL,2,e n l u s ˈi ɾ,V;IND;PRS;3;SG,55,55,100.0
90L_10NL_2_3,90L_10NL,2,e n l u s ˈi ɾ,V;IND;PRS;3;SG,55,55,100.0
90L_10NL_2_4,90L_10NL,2,e n l u s ˈi ɾ,V;IND;PRS;3;SG,55,55,100.0
90L_10NL_2_1,90L_10NL,2,e n l u s ˈi ɾ,V;SBJV;PRS;1;PL,55,55,100.0
90L_10NL_2_2,90L_10NL,2,e n l u s ˈi ɾ,V;SBJV;PRS;1;PL,55,55,100.0
90L_10NL_2_3,90L_10NL,2,e n l u s ˈi ɾ,V;SBJV;PRS;1;PL,55,55,100.0
90L_10NL_2_4,90L_10NL,2,e n l u s ˈi ɾ,V;SBJV;PRS;1;PL,55,55,100.0
90L_10NL_2_1,90L_10NL,2,e n l u s ˈi ɾ,V;SBJV;PRS;1;SG,55,55,100.0
90L_10NL_2_2,90L_10NL,2,e n l u s ˈi ɾ,V;SBJV;PRS;1;SG,55,55,100.0
90L_10NL_2_3,90L_10NL,2,e n l u s ˈi ɾ,V;SBJV;PRS;1;SG,55,55,100.0
90L_10NL_2_4,90L_10NL,2,e n l u s ˈi ɾ,V;SBJV;PRS;1;SG,55,55,100.0
90L_10NL_2_1,90L_10NL,2,e n l u s ˈi ɾ,V;SBJV;PRS;2;PL,55,55,100.0
90L_10NL_2_2,90L_10NL,2,e n l u s ˈi ɾ,V;SBJV;PRS;2;PL,55,55,100.0
90L_10NL_2_3,90L_10NL,2,e n l u s ˈi ɾ,V;SBJV;PRS;2;PL,55,55,100.0
90L_10NL_2_4,90L_10NL,2,e n l u s ˈi ɾ,V;SBJV;PRS;2;PL,55,55,100.0
90L_10NL_2_1,90L_10NL,2,e n l u s ˈi ɾ,V;SBJV;PRS;2;SG,55,55,100.0
90L_10NL_2_2,90L_10NL,2,e n l u s ˈi ɾ,V;SBJV;PRS;2;SG,55,55,100.0
90L_10NL_2_3,90L_10NL,2,e n l u s ˈi ɾ,V;SBJV;PRS;2;SG,55,55,100.0
90L_10NL_2_4,90L_10NL,2,e n l u s ˈi ɾ,V;SBJV;PRS;2;SG,55,55,100.0
90L_10NL_2_1,90L_10NL,2,e n l u s ˈi ɾ,V;SBJV;PRS;3;PL,55,55,100.0
90L_10NL_2_2,90L_10NL,2,e n l u s ˈi ɾ,V;SBJV;PRS;3;PL,55,55,100.0
90L_10NL_2_3,90L_10NL,2,e n l u s ˈi ɾ,V;SBJV;PRS;3;PL,55,55,100.0
90L_10NL_2_4,90L_10NL,2,e n l u s ˈi ɾ,V;SBJV;PRS;3;PL,55,55,100.0
90L_10NL_2_1,90L_10NL,2,e n l u s ˈi ɾ,V;SBJV;PRS;3;SG,55,55,100.0
90L_10NL_2_2,90L_10NL,2,e n l u s ˈi ɾ,V;SBJV;PRS;3;SG,55,55,100.0
90L_10NL_2_3,90L_10NL,2,e n l u s ˈi ɾ,V;SBJV;PRS;3;SG,55,55,100.0
90L_10NL_2_4,90L_10NL,2,e n l u s ˈi ɾ,V;SBJV;PRS;3;SG,55,55,100.0
90L_10NL_2_1,90L_10NL,2,e s k o s ˈe ɾ,V;IND;PRS;1;PL,55,55,100.0
90L_10NL_2_2,90L_10NL,2,e s k o s ˈe ɾ,V;IND;PRS;1;PL,55,55,100.0
90L_10NL_2_3,90L_10NL,2,e s k o s ˈe ɾ,V;IND;PRS;1;PL,54,55,98.18
90L_10NL_2_4,90L_10NL,2,e s k o s ˈe ɾ,V;IND;PRS;1;PL,55,55,100.0
90L_10NL_2_1,90L_10NL,2,e s k o s ˈe ɾ,V;IND;PRS;1;SG,25,55,45.45
90L_10NL_2_2,90L_10NL,2,e s k o s ˈe ɾ,V;IND;PRS;1;SG,28,55,50.91
90L_10NL_2_3,90L_10NL,2,e s k o s ˈe ɾ,V;IND;PRS;1;SG,17,55,30.91
90L_10NL_2_4,90L_10NL,2,e s k o s ˈe ɾ,V;IND;PRS;1;SG,45,55,81.82
90L_10NL_2_1,90L_10NL,2,e s k o s ˈe ɾ,V;IND;PRS;2;PL,54,55,98.18
90L_10NL_2_2,90L_10NL,2,e s k o s ˈe ɾ,V;IND;PRS;2;PL,55,55,100.0
90L_10NL_2_3,90L_10NL,2,e s k o s ˈe ɾ,V;IND;PRS;2;PL,52,55,94.55
90L_10NL_2_4,90L_10NL,2,e s k o s ˈe ɾ,V;IND;PRS;2;PL,55,55,100.0
90L_10NL_2_1,90L_10NL,2,e s k o s ˈe ɾ,V;IND;PRS;2;SG,17,55,30.91
90L_10NL_2_2,90L_10NL,2,e s k o s ˈe ɾ,V;IND;PRS;2;SG,21,55,38.18
90L_10NL_2_3,90L_10NL,2,e s k o s ˈe ɾ,V;IND;PRS;2;SG,16,55,29.09
90L_10NL_2_4,90L_10NL,2,e s k o s ˈe ɾ,V;IND;PRS;2;SG,37,55,67.27
90L_10NL_2_1,90L_10NL,2,e s k o s ˈe ɾ,V;IND;PRS;3;PL,18,55,32.73
90L_10NL_2_2,90L_10NL,2,e s k o s ˈe ɾ,V;IND;PRS;3;PL,21,55,38.18
90L_10NL_2_3,90L_10NL,2,e s k o s ˈe ɾ,V;IND;PRS;3;PL,9,55,16.36
90L_10NL_2_4,90L_10NL,2,e s k o s ˈe ɾ,V;IND;PRS;3;PL,37,55,67.27
90L_10NL_2_1,90L_10NL,2,e s k o s ˈe ɾ,V;IND;PRS;3;SG,16,55,29.09
90L_10NL_2_2,90L_10NL,2,e s k o s ˈe ɾ,V;IND;PRS;3;SG,21,55,38.18
90L_10NL_2_3,90L_10NL,2,e s k o s ˈe ɾ,V;IND;PRS;3;SG,15,55,27.27
90L_10NL_2_4,90L_10NL,2,e s k o s ˈe ɾ,V;IND;PRS;3;SG,41,55,74.55
90L_10NL_2_1,90L_10NL,2,e s k o s ˈe ɾ,V;SBJV;PRS;1;PL,55,55,100.0
90L_10NL_2_2,90L_10NL,2,e s k o s ˈe ɾ,V;SBJV;PRS;1;PL,55,55,100.0
90L_10NL_2_3,90L_10NL,2,e s k o s ˈe ɾ,V;SBJV;PRS;1;PL,55,55,100.0
90L_10NL_2_4,90L_10NL,2,e s k o s ˈe ɾ,V;SBJV;PRS;1;PL,55,55,100.0
90L_10NL_2_1,90L_10NL,2,e s k o s ˈe ɾ,V;SBJV;PRS;1;SG,22,55,40.0
90L_10NL_2_2,90L_10NL,2,e s k o s ˈe ɾ,V;SBJV;PRS;1;SG,28,55,50.91
90L_10NL_2_3,90L_10NL,2,e s k o s ˈe ɾ,V;SBJV;PRS;1;SG,16,55,29.09
90L_10NL_2_4,90L_10NL,2,e s k o s ˈe ɾ,V;SBJV;PRS;1;SG,45,55,81.82
90L_10NL_2_1,90L_10NL,2,e s k o s ˈe ɾ,V;SBJV;PRS;2;PL,52,55,94.55
90L_10NL_2_2,90L_10NL,2,e s k o s ˈe ɾ,V;SBJV;PRS;2;PL,55,55,100.0
90L_10NL_2_3,90L_10NL,2,e s k o s ˈe ɾ,V;SBJV;PRS;2;PL,55,55,100.0
90L_10NL_2_4,90L_10NL,2,e s k o s ˈe ɾ,V;SBJV;PRS;2;PL,55,55,100.0
90L_10NL_2_1,90L_10NL,2,e s k o s ˈe ɾ,V;SBJV;PRS;2;SG,19,55,34.55
90L_10NL_2_2,90L_10NL,2,e s k o s ˈe ɾ,V;SBJV;PRS;2;SG,25,55,45.45
90L_10NL_2_3,90L_10NL,2,e s k o s ˈe ɾ,V;SBJV;PRS;2;SG,19,55,34.55
90L_10NL_2_4,90L_10NL,2,e s k o s ˈe ɾ,V;SBJV;PRS;2;SG,43,55,78.18
90L_10NL_2_1,90L_10NL,2,e s k o s ˈe ɾ,V;SBJV;PRS;3;PL,23,55,41.82
90L_10NL_2_2,90L_10NL,2,e s k o s ˈe ɾ,V;SBJV;PRS;3;PL,26,55,47.27
90L_10NL_2_3,90L_10NL,2,e s k o s ˈe ɾ,V;SBJV;PRS;3;PL,18,55,32.73
90L_10NL_2_4,90L_10NL,2,e s k o s ˈe ɾ,V;SBJV;PRS;3;PL,42,55,76.36
90L_10NL_2_1,90L_10NL,2,e s k o s ˈe ɾ,V;SBJV;PRS;3;SG,22,55,40.0
90L_10NL_2_2,90L_10NL,2,e s k o s ˈe ɾ,V;SBJV;PRS;3;SG,27,55,49.09
90L_10NL_2_3,90L_10NL,2,e s k o s ˈe ɾ,V;SBJV;PRS;3;SG,18,55,32.73
90L_10NL_2_4,90L_10NL,2,e s k o s ˈe ɾ,V;SBJV;PRS;3;SG,44,55,80.0
90L_10NL_2_1,90L_10NL,2,e x e ɾ s ˈe ɾ,V;IND;PRS;1;PL,41,55,74.55
90L_10NL_2_2,90L_10NL,2,e x e ɾ s ˈe ɾ,V;IND;PRS;1;PL,0,55,0.0
90L_10NL_2_3,90L_10NL,2,e x e ɾ s ˈe ɾ,V;IND;PRS;1;PL,0,55,0.0
90L_10NL_2_4,90L_10NL,2,e x e ɾ s ˈe ɾ,V;IND;PRS;1;PL,34,55,61.82
90L_10NL_2_1,90L_10NL,2,e x e ɾ s ˈe ɾ,V;IND;PRS;1;SG,38,55,69.09
90L_10NL_2_2,90L_10NL,2,e x e ɾ s ˈe ɾ,V;IND;PRS;1;SG,51,55,92.73
90L_10NL_2_3,90L_10NL,2,e x e ɾ s ˈe ɾ,V;IND;PRS;1;SG,54,55,98.18
90L_10NL_2_4,90L_10NL,2,e x e ɾ s ˈe ɾ,V;IND;PRS;1;SG,27,55,49.09
90L_10NL_2_1,90L_10NL,2,e x e ɾ s ˈe ɾ,V;IND;PRS;2;PL,50,55,90.91
90L_10NL_2_2,90L_10NL,2,e x e ɾ s ˈe ɾ,V;IND;PRS;2;PL,0,55,0.0
90L_10NL_2_3,90L_10NL,2,e x e ɾ s ˈe ɾ,V;IND;PRS;2;PL,0,55,0.0
90L_10NL_2_4,90L_10NL,2,e x e ɾ s ˈe ɾ,V;IND;PRS;2;PL,34,55,61.82
90L_10NL_2_1,90L_10NL,2,e x e ɾ s ˈe ɾ,V;IND;PRS;2;SG,34,55,61.82
90L_10NL_2_2,90L_10NL,2,e x e ɾ s ˈe ɾ,V;IND;PRS;2;SG,41,55,74.55
90L_10NL_2_3,90L_10NL,2,e x e ɾ s ˈe ɾ,V;IND;PRS;2;SG,54,55,98.18
90L_10NL_2_4,90L_10NL,2,e x e ɾ s ˈe ɾ,V;IND;PRS;2;SG,25,55,45.45
90L_10NL_2_1,90L_10NL,2,e x e ɾ s ˈe ɾ,V;IND;PRS;3;PL,29,55,52.73
90L_10NL_2_2,90L_10NL,2,e x e ɾ s ˈe ɾ,V;IND;PRS;3;PL,43,55,78.18
90L_10NL_2_3,90L_10NL,2,e x e ɾ s ˈe ɾ,V;IND;PRS;3;PL,53,55,96.36
90L_10NL_2_4,90L_10NL,2,e x e ɾ s ˈe ɾ,V;IND;PRS;3;PL,25,55,45.45
90L_10NL_2_1,90L_10NL,2,e x e ɾ s ˈe ɾ,V;IND;PRS;3;SG,32,55,58.18
90L_10NL_2_2,90L_10NL,2,e x e ɾ s ˈe ɾ,V;IND;PRS;3;SG,44,55,80.0
90L_10NL_2_3,90L_10NL,2,e x e ɾ s ˈe ɾ,V;IND;PRS;3;SG,54,55,98.18
90L_10NL_2_4,90L_10NL,2,e x e ɾ s ˈe ɾ,V;IND;PRS;3;SG,25,55,45.45
90L_10NL_2_1,90L_10NL,2,e x e ɾ s ˈe ɾ,V;SBJV;PRS;1;PL,28,55,50.91
90L_10NL_2_2,90L_10NL,2,e x e ɾ s ˈe ɾ,V;SBJV;PRS;1;PL,0,55,0.0
90L_10NL_2_3,90L_10NL,2,e x e ɾ s ˈe ɾ,V;SBJV;PRS;1;PL,0,55,0.0
90L_10NL_2_4,90L_10NL,2,e x e ɾ s ˈe ɾ,V;SBJV;PRS;1;PL,31,55,56.36
90L_10NL_2_1,90L_10NL,2,e x e ɾ s ˈe ɾ,V;SBJV;PRS;1;SG,44,55,80.0
90L_10NL_2_2,90L_10NL,2,e x e ɾ s ˈe ɾ,V;SBJV;PRS;1;SG,54,55,98.18
90L_10NL_2_3,90L_10NL,2,e x e ɾ s ˈe ɾ,V;SBJV;PRS;1;SG,54,55,98.18
90L_10NL_2_4,90L_10NL,2,e x e ɾ s ˈe ɾ,V;SBJV;PRS;1;SG,27,55,49.09
90L_10NL_2_1,90L_10NL,2,e x e ɾ s ˈe ɾ,V;SBJV;PRS;2;PL,32,55,58.18
90L_10NL_2_2,90L_10NL,2,e x e ɾ s ˈe ɾ,V;SBJV;PRS;2;PL,0,55,0.0
90L_10NL_2_3,90L_10NL,2,e x e ɾ s ˈe ɾ,V;SBJV;PRS;2;PL,0,55,0.0
90L_10NL_2_4,90L_10NL,2,e x e ɾ s ˈe ɾ,V;SBJV;PRS;2;PL,31,55,56.36
90L_10NL_2_1,90L_10NL,2,e x e ɾ s ˈe ɾ,V;SBJV;PRS;2;SG,42,55,76.36
90L_10NL_2_2,90L_10NL,2,e x e ɾ s ˈe ɾ,V;SBJV;PRS;2;SG,53,55,96.36
90L_10NL_2_3,90L_10NL,2,e x e ɾ s ˈe ɾ,V;SBJV;PRS;2;SG,54,55,98.18
90L_10NL_2_4,90L_10NL,2,e x e ɾ s ˈe ɾ,V;SBJV;PRS;2;SG,27,55,49.09
90L_10NL_2_1,90L_10NL,2,e x e ɾ s ˈe ɾ,V;SBJV;PRS;3;PL,37,55,67.27
90L_10NL_2_2,90L_10NL,2,e x e ɾ s ˈe ɾ,V;SBJV;PRS;3;PL,54,55,98.18
90L_10NL_2_3,90L_10NL,2,e x e ɾ s ˈe ɾ,V;SBJV;PRS;3;PL,55,55,100.0
90L_10NL_2_4,90L_10NL,2,e x e ɾ s ˈe ɾ,V;SBJV;PRS;3;PL,27,55,49.09
90L_10NL_2_1,90L_10NL,2,e x e ɾ s ˈe ɾ,V;SBJV;PRS;3;SG,42,55,76.36
90L_10NL_2_2,90L_10NL,2,e x e ɾ s ˈe ɾ,V;SBJV;PRS;3;SG,54,55,98.18
90L_10NL_2_3,90L_10NL,2,e x e ɾ s ˈe ɾ,V;SBJV;PRS;3;SG,53,55,96.36
90L_10NL_2_4,90L_10NL,2,e x e ɾ s ˈe ɾ,V;SBJV;PRS;3;SG,27,55,49.09
90L_10NL_2_1,90L_10NL,2,e ɾ i ç ˈi ɾ,V;IND;PRS;1;PL,0,55,0.0
90L_10NL_2_2,90L_10NL,2,e ɾ i ç ˈi ɾ,V;IND;PRS;1;PL,29,55,52.73
90L_10NL_2_3,90L_10NL,2,e ɾ i ç ˈi ɾ,V;IND;PRS;1;PL,11,55,20.0
90L_10NL_2_4,90L_10NL,2,e ɾ i ç ˈi ɾ,V;IND;PRS;1;PL,0,55,0.0
90L_10NL_2_1,90L_10NL,2,e ɾ i ç ˈi ɾ,V;IND;PRS;1;SG,55,55,100.0
90L_10NL_2_2,90L_10NL,2,e ɾ i ç ˈi ɾ,V;IND;PRS;1;SG,55,55,100.0
90L_10NL_2_3,90L_10NL,2,e ɾ i ç ˈi ɾ,V;IND;PRS;1;SG,55,55,100.0
90L_10NL_2_4,90L_10NL,2,e ɾ i ç ˈi ɾ,V;IND;PRS;1;SG,55,55,100.0
90L_10NL_2_1,90L_10NL,2,e ɾ i ç ˈi ɾ,V;IND;PRS;2;PL,0,55,0.0
90L_10NL_2_2,90L_10NL,2,e ɾ i ç ˈi ɾ,V;IND;PRS;2;PL,46,55,83.64
90L_10NL_2_3,90L_10NL,2,e ɾ i ç ˈi ɾ,V;IND;PRS;2;PL,18,55,32.73
90L_10NL_2_4,90L_10NL,2,e ɾ i ç ˈi ɾ,V;IND;PRS;2;PL,0,55,0.0
90L_10NL_2_1,90L_10NL,2,e ɾ i ç ˈi ɾ,V;IND;PRS;2;SG,55,55,100.0
90L_10NL_2_2,90L_10NL,2,e ɾ i ç ˈi ɾ,V;IND;PRS;2;SG,55,55,100.0
90L_10NL_2_3,90L_10NL,2,e ɾ i ç ˈi ɾ,V;IND;PRS;2;SG,55,55,100.0
90L_10NL_2_4,90L_10NL,2,e ɾ i ç ˈi ɾ,V;IND;PRS;2;SG,55,55,100.0
90L_10NL_2_1,90L_10NL,2,e ɾ i ç ˈi ɾ,V;IND;PRS;3;PL,55,55,100.0
90L_10NL_2_2,90L_10NL,2,e ɾ i ç ˈi ɾ,V;IND;PRS;3;PL,55,55,100.0
90L_10NL_2_3,90L_10NL,2,e ɾ i ç ˈi ɾ,V;IND;PRS;3;PL,55,55,100.0
90L_10NL_2_4,90L_10NL,2,e ɾ i ç ˈi ɾ,V;IND;PRS;3;PL,55,55,100.0
90L_10NL_2_1,90L_10NL,2,e ɾ i ç ˈi ɾ,V;IND;PRS;3;SG,55,55,100.0
90L_10NL_2_2,90L_10NL,2,e ɾ i ç ˈi ɾ,V;IND;PRS;3;SG,55,55,100.0
90L_10NL_2_3,90L_10NL,2,e ɾ i ç ˈi ɾ,V;IND;PRS;3;SG,55,55,100.0
90L_10NL_2_4,90L_10NL,2,e ɾ i ç ˈi ɾ,V;IND;PRS;3;SG,55,55,100.0
90L_10NL_2_1,90L_10NL,2,e ɾ i ç ˈi ɾ,V;SBJV;PRS;1;PL,55,55,100.0
90L_10NL_2_2,90L_10NL,2,e ɾ i ç ˈi ɾ,V;SBJV;PRS;1;PL,55,55,100.0
90L_10NL_2_3,90L_10NL,2,e ɾ i ç ˈi ɾ,V;SBJV;PRS;1;PL,55,55,100.0
90L_10NL_2_4,90L_10NL,2,e ɾ i ç ˈi ɾ,V;SBJV;PRS;1;PL,37,55,67.27
90L_10NL_2_1,90L_10NL,2,e ɾ i ç ˈi ɾ,V;SBJV;PRS;1;SG,55,55,100.0
90L_10NL_2_2,90L_10NL,2,e ɾ i ç ˈi ɾ,V;SBJV;PRS;1;SG,55,55,100.0
90L_10NL_2_3,90L_10NL,2,e ɾ i ç ˈi ɾ,V;SBJV;PRS;1;SG,55,55,100.0
90L_10NL_2_4,90L_10NL,2,e ɾ i ç ˈi ɾ,V;SBJV;PRS;1;SG,55,55,100.0
90L_10NL_2_1,90L_10NL,2,e ɾ i ç ˈi ɾ,V;SBJV;PRS;2;PL,55,55,100.0
90L_10NL_2_2,90L_10NL,2,e ɾ i ç ˈi ɾ,V;SBJV;PRS;2;PL,55,55,100.0
90L_10NL_2_3,90L_10NL,2,e ɾ i ç ˈi ɾ,V;SBJV;PRS;2;PL,55,55,100.0
90L_10NL_2_4,90L_10NL,2,e ɾ i ç ˈi ɾ,V;SBJV;PRS;2;PL,35,55,63.64
90L_10NL_2_1,90L_10NL,2,e ɾ i ç ˈi ɾ,V;SBJV;PRS;2;SG,55,55,100.0
90L_10NL_2_2,90L_10NL,2,e ɾ i ç ˈi ɾ,V;SBJV;PRS;2;SG,55,55,100.0
90L_10NL_2_3,90L_10NL,2,e ɾ i ç ˈi ɾ,V;SBJV;PRS;2;SG,55,55,100.0
90L_10NL_2_4,90L_10NL,2,e ɾ i ç ˈi ɾ,V;SBJV;PRS;2;SG,55,55,100.0
90L_10NL_2_1,90L_10NL,2,e ɾ i ç ˈi ɾ,V;SBJV;PRS;3;PL,55,55,100.0
90L_10NL_2_2,90L_10NL,2,e ɾ i ç ˈi ɾ,V;SBJV;PRS;3;PL,55,55,100.0
90L_10NL_2_3,90L_10NL,2,e ɾ i ç ˈi ɾ,V;SBJV;PRS;3;PL,55,55,100.0
90L_10NL_2_4,90L_10NL,2,e ɾ i ç ˈi ɾ,V;SBJV;PRS;3;PL,55,55,100.0
90L_10NL_2_1,90L_10NL,2,e ɾ i ç ˈi ɾ,V;SBJV;PRS;3;SG,55,55,100.0
90L_10NL_2_2,90L_10NL,2,e ɾ i ç ˈi ɾ,V;SBJV;PRS;3;SG,55,55,100.0
90L_10NL_2_3,90L_10NL,2,e ɾ i ç ˈi ɾ,V;SBJV;PRS;3;SG,55,55,100.0
90L_10NL_2_4,90L_10NL,2,e ɾ i ç ˈi ɾ,V;SBJV;PRS;3;SG,55,55,100.0
90L_10NL_2_1,90L_10NL,2,f u n ç ˈi ɾ,V;IND;PRS;1;PL,55,55,100.0
90L_10NL_2_2,90L_10NL,2,f u n ç ˈi ɾ,V;IND;PRS;1;PL,55,55,100.0
90L_10NL_2_3,90L_10NL,2,f u n ç ˈi ɾ,V;IND;PRS;1;PL,55,55,100.0
90L_10NL_2_4,90L_10NL,2,f u n ç ˈi ɾ,V;IND;PRS;1;PL,55,55,100.0
90L_10NL_2_1,90L_10NL,2,f u n ç ˈi ɾ,V;IND;PRS;1;SG,55,55,100.0
90L_10NL_2_2,90L_10NL,2,f u n ç ˈi ɾ,V;IND;PRS;1;SG,55,55,100.0
90L_10NL_2_3,90L_10NL,2,f u n ç ˈi ɾ,V;IND;PRS;1;SG,55,55,100.0
90L_10NL_2_4,90L_10NL,2,f u n ç ˈi ɾ,V;IND;PRS;1;SG,55,55,100.0
90L_10NL_2_1,90L_10NL,2,f u n ç ˈi ɾ,V;IND;PRS;2;PL,55,55,100.0
90L_10NL_2_2,90L_10NL,2,f u n ç ˈi ɾ,V;IND;PRS;2;PL,55,55,100.0
90L_10NL_2_3,90L_10NL,2,f u n ç ˈi ɾ,V;IND;PRS;2;PL,55,55,100.0
90L_10NL_2_4,90L_10NL,2,f u n ç ˈi ɾ,V;IND;PRS;2;PL,55,55,100.0
90L_10NL_2_1,90L_10NL,2,f u n ç ˈi ɾ,V;IND;PRS;2;SG,55,55,100.0
90L_10NL_2_2,90L_10NL,2,f u n ç ˈi ɾ,V;IND;PRS;2;SG,55,55,100.0
90L_10NL_2_3,90L_10NL,2,f u n ç ˈi ɾ,V;IND;PRS;2;SG,55,55,100.0
90L_10NL_2_4,90L_10NL,2,f u n ç ˈi ɾ,V;IND;PRS;2;SG,55,55,100.0
90L_10NL_2_1,90L_10NL,2,f u n ç ˈi ɾ,V;IND;PRS;3;PL,55,55,100.0
90L_10NL_2_2,90L_10NL,2,f u n ç ˈi ɾ,V;IND;PRS;3;PL,55,55,100.0
90L_10NL_2_3,90L_10NL,2,f u n ç ˈi ɾ,V;IND;PRS;3;PL,55,55,100.0
90L_10NL_2_4,90L_10NL,2,f u n ç ˈi ɾ,V;IND;PRS;3;PL,55,55,100.0
90L_10NL_2_1,90L_10NL,2,f u n ç ˈi ɾ,V;IND;PRS;3;SG,55,55,100.0
90L_10NL_2_2,90L_10NL,2,f u n ç ˈi ɾ,V;IND;PRS;3;SG,55,55,100.0
90L_10NL_2_3,90L_10NL,2,f u n ç ˈi ɾ,V;IND;PRS;3;SG,55,55,100.0
90L_10NL_2_4,90L_10NL,2,f u n ç ˈi ɾ,V;IND;PRS;3;SG,55,55,100.0
90L_10NL_2_1,90L_10NL,2,f u n ç ˈi ɾ,V;SBJV;PRS;1;PL,55,55,100.0
90L_10NL_2_2,90L_10NL,2,f u n ç ˈi ɾ,V;SBJV;PRS;1;PL,55,55,100.0
90L_10NL_2_3,90L_10NL,2,f u n ç ˈi ɾ,V;SBJV;PRS;1;PL,55,55,100.0
90L_10NL_2_4,90L_10NL,2,f u n ç ˈi ɾ,V;SBJV;PRS;1;PL,55,55,100.0
90L_10NL_2_1,90L_10NL,2,f u n ç ˈi ɾ,V;SBJV;PRS;1;SG,55,55,100.0
90L_10NL_2_2,90L_10NL,2,f u n ç ˈi ɾ,V;SBJV;PRS;1;SG,55,55,100.0
90L_10NL_2_3,90L_10NL,2,f u n ç ˈi ɾ,V;SBJV;PRS;1;SG,55,55,100.0
90L_10NL_2_4,90L_10NL,2,f u n ç ˈi ɾ,V;SBJV;PRS;1;SG,55,55,100.0
90L_10NL_2_1,90L_10NL,2,f u n ç ˈi ɾ,V;SBJV;PRS;2;PL,55,55,100.0
90L_10NL_2_2,90L_10NL,2,f u n ç ˈi ɾ,V;SBJV;PRS;2;PL,55,55,100.0
90L_10NL_2_3,90L_10NL,2,f u n ç ˈi ɾ,V;SBJV;PRS;2;PL,55,55,100.0
90L_10NL_2_4,90L_10NL,2,f u n ç ˈi ɾ,V;SBJV;PRS;2;PL,55,55,100.0
90L_10NL_2_1,90L_10NL,2,f u n ç ˈi ɾ,V;SBJV;PRS;2;SG,55,55,100.0
90L_10NL_2_2,90L_10NL,2,f u n ç ˈi ɾ,V;SBJV;PRS;2;SG,55,55,100.0
90L_10NL_2_3,90L_10NL,2,f u n ç ˈi ɾ,V;SBJV;PRS;2;SG,55,55,100.0
90L_10NL_2_4,90L_10NL,2,f u n ç ˈi ɾ,V;SBJV;PRS;2;SG,55,55,100.0
90L_10NL_2_1,90L_10NL,2,f u n ç ˈi ɾ,V;SBJV;PRS;3;PL,55,55,100.0
90L_10NL_2_2,90L_10NL,2,f u n ç ˈi ɾ,V;SBJV;PRS;3;PL,55,55,100.0
90L_10NL_2_3,90L_10NL,2,f u n ç ˈi ɾ,V;SBJV;PRS;3;PL,55,55,100.0
90L_10NL_2_4,90L_10NL,2,f u n ç ˈi ɾ,V;SBJV;PRS;3;PL,55,55,100.0
90L_10NL_2_1,90L_10NL,2,f u n ç ˈi ɾ,V;SBJV;PRS;3;SG,55,55,100.0
90L_10NL_2_2,90L_10NL,2,f u n ç ˈi ɾ,V;SBJV;PRS;3;SG,55,55,100.0
90L_10NL_2_3,90L_10NL,2,f u n ç ˈi ɾ,V;SBJV;PRS;3;SG,55,55,100.0
90L_10NL_2_4,90L_10NL,2,f u n ç ˈi ɾ,V;SBJV;PRS;3;SG,55,55,100.0
90L_10NL_2_1,90L_10NL,2,f ɾ a n ç ˈi ɾ,V;IND;PRS;1;PL,55,55,100.0
90L_10NL_2_2,90L_10NL,2,f ɾ a n ç ˈi ɾ,V;IND;PRS;1;PL,55,55,100.0
90L_10NL_2_3,90L_10NL,2,f ɾ a n ç ˈi ɾ,V;IND;PRS;1;PL,55,55,100.0
90L_10NL_2_4,90L_10NL,2,f ɾ a n ç ˈi ɾ,V;IND;PRS;1;PL,55,55,100.0
90L_10NL_2_1,90L_10NL,2,f ɾ a n ç ˈi ɾ,V;IND;PRS;1;SG,55,55,100.0
90L_10NL_2_2,90L_10NL,2,f ɾ a n ç ˈi ɾ,V;IND;PRS;1;SG,55,55,100.0
90L_10NL_2_3,90L_10NL,2,f ɾ a n ç ˈi ɾ,V;IND;PRS;1;SG,55,55,100.0
90L_10NL_2_4,90L_10NL,2,f ɾ a n ç ˈi ɾ,V;IND;PRS;1;SG,55,55,100.0
90L_10NL_2_1,90L_10NL,2,f ɾ a n ç ˈi ɾ,V;IND;PRS;2;PL,55,55,100.0
90L_10NL_2_2,90L_10NL,2,f ɾ a n ç ˈi ɾ,V;IND;PRS;2;PL,55,55,100.0
90L_10NL_2_3,90L_10NL,2,f ɾ a n ç ˈi ɾ,V;IND;PRS;2;PL,55,55,100.0
90L_10NL_2_4,90L_10NL,2,f ɾ a n ç ˈi ɾ,V;IND;PRS;2;PL,55,55,100.0
90L_10NL_2_1,90L_10NL,2,f ɾ a n ç ˈi ɾ,V;IND;PRS;2;SG,55,55,100.0
90L_10NL_2_2,90L_10NL,2,f ɾ a n ç ˈi ɾ,V;IND;PRS;2;SG,55,55,100.0
90L_10NL_2_3,90L_10NL,2,f ɾ a n ç ˈi ɾ,V;IND;PRS;2;SG,55,55,100.0
90L_10NL_2_4,90L_10NL,2,f ɾ a n ç ˈi ɾ,V;IND;PRS;2;SG,55,55,100.0
90L_10NL_2_1,90L_10NL,2,f ɾ a n ç ˈi ɾ,V;IND;PRS;3;PL,52,55,94.55
90L_10NL_2_2,90L_10NL,2,f ɾ a n ç ˈi ɾ,V;IND;PRS;3;PL,55,55,100.0
90L_10NL_2_3,90L_10NL,2,f ɾ a n ç ˈi ɾ,V;IND;PRS;3;PL,55,55,100.0
90L_10NL_2_4,90L_10NL,2,f ɾ a n ç ˈi ɾ,V;IND;PRS;3;PL,55,55,100.0
90L_10NL_2_1,90L_10NL,2,f ɾ a n ç ˈi ɾ,V;IND;PRS;3;SG,54,55,98.18
90L_10NL_2_2,90L_10NL,2,f ɾ a n ç ˈi ɾ,V;IND;PRS;3;SG,55,55,100.0
90L_10NL_2_3,90L_10NL,2,f ɾ a n ç ˈi ɾ,V;IND;PRS;3;SG,55,55,100.0
90L_10NL_2_4,90L_10NL,2,f ɾ a n ç ˈi ɾ,V;IND;PRS;3;SG,55,55,100.0
90L_10NL_2_1,90L_10NL,2,f ɾ a n ç ˈi ɾ,V;SBJV;PRS;1;PL,55,55,100.0
90L_10NL_2_2,90L_10NL,2,f ɾ a n ç ˈi ɾ,V;SBJV;PRS;1;PL,55,55,100.0
90L_10NL_2_3,90L_10NL,2,f ɾ a n ç ˈi ɾ,V;SBJV;PRS;1;PL,55,55,100.0
90L_10NL_2_4,90L_10NL,2,f ɾ a n ç ˈi ɾ,V;SBJV;PRS;1;PL,55,55,100.0
90L_10NL_2_1,90L_10NL,2,f ɾ a n ç ˈi ɾ,V;SBJV;PRS;1;SG,55,55,100.0
90L_10NL_2_2,90L_10NL,2,f ɾ a n ç ˈi ɾ,V;SBJV;PRS;1;SG,55,55,100.0
90L_10NL_2_3,90L_10NL,2,f ɾ a n ç ˈi ɾ,V;SBJV;PRS;1;SG,55,55,100.0
90L_10NL_2_4,90L_10NL,2,f ɾ a n ç ˈi ɾ,V;SBJV;PRS;1;SG,55,55,100.0
90L_10NL_2_1,90L_10NL,2,f ɾ a n ç ˈi ɾ,V;SBJV;PRS;2;PL,55,55,100.0
90L_10NL_2_2,90L_10NL,2,f ɾ a n ç ˈi ɾ,V;SBJV;PRS;2;PL,55,55,100.0
90L_10NL_2_3,90L_10NL,2,f ɾ a n ç ˈi ɾ,V;SBJV;PRS;2;PL,55,55,100.0
90L_10NL_2_4,90L_10NL,2,f ɾ a n ç ˈi ɾ,V;SBJV;PRS;2;PL,55,55,100.0
90L_10NL_2_1,90L_10NL,2,f ɾ a n ç ˈi ɾ,V;SBJV;PRS;2;SG,55,55,100.0
90L_10NL_2_2,90L_10NL,2,f ɾ a n ç ˈi ɾ,V;SBJV;PRS;2;SG,55,55,100.0
90L_10NL_2_3,90L_10NL,2,f ɾ a n ç ˈi ɾ,V;SBJV;PRS;2;SG,55,55,100.0
90L_10NL_2_4,90L_10NL,2,f ɾ a n ç ˈi ɾ,V;SBJV;PRS;2;SG,55,55,100.0
90L_10NL_2_1,90L_10NL,2,f ɾ a n ç ˈi ɾ,V;SBJV;PRS;3;PL,55,55,100.0
90L_10NL_2_2,90L_10NL,2,f ɾ a n ç ˈi ɾ,V;SBJV;PRS;3;PL,55,55,100.0
90L_10NL_2_3,90L_10NL,2,f ɾ a n ç ˈi ɾ,V;SBJV;PRS;3;PL,55,55,100.0
90L_10NL_2_4,90L_10NL,2,f ɾ a n ç ˈi ɾ,V;SBJV;PRS;3;PL,55,55,100.0
90L_10NL_2_1,90L_10NL,2,f ɾ a n ç ˈi ɾ,V;SBJV;PRS;3;SG,55,55,100.0
90L_10NL_2_2,90L_10NL,2,f ɾ a n ç ˈi ɾ,V;SBJV;PRS;3;SG,55,55,100.0
90L_10NL_2_3,90L_10NL,2,f ɾ a n ç ˈi ɾ,V;SBJV;PRS;3;SG,55,55,100.0
90L_10NL_2_4,90L_10NL,2,f ɾ a n ç ˈi ɾ,V;SBJV;PRS;3;SG,55,55,100.0
90L_10NL_2_1,90L_10NL,2,i n t e l i ç ˈi ɾ,V;IND;PRS;1;PL,35,55,63.64
90L_10NL_2_2,90L_10NL,2,i n t e l i ç ˈi ɾ,V;IND;PRS;1;PL,54,55,98.18
90L_10NL_2_3,90L_10NL,2,i n t e l i ç ˈi ɾ,V;IND;PRS;1;PL,0,55,0.0
90L_10NL_2_4,90L_10NL,2,i n t e l i ç ˈi ɾ,V;IND;PRS;1;PL,0,55,0.0
90L_10NL_2_1,90L_10NL,2,i n t e l i ç ˈi ɾ,V;IND;PRS;1;SG,55,55,100.0
90L_10NL_2_2,90L_10NL,2,i n t e l i ç ˈi ɾ,V;IND;PRS;1;SG,55,55,100.0
90L_10NL_2_3,90L_10NL,2,i n t e l i ç ˈi ɾ,V;IND;PRS;1;SG,51,55,92.73
90L_10NL_2_4,90L_10NL,2,i n t e l i ç ˈi ɾ,V;IND;PRS;1;SG,55,55,100.0
90L_10NL_2_1,90L_10NL,2,i n t e l i ç ˈi ɾ,V;IND;PRS;2;PL,36,55,65.45
90L_10NL_2_2,90L_10NL,2,i n t e l i ç ˈi ɾ,V;IND;PRS;2;PL,55,55,100.0
90L_10NL_2_3,90L_10NL,2,i n t e l i ç ˈi ɾ,V;IND;PRS;2;PL,0,55,0.0
90L_10NL_2_4,90L_10NL,2,i n t e l i ç ˈi ɾ,V;IND;PRS;2;PL,0,55,0.0
90L_10NL_2_1,90L_10NL,2,i n t e l i ç ˈi ɾ,V;IND;PRS;2;SG,55,55,100.0
90L_10NL_2_2,90L_10NL,2,i n t e l i ç ˈi ɾ,V;IND;PRS;2;SG,55,55,100.0
90L_10NL_2_3,90L_10NL,2,i n t e l i ç ˈi ɾ,V;IND;PRS;2;SG,44,55,80.0
90L_10NL_2_4,90L_10NL,2,i n t e l i ç ˈi ɾ,V;IND;PRS;2;SG,55,55,100.0
90L_10NL_2_1,90L_10NL,2,i n t e l i ç ˈi ɾ,V;IND;PRS;3;PL,55,55,100.0
90L_10NL_2_2,90L_10NL,2,i n t e l i ç ˈi ɾ,V;IND;PRS;3;PL,55,55,100.0
90L_10NL_2_3,90L_10NL,2,i n t e l i ç ˈi ɾ,V;IND;PRS;3;PL,45,55,81.82
90L_10NL_2_4,90L_10NL,2,i n t e l i ç ˈi ɾ,V;IND;PRS;3;PL,55,55,100.0
90L_10NL_2_1,90L_10NL,2,i n t e l i ç ˈi ɾ,V;IND;PRS;3;SG,55,55,100.0
90L_10NL_2_2,90L_10NL,2,i n t e l i ç ˈi ɾ,V;IND;PRS;3;SG,55,55,100.0
90L_10NL_2_3,90L_10NL,2,i n t e l i ç ˈi ɾ,V;IND;PRS;3;SG,44,55,80.0
90L_10NL_2_4,90L_10NL,2,i n t e l i ç ˈi ɾ,V;IND;PRS;3;SG,55,55,100.0
90L_10NL_2_1,90L_10NL,2,i n t e l i ç ˈi ɾ,V;SBJV;PRS;1;PL,55,55,100.0
90L_10NL_2_2,90L_10NL,2,i n t e l i ç ˈi ɾ,V;SBJV;PRS;1;PL,55,55,100.0
90L_10NL_2_3,90L_10NL,2,i n t e l i ç ˈi ɾ,V;SBJV;PRS;1;PL,55,55,100.0
90L_10NL_2_4,90L_10NL,2,i n t e l i ç ˈi ɾ,V;SBJV;PRS;1;PL,55,55,100.0
90L_10NL_2_1,90L_10NL,2,i n t e l i ç ˈi ɾ,V;SBJV;PRS;1;SG,55,55,100.0
90L_10NL_2_2,90L_10NL,2,i n t e l i ç ˈi ɾ,V;SBJV;PRS;1;SG,55,55,100.0
90L_10NL_2_3,90L_10NL,2,i n t e l i ç ˈi ɾ,V;SBJV;PRS;1;SG,47,55,85.45
90L_10NL_2_4,90L_10NL,2,i n t e l i ç ˈi ɾ,V;SBJV;PRS;1;SG,55,55,100.0
90L_10NL_2_1,90L_10NL,2,i n t e l i ç ˈi ɾ,V;SBJV;PRS;2;PL,55,55,100.0
90L_10NL_2_2,90L_10NL,2,i n t e l i ç ˈi ɾ,V;SBJV;PRS;2;PL,55,55,100.0
90L_10NL_2_3,90L_10NL,2,i n t e l i ç ˈi ɾ,V;SBJV;PRS;2;PL,55,55,100.0
90L_10NL_2_4,90L_10NL,2,i n t e l i ç ˈi ɾ,V;SBJV;PRS;2;PL,55,55,100.0
90L_10NL_2_1,90L_10NL,2,i n t e l i ç ˈi ɾ,V;SBJV;PRS;2;SG,55,55,100.0
90L_10NL_2_2,90L_10NL,2,i n t e l i ç ˈi ɾ,V;SBJV;PRS;2;SG,55,55,100.0
90L_10NL_2_3,90L_10NL,2,i n t e l i ç ˈi ɾ,V;SBJV;PRS;2;SG,51,55,92.73
90L_10NL_2_4,90L_10NL,2,i n t e l i ç ˈi ɾ,V;SBJV;PRS;2;SG,55,55,100.0
90L_10NL_2_1,90L_10NL,2,i n t e l i ç ˈi ɾ,V;SBJV;PRS;3;PL,55,55,100.0
90L_10NL_2_2,90L_10NL,2,i n t e l i ç ˈi ɾ,V;SBJV;PRS;3;PL,55,55,100.0
90L_10NL_2_3,90L_10NL,2,i n t e l i ç ˈi ɾ,V;SBJV;PRS;3;PL,47,55,85.45
90L_10NL_2_4,90L_10NL,2,i n t e l i ç ˈi ɾ,V;SBJV;PRS;3;PL,55,55,100.0
90L_10NL_2_1,90L_10NL,2,i n t e l i ç ˈi ɾ,V;SBJV;PRS;3;SG,55,55,100.0
90L_10NL_2_2,90L_10NL,2,i n t e l i ç ˈi ɾ,V;SBJV;PRS;3;SG,55,55,100.0
90L_10NL_2_3,90L_10NL,2,i n t e l i ç ˈi ɾ,V;SBJV;PRS;3;SG,47,55,85.45
90L_10NL_2_4,90L_10NL,2,i n t e l i ç ˈi ɾ,V;SBJV;PRS;3;SG,55,55,100.0
90L_10NL_2_1,90L_10NL,2,i n t e ɾ b e n ˈi ɾ,V;IND;PRS;1;PL,55,55,100.0
90L_10NL_2_2,90L_10NL,2,i n t e ɾ b e n ˈi ɾ,V;IND;PRS;1;PL,55,55,100.0
90L_10NL_2_3,90L_10NL,2,i n t e ɾ b e n ˈi ɾ,V;IND;PRS;1;PL,55,55,100.0
90L_10NL_2_4,90L_10NL,2,i n t e ɾ b e n ˈi ɾ,V;IND;PRS;1;PL,55,55,100.0
90L_10NL_2_1,90L_10NL,2,i n t e ɾ b e n ˈi ɾ,V;IND;PRS;1;SG,55,55,100.0
90L_10NL_2_2,90L_10NL,2,i n t e ɾ b e n ˈi ɾ,V;IND;PRS;1;SG,55,55,100.0
90L_10NL_2_3,90L_10NL,2,i n t e ɾ b e n ˈi ɾ,V;IND;PRS;1;SG,55,55,100.0
90L_10NL_2_4,90L_10NL,2,i n t e ɾ b e n ˈi ɾ,V;IND;PRS;1;SG,55,55,100.0
90L_10NL_2_1,90L_10NL,2,i n t e ɾ b e n ˈi ɾ,V;IND;PRS;2;PL,55,55,100.0
90L_10NL_2_2,90L_10NL,2,i n t e ɾ b e n ˈi ɾ,V;IND;PRS;2;PL,55,55,100.0
90L_10NL_2_3,90L_10NL,2,i n t e ɾ b e n ˈi ɾ,V;IND;PRS;2;PL,55,55,100.0
90L_10NL_2_4,90L_10NL,2,i n t e ɾ b e n ˈi ɾ,V;IND;PRS;2;PL,55,55,100.0
90L_10NL_2_1,90L_10NL,2,i n t e ɾ b e n ˈi ɾ,V;IND;PRS;2;SG,55,55,100.0
90L_10NL_2_2,90L_10NL,2,i n t e ɾ b e n ˈi ɾ,V;IND;PRS;2;SG,55,55,100.0
90L_10NL_2_3,90L_10NL,2,i n t e ɾ b e n ˈi ɾ,V;IND;PRS;2;SG,55,55,100.0
90L_10NL_2_4,90L_10NL,2,i n t e ɾ b e n ˈi ɾ,V;IND;PRS;2;SG,55,55,100.0
90L_10NL_2_1,90L_10NL,2,i n t e ɾ b e n ˈi ɾ,V;IND;PRS;3;PL,55,55,100.0
90L_10NL_2_2,90L_10NL,2,i n t e ɾ b e n ˈi ɾ,V;IND;PRS;3;PL,55,55,100.0
90L_10NL_2_3,90L_10NL,2,i n t e ɾ b e n ˈi ɾ,V;IND;PRS;3;PL,55,55,100.0
90L_10NL_2_4,90L_10NL,2,i n t e ɾ b e n ˈi ɾ,V;IND;PRS;3;PL,55,55,100.0
90L_10NL_2_1,90L_10NL,2,i n t e ɾ b e n ˈi ɾ,V;IND;PRS;3;SG,55,55,100.0
90L_10NL_2_2,90L_10NL,2,i n t e ɾ b e n ˈi ɾ,V;IND;PRS;3;SG,55,55,100.0
90L_10NL_2_3,90L_10NL,2,i n t e ɾ b e n ˈi ɾ,V;IND;PRS;3;SG,55,55,100.0
90L_10NL_2_4,90L_10NL,2,i n t e ɾ b e n ˈi ɾ,V;IND;PRS;3;SG,55,55,100.0
90L_10NL_2_1,90L_10NL,2,i n t e ɾ b e n ˈi ɾ,V;SBJV;PRS;1;PL,55,55,100.0
90L_10NL_2_2,90L_10NL,2,i n t e ɾ b e n ˈi ɾ,V;SBJV;PRS;1;PL,55,55,100.0
90L_10NL_2_3,90L_10NL,2,i n t e ɾ b e n ˈi ɾ,V;SBJV;PRS;1;PL,55,55,100.0
90L_10NL_2_4,90L_10NL,2,i n t e ɾ b e n ˈi ɾ,V;SBJV;PRS;1;PL,55,55,100.0
90L_10NL_2_1,90L_10NL,2,i n t e ɾ b e n ˈi ɾ,V;SBJV;PRS;1;SG,55,55,100.0
90L_10NL_2_2,90L_10NL,2,i n t e ɾ b e n ˈi ɾ,V;SBJV;PRS;1;SG,55,55,100.0
90L_10NL_2_3,90L_10NL,2,i n t e ɾ b e n ˈi ɾ,V;SBJV;PRS;1;SG,55,55,100.0
90L_10NL_2_4,90L_10NL,2,i n t e ɾ b e n ˈi ɾ,V;SBJV;PRS;1;SG,55,55,100.0
90L_10NL_2_1,90L_10NL,2,i n t e ɾ b e n ˈi ɾ,V;SBJV;PRS;2;PL,54,55,98.18
90L_10NL_2_2,90L_10NL,2,i n t e ɾ b e n ˈi ɾ,V;SBJV;PRS;2;PL,55,55,100.0
90L_10NL_2_3,90L_10NL,2,i n t e ɾ b e n ˈi ɾ,V;SBJV;PRS;2;PL,55,55,100.0
90L_10NL_2_4,90L_10NL,2,i n t e ɾ b e n ˈi ɾ,V;SBJV;PRS;2;PL,55,55,100.0
90L_10NL_2_1,90L_10NL,2,i n t e ɾ b e n ˈi ɾ,V;SBJV;PRS;2;SG,55,55,100.0
90L_10NL_2_2,90L_10NL,2,i n t e ɾ b e n ˈi ɾ,V;SBJV;PRS;2;SG,55,55,100.0
90L_10NL_2_3,90L_10NL,2,i n t e ɾ b e n ˈi ɾ,V;SBJV;PRS;2;SG,55,55,100.0
90L_10NL_2_4,90L_10NL,2,i n t e ɾ b e n ˈi ɾ,V;SBJV;PRS;2;SG,55,55,100.0
90L_10NL_2_1,90L_10NL,2,i n t e ɾ b e n ˈi ɾ,V;SBJV;PRS;3;PL,55,55,100.0
90L_10NL_2_2,90L_10NL,2,i n t e ɾ b e n ˈi ɾ,V;SBJV;PRS;3;PL,55,55,100.0
90L_10NL_2_3,90L_10NL,2,i n t e ɾ b e n ˈi ɾ,V;SBJV;PRS;3;PL,55,55,100.0
90L_10NL_2_4,90L_10NL,2,i n t e ɾ b e n ˈi ɾ,V;SBJV;PRS;3;PL,55,55,100.0
90L_10NL_2_1,90L_10NL,2,i n t e ɾ b e n ˈi ɾ,V;SBJV;PRS;3;SG,55,55,100.0
90L_10NL_2_2,90L_10NL,2,i n t e ɾ b e n ˈi ɾ,V;SBJV;PRS;3;SG,55,55,100.0
90L_10NL_2_3,90L_10NL,2,i n t e ɾ b e n ˈi ɾ,V;SBJV;PRS;3;SG,55,55,100.0
90L_10NL_2_4,90L_10NL,2,i n t e ɾ b e n ˈi ɾ,V;SBJV;PRS;3;SG,55,55,100.0
90L_10NL_2_1,90L_10NL,2,k o p ɾ o d u s ˈi ɾ,V;IND;PRS;1;PL,0,55,0.0
90L_10NL_2_2,90L_10NL,2,k o p ɾ o d u s ˈi ɾ,V;IND;PRS;1;PL,55,55,100.0
90L_10NL_2_3,90L_10NL,2,k o p ɾ o d u s ˈi ɾ,V;IND;PRS;1;PL,55,55,100.0
90L_10NL_2_4,90L_10NL,2,k o p ɾ o d u s ˈi ɾ,V;IND;PRS;1;PL,55,55,100.0
90L_10NL_2_1,90L_10NL,2,k o p ɾ o d u s ˈi ɾ,V;IND;PRS;1;SG,0,55,0.0
90L_10NL_2_2,90L_10NL,2,k o p ɾ o d u s ˈi ɾ,V;IND;PRS;1;SG,55,55,100.0
90L_10NL_2_3,90L_10NL,2,k o p ɾ o d u s ˈi ɾ,V;IND;PRS;1;SG,55,55,100.0
90L_10NL_2_4,90L_10NL,2,k o p ɾ o d u s ˈi ɾ,V;IND;PRS;1;SG,55,55,100.0
90L_10NL_2_1,90L_10NL,2,k o p ɾ o d u s ˈi ɾ,V;IND;PRS;2;PL,0,55,0.0
90L_10NL_2_2,90L_10NL,2,k o p ɾ o d u s ˈi ɾ,V;IND;PRS;2;PL,55,55,100.0
90L_10NL_2_3,90L_10NL,2,k o p ɾ o d u s ˈi ɾ,V;IND;PRS;2;PL,55,55,100.0
90L_10NL_2_4,90L_10NL,2,k o p ɾ o d u s ˈi ɾ,V;IND;PRS;2;PL,55,55,100.0
90L_10NL_2_1,90L_10NL,2,k o p ɾ o d u s ˈi ɾ,V;IND;PRS;2;SG,0,55,0.0
90L_10NL_2_2,90L_10NL,2,k o p ɾ o d u s ˈi ɾ,V;IND;PRS;2;SG,55,55,100.0
90L_10NL_2_3,90L_10NL,2,k o p ɾ o d u s ˈi ɾ,V;IND;PRS;2;SG,55,55,100.0
90L_10NL_2_4,90L_10NL,2,k o p ɾ o d u s ˈi ɾ,V;IND;PRS;2;SG,55,55,100.0
90L_10NL_2_1,90L_10NL,2,k o p ɾ o d u s ˈi ɾ,V;IND;PRS;3;PL,0,55,0.0
90L_10NL_2_2,90L_10NL,2,k o p ɾ o d u s ˈi ɾ,V;IND;PRS;3;PL,55,55,100.0
90L_10NL_2_3,90L_10NL,2,k o p ɾ o d u s ˈi ɾ,V;IND;PRS;3;PL,55,55,100.0
90L_10NL_2_4,90L_10NL,2,k o p ɾ o d u s ˈi ɾ,V;IND;PRS;3;PL,55,55,100.0
90L_10NL_2_1,90L_10NL,2,k o p ɾ o d u s ˈi ɾ,V;IND;PRS;3;SG,0,55,0.0
90L_10NL_2_2,90L_10NL,2,k o p ɾ o d u s ˈi ɾ,V;IND;PRS;3;SG,55,55,100.0
90L_10NL_2_3,90L_10NL,2,k o p ɾ o d u s ˈi ɾ,V;IND;PRS;3;SG,55,55,100.0
90L_10NL_2_4,90L_10NL,2,k o p ɾ o d u s ˈi ɾ,V;IND;PRS;3;SG,55,55,100.0
90L_10NL_2_1,90L_10NL,2,k o p ɾ o d u s ˈi ɾ,V;SBJV;PRS;1;PL,0,55,0.0
90L_10NL_2_2,90L_10NL,2,k o p ɾ o d u s ˈi ɾ,V;SBJV;PRS;1;PL,55,55,100.0
90L_10NL_2_3,90L_10NL,2,k o p ɾ o d u s ˈi ɾ,V;SBJV;PRS;1;PL,55,55,100.0
90L_10NL_2_4,90L_10NL,2,k o p ɾ o d u s ˈi ɾ,V;SBJV;PRS;1;PL,55,55,100.0
90L_10NL_2_1,90L_10NL,2,k o p ɾ o d u s ˈi ɾ,V;SBJV;PRS;1;SG,2,55,3.64
90L_10NL_2_2,90L_10NL,2,k o p ɾ o d u s ˈi ɾ,V;SBJV;PRS;1;SG,55,55,100.0
90L_10NL_2_3,90L_10NL,2,k o p ɾ o d u s ˈi ɾ,V;SBJV;PRS;1;SG,55,55,100.0
90L_10NL_2_4,90L_10NL,2,k o p ɾ o d u s ˈi ɾ,V;SBJV;PRS;1;SG,55,55,100.0
90L_10NL_2_1,90L_10NL,2,k o p ɾ o d u s ˈi ɾ,V;SBJV;PRS;2;PL,0,55,0.0
90L_10NL_2_2,90L_10NL,2,k o p ɾ o d u s ˈi ɾ,V;SBJV;PRS;2;PL,55,55,100.0
90L_10NL_2_3,90L_10NL,2,k o p ɾ o d u s ˈi ɾ,V;SBJV;PRS;2;PL,55,55,100.0
90L_10NL_2_4,90L_10NL,2,k o p ɾ o d u s ˈi ɾ,V;SBJV;PRS;2;PL,55,55,100.0
90L_10NL_2_1,90L_10NL,2,k o p ɾ o d u s ˈi ɾ,V;SBJV;PRS;2;SG,3,55,5.45
90L_10NL_2_2,90L_10NL,2,k o p ɾ o d u s ˈi ɾ,V;SBJV;PRS;2;SG,55,55,100.0
90L_10NL_2_3,90L_10NL,2,k o p ɾ o d u s ˈi ɾ,V;SBJV;PRS;2;SG,55,55,100.0
90L_10NL_2_4,90L_10NL,2,k o p ɾ o d u s ˈi ɾ,V;SBJV;PRS;2;SG,55,55,100.0
90L_10NL_2_1,90L_10NL,2,k o p ɾ o d u s ˈi ɾ,V;SBJV;PRS;3;PL,1,55,1.82
90L_10NL_2_2,90L_10NL,2,k o p ɾ o d u s ˈi ɾ,V;SBJV;PRS;3;PL,55,55,100.0
90L_10NL_2_3,90L_10NL,2,k o p ɾ o d u s ˈi ɾ,V;SBJV;PRS;3;PL,55,55,100.0
90L_10NL_2_4,90L_10NL,2,k o p ɾ o d u s ˈi ɾ,V;SBJV;PRS;3;PL,55,55,100.0
90L_10NL_2_1,90L_10NL,2,k o p ɾ o d u s ˈi ɾ,V;SBJV;PRS;3;SG,2,55,3.64
90L_10NL_2_2,90L_10NL,2,k o p ɾ o d u s ˈi ɾ,V;SBJV;PRS;3;SG,55,55,100.0
90L_10NL_2_3,90L_10NL,2,k o p ɾ o d u s ˈi ɾ,V;SBJV;PRS;3;SG,55,55,100.0
90L_10NL_2_4,90L_10NL,2,k o p ɾ o d u s ˈi ɾ,V;SBJV;PRS;3;SG,55,55,100.0
90L_10NL_2_1,90L_10NL,2,l a n ɡ i d e s ˈe ɾ,V;IND;PRS;1;PL,55,55,100.0
90L_10NL_2_2,90L_10NL,2,l a n ɡ i d e s ˈe ɾ,V;IND;PRS;1;PL,55,55,100.0
90L_10NL_2_3,90L_10NL,2,l a n ɡ i d e s ˈe ɾ,V;IND;PRS;1;PL,50,55,90.91
90L_10NL_2_4,90L_10NL,2,l a n ɡ i d e s ˈe ɾ,V;IND;PRS;1;PL,55,55,100.0
90L_10NL_2_1,90L_10NL,2,l a n ɡ i d e s ˈe ɾ,V;IND;PRS;1;SG,55,55,100.0
90L_10NL_2_2,90L_10NL,2,l a n ɡ i d e s ˈe ɾ,V;IND;PRS;1;SG,55,55,100.0
90L_10NL_2_3,90L_10NL,2,l a n ɡ i d e s ˈe ɾ,V;IND;PRS;1;SG,26,55,47.27
90L_10NL_2_4,90L_10NL,2,l a n ɡ i d e s ˈe ɾ,V;IND;PRS;1;SG,53,55,96.36
90L_10NL_2_1,90L_10NL,2,l a n ɡ i d e s ˈe ɾ,V;IND;PRS;2;PL,55,55,100.0
90L_10NL_2_2,90L_10NL,2,l a n ɡ i d e s ˈe ɾ,V;IND;PRS;2;PL,55,55,100.0
90L_10NL_2_3,90L_10NL,2,l a n ɡ i d e s ˈe ɾ,V;IND;PRS;2;PL,38,55,69.09
90L_10NL_2_4,90L_10NL,2,l a n ɡ i d e s ˈe ɾ,V;IND;PRS;2;PL,55,55,100.0
90L_10NL_2_1,90L_10NL,2,l a n ɡ i d e s ˈe ɾ,V;IND;PRS;2;SG,55,55,100.0
90L_10NL_2_2,90L_10NL,2,l a n ɡ i d e s ˈe ɾ,V;IND;PRS;2;SG,55,55,100.0
90L_10NL_2_3,90L_10NL,2,l a n ɡ i d e s ˈe ɾ,V;IND;PRS;2;SG,54,55,98.18
90L_10NL_2_4,90L_10NL,2,l a n ɡ i d e s ˈe ɾ,V;IND;PRS;2;SG,54,55,98.18
90L_10NL_2_1,90L_10NL,2,l a n ɡ i d e s ˈe ɾ,V;IND;PRS;3;PL,54,55,98.18
90L_10NL_2_2,90L_10NL,2,l a n ɡ i d e s ˈe ɾ,V;IND;PRS;3;PL,55,55,100.0
90L_10NL_2_3,90L_10NL,2,l a n ɡ i d e s ˈe ɾ,V;IND;PRS;3;PL,55,55,100.0
90L_10NL_2_4,90L_10NL,2,l a n ɡ i d e s ˈe ɾ,V;IND;PRS;3;PL,51,55,92.73
90L_10NL_2_1,90L_10NL,2,l a n ɡ i d e s ˈe ɾ,V;IND;PRS;3;SG,55,55,100.0
90L_10NL_2_2,90L_10NL,2,l a n ɡ i d e s ˈe ɾ,V;IND;PRS;3;SG,55,55,100.0
90L_10NL_2_3,90L_10NL,2,l a n ɡ i d e s ˈe ɾ,V;IND;PRS;3;SG,55,55,100.0
90L_10NL_2_4,90L_10NL,2,l a n ɡ i d e s ˈe ɾ,V;IND;PRS;3;SG,53,55,96.36
90L_10NL_2_1,90L_10NL,2,l a n ɡ i d e s ˈe ɾ,V;SBJV;PRS;1;PL,55,55,100.0
90L_10NL_2_2,90L_10NL,2,l a n ɡ i d e s ˈe ɾ,V;SBJV;PRS;1;PL,55,55,100.0
90L_10NL_2_3,90L_10NL,2,l a n ɡ i d e s ˈe ɾ,V;SBJV;PRS;1;PL,2,55,3.64
90L_10NL_2_4,90L_10NL,2,l a n ɡ i d e s ˈe ɾ,V;SBJV;PRS;1;PL,52,55,94.55
90L_10NL_2_1,90L_10NL,2,l a n ɡ i d e s ˈe ɾ,V;SBJV;PRS;1;SG,55,55,100.0
90L_10NL_2_2,90L_10NL,2,l a n ɡ i d e s ˈe ɾ,V;SBJV;PRS;1;SG,55,55,100.0
90L_10NL_2_3,90L_10NL,2,l a n ɡ i d e s ˈe ɾ,V;SBJV;PRS;1;SG,52,55,94.55
90L_10NL_2_4,90L_10NL,2,l a n ɡ i d e s ˈe ɾ,V;SBJV;PRS;1;SG,53,55,96.36
90L_10NL_2_1,90L_10NL,2,l a n ɡ i d e s ˈe ɾ,V;SBJV;PRS;2;PL,55,55,100.0
90L_10NL_2_2,90L_10NL,2,l a n ɡ i d e s ˈe ɾ,V;SBJV;PRS;2;PL,55,55,100.0
90L_10NL_2_3,90L_10NL,2,l a n ɡ i d e s ˈe ɾ,V;SBJV;PRS;2;PL,20,55,36.36
90L_10NL_2_4,90L_10NL,2,l a n ɡ i d e s ˈe ɾ,V;SBJV;PRS;2;PL,55,55,100.0
90L_10NL_2_1,90L_10NL,2,l a n ɡ i d e s ˈe ɾ,V;SBJV;PRS;2;SG,55,55,100.0
90L_10NL_2_2,90L_10NL,2,l a n ɡ i d e s ˈe ɾ,V;SBJV;PRS;2;SG,55,55,100.0
90L_10NL_2_3,90L_10NL,2,l a n ɡ i d e s ˈe ɾ,V;SBJV;PRS;2;SG,55,55,100.0
90L_10NL_2_4,90L_10NL,2,l a n ɡ i d e s ˈe ɾ,V;SBJV;PRS;2;SG,54,55,98.18
90L_10NL_2_1,90L_10NL,2,l a n ɡ i d e s ˈe ɾ,V;SBJV;PRS;3;PL,55,55,100.0
90L_10NL_2_2,90L_10NL,2,l a n ɡ i d e s ˈe ɾ,V;SBJV;PRS;3;PL,55,55,100.0
90L_10NL_2_3,90L_10NL,2,l a n ɡ i d e s ˈe ɾ,V;SBJV;PRS;3;PL,54,55,98.18
90L_10NL_2_4,90L_10NL,2,l a n ɡ i d e s ˈe ɾ,V;SBJV;PRS;3;PL,54,55,98.18
90L_10NL_2_1,90L_10NL,2,l a n ɡ i d e s ˈe ɾ,V;SBJV;PRS;3;SG,55,55,100.0
90L_10NL_2_2,90L_10NL,2,l a n ɡ i d e s ˈe ɾ,V;SBJV;PRS;3;SG,55,55,100.0
90L_10NL_2_3,90L_10NL,2,l a n ɡ i d e s ˈe ɾ,V;SBJV;PRS;3;SG,55,55,100.0
90L_10NL_2_4,90L_10NL,2,l a n ɡ i d e s ˈe ɾ,V;SBJV;PRS;3;SG,54,55,98.18
90L_10NL_2_1,90L_10NL,2,o b t e n ˈe ɾ,V;IND;PRS;1;PL,55,55,100.0
90L_10NL_2_2,90L_10NL,2,o b t e n ˈe ɾ,V;IND;PRS;1;PL,55,55,100.0
90L_10NL_2_3,90L_10NL,2,o b t e n ˈe ɾ,V;IND;PRS;1;PL,0,55,0.0
90L_10NL_2_4,90L_10NL,2,o b t e n ˈe ɾ,V;IND;PRS;1;PL,55,55,100.0
90L_10NL_2_1,90L_10NL,2,o b t e n ˈe ɾ,V;IND;PRS;1;SG,55,55,100.0
90L_10NL_2_2,90L_10NL,2,o b t e n ˈe ɾ,V;IND;PRS;1;SG,55,55,100.0
90L_10NL_2_3,90L_10NL,2,o b t e n ˈe ɾ,V;IND;PRS;1;SG,0,55,0.0
90L_10NL_2_4,90L_10NL,2,o b t e n ˈe ɾ,V;IND;PRS;1;SG,55,55,100.0
90L_10NL_2_1,90L_10NL,2,o b t e n ˈe ɾ,V;IND;PRS;2;PL,55,55,100.0
90L_10NL_2_2,90L_10NL,2,o b t e n ˈe ɾ,V;IND;PRS;2;PL,55,55,100.0
90L_10NL_2_3,90L_10NL,2,o b t e n ˈe ɾ,V;IND;PRS;2;PL,0,55,0.0
90L_10NL_2_4,90L_10NL,2,o b t e n ˈe ɾ,V;IND;PRS;2;PL,55,55,100.0
90L_10NL_2_1,90L_10NL,2,o b t e n ˈe ɾ,V;IND;PRS;2;SG,55,55,100.0
90L_10NL_2_2,90L_10NL,2,o b t e n ˈe ɾ,V;IND;PRS;2;SG,55,55,100.0
90L_10NL_2_3,90L_10NL,2,o b t e n ˈe ɾ,V;IND;PRS;2;SG,0,55,0.0
90L_10NL_2_4,90L_10NL,2,o b t e n ˈe ɾ,V;IND;PRS;2;SG,55,55,100.0
90L_10NL_2_1,90L_10NL,2,o b t e n ˈe ɾ,V;IND;PRS;3;PL,55,55,100.0
90L_10NL_2_2,90L_10NL,2,o b t e n ˈe ɾ,V;IND;PRS;3;PL,55,55,100.0
90L_10NL_2_3,90L_10NL,2,o b t e n ˈe ɾ,V;IND;PRS;3;PL,0,55,0.0
90L_10NL_2_4,90L_10NL,2,o b t e n ˈe ɾ,V;IND;PRS;3;PL,55,55,100.0
90L_10NL_2_1,90L_10NL,2,o b t e n ˈe ɾ,V;IND;PRS;3;SG,55,55,100.0
90L_10NL_2_2,90L_10NL,2,o b t e n ˈe ɾ,V;IND;PRS;3;SG,55,55,100.0
90L_10NL_2_3,90L_10NL,2,o b t e n ˈe ɾ,V;IND;PRS;3;SG,0,55,0.0
90L_10NL_2_4,90L_10NL,2,o b t e n ˈe ɾ,V;IND;PRS;3;SG,55,55,100.0
90L_10NL_2_1,90L_10NL,2,o b t e n ˈe ɾ,V;SBJV;PRS;1;PL,55,55,100.0
90L_10NL_2_2,90L_10NL,2,o b t e n ˈe ɾ,V;SBJV;PRS;1;PL,55,55,100.0
90L_10NL_2_3,90L_10NL,2,o b t e n ˈe ɾ,V;SBJV;PRS;1;PL,0,55,0.0
90L_10NL_2_4,90L_10NL,2,o b t e n ˈe ɾ,V;SBJV;PRS;1;PL,55,55,100.0
90L_10NL_2_1,90L_10NL,2,o b t e n ˈe ɾ,V;SBJV;PRS;1;SG,55,55,100.0
90L_10NL_2_2,90L_10NL,2,o b t e n ˈe ɾ,V;SBJV;PRS;1;SG,55,55,100.0
90L_10NL_2_3,90L_10NL,2,o b t e n ˈe ɾ,V;SBJV;PRS;1;SG,0,55,0.0
90L_10NL_2_4,90L_10NL,2,o b t e n ˈe ɾ,V;SBJV;PRS;1;SG,55,55,100.0
90L_10NL_2_1,90L_10NL,2,o b t e n ˈe ɾ,V;SBJV;PRS;2;PL,55,55,100.0
90L_10NL_2_2,90L_10NL,2,o b t e n ˈe ɾ,V;SBJV;PRS;2;PL,55,55,100.0
90L_10NL_2_3,90L_10NL,2,o b t e n ˈe ɾ,V;SBJV;PRS;2;PL,0,55,0.0
90L_10NL_2_4,90L_10NL,2,o b t e n ˈe ɾ,V;SBJV;PRS;2;PL,55,55,100.0
90L_10NL_2_1,90L_10NL,2,o b t e n ˈe ɾ,V;SBJV;PRS;2;SG,55,55,100.0
90L_10NL_2_2,90L_10NL,2,o b t e n ˈe ɾ,V;SBJV;PRS;2;SG,55,55,100.0
90L_10NL_2_3,90L_10NL,2,o b t e n ˈe ɾ,V;SBJV;PRS;2;SG,0,55,0.0
90L_10NL_2_4,90L_10NL,2,o b t e n ˈe ɾ,V;SBJV;PRS;2;SG,55,55,100.0
90L_10NL_2_1,90L_10NL,2,o b t e n ˈe ɾ,V;SBJV;PRS;3;PL,55,55,100.0
90L_10NL_2_2,90L_10NL,2,o b t e n ˈe ɾ,V;SBJV;PRS;3;PL,55,55,100.0
90L_10NL_2_3,90L_10NL,2,o b t e n ˈe ɾ,V;SBJV;PRS;3;PL,0,55,0.0
90L_10NL_2_4,90L_10NL,2,o b t e n ˈe ɾ,V;SBJV;PRS;3;PL,55,55,100.0
90L_10NL_2_1,90L_10NL,2,o b t e n ˈe ɾ,V;SBJV;PRS;3;SG,55,55,100.0
90L_10NL_2_2,90L_10NL,2,o b t e n ˈe ɾ,V;SBJV;PRS;3;SG,55,55,100.0
90L_10NL_2_3,90L_10NL,2,o b t e n ˈe ɾ,V;SBJV;PRS;3;SG,0,55,0.0
90L_10NL_2_4,90L_10NL,2,o b t e n ˈe ɾ,V;SBJV;PRS;3;SG,55,55,100.0
90L_10NL_2_1,90L_10NL,2,o f ɾ e s ˈe ɾ,V;IND;PRS;1;PL,55,55,100.0
90L_10NL_2_2,90L_10NL,2,o f ɾ e s ˈe ɾ,V;IND;PRS;1;PL,55,55,100.0
90L_10NL_2_3,90L_10NL,2,o f ɾ e s ˈe ɾ,V;IND;PRS;1;PL,55,55,100.0
90L_10NL_2_4,90L_10NL,2,o f ɾ e s ˈe ɾ,V;IND;PRS;1;PL,55,55,100.0
90L_10NL_2_1,90L_10NL,2,o f ɾ e s ˈe ɾ,V;IND;PRS;1;SG,55,55,100.0
90L_10NL_2_2,90L_10NL,2,o f ɾ e s ˈe ɾ,V;IND;PRS;1;SG,55,55,100.0
90L_10NL_2_3,90L_10NL,2,o f ɾ e s ˈe ɾ,V;IND;PRS;1;SG,55,55,100.0
90L_10NL_2_4,90L_10NL,2,o f ɾ e s ˈe ɾ,V;IND;PRS;1;SG,55,55,100.0
90L_10NL_2_1,90L_10NL,2,o f ɾ e s ˈe ɾ,V;IND;PRS;2;PL,55,55,100.0
90L_10NL_2_2,90L_10NL,2,o f ɾ e s ˈe ɾ,V;IND;PRS;2;PL,55,55,100.0
90L_10NL_2_3,90L_10NL,2,o f ɾ e s ˈe ɾ,V;IND;PRS;2;PL,55,55,100.0
90L_10NL_2_4,90L_10NL,2,o f ɾ e s ˈe ɾ,V;IND;PRS;2;PL,55,55,100.0
90L_10NL_2_1,90L_10NL,2,o f ɾ e s ˈe ɾ,V;IND;PRS;2;SG,55,55,100.0
90L_10NL_2_2,90L_10NL,2,o f ɾ e s ˈe ɾ,V;IND;PRS;2;SG,53,55,96.36
90L_10NL_2_3,90L_10NL,2,o f ɾ e s ˈe ɾ,V;IND;PRS;2;SG,55,55,100.0
90L_10NL_2_4,90L_10NL,2,o f ɾ e s ˈe ɾ,V;IND;PRS;2;SG,55,55,100.0
90L_10NL_2_1,90L_10NL,2,o f ɾ e s ˈe ɾ,V;IND;PRS;3;PL,55,55,100.0
90L_10NL_2_2,90L_10NL,2,o f ɾ e s ˈe ɾ,V;IND;PRS;3;PL,55,55,100.0
90L_10NL_2_3,90L_10NL,2,o f ɾ e s ˈe ɾ,V;IND;PRS;3;PL,55,55,100.0
90L_10NL_2_4,90L_10NL,2,o f ɾ e s ˈe ɾ,V;IND;PRS;3;PL,55,55,100.0
90L_10NL_2_1,90L_10NL,2,o f ɾ e s ˈe ɾ,V;IND;PRS;3;SG,55,55,100.0
90L_10NL_2_2,90L_10NL,2,o f ɾ e s ˈe ɾ,V;IND;PRS;3;SG,55,55,100.0
90L_10NL_2_3,90L_10NL,2,o f ɾ e s ˈe ɾ,V;IND;PRS;3;SG,55,55,100.0
90L_10NL_2_4,90L_10NL,2,o f ɾ e s ˈe ɾ,V;IND;PRS;3;SG,55,55,100.0
90L_10NL_2_1,90L_10NL,2,o f ɾ e s ˈe ɾ,V;SBJV;PRS;1;PL,55,55,100.0
90L_10NL_2_2,90L_10NL,2,o f ɾ e s ˈe ɾ,V;SBJV;PRS;1;PL,55,55,100.0
90L_10NL_2_3,90L_10NL,2,o f ɾ e s ˈe ɾ,V;SBJV;PRS;1;PL,55,55,100.0
90L_10NL_2_4,90L_10NL,2,o f ɾ e s ˈe ɾ,V;SBJV;PRS;1;PL,55,55,100.0
90L_10NL_2_1,90L_10NL,2,o f ɾ e s ˈe ɾ,V;SBJV;PRS;1;SG,55,55,100.0
90L_10NL_2_2,90L_10NL,2,o f ɾ e s ˈe ɾ,V;SBJV;PRS;1;SG,55,55,100.0
90L_10NL_2_3,90L_10NL,2,o f ɾ e s ˈe ɾ,V;SBJV;PRS;1;SG,55,55,100.0
90L_10NL_2_4,90L_10NL,2,o f ɾ e s ˈe ɾ,V;SBJV;PRS;1;SG,55,55,100.0
90L_10NL_2_1,90L_10NL,2,o f ɾ e s ˈe ɾ,V;SBJV;PRS;2;PL,55,55,100.0
90L_10NL_2_2,90L_10NL,2,o f ɾ e s ˈe ɾ,V;SBJV;PRS;2;PL,55,55,100.0
90L_10NL_2_3,90L_10NL,2,o f ɾ e s ˈe ɾ,V;SBJV;PRS;2;PL,55,55,100.0
90L_10NL_2_4,90L_10NL,2,o f ɾ e s ˈe ɾ,V;SBJV;PRS;2;PL,55,55,100.0
90L_10NL_2_1,90L_10NL,2,o f ɾ e s ˈe ɾ,V;SBJV;PRS;2;SG,55,55,100.0
90L_10NL_2_2,90L_10NL,2,o f ɾ e s ˈe ɾ,V;SBJV;PRS;2;SG,55,55,100.0
90L_10NL_2_3,90L_10NL,2,o f ɾ e s ˈe ɾ,V;SBJV;PRS;2;SG,55,55,100.0
90L_10NL_2_4,90L_10NL,2,o f ɾ e s ˈe ɾ,V;SBJV;PRS;2;SG,55,55,100.0
90L_10NL_2_1,90L_10NL,2,o f ɾ e s ˈe ɾ,V;SBJV;PRS;3;PL,55,55,100.0
90L_10NL_2_2,90L_10NL,2,o f ɾ e s ˈe ɾ,V;SBJV;PRS;3;PL,55,55,100.0
90L_10NL_2_3,90L_10NL,2,o f ɾ e s ˈe ɾ,V;SBJV;PRS;3;PL,55,55,100.0
90L_10NL_2_4,90L_10NL,2,o f ɾ e s ˈe ɾ,V;SBJV;PRS;3;PL,55,55,100.0
90L_10NL_2_1,90L_10NL,2,o f ɾ e s ˈe ɾ,V;SBJV;PRS;3;SG,55,55,100.0
90L_10NL_2_2,90L_10NL,2,o f ɾ e s ˈe ɾ,V;SBJV;PRS;3;SG,55,55,100.0
90L_10NL_2_3,90L_10NL,2,o f ɾ e s ˈe ɾ,V;SBJV;PRS;3;SG,55,55,100.0
90L_10NL_2_4,90L_10NL,2,o f ɾ e s ˈe ɾ,V;SBJV;PRS;3;SG,55,55,100.0
90L_10NL_2_1,90L_10NL,2,o p o n ˈe ɾ,V;IND;PRS;1;PL,48,55,87.27
90L_10NL_2_2,90L_10NL,2,o p o n ˈe ɾ,V;IND;PRS;1;PL,55,55,100.0
90L_10NL_2_3,90L_10NL,2,o p o n ˈe ɾ,V;IND;PRS;1;PL,55,55,100.0
90L_10NL_2_4,90L_10NL,2,o p o n ˈe ɾ,V;IND;PRS;1;PL,55,55,100.0
90L_10NL_2_1,90L_10NL,2,o p o n ˈe ɾ,V;IND;PRS;1;SG,49,55,89.09
90L_10NL_2_2,90L_10NL,2,o p o n ˈe ɾ,V;IND;PRS;1;SG,55,55,100.0
90L_10NL_2_3,90L_10NL,2,o p o n ˈe ɾ,V;IND;PRS;1;SG,55,55,100.0
90L_10NL_2_4,90L_10NL,2,o p o n ˈe ɾ,V;IND;PRS;1;SG,55,55,100.0
90L_10NL_2_1,90L_10NL,2,o p o n ˈe ɾ,V;IND;PRS;2;PL,40,55,72.73
90L_10NL_2_2,90L_10NL,2,o p o n ˈe ɾ,V;IND;PRS;2;PL,55,55,100.0
90L_10NL_2_3,90L_10NL,2,o p o n ˈe ɾ,V;IND;PRS;2;PL,55,55,100.0
90L_10NL_2_4,90L_10NL,2,o p o n ˈe ɾ,V;IND;PRS;2;PL,55,55,100.0
90L_10NL_2_1,90L_10NL,2,o p o n ˈe ɾ,V;IND;PRS;2;SG,43,55,78.18
90L_10NL_2_2,90L_10NL,2,o p o n ˈe ɾ,V;IND;PRS;2;SG,55,55,100.0
90L_10NL_2_3,90L_10NL,2,o p o n ˈe ɾ,V;IND;PRS;2;SG,55,55,100.0
90L_10NL_2_4,90L_10NL,2,o p o n ˈe ɾ,V;IND;PRS;2;SG,55,55,100.0
90L_10NL_2_1,90L_10NL,2,o p o n ˈe ɾ,V;IND;PRS;3;PL,44,55,80.0
90L_10NL_2_2,90L_10NL,2,o p o n ˈe ɾ,V;IND;PRS;3;PL,55,55,100.0
90L_10NL_2_3,90L_10NL,2,o p o n ˈe ɾ,V;IND;PRS;3;PL,55,55,100.0
90L_10NL_2_4,90L_10NL,2,o p o n ˈe ɾ,V;IND;PRS;3;PL,55,55,100.0
90L_10NL_2_1,90L_10NL,2,o p o n ˈe ɾ,V;IND;PRS;3;SG,42,55,76.36
90L_10NL_2_2,90L_10NL,2,o p o n ˈe ɾ,V;IND;PRS;3;SG,55,55,100.0
90L_10NL_2_3,90L_10NL,2,o p o n ˈe ɾ,V;IND;PRS;3;SG,55,55,100.0
90L_10NL_2_4,90L_10NL,2,o p o n ˈe ɾ,V;IND;PRS;3;SG,55,55,100.0
90L_10NL_2_1,90L_10NL,2,o p o n ˈe ɾ,V;SBJV;PRS;1;PL,45,55,81.82
90L_10NL_2_2,90L_10NL,2,o p o n ˈe ɾ,V;SBJV;PRS;1;PL,55,55,100.0
90L_10NL_2_3,90L_10NL,2,o p o n ˈe ɾ,V;SBJV;PRS;1;PL,55,55,100.0
90L_10NL_2_4,90L_10NL,2,o p o n ˈe ɾ,V;SBJV;PRS;1;PL,55,55,100.0
90L_10NL_2_1,90L_10NL,2,o p o n ˈe ɾ,V;SBJV;PRS;1;SG,41,55,74.55
90L_10NL_2_2,90L_10NL,2,o p o n ˈe ɾ,V;SBJV;PRS;1;SG,55,55,100.0
90L_10NL_2_3,90L_10NL,2,o p o n ˈe ɾ,V;SBJV;PRS;1;SG,55,55,100.0
90L_10NL_2_4,90L_10NL,2,o p o n ˈe ɾ,V;SBJV;PRS;1;SG,55,55,100.0
90L_10NL_2_1,90L_10NL,2,o p o n ˈe ɾ,V;SBJV;PRS;2;PL,44,55,80.0
90L_10NL_2_2,90L_10NL,2,o p o n ˈe ɾ,V;SBJV;PRS;2;PL,55,55,100.0
90L_10NL_2_3,90L_10NL,2,o p o n ˈe ɾ,V;SBJV;PRS;2;PL,55,55,100.0
90L_10NL_2_4,90L_10NL,2,o p o n ˈe ɾ,V;SBJV;PRS;2;PL,55,55,100.0
90L_10NL_2_1,90L_10NL,2,o p o n ˈe ɾ,V;SBJV;PRS;2;SG,42,55,76.36
90L_10NL_2_2,90L_10NL,2,o p o n ˈe ɾ,V;SBJV;PRS;2;SG,55,55,100.0
90L_10NL_2_3,90L_10NL,2,o p o n ˈe ɾ,V;SBJV;PRS;2;SG,55,55,100.0
90L_10NL_2_4,90L_10NL,2,o p o n ˈe ɾ,V;SBJV;PRS;2;SG,55,55,100.0
90L_10NL_2_1,90L_10NL,2,o p o n ˈe ɾ,V;SBJV;PRS;3;PL,42,55,76.36
90L_10NL_2_2,90L_10NL,2,o p o n ˈe ɾ,V;SBJV;PRS;3;PL,55,55,100.0
90L_10NL_2_3,90L_10NL,2,o p o n ˈe ɾ,V;SBJV;PRS;3;PL,55,55,100.0
90L_10NL_2_4,90L_10NL,2,o p o n ˈe ɾ,V;SBJV;PRS;3;PL,55,55,100.0
90L_10NL_2_1,90L_10NL,2,o p o n ˈe ɾ,V;SBJV;PRS;3;SG,43,55,78.18
90L_10NL_2_2,90L_10NL,2,o p o n ˈe ɾ,V;SBJV;PRS;3;SG,55,55,100.0
90L_10NL_2_3,90L_10NL,2,o p o n ˈe ɾ,V;SBJV;PRS;3;SG,55,55,100.0
90L_10NL_2_4,90L_10NL,2,o p o n ˈe ɾ,V;SBJV;PRS;3;SG,55,55,100.0
90L_10NL_2_1,90L_10NL,2,p ɾ e b e n ˈi ɾ,V;IND;PRS;1;PL,55,55,100.0
90L_10NL_2_2,90L_10NL,2,p ɾ e b e n ˈi ɾ,V;IND;PRS;1;PL,55,55,100.0
90L_10NL_2_3,90L_10NL,2,p ɾ e b e n ˈi ɾ,V;IND;PRS;1;PL,55,55,100.0
90L_10NL_2_4,90L_10NL,2,p ɾ e b e n ˈi ɾ,V;IND;PRS;1;PL,55,55,100.0
90L_10NL_2_1,90L_10NL,2,p ɾ e b e n ˈi ɾ,V;IND;PRS;1;SG,55,55,100.0
90L_10NL_2_2,90L_10NL,2,p ɾ e b e n ˈi ɾ,V;IND;PRS;1;SG,55,55,100.0
90L_10NL_2_3,90L_10NL,2,p ɾ e b e n ˈi ɾ,V;IND;PRS;1;SG,55,55,100.0
90L_10NL_2_4,90L_10NL,2,p ɾ e b e n ˈi ɾ,V;IND;PRS;1;SG,55,55,100.0
90L_10NL_2_1,90L_10NL,2,p ɾ e b e n ˈi ɾ,V;IND;PRS;2;PL,55,55,100.0
90L_10NL_2_2,90L_10NL,2,p ɾ e b e n ˈi ɾ,V;IND;PRS;2;PL,55,55,100.0
90L_10NL_2_3,90L_10NL,2,p ɾ e b e n ˈi ɾ,V;IND;PRS;2;PL,55,55,100.0
90L_10NL_2_4,90L_10NL,2,p ɾ e b e n ˈi ɾ,V;IND;PRS;2;PL,55,55,100.0
90L_10NL_2_1,90L_10NL,2,p ɾ e b e n ˈi ɾ,V;IND;PRS;2;SG,55,55,100.0
90L_10NL_2_2,90L_10NL,2,p ɾ e b e n ˈi ɾ,V;IND;PRS;2;SG,55,55,100.0
90L_10NL_2_3,90L_10NL,2,p ɾ e b e n ˈi ɾ,V;IND;PRS;2;SG,55,55,100.0
90L_10NL_2_4,90L_10NL,2,p ɾ e b e n ˈi ɾ,V;IND;PRS;2;SG,55,55,100.0
90L_10NL_2_1,90L_10NL,2,p ɾ e b e n ˈi ɾ,V;IND;PRS;3;PL,55,55,100.0
90L_10NL_2_2,90L_10NL,2,p ɾ e b e n ˈi ɾ,V;IND;PRS;3;PL,55,55,100.0
90L_10NL_2_3,90L_10NL,2,p ɾ e b e n ˈi ɾ,V;IND;PRS;3;PL,55,55,100.0
90L_10NL_2_4,90L_10NL,2,p ɾ e b e n ˈi ɾ,V;IND;PRS;3;PL,55,55,100.0
90L_10NL_2_1,90L_10NL,2,p ɾ e b e n ˈi ɾ,V;IND;PRS;3;SG,55,55,100.0
90L_10NL_2_2,90L_10NL,2,p ɾ e b e n ˈi ɾ,V;IND;PRS;3;SG,55,55,100.0
90L_10NL_2_3,90L_10NL,2,p ɾ e b e n ˈi ɾ,V;IND;PRS;3;SG,55,55,100.0
90L_10NL_2_4,90L_10NL,2,p ɾ e b e n ˈi ɾ,V;IND;PRS;3;SG,55,55,100.0
90L_10NL_2_1,90L_10NL,2,p ɾ e b e n ˈi ɾ,V;SBJV;PRS;1;PL,55,55,100.0
90L_10NL_2_2,90L_10NL,2,p ɾ e b e n ˈi ɾ,V;SBJV;PRS;1;PL,55,55,100.0
90L_10NL_2_3,90L_10NL,2,p ɾ e b e n ˈi ɾ,V;SBJV;PRS;1;PL,55,55,100.0
90L_10NL_2_4,90L_10NL,2,p ɾ e b e n ˈi ɾ,V;SBJV;PRS;1;PL,55,55,100.0
90L_10NL_2_1,90L_10NL,2,p ɾ e b e n ˈi ɾ,V;SBJV;PRS;1;SG,55,55,100.0
90L_10NL_2_2,90L_10NL,2,p ɾ e b e n ˈi ɾ,V;SBJV;PRS;1;SG,55,55,100.0
90L_10NL_2_3,90L_10NL,2,p ɾ e b e n ˈi ɾ,V;SBJV;PRS;1;SG,55,55,100.0
90L_10NL_2_4,90L_10NL,2,p ɾ e b e n ˈi ɾ,V;SBJV;PRS;1;SG,55,55,100.0
90L_10NL_2_1,90L_10NL,2,p ɾ e b e n ˈi ɾ,V;SBJV;PRS;2;PL,55,55,100.0
90L_10NL_2_2,90L_10NL,2,p ɾ e b e n ˈi ɾ,V;SBJV;PRS;2;PL,55,55,100.0
90L_10NL_2_3,90L_10NL,2,p ɾ e b e n ˈi ɾ,V;SBJV;PRS;2;PL,55,55,100.0
90L_10NL_2_4,90L_10NL,2,p ɾ e b e n ˈi ɾ,V;SBJV;PRS;2;PL,55,55,100.0
90L_10NL_2_1,90L_10NL,2,p ɾ e b e n ˈi ɾ,V;SBJV;PRS;2;SG,55,55,100.0
90L_10NL_2_2,90L_10NL,2,p ɾ e b e n ˈi ɾ,V;SBJV;PRS;2;SG,55,55,100.0
90L_10NL_2_3,90L_10NL,2,p ɾ e b e n ˈi ɾ,V;SBJV;PRS;2;SG,55,55,100.0
90L_10NL_2_4,90L_10NL,2,p ɾ e b e n ˈi ɾ,V;SBJV;PRS;2;SG,55,55,100.0
90L_10NL_2_1,90L_10NL,2,p ɾ e b e n ˈi ɾ,V;SBJV;PRS;3;PL,55,55,100.0
90L_10NL_2_2,90L_10NL,2,p ɾ e b e n ˈi ɾ,V;SBJV;PRS;3;PL,55,55,100.0
90L_10NL_2_3,90L_10NL,2,p ɾ e b e n ˈi ɾ,V;SBJV;PRS;3;PL,55,55,100.0
90L_10NL_2_4,90L_10NL,2,p ɾ e b e n ˈi ɾ,V;SBJV;PRS;3;PL,55,55,100.0
90L_10NL_2_1,90L_10NL,2,p ɾ e b e n ˈi ɾ,V;SBJV;PRS;3;SG,55,55,100.0
90L_10NL_2_2,90L_10NL,2,p ɾ e b e n ˈi ɾ,V;SBJV;PRS;3;SG,55,55,100.0
90L_10NL_2_3,90L_10NL,2,p ɾ e b e n ˈi ɾ,V;SBJV;PRS;3;SG,55,55,100.0
90L_10NL_2_4,90L_10NL,2,p ɾ e b e n ˈi ɾ,V;SBJV;PRS;3;SG,55,55,100.0
90L_10NL_2_1,90L_10NL,2,p ɾ e d e s ˈi ɾ,V;IND;PRS;1;PL,55,55,100.0
90L_10NL_2_2,90L_10NL,2,p ɾ e d e s ˈi ɾ,V;IND;PRS;1;PL,52,55,94.55
90L_10NL_2_3,90L_10NL,2,p ɾ e d e s ˈi ɾ,V;IND;PRS;1;PL,55,55,100.0
90L_10NL_2_4,90L_10NL,2,p ɾ e d e s ˈi ɾ,V;IND;PRS;1;PL,55,55,100.0
90L_10NL_2_1,90L_10NL,2,p ɾ e d e s ˈi ɾ,V;IND;PRS;1;SG,55,55,100.0
90L_10NL_2_2,90L_10NL,2,p ɾ e d e s ˈi ɾ,V;IND;PRS;1;SG,55,55,100.0
90L_10NL_2_3,90L_10NL,2,p ɾ e d e s ˈi ɾ,V;IND;PRS;1;SG,55,55,100.0
90L_10NL_2_4,90L_10NL,2,p ɾ e d e s ˈi ɾ,V;IND;PRS;1;SG,55,55,100.0
90L_10NL_2_1,90L_10NL,2,p ɾ e d e s ˈi ɾ,V;IND;PRS;2;PL,55,55,100.0
90L_10NL_2_2,90L_10NL,2,p ɾ e d e s ˈi ɾ,V;IND;PRS;2;PL,55,55,100.0
90L_10NL_2_3,90L_10NL,2,p ɾ e d e s ˈi ɾ,V;IND;PRS;2;PL,55,55,100.0
90L_10NL_2_4,90L_10NL,2,p ɾ e d e s ˈi ɾ,V;IND;PRS;2;PL,55,55,100.0
90L_10NL_2_1,90L_10NL,2,p ɾ e d e s ˈi ɾ,V;IND;PRS;2;SG,55,55,100.0
90L_10NL_2_2,90L_10NL,2,p ɾ e d e s ˈi ɾ,V;IND;PRS;2;SG,55,55,100.0
90L_10NL_2_3,90L_10NL,2,p ɾ e d e s ˈi ɾ,V;IND;PRS;2;SG,55,55,100.0
90L_10NL_2_4,90L_10NL,2,p ɾ e d e s ˈi ɾ,V;IND;PRS;2;SG,55,55,100.0
90L_10NL_2_1,90L_10NL,2,p ɾ e d e s ˈi ɾ,V;IND;PRS;3;PL,55,55,100.0
90L_10NL_2_2,90L_10NL,2,p ɾ e d e s ˈi ɾ,V;IND;PRS;3;PL,55,55,100.0
90L_10NL_2_3,90L_10NL,2,p ɾ e d e s ˈi ɾ,V;IND;PRS;3;PL,55,55,100.0
90L_10NL_2_4,90L_10NL,2,p ɾ e d e s ˈi ɾ,V;IND;PRS;3;PL,55,55,100.0
90L_10NL_2_1,90L_10NL,2,p ɾ e d e s ˈi ɾ,V;IND;PRS;3;SG,55,55,100.0
90L_10NL_2_2,90L_10NL,2,p ɾ e d e s ˈi ɾ,V;IND;PRS;3;SG,55,55,100.0
90L_10NL_2_3,90L_10NL,2,p ɾ e d e s ˈi ɾ,V;IND;PRS;3;SG,55,55,100.0
90L_10NL_2_4,90L_10NL,2,p ɾ e d e s ˈi ɾ,V;IND;PRS;3;SG,55,55,100.0
90L_10NL_2_1,90L_10NL,2,p ɾ e d e s ˈi ɾ,V;SBJV;PRS;1;PL,55,55,100.0
90L_10NL_2_2,90L_10NL,2,p ɾ e d e s ˈi ɾ,V;SBJV;PRS;1;PL,52,55,94.55
90L_10NL_2_3,90L_10NL,2,p ɾ e d e s ˈi ɾ,V;SBJV;PRS;1;PL,55,55,100.0
90L_10NL_2_4,90L_10NL,2,p ɾ e d e s ˈi ɾ,V;SBJV;PRS;1;PL,55,55,100.0
90L_10NL_2_1,90L_10NL,2,p ɾ e d e s ˈi ɾ,V;SBJV;PRS;1;SG,55,55,100.0
90L_10NL_2_2,90L_10NL,2,p ɾ e d e s ˈi ɾ,V;SBJV;PRS;1;SG,54,55,98.18
90L_10NL_2_3,90L_10NL,2,p ɾ e d e s ˈi ɾ,V;SBJV;PRS;1;SG,55,55,100.0
90L_10NL_2_4,90L_10NL,2,p ɾ e d e s ˈi ɾ,V;SBJV;PRS;1;SG,55,55,100.0
90L_10NL_2_1,90L_10NL,2,p ɾ e d e s ˈi ɾ,V;SBJV;PRS;2;PL,55,55,100.0
90L_10NL_2_2,90L_10NL,2,p ɾ e d e s ˈi ɾ,V;SBJV;PRS;2;PL,51,55,92.73
90L_10NL_2_3,90L_10NL,2,p ɾ e d e s ˈi ɾ,V;SBJV;PRS;2;PL,55,55,100.0
90L_10NL_2_4,90L_10NL,2,p ɾ e d e s ˈi ɾ,V;SBJV;PRS;2;PL,55,55,100.0
90L_10NL_2_1,90L_10NL,2,p ɾ e d e s ˈi ɾ,V;SBJV;PRS;2;SG,55,55,100.0
90L_10NL_2_2,90L_10NL,2,p ɾ e d e s ˈi ɾ,V;SBJV;PRS;2;SG,55,55,100.0
90L_10NL_2_3,90L_10NL,2,p ɾ e d e s ˈi ɾ,V;SBJV;PRS;2;SG,55,55,100.0
90L_10NL_2_4,90L_10NL,2,p ɾ e d e s ˈi ɾ,V;SBJV;PRS;2;SG,55,55,100.0
90L_10NL_2_1,90L_10NL,2,p ɾ e d e s ˈi ɾ,V;SBJV;PRS;3;PL,55,55,100.0
90L_10NL_2_2,90L_10NL,2,p ɾ e d e s ˈi ɾ,V;SBJV;PRS;3;PL,55,55,100.0
90L_10NL_2_3,90L_10NL,2,p ɾ e d e s ˈi ɾ,V;SBJV;PRS;3;PL,55,55,100.0
90L_10NL_2_4,90L_10NL,2,p ɾ e d e s ˈi ɾ,V;SBJV;PRS;3;PL,55,55,100.0
90L_10NL_2_1,90L_10NL,2,p ɾ e d e s ˈi ɾ,V;SBJV;PRS;3;SG,55,55,100.0
90L_10NL_2_2,90L_10NL,2,p ɾ e d e s ˈi ɾ,V;SBJV;PRS;3;SG,54,55,98.18
90L_10NL_2_3,90L_10NL,2,p ɾ e d e s ˈi ɾ,V;SBJV;PRS;3;SG,55,55,100.0
90L_10NL_2_4,90L_10NL,2,p ɾ e d e s ˈi ɾ,V;SBJV;PRS;3;SG,55,55,100.0
90L_10NL_2_1,90L_10NL,2,s o b ɾ e s a l ˈi ɾ,V;IND;PRS;1;PL,0,55,0.0
90L_10NL_2_2,90L_10NL,2,s o b ɾ e s a l ˈi ɾ,V;IND;PRS;1;PL,0,55,0.0
90L_10NL_2_3,90L_10NL,2,s o b ɾ e s a l ˈi ɾ,V;IND;PRS;1;PL,0,55,0.0
90L_10NL_2_4,90L_10NL,2,s o b ɾ e s a l ˈi ɾ,V;IND;PRS;1;PL,0,55,0.0
90L_10NL_2_1,90L_10NL,2,s o b ɾ e s a l ˈi ɾ,V;IND;PRS;1;SG,0,55,0.0
90L_10NL_2_2,90L_10NL,2,s o b ɾ e s a l ˈi ɾ,V;IND;PRS;1;SG,2,55,3.64
90L_10NL_2_3,90L_10NL,2,s o b ɾ e s a l ˈi ɾ,V;IND;PRS;1;SG,0,55,0.0
90L_10NL_2_4,90L_10NL,2,s o b ɾ e s a l ˈi ɾ,V;IND;PRS;1;SG,6,55,10.91
90L_10NL_2_1,90L_10NL,2,s o b ɾ e s a l ˈi ɾ,V;IND;PRS;2;PL,0,55,0.0
90L_10NL_2_2,90L_10NL,2,s o b ɾ e s a l ˈi ɾ,V;IND;PRS;2;PL,0,55,0.0
90L_10NL_2_3,90L_10NL,2,s o b ɾ e s a l ˈi ɾ,V;IND;PRS;2;PL,0,55,0.0
90L_10NL_2_4,90L_10NL,2,s o b ɾ e s a l ˈi ɾ,V;IND;PRS;2;PL,0,55,0.0
90L_10NL_2_1,90L_10NL,2,s o b ɾ e s a l ˈi ɾ,V;IND;PRS;2;SG,0,55,0.0
90L_10NL_2_2,90L_10NL,2,s o b ɾ e s a l ˈi ɾ,V;IND;PRS;2;SG,30,55,54.55
90L_10NL_2_3,90L_10NL,2,s o b ɾ e s a l ˈi ɾ,V;IND;PRS;2;SG,1,55,1.82
90L_10NL_2_4,90L_10NL,2,s o b ɾ e s a l ˈi ɾ,V;IND;PRS;2;SG,29,55,52.73
90L_10NL_2_1,90L_10NL,2,s o b ɾ e s a l ˈi ɾ,V;IND;PRS;3;PL,0,55,0.0
90L_10NL_2_2,90L_10NL,2,s o b ɾ e s a l ˈi ɾ,V;IND;PRS;3;PL,32,55,58.18
90L_10NL_2_3,90L_10NL,2,s o b ɾ e s a l ˈi ɾ,V;IND;PRS;3;PL,2,55,3.64
90L_10NL_2_4,90L_10NL,2,s o b ɾ e s a l ˈi ɾ,V;IND;PRS;3;PL,31,55,56.36
90L_10NL_2_1,90L_10NL,2,s o b ɾ e s a l ˈi ɾ,V;IND;PRS;3;SG,0,55,0.0
90L_10NL_2_2,90L_10NL,2,s o b ɾ e s a l ˈi ɾ,V;IND;PRS;3;SG,5,55,9.09
90L_10NL_2_3,90L_10NL,2,s o b ɾ e s a l ˈi ɾ,V;IND;PRS;3;SG,3,55,5.45
90L_10NL_2_4,90L_10NL,2,s o b ɾ e s a l ˈi ɾ,V;IND;PRS;3;SG,33,55,60.0
90L_10NL_2_1,90L_10NL,2,s o b ɾ e s a l ˈi ɾ,V;SBJV;PRS;1;PL,0,55,0.0
90L_10NL_2_2,90L_10NL,2,s o b ɾ e s a l ˈi ɾ,V;SBJV;PRS;1;PL,0,55,0.0
90L_10NL_2_3,90L_10NL,2,s o b ɾ e s a l ˈi ɾ,V;SBJV;PRS;1;PL,0,55,0.0
90L_10NL_2_4,90L_10NL,2,s o b ɾ e s a l ˈi ɾ,V;SBJV;PRS;1;PL,0,55,0.0
90L_10NL_2_1,90L_10NL,2,s o b ɾ e s a l ˈi ɾ,V;SBJV;PRS;1;SG,0,55,0.0
90L_10NL_2_2,90L_10NL,2,s o b ɾ e s a l ˈi ɾ,V;SBJV;PRS;1;SG,7,55,12.73
90L_10NL_2_3,90L_10NL,2,s o b ɾ e s a l ˈi ɾ,V;SBJV;PRS;1;SG,2,55,3.64
90L_10NL_2_4,90L_10NL,2,s o b ɾ e s a l ˈi ɾ,V;SBJV;PRS;1;SG,12,55,21.82
90L_10NL_2_1,90L_10NL,2,s o b ɾ e s a l ˈi ɾ,V;SBJV;PRS;2;PL,0,55,0.0
90L_10NL_2_2,90L_10NL,2,s o b ɾ e s a l ˈi ɾ,V;SBJV;PRS;2;PL,0,55,0.0
90L_10NL_2_3,90L_10NL,2,s o b ɾ e s a l ˈi ɾ,V;SBJV;PRS;2;PL,0,55,0.0
90L_10NL_2_4,90L_10NL,2,s o b ɾ e s a l ˈi ɾ,V;SBJV;PRS;2;PL,2,55,3.64
90L_10NL_2_1,90L_10NL,2,s o b ɾ e s a l ˈi ɾ,V;SBJV;PRS;2;SG,0,55,0.0
90L_10NL_2_2,90L_10NL,2,s o b ɾ e s a l ˈi ɾ,V;SBJV;PRS;2;SG,10,55,18.18
90L_10NL_2_3,90L_10NL,2,s o b ɾ e s a l ˈi ɾ,V;SBJV;PRS;2;SG,2,55,3.64
90L_10NL_2_4,90L_10NL,2,s o b ɾ e s a l ˈi ɾ,V;SBJV;PRS;2;SG,14,55,25.45
90L_10NL_2_1,90L_10NL,2,s o b ɾ e s a l ˈi ɾ,V;SBJV;PRS;3;PL,0,55,0.0
90L_10NL_2_2,90L_10NL,2,s o b ɾ e s a l ˈi ɾ,V;SBJV;PRS;3;PL,7,55,12.73
90L_10NL_2_3,90L_10NL,2,s o b ɾ e s a l ˈi ɾ,V;SBJV;PRS;3;PL,2,55,3.64
90L_10NL_2_4,90L_10NL,2,s o b ɾ e s a l ˈi ɾ,V;SBJV;PRS;3;PL,16,55,29.09
90L_10NL_2_1,90L_10NL,2,s o b ɾ e s a l ˈi ɾ,V;SBJV;PRS;3;SG,0,55,0.0
90L_10NL_2_2,90L_10NL,2,s o b ɾ e s a l ˈi ɾ,V;SBJV;PRS;3;SG,8,55,14.55
90L_10NL_2_3,90L_10NL,2,s o b ɾ e s a l ˈi ɾ,V;SBJV;PRS;3;SG,2,55,3.64
90L_10NL_2_4,90L_10NL,2,s o b ɾ e s a l ˈi ɾ,V;SBJV;PRS;3;SG,12,55,21.82
90L_10NL_2_1,90L_10NL,2,s o s t e n ˈe ɾ,V;IND;PRS;1;PL,55,55,100.0
90L_10NL_2_2,90L_10NL,2,s o s t e n ˈe ɾ,V;IND;PRS;1;PL,55,55,100.0
90L_10NL_2_3,90L_10NL,2,s o s t e n ˈe ɾ,V;IND;PRS;1;PL,55,55,100.0
90L_10NL_2_4,90L_10NL,2,s o s t e n ˈe ɾ,V;IND;PRS;1;PL,55,55,100.0
90L_10NL_2_1,90L_10NL,2,s o s t e n ˈe ɾ,V;IND;PRS;1;SG,55,55,100.0
90L_10NL_2_2,90L_10NL,2,s o s t e n ˈe ɾ,V;IND;PRS;1;SG,55,55,100.0
90L_10NL_2_3,90L_10NL,2,s o s t e n ˈe ɾ,V;IND;PRS;1;SG,55,55,100.0
90L_10NL_2_4,90L_10NL,2,s o s t e n ˈe ɾ,V;IND;PRS;1;SG,55,55,100.0
90L_10NL_2_1,90L_10NL,2,s o s t e n ˈe ɾ,V;IND;PRS;2;PL,55,55,100.0
90L_10NL_2_2,90L_10NL,2,s o s t e n ˈe ɾ,V;IND;PRS;2;PL,55,55,100.0
90L_10NL_2_3,90L_10NL,2,s o s t e n ˈe ɾ,V;IND;PRS;2;PL,55,55,100.0
90L_10NL_2_4,90L_10NL,2,s o s t e n ˈe ɾ,V;IND;PRS;2;PL,55,55,100.0
90L_10NL_2_1,90L_10NL,2,s o s t e n ˈe ɾ,V;IND;PRS;2;SG,55,55,100.0
90L_10NL_2_2,90L_10NL,2,s o s t e n ˈe ɾ,V;IND;PRS;2;SG,52,55,94.55
90L_10NL_2_3,90L_10NL,2,s o s t e n ˈe ɾ,V;IND;PRS;2;SG,55,55,100.0
90L_10NL_2_4,90L_10NL,2,s o s t e n ˈe ɾ,V;IND;PRS;2;SG,22,55,40.0
90L_10NL_2_1,90L_10NL,2,s o s t e n ˈe ɾ,V;IND;PRS;3;PL,55,55,100.0
90L_10NL_2_2,90L_10NL,2,s o s t e n ˈe ɾ,V;IND;PRS;3;PL,53,55,96.36
90L_10NL_2_3,90L_10NL,2,s o s t e n ˈe ɾ,V;IND;PRS;3;PL,55,55,100.0
90L_10NL_2_4,90L_10NL,2,s o s t e n ˈe ɾ,V;IND;PRS;3;PL,19,55,34.55
90L_10NL_2_1,90L_10NL,2,s o s t e n ˈe ɾ,V;IND;PRS;3;SG,55,55,100.0
90L_10NL_2_2,90L_10NL,2,s o s t e n ˈe ɾ,V;IND;PRS;3;SG,54,55,98.18
90L_10NL_2_3,90L_10NL,2,s o s t e n ˈe ɾ,V;IND;PRS;3;SG,55,55,100.0
90L_10NL_2_4,90L_10NL,2,s o s t e n ˈe ɾ,V;IND;PRS;3;SG,16,55,29.09
90L_10NL_2_1,90L_10NL,2,s o s t e n ˈe ɾ,V;SBJV;PRS;1;PL,55,55,100.0
90L_10NL_2_2,90L_10NL,2,s o s t e n ˈe ɾ,V;SBJV;PRS;1;PL,55,55,100.0
90L_10NL_2_3,90L_10NL,2,s o s t e n ˈe ɾ,V;SBJV;PRS;1;PL,55,55,100.0
90L_10NL_2_4,90L_10NL,2,s o s t e n ˈe ɾ,V;SBJV;PRS;1;PL,55,55,100.0
90L_10NL_2_1,90L_10NL,2,s o s t e n ˈe ɾ,V;SBJV;PRS;1;SG,55,55,100.0
90L_10NL_2_2,90L_10NL,2,s o s t e n ˈe ɾ,V;SBJV;PRS;1;SG,55,55,100.0
90L_10NL_2_3,90L_10NL,2,s o s t e n ˈe ɾ,V;SBJV;PRS;1;SG,55,55,100.0
90L_10NL_2_4,90L_10NL,2,s o s t e n ˈe ɾ,V;SBJV;PRS;1;SG,55,55,100.0
90L_10NL_2_1,90L_10NL,2,s o s t e n ˈe ɾ,V;SBJV;PRS;2;PL,55,55,100.0
90L_10NL_2_2,90L_10NL,2,s o s t e n ˈe ɾ,V;SBJV;PRS;2;PL,55,55,100.0
90L_10NL_2_3,90L_10NL,2,s o s t e n ˈe ɾ,V;SBJV;PRS;2;PL,55,55,100.0
90L_10NL_2_4,90L_10NL,2,s o s t e n ˈe ɾ,V;SBJV;PRS;2;PL,55,55,100.0
90L_10NL_2_1,90L_10NL,2,s o s t e n ˈe ɾ,V;SBJV;PRS;2;SG,55,55,100.0
90L_10NL_2_2,90L_10NL,2,s o s t e n ˈe ɾ,V;SBJV;PRS;2;SG,54,55,98.18
90L_10NL_2_3,90L_10NL,2,s o s t e n ˈe ɾ,V;SBJV;PRS;2;SG,55,55,100.0
90L_10NL_2_4,90L_10NL,2,s o s t e n ˈe ɾ,V;SBJV;PRS;2;SG,55,55,100.0
90L_10NL_2_1,90L_10NL,2,s o s t e n ˈe ɾ,V;SBJV;PRS;3;PL,55,55,100.0
90L_10NL_2_2,90L_10NL,2,s o s t e n ˈe ɾ,V;SBJV;PRS;3;PL,55,55,100.0
90L_10NL_2_3,90L_10NL,2,s o s t e n ˈe ɾ,V;SBJV;PRS;3;PL,55,55,100.0
90L_10NL_2_4,90L_10NL,2,s o s t e n ˈe ɾ,V;SBJV;PRS;3;PL,55,55,100.0
90L_10NL_2_1,90L_10NL,2,s o s t e n ˈe ɾ,V;SBJV;PRS;3;SG,55,55,100.0
90L_10NL_2_2,90L_10NL,2,s o s t e n ˈe ɾ,V;SBJV;PRS;3;SG,55,55,100.0
90L_10NL_2_3,90L_10NL,2,s o s t e n ˈe ɾ,V;SBJV;PRS;3;SG,55,55,100.0
90L_10NL_2_4,90L_10NL,2,s o s t e n ˈe ɾ,V;SBJV;PRS;3;SG,55,55,100.0
90L_10NL_2_1,90L_10NL,2,s u b s t ɾ a ˈe ɾ,V;IND;PRS;1;PL,55,55,100.0
90L_10NL_2_2,90L_10NL,2,s u b s t ɾ a ˈe ɾ,V;IND;PRS;1;PL,49,55,89.09
90L_10NL_2_3,90L_10NL,2,s u b s t ɾ a ˈe ɾ,V;IND;PRS;1;PL,52,55,94.55
90L_10NL_2_4,90L_10NL,2,s u b s t ɾ a ˈe ɾ,V;IND;PRS;1;PL,55,55,100.0
90L_10NL_2_1,90L_10NL,2,s u b s t ɾ a ˈe ɾ,V;IND;PRS;1;SG,55,55,100.0
90L_10NL_2_2,90L_10NL,2,s u b s t ɾ a ˈe ɾ,V;IND;PRS;1;SG,55,55,100.0
90L_10NL_2_3,90L_10NL,2,s u b s t ɾ a ˈe ɾ,V;IND;PRS;1;SG,55,55,100.0
90L_10NL_2_4,90L_10NL,2,s u b s t ɾ a ˈe ɾ,V;IND;PRS;1;SG,49,55,89.09
90L_10NL_2_1,90L_10NL,2,s u b s t ɾ a ˈe ɾ,V;IND;PRS;2;PL,53,55,96.36
90L_10NL_2_2,90L_10NL,2,s u b s t ɾ a ˈe ɾ,V;IND;PRS;2;PL,49,55,89.09
90L_10NL_2_3,90L_10NL,2,s u b s t ɾ a ˈe ɾ,V;IND;PRS;2;PL,55,55,100.0
90L_10NL_2_4,90L_10NL,2,s u b s t ɾ a ˈe ɾ,V;IND;PRS;2;PL,55,55,100.0
90L_10NL_2_1,90L_10NL,2,s u b s t ɾ a ˈe ɾ,V;IND;PRS;2;SG,55,55,100.0
90L_10NL_2_2,90L_10NL,2,s u b s t ɾ a ˈe ɾ,V;IND;PRS;2;SG,49,55,89.09
90L_10NL_2_3,90L_10NL,2,s u b s t ɾ a ˈe ɾ,V;IND;PRS;2;SG,55,55,100.0
90L_10NL_2_4,90L_10NL,2,s u b s t ɾ a ˈe ɾ,V;IND;PRS;2;SG,52,55,94.55
90L_10NL_2_1,90L_10NL,2,s u b s t ɾ a ˈe ɾ,V;IND;PRS;3;PL,55,55,100.0
90L_10NL_2_2,90L_10NL,2,s u b s t ɾ a ˈe ɾ,V;IND;PRS;3;PL,48,55,87.27
90L_10NL_2_3,90L_10NL,2,s u b s t ɾ a ˈe ɾ,V;IND;PRS;3;PL,55,55,100.0
90L_10NL_2_4,90L_10NL,2,s u b s t ɾ a ˈe ɾ,V;IND;PRS;3;PL,51,55,92.73
90L_10NL_2_1,90L_10NL,2,s u b s t ɾ a ˈe ɾ,V;IND;PRS;3;SG,55,55,100.0
90L_10NL_2_2,90L_10NL,2,s u b s t ɾ a ˈe ɾ,V;IND;PRS;3;SG,49,55,89.09
90L_10NL_2_3,90L_10NL,2,s u b s t ɾ a ˈe ɾ,V;IND;PRS;3;SG,55,55,100.0
90L_10NL_2_4,90L_10NL,2,s u b s t ɾ a ˈe ɾ,V;IND;PRS;3;SG,51,55,92.73
90L_10NL_2_1,90L_10NL,2,s u b s t ɾ a ˈe ɾ,V;SBJV;PRS;1;PL,55,55,100.0
90L_10NL_2_2,90L_10NL,2,s u b s t ɾ a ˈe ɾ,V;SBJV;PRS;1;PL,55,55,100.0
90L_10NL_2_3,90L_10NL,2,s u b s t ɾ a ˈe ɾ,V;SBJV;PRS;1;PL,48,55,87.27
90L_10NL_2_4,90L_10NL,2,s u b s t ɾ a ˈe ɾ,V;SBJV;PRS;1;PL,55,55,100.0
90L_10NL_2_1,90L_10NL,2,s u b s t ɾ a ˈe ɾ,V;SBJV;PRS;1;SG,55,55,100.0
90L_10NL_2_2,90L_10NL,2,s u b s t ɾ a ˈe ɾ,V;SBJV;PRS;1;SG,55,55,100.0
90L_10NL_2_3,90L_10NL,2,s u b s t ɾ a ˈe ɾ,V;SBJV;PRS;1;SG,55,55,100.0
90L_10NL_2_4,90L_10NL,2,s u b s t ɾ a ˈe ɾ,V;SBJV;PRS;1;SG,54,55,98.18
90L_10NL_2_1,90L_10NL,2,s u b s t ɾ a ˈe ɾ,V;SBJV;PRS;2;PL,55,55,100.0
90L_10NL_2_2,90L_10NL,2,s u b s t ɾ a ˈe ɾ,V;SBJV;PRS;2;PL,55,55,100.0
90L_10NL_2_3,90L_10NL,2,s u b s t ɾ a ˈe ɾ,V;SBJV;PRS;2;PL,49,55,89.09
90L_10NL_2_4,90L_10NL,2,s u b s t ɾ a ˈe ɾ,V;SBJV;PRS;2;PL,55,55,100.0
90L_10NL_2_1,90L_10NL,2,s u b s t ɾ a ˈe ɾ,V;SBJV;PRS;2;SG,55,55,100.0
90L_10NL_2_2,90L_10NL,2,s u b s t ɾ a ˈe ɾ,V;SBJV;PRS;2;SG,54,55,98.18
90L_10NL_2_3,90L_10NL,2,s u b s t ɾ a ˈe ɾ,V;SBJV;PRS;2;SG,55,55,100.0
90L_10NL_2_4,90L_10NL,2,s u b s t ɾ a ˈe ɾ,V;SBJV;PRS;2;SG,55,55,100.0
90L_10NL_2_1,90L_10NL,2,s u b s t ɾ a ˈe ɾ,V;SBJV;PRS;3;PL,55,55,100.0
90L_10NL_2_2,90L_10NL,2,s u b s t ɾ a ˈe ɾ,V;SBJV;PRS;3;PL,55,55,100.0
90L_10NL_2_3,90L_10NL,2,s u b s t ɾ a ˈe ɾ,V;SBJV;PRS;3;PL,55,55,100.0
90L_10NL_2_4,90L_10NL,2,s u b s t ɾ a ˈe ɾ,V;SBJV;PRS;3;PL,54,55,98.18
90L_10NL_2_1,90L_10NL,2,s u b s t ɾ a ˈe ɾ,V;SBJV;PRS;3;SG,55,55,100.0
90L_10NL_2_2,90L_10NL,2,s u b s t ɾ a ˈe ɾ,V;SBJV;PRS;3;SG,55,55,100.0
90L_10NL_2_3,90L_10NL,2,s u b s t ɾ a ˈe ɾ,V;SBJV;PRS;3;SG,55,55,100.0
90L_10NL_2_4,90L_10NL,2,s u b s t ɾ a ˈe ɾ,V;SBJV;PRS;3;SG,53,55,96.36
90L_10NL_2_1,90L_10NL,2,s u ɾ s ˈi ɾ,V;IND;PRS;1;PL,55,55,100.0
90L_10NL_2_2,90L_10NL,2,s u ɾ s ˈi ɾ,V;IND;PRS;1;PL,55,55,100.0
90L_10NL_2_3,90L_10NL,2,s u ɾ s ˈi ɾ,V;IND;PRS;1;PL,55,55,100.0
90L_10NL_2_4,90L_10NL,2,s u ɾ s ˈi ɾ,V;IND;PRS;1;PL,55,55,100.0
90L_10NL_2_1,90L_10NL,2,s u ɾ s ˈi ɾ,V;IND;PRS;1;SG,55,55,100.0
90L_10NL_2_2,90L_10NL,2,s u ɾ s ˈi ɾ,V;IND;PRS;1;SG,55,55,100.0
90L_10NL_2_3,90L_10NL,2,s u ɾ s ˈi ɾ,V;IND;PRS;1;SG,55,55,100.0
90L_10NL_2_4,90L_10NL,2,s u ɾ s ˈi ɾ,V;IND;PRS;1;SG,55,55,100.0
90L_10NL_2_1,90L_10NL,2,s u ɾ s ˈi ɾ,V;IND;PRS;2;PL,55,55,100.0
90L_10NL_2_2,90L_10NL,2,s u ɾ s ˈi ɾ,V;IND;PRS;2;PL,55,55,100.0
90L_10NL_2_3,90L_10NL,2,s u ɾ s ˈi ɾ,V;IND;PRS;2;PL,55,55,100.0
90L_10NL_2_4,90L_10NL,2,s u ɾ s ˈi ɾ,V;IND;PRS;2;PL,55,55,100.0
90L_10NL_2_1,90L_10NL,2,s u ɾ s ˈi ɾ,V;IND;PRS;2;SG,55,55,100.0
90L_10NL_2_2,90L_10NL,2,s u ɾ s ˈi ɾ,V;IND;PRS;2;SG,55,55,100.0
90L_10NL_2_3,90L_10NL,2,s u ɾ s ˈi ɾ,V;IND;PRS;2;SG,55,55,100.0
90L_10NL_2_4,90L_10NL,2,s u ɾ s ˈi ɾ,V;IND;PRS;2;SG,55,55,100.0
90L_10NL_2_1,90L_10NL,2,s u ɾ s ˈi ɾ,V;IND;PRS;3;PL,55,55,100.0
90L_10NL_2_2,90L_10NL,2,s u ɾ s ˈi ɾ,V;IND;PRS;3;PL,55,55,100.0
90L_10NL_2_3,90L_10NL,2,s u ɾ s ˈi ɾ,V;IND;PRS;3;PL,55,55,100.0
90L_10NL_2_4,90L_10NL,2,s u ɾ s ˈi ɾ,V;IND;PRS;3;PL,55,55,100.0
90L_10NL_2_1,90L_10NL,2,s u ɾ s ˈi ɾ,V;IND;PRS;3;SG,55,55,100.0
90L_10NL_2_2,90L_10NL,2,s u ɾ s ˈi ɾ,V;IND;PRS;3;SG,55,55,100.0
90L_10NL_2_3,90L_10NL,2,s u ɾ s ˈi ɾ,V;IND;PRS;3;SG,55,55,100.0
90L_10NL_2_4,90L_10NL,2,s u ɾ s ˈi ɾ,V;IND;PRS;3;SG,55,55,100.0
90L_10NL_2_1,90L_10NL,2,s u ɾ s ˈi ɾ,V;SBJV;PRS;1;PL,55,55,100.0
90L_10NL_2_2,90L_10NL,2,s u ɾ s ˈi ɾ,V;SBJV;PRS;1;PL,55,55,100.0
90L_10NL_2_3,90L_10NL,2,s u ɾ s ˈi ɾ,V;SBJV;PRS;1;PL,55,55,100.0
90L_10NL_2_4,90L_10NL,2,s u ɾ s ˈi ɾ,V;SBJV;PRS;1;PL,55,55,100.0
90L_10NL_2_1,90L_10NL,2,s u ɾ s ˈi ɾ,V;SBJV;PRS;1;SG,55,55,100.0
90L_10NL_2_2,90L_10NL,2,s u ɾ s ˈi ɾ,V;SBJV;PRS;1;SG,55,55,100.0
90L_10NL_2_3,90L_10NL,2,s u ɾ s ˈi ɾ,V;SBJV;PRS;1;SG,55,55,100.0
90L_10NL_2_4,90L_10NL,2,s u ɾ s ˈi ɾ,V;SBJV;PRS;1;SG,55,55,100.0
90L_10NL_2_1,90L_10NL,2,s u ɾ s ˈi ɾ,V;SBJV;PRS;2;PL,55,55,100.0
90L_10NL_2_2,90L_10NL,2,s u ɾ s ˈi ɾ,V;SBJV;PRS;2;PL,55,55,100.0
90L_10NL_2_3,90L_10NL,2,s u ɾ s ˈi ɾ,V;SBJV;PRS;2;PL,55,55,100.0
90L_10NL_2_4,90L_10NL,2,s u ɾ s ˈi ɾ,V;SBJV;PRS;2;PL,55,55,100.0
90L_10NL_2_1,90L_10NL,2,s u ɾ s ˈi ɾ,V;SBJV;PRS;2;SG,55,55,100.0
90L_10NL_2_2,90L_10NL,2,s u ɾ s ˈi ɾ,V;SBJV;PRS;2;SG,55,55,100.0
90L_10NL_2_3,90L_10NL,2,s u ɾ s ˈi ɾ,V;SBJV;PRS;2;SG,55,55,100.0
90L_10NL_2_4,90L_10NL,2,s u ɾ s ˈi ɾ,V;SBJV;PRS;2;SG,55,55,100.0
90L_10NL_2_1,90L_10NL,2,s u ɾ s ˈi ɾ,V;SBJV;PRS;3;PL,55,55,100.0
90L_10NL_2_2,90L_10NL,2,s u ɾ s ˈi ɾ,V;SBJV;PRS;3;PL,55,55,100.0
90L_10NL_2_3,90L_10NL,2,s u ɾ s ˈi ɾ,V;SBJV;PRS;3;PL,55,55,100.0
90L_10NL_2_4,90L_10NL,2,s u ɾ s ˈi ɾ,V;SBJV;PRS;3;PL,55,55,100.0
90L_10NL_2_1,90L_10NL,2,s u ɾ s ˈi ɾ,V;SBJV;PRS;3;SG,55,55,100.0
90L_10NL_2_2,90L_10NL,2,s u ɾ s ˈi ɾ,V;SBJV;PRS;3;SG,55,55,100.0
90L_10NL_2_3,90L_10NL,2,s u ɾ s ˈi ɾ,V;SBJV;PRS;3;SG,55,55,100.0
90L_10NL_2_4,90L_10NL,2,s u ɾ s ˈi ɾ,V;SBJV;PRS;3;SG,55,55,100.0
90L_10NL_2_1,90L_10NL,2,t ɾ a s p o n ˈe ɾ,V;IND;PRS;1;PL,55,55,100.0
90L_10NL_2_2,90L_10NL,2,t ɾ a s p o n ˈe ɾ,V;IND;PRS;1;PL,55,55,100.0
90L_10NL_2_3,90L_10NL,2,t ɾ a s p o n ˈe ɾ,V;IND;PRS;1;PL,55,55,100.0
90L_10NL_2_4,90L_10NL,2,t ɾ a s p o n ˈe ɾ,V;IND;PRS;1;PL,55,55,100.0
90L_10NL_2_1,90L_10NL,2,t ɾ a s p o n ˈe ɾ,V;IND;PRS;1;SG,55,55,100.0
90L_10NL_2_2,90L_10NL,2,t ɾ a s p o n ˈe ɾ,V;IND;PRS;1;SG,55,55,100.0
90L_10NL_2_3,90L_10NL,2,t ɾ a s p o n ˈe ɾ,V;IND;PRS;1;SG,55,55,100.0
90L_10NL_2_4,90L_10NL,2,t ɾ a s p o n ˈe ɾ,V;IND;PRS;1;SG,55,55,100.0
90L_10NL_2_1,90L_10NL,2,t ɾ a s p o n ˈe ɾ,V;IND;PRS;2;PL,55,55,100.0
90L_10NL_2_2,90L_10NL,2,t ɾ a s p o n ˈe ɾ,V;IND;PRS;2;PL,55,55,100.0
90L_10NL_2_3,90L_10NL,2,t ɾ a s p o n ˈe ɾ,V;IND;PRS;2;PL,55,55,100.0
90L_10NL_2_4,90L_10NL,2,t ɾ a s p o n ˈe ɾ,V;IND;PRS;2;PL,55,55,100.0
90L_10NL_2_1,90L_10NL,2,t ɾ a s p o n ˈe ɾ,V;IND;PRS;2;SG,55,55,100.0
90L_10NL_2_2,90L_10NL,2,t ɾ a s p o n ˈe ɾ,V;IND;PRS;2;SG,55,55,100.0
90L_10NL_2_3,90L_10NL,2,t ɾ a s p o n ˈe ɾ,V;IND;PRS;2;SG,55,55,100.0
90L_10NL_2_4,90L_10NL,2,t ɾ a s p o n ˈe ɾ,V;IND;PRS;2;SG,55,55,100.0
90L_10NL_2_1,90L_10NL,2,t ɾ a s p o n ˈe ɾ,V;IND;PRS;3;PL,55,55,100.0
90L_10NL_2_2,90L_10NL,2,t ɾ a s p o n ˈe ɾ,V;IND;PRS;3;PL,55,55,100.0
90L_10NL_2_3,90L_10NL,2,t ɾ a s p o n ˈe ɾ,V;IND;PRS;3;PL,55,55,100.0
90L_10NL_2_4,90L_10NL,2,t ɾ a s p o n ˈe ɾ,V;IND;PRS;3;PL,55,55,100.0
90L_10NL_2_1,90L_10NL,2,t ɾ a s p o n ˈe ɾ,V;IND;PRS;3;SG,55,55,100.0
90L_10NL_2_2,90L_10NL,2,t ɾ a s p o n ˈe ɾ,V;IND;PRS;3;SG,55,55,100.0
90L_10NL_2_3,90L_10NL,2,t ɾ a s p o n ˈe ɾ,V;IND;PRS;3;SG,55,55,100.0
90L_10NL_2_4,90L_10NL,2,t ɾ a s p o n ˈe ɾ,V;IND;PRS;3;SG,55,55,100.0
90L_10NL_2_1,90L_10NL,2,t ɾ a s p o n ˈe ɾ,V;SBJV;PRS;1;PL,55,55,100.0
90L_10NL_2_2,90L_10NL,2,t ɾ a s p o n ˈe ɾ,V;SBJV;PRS;1;PL,55,55,100.0
90L_10NL_2_3,90L_10NL,2,t ɾ a s p o n ˈe ɾ,V;SBJV;PRS;1;PL,55,55,100.0
90L_10NL_2_4,90L_10NL,2,t ɾ a s p o n ˈe ɾ,V;SBJV;PRS;1;PL,55,55,100.0
90L_10NL_2_1,90L_10NL,2,t ɾ a s p o n ˈe ɾ,V;SBJV;PRS;1;SG,55,55,100.0
90L_10NL_2_2,90L_10NL,2,t ɾ a s p o n ˈe ɾ,V;SBJV;PRS;1;SG,55,55,100.0
90L_10NL_2_3,90L_10NL,2,t ɾ a s p o n ˈe ɾ,V;SBJV;PRS;1;SG,55,55,100.0
90L_10NL_2_4,90L_10NL,2,t ɾ a s p o n ˈe ɾ,V;SBJV;PRS;1;SG,55,55,100.0
90L_10NL_2_1,90L_10NL,2,t ɾ a s p o n ˈe ɾ,V;SBJV;PRS;2;PL,55,55,100.0
90L_10NL_2_2,90L_10NL,2,t ɾ a s p o n ˈe ɾ,V;SBJV;PRS;2;PL,55,55,100.0
90L_10NL_2_3,90L_10NL,2,t ɾ a s p o n ˈe ɾ,V;SBJV;PRS;2;PL,55,55,100.0
90L_10NL_2_4,90L_10NL,2,t ɾ a s p o n ˈe ɾ,V;SBJV;PRS;2;PL,55,55,100.0
90L_10NL_2_1,90L_10NL,2,t ɾ a s p o n ˈe ɾ,V;SBJV;PRS;2;SG,55,55,100.0
90L_10NL_2_2,90L_10NL,2,t ɾ a s p o n ˈe ɾ,V;SBJV;PRS;2;SG,55,55,100.0
90L_10NL_2_3,90L_10NL,2,t ɾ a s p o n ˈe ɾ,V;SBJV;PRS;2;SG,55,55,100.0
90L_10NL_2_4,90L_10NL,2,t ɾ a s p o n ˈe ɾ,V;SBJV;PRS;2;SG,55,55,100.0
90L_10NL_2_1,90L_10NL,2,t ɾ a s p o n ˈe ɾ,V;SBJV;PRS;3;PL,55,55,100.0
90L_10NL_2_2,90L_10NL,2,t ɾ a s p o n ˈe ɾ,V;SBJV;PRS;3;PL,55,55,100.0
90L_10NL_2_3,90L_10NL,2,t ɾ a s p o n ˈe ɾ,V;SBJV;PRS;3;PL,55,55,100.0
90L_10NL_2_4,90L_10NL,2,t ɾ a s p o n ˈe ɾ,V;SBJV;PRS;3;PL,55,55,100.0
90L_10NL_2_1,90L_10NL,2,t ɾ a s p o n ˈe ɾ,V;SBJV;PRS;3;SG,55,55,100.0
90L_10NL_2_2,90L_10NL,2,t ɾ a s p o n ˈe ɾ,V;SBJV;PRS;3;SG,55,55,100.0
90L_10NL_2_3,90L_10NL,2,t ɾ a s p o n ˈe ɾ,V;SBJV;PRS;3;SG,55,55,100.0
90L_10NL_2_4,90L_10NL,2,t ɾ a s p o n ˈe ɾ,V;SBJV;PRS;3;SG,55,55,100.0
90L_10NL_2_1,90L_10NL,2,t ɾ a ˈe ɾ,V;IND;PRS;1;PL,55,55,100.0
90L_10NL_2_2,90L_10NL,2,t ɾ a ˈe ɾ,V;IND;PRS;1;PL,55,55,100.0
90L_10NL_2_3,90L_10NL,2,t ɾ a ˈe ɾ,V;IND;PRS;1;PL,55,55,100.0
90L_10NL_2_4,90L_10NL,2,t ɾ a ˈe ɾ,V;IND;PRS;1;PL,55,55,100.0
90L_10NL_2_1,90L_10NL,2,t ɾ a ˈe ɾ,V;IND;PRS;1;SG,55,55,100.0
90L_10NL_2_2,90L_10NL,2,t ɾ a ˈe ɾ,V;IND;PRS;1;SG,55,55,100.0
90L_10NL_2_3,90L_10NL,2,t ɾ a ˈe ɾ,V;IND;PRS;1;SG,55,55,100.0
90L_10NL_2_4,90L_10NL,2,t ɾ a ˈe ɾ,V;IND;PRS;1;SG,55,55,100.0
90L_10NL_2_1,90L_10NL,2,t ɾ a ˈe ɾ,V;IND;PRS;2;PL,55,55,100.0
90L_10NL_2_2,90L_10NL,2,t ɾ a ˈe ɾ,V;IND;PRS;2;PL,55,55,100.0
90L_10NL_2_3,90L_10NL,2,t ɾ a ˈe ɾ,V;IND;PRS;2;PL,55,55,100.0
90L_10NL_2_4,90L_10NL,2,t ɾ a ˈe ɾ,V;IND;PRS;2;PL,55,55,100.0
90L_10NL_2_1,90L_10NL,2,t ɾ a ˈe ɾ,V;IND;PRS;2;SG,55,55,100.0
90L_10NL_2_2,90L_10NL,2,t ɾ a ˈe ɾ,V;IND;PRS;2;SG,50,55,90.91
90L_10NL_2_3,90L_10NL,2,t ɾ a ˈe ɾ,V;IND;PRS;2;SG,55,55,100.0
90L_10NL_2_4,90L_10NL,2,t ɾ a ˈe ɾ,V;IND;PRS;2;SG,55,55,100.0
90L_10NL_2_1,90L_10NL,2,t ɾ a ˈe ɾ,V;IND;PRS;3;PL,55,55,100.0
90L_10NL_2_2,90L_10NL,2,t ɾ a ˈe ɾ,V;IND;PRS;3;PL,49,55,89.09
90L_10NL_2_3,90L_10NL,2,t ɾ a ˈe ɾ,V;IND;PRS;3;PL,55,55,100.0
90L_10NL_2_4,90L_10NL,2,t ɾ a ˈe ɾ,V;IND;PRS;3;PL,55,55,100.0
90L_10NL_2_1,90L_10NL,2,t ɾ a ˈe ɾ,V;IND;PRS;3;SG,55,55,100.0
90L_10NL_2_2,90L_10NL,2,t ɾ a ˈe ɾ,V;IND;PRS;3;SG,51,55,92.73
90L_10NL_2_3,90L_10NL,2,t ɾ a ˈe ɾ,V;IND;PRS;3;SG,55,55,100.0
90L_10NL_2_4,90L_10NL,2,t ɾ a ˈe ɾ,V;IND;PRS;3;SG,55,55,100.0
90L_10NL_2_1,90L_10NL,2,t ɾ a ˈe ɾ,V;SBJV;PRS;1;PL,55,55,100.0
90L_10NL_2_2,90L_10NL,2,t ɾ a ˈe ɾ,V;SBJV;PRS;1;PL,55,55,100.0
90L_10NL_2_3,90L_10NL,2,t ɾ a ˈe ɾ,V;SBJV;PRS;1;PL,55,55,100.0
90L_10NL_2_4,90L_10NL,2,t ɾ a ˈe ɾ,V;SBJV;PRS;1;PL,55,55,100.0
90L_10NL_2_1,90L_10NL,2,t ɾ a ˈe ɾ,V;SBJV;PRS;1;SG,55,55,100.0
90L_10NL_2_2,90L_10NL,2,t ɾ a ˈe ɾ,V;SBJV;PRS;1;SG,55,55,100.0
90L_10NL_2_3,90L_10NL,2,t ɾ a ˈe ɾ,V;SBJV;PRS;1;SG,55,55,100.0
90L_10NL_2_4,90L_10NL,2,t ɾ a ˈe ɾ,V;SBJV;PRS;1;SG,55,55,100.0
90L_10NL_2_1,90L_10NL,2,t ɾ a ˈe ɾ,V;SBJV;PRS;2;PL,55,55,100.0
90L_10NL_2_2,90L_10NL,2,t ɾ a ˈe ɾ,V;SBJV;PRS;2;PL,55,55,100.0
90L_10NL_2_3,90L_10NL,2,t ɾ a ˈe ɾ,V;SBJV;PRS;2;PL,55,55,100.0
90L_10NL_2_4,90L_10NL,2,t ɾ a ˈe ɾ,V;SBJV;PRS;2;PL,55,55,100.0
90L_10NL_2_1,90L_10NL,2,t ɾ a ˈe ɾ,V;SBJV;PRS;2;SG,55,55,100.0
90L_10NL_2_2,90L_10NL,2,t ɾ a ˈe ɾ,V;SBJV;PRS;2;SG,55,55,100.0
90L_10NL_2_3,90L_10NL,2,t ɾ a ˈe ɾ,V;SBJV;PRS;2;SG,55,55,100.0
90L_10NL_2_4,90L_10NL,2,t ɾ a ˈe ɾ,V;SBJV;PRS;2;SG,55,55,100.0
90L_10NL_2_1,90L_10NL,2,t ɾ a ˈe ɾ,V;SBJV;PRS;3;PL,55,55,100.0
90L_10NL_2_2,90L_10NL,2,t ɾ a ˈe ɾ,V;SBJV;PRS;3;PL,55,55,100.0
90L_10NL_2_3,90L_10NL,2,t ɾ a ˈe ɾ,V;SBJV;PRS;3;PL,55,55,100.0
90L_10NL_2_4,90L_10NL,2,t ɾ a ˈe ɾ,V;SBJV;PRS;3;PL,55,55,100.0
90L_10NL_2_1,90L_10NL,2,t ɾ a ˈe ɾ,V;SBJV;PRS;3;SG,55,55,100.0
90L_10NL_2_2,90L_10NL,2,t ɾ a ˈe ɾ,V;SBJV;PRS;3;SG,55,55,100.0
90L_10NL_2_3,90L_10NL,2,t ɾ a ˈe ɾ,V;SBJV;PRS;3;SG,55,55,100.0
90L_10NL_2_4,90L_10NL,2,t ɾ a ˈe ɾ,V;SBJV;PRS;3;SG,55,55,100.0
90L_10NL_2_1,90L_10NL,2,u ɾ ç ˈi ɾ,V;IND;PRS;1;PL,55,55,100.0
90L_10NL_2_2,90L_10NL,2,u ɾ ç ˈi ɾ,V;IND;PRS;1;PL,55,55,100.0
90L_10NL_2_3,90L_10NL,2,u ɾ ç ˈi ɾ,V;IND;PRS;1;PL,50,55,90.91
90L_10NL_2_4,90L_10NL,2,u ɾ ç ˈi ɾ,V;IND;PRS;1;PL,10,55,18.18
90L_10NL_2_1,90L_10NL,2,u ɾ ç ˈi ɾ,V;IND;PRS;1;SG,55,55,100.0
90L_10NL_2_2,90L_10NL,2,u ɾ ç ˈi ɾ,V;IND;PRS;1;SG,55,55,100.0
90L_10NL_2_3,90L_10NL,2,u ɾ ç ˈi ɾ,V;IND;PRS;1;SG,55,55,100.0
90L_10NL_2_4,90L_10NL,2,u ɾ ç ˈi ɾ,V;IND;PRS;1;SG,33,55,60.0
90L_10NL_2_1,90L_10NL,2,u ɾ ç ˈi ɾ,V;IND;PRS;2;PL,55,55,100.0
90L_10NL_2_2,90L_10NL,2,u ɾ ç ˈi ɾ,V;IND;PRS;2;PL,55,55,100.0
90L_10NL_2_3,90L_10NL,2,u ɾ ç ˈi ɾ,V;IND;PRS;2;PL,53,55,96.36
90L_10NL_2_4,90L_10NL,2,u ɾ ç ˈi ɾ,V;IND;PRS;2;PL,6,55,10.91
90L_10NL_2_1,90L_10NL,2,u ɾ ç ˈi ɾ,V;IND;PRS;2;SG,55,55,100.0
90L_10NL_2_2,90L_10NL,2,u ɾ ç ˈi ɾ,V;IND;PRS;2;SG,55,55,100.0
90L_10NL_2_3,90L_10NL,2,u ɾ ç ˈi ɾ,V;IND;PRS;2;SG,55,55,100.0
90L_10NL_2_4,90L_10NL,2,u ɾ ç ˈi ɾ,V;IND;PRS;2;SG,29,55,52.73
90L_10NL_2_1,90L_10NL,2,u ɾ ç ˈi ɾ,V;IND;PRS;3;PL,55,55,100.0
90L_10NL_2_2,90L_10NL,2,u ɾ ç ˈi ɾ,V;IND;PRS;3;PL,55,55,100.0
90L_10NL_2_3,90L_10NL,2,u ɾ ç ˈi ɾ,V;IND;PRS;3;PL,55,55,100.0
90L_10NL_2_4,90L_10NL,2,u ɾ ç ˈi ɾ,V;IND;PRS;3;PL,29,55,52.73
90L_10NL_2_1,90L_10NL,2,u ɾ ç ˈi ɾ,V;IND;PRS;3;SG,55,55,100.0
90L_10NL_2_2,90L_10NL,2,u ɾ ç ˈi ɾ,V;IND;PRS;3;SG,55,55,100.0
90L_10NL_2_3,90L_10NL,2,u ɾ ç ˈi ɾ,V;IND;PRS;3;SG,55,55,100.0
90L_10NL_2_4,90L_10NL,2,u ɾ ç ˈi ɾ,V;IND;PRS;3;SG,29,55,52.73
90L_10NL_2_1,90L_10NL,2,u ɾ ç ˈi ɾ,V;SBJV;PRS;1;PL,55,55,100.0
90L_10NL_2_2,90L_10NL,2,u ɾ ç ˈi ɾ,V;SBJV;PRS;1;PL,55,55,100.0
90L_10NL_2_3,90L_10NL,2,u ɾ ç ˈi ɾ,V;SBJV;PRS;1;PL,52,55,94.55
90L_10NL_2_4,90L_10NL,2,u ɾ ç ˈi ɾ,V;SBJV;PRS;1;PL,18,55,32.73
90L_10NL_2_1,90L_10NL,2,u ɾ ç ˈi ɾ,V;SBJV;PRS;1;SG,55,55,100.0
90L_10NL_2_2,90L_10NL,2,u ɾ ç ˈi ɾ,V;SBJV;PRS;1;SG,55,55,100.0
90L_10NL_2_3,90L_10NL,2,u ɾ ç ˈi ɾ,V;SBJV;PRS;1;SG,55,55,100.0
90L_10NL_2_4,90L_10NL,2,u ɾ ç ˈi ɾ,V;SBJV;PRS;1;SG,33,55,60.0
90L_10NL_2_1,90L_10NL,2,u ɾ ç ˈi ɾ,V;SBJV;PRS;2;PL,55,55,100.0
90L_10NL_2_2,90L_10NL,2,u ɾ ç ˈi ɾ,V;SBJV;PRS;2;PL,55,55,100.0
90L_10NL_2_3,90L_10NL,2,u ɾ ç ˈi ɾ,V;SBJV;PRS;2;PL,52,55,94.55
90L_10NL_2_4,90L_10NL,2,u ɾ ç ˈi ɾ,V;SBJV;PRS;2;PL,18,55,32.73
90L_10NL_2_1,90L_10NL,2,u ɾ ç ˈi ɾ,V;SBJV;PRS;2;SG,55,55,100.0
90L_10NL_2_2,90L_10NL,2,u ɾ ç ˈi ɾ,V;SBJV;PRS;2;SG,55,55,100.0
90L_10NL_2_3,90L_10NL,2,u ɾ ç ˈi ɾ,V;SBJV;PRS;2;SG,55,55,100.0
90L_10NL_2_4,90L_10NL,2,u ɾ ç ˈi ɾ,V;SBJV;PRS;2;SG,33,55,60.0
90L_10NL_2_1,90L_10NL,2,u ɾ ç ˈi ɾ,V;SBJV;PRS;3;PL,55,55,100.0
90L_10NL_2_2,90L_10NL,2,u ɾ ç ˈi ɾ,V;SBJV;PRS;3;PL,55,55,100.0
90L_10NL_2_3,90L_10NL,2,u ɾ ç ˈi ɾ,V;SBJV;PRS;3;PL,55,55,100.0
90L_10NL_2_4,90L_10NL,2,u ɾ ç ˈi ɾ,V;SBJV;PRS;3;PL,33,55,60.0
90L_10NL_2_1,90L_10NL,2,u ɾ ç ˈi ɾ,V;SBJV;PRS;3;SG,55,55,100.0
90L_10NL_2_2,90L_10NL,2,u ɾ ç ˈi ɾ,V;SBJV;PRS;3;SG,55,55,100.0
90L_10NL_2_3,90L_10NL,2,u ɾ ç ˈi ɾ,V;SBJV;PRS;3;SG,55,55,100.0
90L_10NL_2_4,90L_10NL,2,u ɾ ç ˈi ɾ,V;SBJV;PRS;3;SG,33,55,60.0
90L_10NL_2_1,90L_10NL,2,ɾ e a p a ɾ e s ˈe ɾ,V;IND;PRS;1;PL,55,55,100.0
90L_10NL_2_2,90L_10NL,2,ɾ e a p a ɾ e s ˈe ɾ,V;IND;PRS;1;PL,55,55,100.0
90L_10NL_2_3,90L_10NL,2,ɾ e a p a ɾ e s ˈe ɾ,V;IND;PRS;1;PL,55,55,100.0
90L_10NL_2_4,90L_10NL,2,ɾ e a p a ɾ e s ˈe ɾ,V;IND;PRS;1;PL,55,55,100.0
90L_10NL_2_1,90L_10NL,2,ɾ e a p a ɾ e s ˈe ɾ,V;IND;PRS;1;SG,55,55,100.0
90L_10NL_2_2,90L_10NL,2,ɾ e a p a ɾ e s ˈe ɾ,V;IND;PRS;1;SG,55,55,100.0
90L_10NL_2_3,90L_10NL,2,ɾ e a p a ɾ e s ˈe ɾ,V;IND;PRS;1;SG,55,55,100.0
90L_10NL_2_4,90L_10NL,2,ɾ e a p a ɾ e s ˈe ɾ,V;IND;PRS;1;SG,55,55,100.0
90L_10NL_2_1,90L_10NL,2,ɾ e a p a ɾ e s ˈe ɾ,V;IND;PRS;2;PL,55,55,100.0
90L_10NL_2_2,90L_10NL,2,ɾ e a p a ɾ e s ˈe ɾ,V;IND;PRS;2;PL,55,55,100.0
90L_10NL_2_3,90L_10NL,2,ɾ e a p a ɾ e s ˈe ɾ,V;IND;PRS;2;PL,55,55,100.0
90L_10NL_2_4,90L_10NL,2,ɾ e a p a ɾ e s ˈe ɾ,V;IND;PRS;2;PL,55,55,100.0
90L_10NL_2_1,90L_10NL,2,ɾ e a p a ɾ e s ˈe ɾ,V;IND;PRS;2;SG,55,55,100.0
90L_10NL_2_2,90L_10NL,2,ɾ e a p a ɾ e s ˈe ɾ,V;IND;PRS;2;SG,55,55,100.0
90L_10NL_2_3,90L_10NL,2,ɾ e a p a ɾ e s ˈe ɾ,V;IND;PRS;2;SG,55,55,100.0
90L_10NL_2_4,90L_10NL,2,ɾ e a p a ɾ e s ˈe ɾ,V;IND;PRS;2;SG,55,55,100.0
90L_10NL_2_1,90L_10NL,2,ɾ e a p a ɾ e s ˈe ɾ,V;IND;PRS;3;PL,55,55,100.0
90L_10NL_2_2,90L_10NL,2,ɾ e a p a ɾ e s ˈe ɾ,V;IND;PRS;3;PL,55,55,100.0
90L_10NL_2_3,90L_10NL,2,ɾ e a p a ɾ e s ˈe ɾ,V;IND;PRS;3;PL,55,55,100.0
90L_10NL_2_4,90L_10NL,2,ɾ e a p a ɾ e s ˈe ɾ,V;IND;PRS;3;PL,55,55,100.0
90L_10NL_2_1,90L_10NL,2,ɾ e a p a ɾ e s ˈe ɾ,V;IND;PRS;3;SG,55,55,100.0
90L_10NL_2_2,90L_10NL,2,ɾ e a p a ɾ e s ˈe ɾ,V;IND;PRS;3;SG,55,55,100.0
90L_10NL_2_3,90L_10NL,2,ɾ e a p a ɾ e s ˈe ɾ,V;IND;PRS;3;SG,55,55,100.0
90L_10NL_2_4,90L_10NL,2,ɾ e a p a ɾ e s ˈe ɾ,V;IND;PRS;3;SG,55,55,100.0
90L_10NL_2_1,90L_10NL,2,ɾ e a p a ɾ e s ˈe ɾ,V;SBJV;PRS;1;PL,55,55,100.0
90L_10NL_2_2,90L_10NL,2,ɾ e a p a ɾ e s ˈe ɾ,V;SBJV;PRS;1;PL,55,55,100.0
90L_10NL_2_3,90L_10NL,2,ɾ e a p a ɾ e s ˈe ɾ,V;SBJV;PRS;1;PL,55,55,100.0
90L_10NL_2_4,90L_10NL,2,ɾ e a p a ɾ e s ˈe ɾ,V;SBJV;PRS;1;PL,55,55,100.0
90L_10NL_2_1,90L_10NL,2,ɾ e a p a ɾ e s ˈe ɾ,V;SBJV;PRS;1;SG,55,55,100.0
90L_10NL_2_2,90L_10NL,2,ɾ e a p a ɾ e s ˈe ɾ,V;SBJV;PRS;1;SG,55,55,100.0
90L_10NL_2_3,90L_10NL,2,ɾ e a p a ɾ e s ˈe ɾ,V;SBJV;PRS;1;SG,55,55,100.0
90L_10NL_2_4,90L_10NL,2,ɾ e a p a ɾ e s ˈe ɾ,V;SBJV;PRS;1;SG,55,55,100.0
90L_10NL_2_1,90L_10NL,2,ɾ e a p a ɾ e s ˈe ɾ,V;SBJV;PRS;2;PL,55,55,100.0
90L_10NL_2_2,90L_10NL,2,ɾ e a p a ɾ e s ˈe ɾ,V;SBJV;PRS;2;PL,55,55,100.0
90L_10NL_2_3,90L_10NL,2,ɾ e a p a ɾ e s ˈe ɾ,V;SBJV;PRS;2;PL,55,55,100.0
90L_10NL_2_4,90L_10NL,2,ɾ e a p a ɾ e s ˈe ɾ,V;SBJV;PRS;2;PL,55,55,100.0
90L_10NL_2_1,90L_10NL,2,ɾ e a p a ɾ e s ˈe ɾ,V;SBJV;PRS;2;SG,55,55,100.0
90L_10NL_2_2,90L_10NL,2,ɾ e a p a ɾ e s ˈe ɾ,V;SBJV;PRS;2;SG,55,55,100.0
90L_10NL_2_3,90L_10NL,2,ɾ e a p a ɾ e s ˈe ɾ,V;SBJV;PRS;2;SG,55,55,100.0
90L_10NL_2_4,90L_10NL,2,ɾ e a p a ɾ e s ˈe ɾ,V;SBJV;PRS;2;SG,55,55,100.0
90L_10NL_2_1,90L_10NL,2,ɾ e a p a ɾ e s ˈe ɾ,V;SBJV;PRS;3;PL,55,55,100.0
90L_10NL_2_2,90L_10NL,2,ɾ e a p a ɾ e s ˈe ɾ,V;SBJV;PRS;3;PL,55,55,100.0
90L_10NL_2_3,90L_10NL,2,ɾ e a p a ɾ e s ˈe ɾ,V;SBJV;PRS;3;PL,55,55,100.0
90L_10NL_2_4,90L_10NL,2,ɾ e a p a ɾ e s ˈe ɾ,V;SBJV;PRS;3;PL,55,55,100.0
90L_10NL_2_1,90L_10NL,2,ɾ e a p a ɾ e s ˈe ɾ,V;SBJV;PRS;3;SG,55,55,100.0
90L_10NL_2_2,90L_10NL,2,ɾ e a p a ɾ e s ˈe ɾ,V;SBJV;PRS;3;SG,55,55,100.0
90L_10NL_2_3,90L_10NL,2,ɾ e a p a ɾ e s ˈe ɾ,V;SBJV;PRS;3;SG,55,55,100.0
90L_10NL_2_4,90L_10NL,2,ɾ e a p a ɾ e s ˈe ɾ,V;SBJV;PRS;3;SG,55,55,100.0
90L_10NL_2_1,90L_10NL,2,ɾ e a s ˈe ɾ,V;IND;PRS;1;PL,52,55,94.55
90L_10NL_2_2,90L_10NL,2,ɾ e a s ˈe ɾ,V;IND;PRS;1;PL,53,55,96.36
90L_10NL_2_3,90L_10NL,2,ɾ e a s ˈe ɾ,V;IND;PRS;1;PL,55,55,100.0
90L_10NL_2_4,90L_10NL,2,ɾ e a s ˈe ɾ,V;IND;PRS;1;PL,55,55,100.0
90L_10NL_2_1,90L_10NL,2,ɾ e a s ˈe ɾ,V;IND;PRS;1;SG,55,55,100.0
90L_10NL_2_2,90L_10NL,2,ɾ e a s ˈe ɾ,V;IND;PRS;1;SG,54,55,98.18
90L_10NL_2_3,90L_10NL,2,ɾ e a s ˈe ɾ,V;IND;PRS;1;SG,55,55,100.0
90L_10NL_2_4,90L_10NL,2,ɾ e a s ˈe ɾ,V;IND;PRS;1;SG,55,55,100.0
90L_10NL_2_1,90L_10NL,2,ɾ e a s ˈe ɾ,V;IND;PRS;2;PL,52,55,94.55
90L_10NL_2_2,90L_10NL,2,ɾ e a s ˈe ɾ,V;IND;PRS;2;PL,55,55,100.0
90L_10NL_2_3,90L_10NL,2,ɾ e a s ˈe ɾ,V;IND;PRS;2;PL,55,55,100.0
90L_10NL_2_4,90L_10NL,2,ɾ e a s ˈe ɾ,V;IND;PRS;2;PL,55,55,100.0
90L_10NL_2_1,90L_10NL,2,ɾ e a s ˈe ɾ,V;IND;PRS;2;SG,55,55,100.0
90L_10NL_2_2,90L_10NL,2,ɾ e a s ˈe ɾ,V;IND;PRS;2;SG,55,55,100.0
90L_10NL_2_3,90L_10NL,2,ɾ e a s ˈe ɾ,V;IND;PRS;2;SG,55,55,100.0
90L_10NL_2_4,90L_10NL,2,ɾ e a s ˈe ɾ,V;IND;PRS;2;SG,55,55,100.0
90L_10NL_2_1,90L_10NL,2,ɾ e a s ˈe ɾ,V;IND;PRS;3;PL,55,55,100.0
90L_10NL_2_2,90L_10NL,2,ɾ e a s ˈe ɾ,V;IND;PRS;3;PL,55,55,100.0
90L_10NL_2_3,90L_10NL,2,ɾ e a s ˈe ɾ,V;IND;PRS;3;PL,55,55,100.0
90L_10NL_2_4,90L_10NL,2,ɾ e a s ˈe ɾ,V;IND;PRS;3;PL,55,55,100.0
90L_10NL_2_1,90L_10NL,2,ɾ e a s ˈe ɾ,V;IND;PRS;3;SG,55,55,100.0
90L_10NL_2_2,90L_10NL,2,ɾ e a s ˈe ɾ,V;IND;PRS;3;SG,55,55,100.0
90L_10NL_2_3,90L_10NL,2,ɾ e a s ˈe ɾ,V;IND;PRS;3;SG,55,55,100.0
90L_10NL_2_4,90L_10NL,2,ɾ e a s ˈe ɾ,V;IND;PRS;3;SG,55,55,100.0
90L_10NL_2_1,90L_10NL,2,ɾ e a s ˈe ɾ,V;SBJV;PRS;1;PL,55,55,100.0
90L_10NL_2_2,90L_10NL,2,ɾ e a s ˈe ɾ,V;SBJV;PRS;1;PL,42,55,76.36
90L_10NL_2_3,90L_10NL,2,ɾ e a s ˈe ɾ,V;SBJV;PRS;1;PL,55,55,100.0
90L_10NL_2_4,90L_10NL,2,ɾ e a s ˈe ɾ,V;SBJV;PRS;1;PL,55,55,100.0
90L_10NL_2_1,90L_10NL,2,ɾ e a s ˈe ɾ,V;SBJV;PRS;1;SG,55,55,100.0
90L_10NL_2_2,90L_10NL,2,ɾ e a s ˈe ɾ,V;SBJV;PRS;1;SG,49,55,89.09
90L_10NL_2_3,90L_10NL,2,ɾ e a s ˈe ɾ,V;SBJV;PRS;1;SG,54,55,98.18
90L_10NL_2_4,90L_10NL,2,ɾ e a s ˈe ɾ,V;SBJV;PRS;1;SG,55,55,100.0
90L_10NL_2_1,90L_10NL,2,ɾ e a s ˈe ɾ,V;SBJV;PRS;2;PL,51,55,92.73
90L_10NL_2_2,90L_10NL,2,ɾ e a s ˈe ɾ,V;SBJV;PRS;2;PL,53,55,96.36
90L_10NL_2_3,90L_10NL,2,ɾ e a s ˈe ɾ,V;SBJV;PRS;2;PL,55,55,100.0
90L_10NL_2_4,90L_10NL,2,ɾ e a s ˈe ɾ,V;SBJV;PRS;2;PL,55,55,100.0
90L_10NL_2_1,90L_10NL,2,ɾ e a s ˈe ɾ,V;SBJV;PRS;2;SG,55,55,100.0
90L_10NL_2_2,90L_10NL,2,ɾ e a s ˈe ɾ,V;SBJV;PRS;2;SG,43,55,78.18
90L_10NL_2_3,90L_10NL,2,ɾ e a s ˈe ɾ,V;SBJV;PRS;2;SG,54,55,98.18
90L_10NL_2_4,90L_10NL,2,ɾ e a s ˈe ɾ,V;SBJV;PRS;2;SG,55,55,100.0
90L_10NL_2_1,90L_10NL,2,ɾ e a s ˈe ɾ,V;SBJV;PRS;3;PL,55,55,100.0
90L_10NL_2_2,90L_10NL,2,ɾ e a s ˈe ɾ,V;SBJV;PRS;3;PL,46,55,83.64
90L_10NL_2_3,90L_10NL,2,ɾ e a s ˈe ɾ,V;SBJV;PRS;3;PL,55,55,100.0
90L_10NL_2_4,90L_10NL,2,ɾ e a s ˈe ɾ,V;SBJV;PRS;3;PL,55,55,100.0
90L_10NL_2_1,90L_10NL,2,ɾ e a s ˈe ɾ,V;SBJV;PRS;3;SG,55,55,100.0
90L_10NL_2_2,90L_10NL,2,ɾ e a s ˈe ɾ,V;SBJV;PRS;3;SG,49,55,89.09
90L_10NL_2_3,90L_10NL,2,ɾ e a s ˈe ɾ,V;SBJV;PRS;3;SG,54,55,98.18
90L_10NL_2_4,90L_10NL,2,ɾ e a s ˈe ɾ,V;SBJV;PRS;3;SG,55,55,100.0
90L_10NL_2_1,90L_10NL,2,ɾ e d e s ˈi ɾ,V;IND;PRS;1;PL,55,55,100.0
90L_10NL_2_2,90L_10NL,2,ɾ e d e s ˈi ɾ,V;IND;PRS;1;PL,55,55,100.0
90L_10NL_2_3,90L_10NL,2,ɾ e d e s ˈi ɾ,V;IND;PRS;1;PL,55,55,100.0
90L_10NL_2_4,90L_10NL,2,ɾ e d e s ˈi ɾ,V;IND;PRS;1;PL,54,55,98.18
90L_10NL_2_1,90L_10NL,2,ɾ e d e s ˈi ɾ,V;IND;PRS;1;SG,55,55,100.0
90L_10NL_2_2,90L_10NL,2,ɾ e d e s ˈi ɾ,V;IND;PRS;1;SG,55,55,100.0
90L_10NL_2_3,90L_10NL,2,ɾ e d e s ˈi ɾ,V;IND;PRS;1;SG,55,55,100.0
90L_10NL_2_4,90L_10NL,2,ɾ e d e s ˈi ɾ,V;IND;PRS;1;SG,55,55,100.0
90L_10NL_2_1,90L_10NL,2,ɾ e d e s ˈi ɾ,V;IND;PRS;2;PL,55,55,100.0
90L_10NL_2_2,90L_10NL,2,ɾ e d e s ˈi ɾ,V;IND;PRS;2;PL,53,55,96.36
90L_10NL_2_3,90L_10NL,2,ɾ e d e s ˈi ɾ,V;IND;PRS;2;PL,55,55,100.0
90L_10NL_2_4,90L_10NL,2,ɾ e d e s ˈi ɾ,V;IND;PRS;2;PL,55,55,100.0
90L_10NL_2_1,90L_10NL,2,ɾ e d e s ˈi ɾ,V;IND;PRS;2;SG,55,55,100.0
90L_10NL_2_2,90L_10NL,2,ɾ e d e s ˈi ɾ,V;IND;PRS;2;SG,55,55,100.0
90L_10NL_2_3,90L_10NL,2,ɾ e d e s ˈi ɾ,V;IND;PRS;2;SG,55,55,100.0
90L_10NL_2_4,90L_10NL,2,ɾ e d e s ˈi ɾ,V;IND;PRS;2;SG,55,55,100.0
90L_10NL_2_1,90L_10NL,2,ɾ e d e s ˈi ɾ,V;IND;PRS;3;PL,55,55,100.0
90L_10NL_2_2,90L_10NL,2,ɾ e d e s ˈi ɾ,V;IND;PRS;3;PL,54,55,98.18
90L_10NL_2_3,90L_10NL,2,ɾ e d e s ˈi ɾ,V;IND;PRS;3;PL,55,55,100.0
90L_10NL_2_4,90L_10NL,2,ɾ e d e s ˈi ɾ,V;IND;PRS;3;PL,55,55,100.0
90L_10NL_2_1,90L_10NL,2,ɾ e d e s ˈi ɾ,V;IND;PRS;3;SG,55,55,100.0
90L_10NL_2_2,90L_10NL,2,ɾ e d e s ˈi ɾ,V;IND;PRS;3;SG,55,55,100.0
90L_10NL_2_3,90L_10NL,2,ɾ e d e s ˈi ɾ,V;IND;PRS;3;SG,55,55,100.0
90L_10NL_2_4,90L_10NL,2,ɾ e d e s ˈi ɾ,V;IND;PRS;3;SG,55,55,100.0
90L_10NL_2_1,90L_10NL,2,ɾ e d e s ˈi ɾ,V;SBJV;PRS;1;PL,55,55,100.0
90L_10NL_2_2,90L_10NL,2,ɾ e d e s ˈi ɾ,V;SBJV;PRS;1;PL,55,55,100.0
90L_10NL_2_3,90L_10NL,2,ɾ e d e s ˈi ɾ,V;SBJV;PRS;1;PL,55,55,100.0
90L_10NL_2_4,90L_10NL,2,ɾ e d e s ˈi ɾ,V;SBJV;PRS;1;PL,55,55,100.0
90L_10NL_2_1,90L_10NL,2,ɾ e d e s ˈi ɾ,V;SBJV;PRS;1;SG,55,55,100.0
90L_10NL_2_2,90L_10NL,2,ɾ e d e s ˈi ɾ,V;SBJV;PRS;1;SG,54,55,98.18
90L_10NL_2_3,90L_10NL,2,ɾ e d e s ˈi ɾ,V;SBJV;PRS;1;SG,55,55,100.0
90L_10NL_2_4,90L_10NL,2,ɾ e d e s ˈi ɾ,V;SBJV;PRS;1;SG,55,55,100.0
90L_10NL_2_1,90L_10NL,2,ɾ e d e s ˈi ɾ,V;SBJV;PRS;2;PL,54,55,98.18
90L_10NL_2_2,90L_10NL,2,ɾ e d e s ˈi ɾ,V;SBJV;PRS;2;PL,54,55,98.18
90L_10NL_2_3,90L_10NL,2,ɾ e d e s ˈi ɾ,V;SBJV;PRS;2;PL,55,55,100.0
90L_10NL_2_4,90L_10NL,2,ɾ e d e s ˈi ɾ,V;SBJV;PRS;2;PL,55,55,100.0
90L_10NL_2_1,90L_10NL,2,ɾ e d e s ˈi ɾ,V;SBJV;PRS;2;SG,55,55,100.0
90L_10NL_2_2,90L_10NL,2,ɾ e d e s ˈi ɾ,V;SBJV;PRS;2;SG,55,55,100.0
90L_10NL_2_3,90L_10NL,2,ɾ e d e s ˈi ɾ,V;SBJV;PRS;2;SG,55,55,100.0
90L_10NL_2_4,90L_10NL,2,ɾ e d e s ˈi ɾ,V;SBJV;PRS;2;SG,55,55,100.0
90L_10NL_2_1,90L_10NL,2,ɾ e d e s ˈi ɾ,V;SBJV;PRS;3;PL,55,55,100.0
90L_10NL_2_2,90L_10NL,2,ɾ e d e s ˈi ɾ,V;SBJV;PRS;3;PL,54,55,98.18
90L_10NL_2_3,90L_10NL,2,ɾ e d e s ˈi ɾ,V;SBJV;PRS;3;PL,55,55,100.0
90L_10NL_2_4,90L_10NL,2,ɾ e d e s ˈi ɾ,V;SBJV;PRS;3;PL,55,55,100.0
90L_10NL_2_1,90L_10NL,2,ɾ e d e s ˈi ɾ,V;SBJV;PRS;3;SG,55,55,100.0
90L_10NL_2_2,90L_10NL,2,ɾ e d e s ˈi ɾ,V;SBJV;PRS;3;SG,54,55,98.18
90L_10NL_2_3,90L_10NL,2,ɾ e d e s ˈi ɾ,V;SBJV;PRS;3;SG,55,55,100.0
90L_10NL_2_4,90L_10NL,2,ɾ e d e s ˈi ɾ,V;SBJV;PRS;3;SG,55,55,100.0
90L_10NL_2_1,90L_10NL,2,ɾ e d i ɾ i ç ˈi ɾ,V;IND;PRS;1;PL,55,55,100.0
90L_10NL_2_2,90L_10NL,2,ɾ e d i ɾ i ç ˈi ɾ,V;IND;PRS;1;PL,55,55,100.0
90L_10NL_2_3,90L_10NL,2,ɾ e d i ɾ i ç ˈi ɾ,V;IND;PRS;1;PL,55,55,100.0
90L_10NL_2_4,90L_10NL,2,ɾ e d i ɾ i ç ˈi ɾ,V;IND;PRS;1;PL,55,55,100.0
90L_10NL_2_1,90L_10NL,2,ɾ e d i ɾ i ç ˈi ɾ,V;IND;PRS;1;SG,55,55,100.0
90L_10NL_2_2,90L_10NL,2,ɾ e d i ɾ i ç ˈi ɾ,V;IND;PRS;1;SG,55,55,100.0
90L_10NL_2_3,90L_10NL,2,ɾ e d i ɾ i ç ˈi ɾ,V;IND;PRS;1;SG,55,55,100.0
90L_10NL_2_4,90L_10NL,2,ɾ e d i ɾ i ç ˈi ɾ,V;IND;PRS;1;SG,55,55,100.0
90L_10NL_2_1,90L_10NL,2,ɾ e d i ɾ i ç ˈi ɾ,V;IND;PRS;2;PL,55,55,100.0
90L_10NL_2_2,90L_10NL,2,ɾ e d i ɾ i ç ˈi ɾ,V;IND;PRS;2;PL,55,55,100.0
90L_10NL_2_3,90L_10NL,2,ɾ e d i ɾ i ç ˈi ɾ,V;IND;PRS;2;PL,55,55,100.0
90L_10NL_2_4,90L_10NL,2,ɾ e d i ɾ i ç ˈi ɾ,V;IND;PRS;2;PL,55,55,100.0
90L_10NL_2_1,90L_10NL,2,ɾ e d i ɾ i ç ˈi ɾ,V;IND;PRS;2;SG,55,55,100.0
90L_10NL_2_2,90L_10NL,2,ɾ e d i ɾ i ç ˈi ɾ,V;IND;PRS;2;SG,55,55,100.0
90L_10NL_2_3,90L_10NL,2,ɾ e d i ɾ i ç ˈi ɾ,V;IND;PRS;2;SG,55,55,100.0
90L_10NL_2_4,90L_10NL,2,ɾ e d i ɾ i ç ˈi ɾ,V;IND;PRS;2;SG,55,55,100.0
90L_10NL_2_1,90L_10NL,2,ɾ e d i ɾ i ç ˈi ɾ,V;IND;PRS;3;PL,55,55,100.0
90L_10NL_2_2,90L_10NL,2,ɾ e d i ɾ i ç ˈi ɾ,V;IND;PRS;3;PL,55,55,100.0
90L_10NL_2_3,90L_10NL,2,ɾ e d i ɾ i ç ˈi ɾ,V;IND;PRS;3;PL,55,55,100.0
90L_10NL_2_4,90L_10NL,2,ɾ e d i ɾ i ç ˈi ɾ,V;IND;PRS;3;PL,55,55,100.0
90L_10NL_2_1,90L_10NL,2,ɾ e d i ɾ i ç ˈi ɾ,V;IND;PRS;3;SG,55,55,100.0
90L_10NL_2_2,90L_10NL,2,ɾ e d i ɾ i ç ˈi ɾ,V;IND;PRS;3;SG,55,55,100.0
90L_10NL_2_3,90L_10NL,2,ɾ e d i ɾ i ç ˈi ɾ,V;IND;PRS;3;SG,55,55,100.0
90L_10NL_2_4,90L_10NL,2,ɾ e d i ɾ i ç ˈi ɾ,V;IND;PRS;3;SG,55,55,100.0
90L_10NL_2_1,90L_10NL,2,ɾ e d i ɾ i ç ˈi ɾ,V;SBJV;PRS;1;PL,55,55,100.0
90L_10NL_2_2,90L_10NL,2,ɾ e d i ɾ i ç ˈi ɾ,V;SBJV;PRS;1;PL,55,55,100.0
90L_10NL_2_3,90L_10NL,2,ɾ e d i ɾ i ç ˈi ɾ,V;SBJV;PRS;1;PL,55,55,100.0
90L_10NL_2_4,90L_10NL,2,ɾ e d i ɾ i ç ˈi ɾ,V;SBJV;PRS;1;PL,55,55,100.0
90L_10NL_2_1,90L_10NL,2,ɾ e d i ɾ i ç ˈi ɾ,V;SBJV;PRS;1;SG,55,55,100.0
90L_10NL_2_2,90L_10NL,2,ɾ e d i ɾ i ç ˈi ɾ,V;SBJV;PRS;1;SG,55,55,100.0
90L_10NL_2_3,90L_10NL,2,ɾ e d i ɾ i ç ˈi ɾ,V;SBJV;PRS;1;SG,55,55,100.0
90L_10NL_2_4,90L_10NL,2,ɾ e d i ɾ i ç ˈi ɾ,V;SBJV;PRS;1;SG,55,55,100.0
90L_10NL_2_1,90L_10NL,2,ɾ e d i ɾ i ç ˈi ɾ,V;SBJV;PRS;2;PL,55,55,100.0
90L_10NL_2_2,90L_10NL,2,ɾ e d i ɾ i ç ˈi ɾ,V;SBJV;PRS;2;PL,55,55,100.0
90L_10NL_2_3,90L_10NL,2,ɾ e d i ɾ i ç ˈi ɾ,V;SBJV;PRS;2;PL,55,55,100.0
90L_10NL_2_4,90L_10NL,2,ɾ e d i ɾ i ç ˈi ɾ,V;SBJV;PRS;2;PL,55,55,100.0
90L_10NL_2_1,90L_10NL,2,ɾ e d i ɾ i ç ˈi ɾ,V;SBJV;PRS;2;SG,55,55,100.0
90L_10NL_2_2,90L_10NL,2,ɾ e d i ɾ i ç ˈi ɾ,V;SBJV;PRS;2;SG,55,55,100.0
90L_10NL_2_3,90L_10NL,2,ɾ e d i ɾ i ç ˈi ɾ,V;SBJV;PRS;2;SG,55,55,100.0
90L_10NL_2_4,90L_10NL,2,ɾ e d i ɾ i ç ˈi ɾ,V;SBJV;PRS;2;SG,55,55,100.0
90L_10NL_2_1,90L_10NL,2,ɾ e d i ɾ i ç ˈi ɾ,V;SBJV;PRS;3;PL,55,55,100.0
90L_10NL_2_2,90L_10NL,2,ɾ e d i ɾ i ç ˈi ɾ,V;SBJV;PRS;3;PL,55,55,100.0
90L_10NL_2_3,90L_10NL,2,ɾ e d i ɾ i ç ˈi ɾ,V;SBJV;PRS;3;PL,55,55,100.0
90L_10NL_2_4,90L_10NL,2,ɾ e d i ɾ i ç ˈi ɾ,V;SBJV;PRS;3;PL,55,55,100.0
90L_10NL_2_1,90L_10NL,2,ɾ e d i ɾ i ç ˈi ɾ,V;SBJV;PRS;3;SG,55,55,100.0
90L_10NL_2_2,90L_10NL,2,ɾ e d i ɾ i ç ˈi ɾ,V;SBJV;PRS;3;SG,55,55,100.0
90L_10NL_2_3,90L_10NL,2,ɾ e d i ɾ i ç ˈi ɾ,V;SBJV;PRS;3;SG,55,55,100.0
90L_10NL_2_4,90L_10NL,2,ɾ e d i ɾ i ç ˈi ɾ,V;SBJV;PRS;3;SG,55,55,100.0
90L_10NL_2_1,90L_10NL,2,ɾ e p o n ˈe ɾ,V;IND;PRS;1;PL,55,55,100.0
90L_10NL_2_2,90L_10NL,2,ɾ e p o n ˈe ɾ,V;IND;PRS;1;PL,55,55,100.0
90L_10NL_2_3,90L_10NL,2,ɾ e p o n ˈe ɾ,V;IND;PRS;1;PL,55,55,100.0
90L_10NL_2_4,90L_10NL,2,ɾ e p o n ˈe ɾ,V;IND;PRS;1;PL,55,55,100.0
90L_10NL_2_1,90L_10NL,2,ɾ e p o n ˈe ɾ,V;IND;PRS;1;SG,55,55,100.0
90L_10NL_2_2,90L_10NL,2,ɾ e p o n ˈe ɾ,V;IND;PRS;1;SG,55,55,100.0
90L_10NL_2_3,90L_10NL,2,ɾ e p o n ˈe ɾ,V;IND;PRS;1;SG,55,55,100.0
90L_10NL_2_4,90L_10NL,2,ɾ e p o n ˈe ɾ,V;IND;PRS;1;SG,55,55,100.0
90L_10NL_2_1,90L_10NL,2,ɾ e p o n ˈe ɾ,V;IND;PRS;2;PL,55,55,100.0
90L_10NL_2_2,90L_10NL,2,ɾ e p o n ˈe ɾ,V;IND;PRS;2;PL,55,55,100.0
90L_10NL_2_3,90L_10NL,2,ɾ e p o n ˈe ɾ,V;IND;PRS;2;PL,55,55,100.0
90L_10NL_2_4,90L_10NL,2,ɾ e p o n ˈe ɾ,V;IND;PRS;2;PL,55,55,100.0
90L_10NL_2_1,90L_10NL,2,ɾ e p o n ˈe ɾ,V;IND;PRS;2;SG,55,55,100.0
90L_10NL_2_2,90L_10NL,2,ɾ e p o n ˈe ɾ,V;IND;PRS;2;SG,55,55,100.0
90L_10NL_2_3,90L_10NL,2,ɾ e p o n ˈe ɾ,V;IND;PRS;2;SG,55,55,100.0
90L_10NL_2_4,90L_10NL,2,ɾ e p o n ˈe ɾ,V;IND;PRS;2;SG,55,55,100.0
90L_10NL_2_1,90L_10NL,2,ɾ e p o n ˈe ɾ,V;IND;PRS;3;PL,55,55,100.0
90L_10NL_2_2,90L_10NL,2,ɾ e p o n ˈe ɾ,V;IND;PRS;3;PL,55,55,100.0
90L_10NL_2_3,90L_10NL,2,ɾ e p o n ˈe ɾ,V;IND;PRS;3;PL,55,55,100.0
90L_10NL_2_4,90L_10NL,2,ɾ e p o n ˈe ɾ,V;IND;PRS;3;PL,55,55,100.0
90L_10NL_2_1,90L_10NL,2,ɾ e p o n ˈe ɾ,V;IND;PRS;3;SG,55,55,100.0
90L_10NL_2_2,90L_10NL,2,ɾ e p o n ˈe ɾ,V;IND;PRS;3;SG,55,55,100.0
90L_10NL_2_3,90L_10NL,2,ɾ e p o n ˈe ɾ,V;IND;PRS;3;SG,55,55,100.0
90L_10NL_2_4,90L_10NL,2,ɾ e p o n ˈe ɾ,V;IND;PRS;3;SG,55,55,100.0
90L_10NL_2_1,90L_10NL,2,ɾ e p o n ˈe ɾ,V;SBJV;PRS;1;PL,55,55,100.0
90L_10NL_2_2,90L_10NL,2,ɾ e p o n ˈe ɾ,V;SBJV;PRS;1;PL,55,55,100.0
90L_10NL_2_3,90L_10NL,2,ɾ e p o n ˈe ɾ,V;SBJV;PRS;1;PL,55,55,100.0
90L_10NL_2_4,90L_10NL,2,ɾ e p o n ˈe ɾ,V;SBJV;PRS;1;PL,55,55,100.0
90L_10NL_2_1,90L_10NL,2,ɾ e p o n ˈe ɾ,V;SBJV;PRS;1;SG,55,55,100.0
90L_10NL_2_2,90L_10NL,2,ɾ e p o n ˈe ɾ,V;SBJV;PRS;1;SG,55,55,100.0
90L_10NL_2_3,90L_10NL,2,ɾ e p o n ˈe ɾ,V;SBJV;PRS;1;SG,55,55,100.0
90L_10NL_2_4,90L_10NL,2,ɾ e p o n ˈe ɾ,V;SBJV;PRS;1;SG,55,55,100.0
90L_10NL_2_1,90L_10NL,2,ɾ e p o n ˈe ɾ,V;SBJV;PRS;2;PL,55,55,100.0
90L_10NL_2_2,90L_10NL,2,ɾ e p o n ˈe ɾ,V;SBJV;PRS;2;PL,55,55,100.0
90L_10NL_2_3,90L_10NL,2,ɾ e p o n ˈe ɾ,V;SBJV;PRS;2;PL,55,55,100.0
90L_10NL_2_4,90L_10NL,2,ɾ e p o n ˈe ɾ,V;SBJV;PRS;2;PL,55,55,100.0
90L_10NL_2_1,90L_10NL,2,ɾ e p o n ˈe ɾ,V;SBJV;PRS;2;SG,55,55,100.0
90L_10NL_2_2,90L_10NL,2,ɾ e p o n ˈe ɾ,V;SBJV;PRS;2;SG,55,55,100.0
90L_10NL_2_3,90L_10NL,2,ɾ e p o n ˈe ɾ,V;SBJV;PRS;2;SG,55,55,100.0
90L_10NL_2_4,90L_10NL,2,ɾ e p o n ˈe ɾ,V;SBJV;PRS;2;SG,55,55,100.0
90L_10NL_2_1,90L_10NL,2,ɾ e p o n ˈe ɾ,V;SBJV;PRS;3;PL,55,55,100.0
90L_10NL_2_2,90L_10NL,2,ɾ e p o n ˈe ɾ,V;SBJV;PRS;3;PL,55,55,100.0
90L_10NL_2_3,90L_10NL,2,ɾ e p o n ˈe ɾ,V;SBJV;PRS;3;PL,55,55,100.0
90L_10NL_2_4,90L_10NL,2,ɾ e p o n ˈe ɾ,V;SBJV;PRS;3;PL,55,55,100.0
90L_10NL_2_1,90L_10NL,2,ɾ e p o n ˈe ɾ,V;SBJV;PRS;3;SG,55,55,100.0
90L_10NL_2_2,90L_10NL,2,ɾ e p o n ˈe ɾ,V;SBJV;PRS;3;SG,55,55,100.0
90L_10NL_2_3,90L_10NL,2,ɾ e p o n ˈe ɾ,V;SBJV;PRS;3;SG,55,55,100.0
90L_10NL_2_4,90L_10NL,2,ɾ e p o n ˈe ɾ,V;SBJV;PRS;3;SG,55,55,100.0
90L_10NL_2_1,90L_10NL,2,ɾ e t e n ˈe ɾ,V;IND;PRS;1;PL,55,55,100.0
90L_10NL_2_2,90L_10NL,2,ɾ e t e n ˈe ɾ,V;IND;PRS;1;PL,55,55,100.0
90L_10NL_2_3,90L_10NL,2,ɾ e t e n ˈe ɾ,V;IND;PRS;1;PL,55,55,100.0
90L_10NL_2_4,90L_10NL,2,ɾ e t e n ˈe ɾ,V;IND;PRS;1;PL,55,55,100.0
90L_10NL_2_1,90L_10NL,2,ɾ e t e n ˈe ɾ,V;IND;PRS;1;SG,55,55,100.0
90L_10NL_2_2,90L_10NL,2,ɾ e t e n ˈe ɾ,V;IND;PRS;1;SG,55,55,100.0
90L_10NL_2_3,90L_10NL,2,ɾ e t e n ˈe ɾ,V;IND;PRS;1;SG,55,55,100.0
90L_10NL_2_4,90L_10NL,2,ɾ e t e n ˈe ɾ,V;IND;PRS;1;SG,55,55,100.0
90L_10NL_2_1,90L_10NL,2,ɾ e t e n ˈe ɾ,V;IND;PRS;2;PL,55,55,100.0
90L_10NL_2_2,90L_10NL,2,ɾ e t e n ˈe ɾ,V;IND;PRS;2;PL,55,55,100.0
90L_10NL_2_3,90L_10NL,2,ɾ e t e n ˈe ɾ,V;IND;PRS;2;PL,55,55,100.0
90L_10NL_2_4,90L_10NL,2,ɾ e t e n ˈe ɾ,V;IND;PRS;2;PL,55,55,100.0
90L_10NL_2_1,90L_10NL,2,ɾ e t e n ˈe ɾ,V;IND;PRS;2;SG,55,55,100.0
90L_10NL_2_2,90L_10NL,2,ɾ e t e n ˈe ɾ,V;IND;PRS;2;SG,55,55,100.0
90L_10NL_2_3,90L_10NL,2,ɾ e t e n ˈe ɾ,V;IND;PRS;2;SG,55,55,100.0
90L_10NL_2_4,90L_10NL,2,ɾ e t e n ˈe ɾ,V;IND;PRS;2;SG,55,55,100.0
90L_10NL_2_1,90L_10NL,2,ɾ e t e n ˈe ɾ,V;IND;PRS;3;PL,55,55,100.0
90L_10NL_2_2,90L_10NL,2,ɾ e t e n ˈe ɾ,V;IND;PRS;3;PL,55,55,100.0
90L_10NL_2_3,90L_10NL,2,ɾ e t e n ˈe ɾ,V;IND;PRS;3;PL,55,55,100.0
90L_10NL_2_4,90L_10NL,2,ɾ e t e n ˈe ɾ,V;IND;PRS;3;PL,55,55,100.0
90L_10NL_2_1,90L_10NL,2,ɾ e t e n ˈe ɾ,V;IND;PRS;3;SG,55,55,100.0
90L_10NL_2_2,90L_10NL,2,ɾ e t e n ˈe ɾ,V;IND;PRS;3;SG,55,55,100.0
90L_10NL_2_3,90L_10NL,2,ɾ e t e n ˈe ɾ,V;IND;PRS;3;SG,55,55,100.0
90L_10NL_2_4,90L_10NL,2,ɾ e t e n ˈe ɾ,V;IND;PRS;3;SG,55,55,100.0
90L_10NL_2_1,90L_10NL,2,ɾ e t e n ˈe ɾ,V;SBJV;PRS;1;PL,55,55,100.0
90L_10NL_2_2,90L_10NL,2,ɾ e t e n ˈe ɾ,V;SBJV;PRS;1;PL,55,55,100.0
90L_10NL_2_3,90L_10NL,2,ɾ e t e n ˈe ɾ,V;SBJV;PRS;1;PL,55,55,100.0
90L_10NL_2_4,90L_10NL,2,ɾ e t e n ˈe ɾ,V;SBJV;PRS;1;PL,55,55,100.0
90L_10NL_2_1,90L_10NL,2,ɾ e t e n ˈe ɾ,V;SBJV;PRS;1;SG,55,55,100.0
90L_10NL_2_2,90L_10NL,2,ɾ e t e n ˈe ɾ,V;SBJV;PRS;1;SG,55,55,100.0
90L_10NL_2_3,90L_10NL,2,ɾ e t e n ˈe ɾ,V;SBJV;PRS;1;SG,55,55,100.0
90L_10NL_2_4,90L_10NL,2,ɾ e t e n ˈe ɾ,V;SBJV;PRS;1;SG,55,55,100.0
90L_10NL_2_1,90L_10NL,2,ɾ e t e n ˈe ɾ,V;SBJV;PRS;2;PL,55,55,100.0
90L_10NL_2_2,90L_10NL,2,ɾ e t e n ˈe ɾ,V;SBJV;PRS;2;PL,55,55,100.0
90L_10NL_2_3,90L_10NL,2,ɾ e t e n ˈe ɾ,V;SBJV;PRS;2;PL,55,55,100.0
90L_10NL_2_4,90L_10NL,2,ɾ e t e n ˈe ɾ,V;SBJV;PRS;2;PL,55,55,100.0
90L_10NL_2_1,90L_10NL,2,ɾ e t e n ˈe ɾ,V;SBJV;PRS;2;SG,55,55,100.0
90L_10NL_2_2,90L_10NL,2,ɾ e t e n ˈe ɾ,V;SBJV;PRS;2;SG,55,55,100.0
90L_10NL_2_3,90L_10NL,2,ɾ e t e n ˈe ɾ,V;SBJV;PRS;2;SG,55,55,100.0
90L_10NL_2_4,90L_10NL,2,ɾ e t e n ˈe ɾ,V;SBJV;PRS;2;SG,55,55,100.0
90L_10NL_2_1,90L_10NL,2,ɾ e t e n ˈe ɾ,V;SBJV;PRS;3;PL,55,55,100.0
90L_10NL_2_2,90L_10NL,2,ɾ e t e n ˈe ɾ,V;SBJV;PRS;3;PL,55,55,100.0
90L_10NL_2_3,90L_10NL,2,ɾ e t e n ˈe ɾ,V;SBJV;PRS;3;PL,55,55,100.0
90L_10NL_2_4,90L_10NL,2,ɾ e t e n ˈe ɾ,V;SBJV;PRS;3;PL,55,55,100.0
90L_10NL_2_1,90L_10NL,2,ɾ e t e n ˈe ɾ,V;SBJV;PRS;3;SG,55,55,100.0
90L_10NL_2_2,90L_10NL,2,ɾ e t e n ˈe ɾ,V;SBJV;PRS;3;SG,55,55,100.0
90L_10NL_2_3,90L_10NL,2,ɾ e t e n ˈe ɾ,V;SBJV;PRS;3;SG,55,55,100.0
90L_10NL_2_4,90L_10NL,2,ɾ e t e n ˈe ɾ,V;SBJV;PRS;3;SG,55,55,100.0
90L_10NL_2_1,90L_10NL,2,ɾ e t ɾ o t ɾ a ˈe ɾ,V;IND;PRS;1;PL,55,55,100.0
90L_10NL_2_2,90L_10NL,2,ɾ e t ɾ o t ɾ a ˈe ɾ,V;IND;PRS;1;PL,0,55,0.0
90L_10NL_2_3,90L_10NL,2,ɾ e t ɾ o t ɾ a ˈe ɾ,V;IND;PRS;1;PL,1,55,1.82
90L_10NL_2_4,90L_10NL,2,ɾ e t ɾ o t ɾ a ˈe ɾ,V;IND;PRS;1;PL,42,55,76.36
90L_10NL_2_1,90L_10NL,2,ɾ e t ɾ o t ɾ a ˈe ɾ,V;IND;PRS;1;SG,55,55,100.0
90L_10NL_2_2,90L_10NL,2,ɾ e t ɾ o t ɾ a ˈe ɾ,V;IND;PRS;1;SG,0,55,0.0
90L_10NL_2_3,90L_10NL,2,ɾ e t ɾ o t ɾ a ˈe ɾ,V;IND;PRS;1;SG,32,55,58.18
90L_10NL_2_4,90L_10NL,2,ɾ e t ɾ o t ɾ a ˈe ɾ,V;IND;PRS;1;SG,24,55,43.64
90L_10NL_2_1,90L_10NL,2,ɾ e t ɾ o t ɾ a ˈe ɾ,V;IND;PRS;2;PL,53,55,96.36
90L_10NL_2_2,90L_10NL,2,ɾ e t ɾ o t ɾ a ˈe ɾ,V;IND;PRS;2;PL,0,55,0.0
90L_10NL_2_3,90L_10NL,2,ɾ e t ɾ o t ɾ a ˈe ɾ,V;IND;PRS;2;PL,4,55,7.27
90L_10NL_2_4,90L_10NL,2,ɾ e t ɾ o t ɾ a ˈe ɾ,V;IND;PRS;2;PL,45,55,81.82
90L_10NL_2_1,90L_10NL,2,ɾ e t ɾ o t ɾ a ˈe ɾ,V;IND;PRS;2;SG,55,55,100.0
90L_10NL_2_2,90L_10NL,2,ɾ e t ɾ o t ɾ a ˈe ɾ,V;IND;PRS;2;SG,0,55,0.0
90L_10NL_2_3,90L_10NL,2,ɾ e t ɾ o t ɾ a ˈe ɾ,V;IND;PRS;2;SG,53,55,96.36
90L_10NL_2_4,90L_10NL,2,ɾ e t ɾ o t ɾ a ˈe ɾ,V;IND;PRS;2;SG,42,55,76.36
90L_10NL_2_1,90L_10NL,2,ɾ e t ɾ o t ɾ a ˈe ɾ,V;IND;PRS;3;PL,53,55,96.36
90L_10NL_2_2,90L_10NL,2,ɾ e t ɾ o t ɾ a ˈe ɾ,V;IND;PRS;3;PL,0,55,0.0
90L_10NL_2_3,90L_10NL,2,ɾ e t ɾ o t ɾ a ˈe ɾ,V;IND;PRS;3;PL,53,55,96.36
90L_10NL_2_4,90L_10NL,2,ɾ e t ɾ o t ɾ a ˈe ɾ,V;IND;PRS;3;PL,42,55,76.36
90L_10NL_2_1,90L_10NL,2,ɾ e t ɾ o t ɾ a ˈe ɾ,V;IND;PRS;3;SG,53,55,96.36
90L_10NL_2_2,90L_10NL,2,ɾ e t ɾ o t ɾ a ˈe ɾ,V;IND;PRS;3;SG,0,55,0.0
90L_10NL_2_3,90L_10NL,2,ɾ e t ɾ o t ɾ a ˈe ɾ,V;IND;PRS;3;SG,52,55,94.55
90L_10NL_2_4,90L_10NL,2,ɾ e t ɾ o t ɾ a ˈe ɾ,V;IND;PRS;3;SG,47,55,85.45
90L_10NL_2_1,90L_10NL,2,ɾ e t ɾ o t ɾ a ˈe ɾ,V;SBJV;PRS;1;PL,54,55,98.18
90L_10NL_2_2,90L_10NL,2,ɾ e t ɾ o t ɾ a ˈe ɾ,V;SBJV;PRS;1;PL,0,55,0.0
90L_10NL_2_3,90L_10NL,2,ɾ e t ɾ o t ɾ a ˈe ɾ,V;SBJV;PRS;1;PL,8,55,14.55
90L_10NL_2_4,90L_10NL,2,ɾ e t ɾ o t ɾ a ˈe ɾ,V;SBJV;PRS;1;PL,16,55,29.09
90L_10NL_2_1,90L_10NL,2,ɾ e t ɾ o t ɾ a ˈe ɾ,V;SBJV;PRS;1;SG,55,55,100.0
90L_10NL_2_2,90L_10NL,2,ɾ e t ɾ o t ɾ a ˈe ɾ,V;SBJV;PRS;1;SG,0,55,0.0
90L_10NL_2_3,90L_10NL,2,ɾ e t ɾ o t ɾ a ˈe ɾ,V;SBJV;PRS;1;SG,44,55,80.0
90L_10NL_2_4,90L_10NL,2,ɾ e t ɾ o t ɾ a ˈe ɾ,V;SBJV;PRS;1;SG,30,55,54.55
90L_10NL_2_1,90L_10NL,2,ɾ e t ɾ o t ɾ a ˈe ɾ,V;SBJV;PRS;2;PL,52,55,94.55
90L_10NL_2_2,90L_10NL,2,ɾ e t ɾ o t ɾ a ˈe ɾ,V;SBJV;PRS;2;PL,0,55,0.0
90L_10NL_2_3,90L_10NL,2,ɾ e t ɾ o t ɾ a ˈe ɾ,V;SBJV;PRS;2;PL,11,55,20.0
90L_10NL_2_4,90L_10NL,2,ɾ e t ɾ o t ɾ a ˈe ɾ,V;SBJV;PRS;2;PL,27,55,49.09
90L_10NL_2_1,90L_10NL,2,ɾ e t ɾ o t ɾ a ˈe ɾ,V;SBJV;PRS;2;SG,55,55,100.0
90L_10NL_2_2,90L_10NL,2,ɾ e t ɾ o t ɾ a ˈe ɾ,V;SBJV;PRS;2;SG,0,55,0.0
90L_10NL_2_3,90L_10NL,2,ɾ e t ɾ o t ɾ a ˈe ɾ,V;SBJV;PRS;2;SG,40,55,72.73
90L_10NL_2_4,90L_10NL,2,ɾ e t ɾ o t ɾ a ˈe ɾ,V;SBJV;PRS;2;SG,25,55,45.45
90L_10NL_2_1,90L_10NL,2,ɾ e t ɾ o t ɾ a ˈe ɾ,V;SBJV;PRS;3;PL,54,55,98.18
90L_10NL_2_2,90L_10NL,2,ɾ e t ɾ o t ɾ a ˈe ɾ,V;SBJV;PRS;3;PL,0,55,0.0
90L_10NL_2_3,90L_10NL,2,ɾ e t ɾ o t ɾ a ˈe ɾ,V;SBJV;PRS;3;PL,42,55,76.36
90L_10NL_2_4,90L_10NL,2,ɾ e t ɾ o t ɾ a ˈe ɾ,V;SBJV;PRS;3;PL,24,55,43.64
90L_10NL_2_1,90L_10NL,2,ɾ e t ɾ o t ɾ a ˈe ɾ,V;SBJV;PRS;3;SG,55,55,100.0
90L_10NL_2_2,90L_10NL,2,ɾ e t ɾ o t ɾ a ˈe ɾ,V;SBJV;PRS;3;SG,0,55,0.0
90L_10NL_2_3,90L_10NL,2,ɾ e t ɾ o t ɾ a ˈe ɾ,V;SBJV;PRS;3;SG,45,55,81.82
90L_10NL_2_4,90L_10NL,2,ɾ e t ɾ o t ɾ a ˈe ɾ,V;SBJV;PRS;3;SG,26,55,47.27
90L_10NL_2_1,90L_10NL,2,ʃ u k s t a p o n ˈe ɾ,V;IND;PRS;1;PL,6,55,10.91
90L_10NL_2_2,90L_10NL,2,ʃ u k s t a p o n ˈe ɾ,V;IND;PRS;1;PL,55,55,100.0
90L_10NL_2_3,90L_10NL,2,ʃ u k s t a p o n ˈe ɾ,V;IND;PRS;1;PL,0,55,0.0
90L_10NL_2_4,90L_10NL,2,ʃ u k s t a p o n ˈe ɾ,V;IND;PRS;1;PL,36,55,65.45
90L_10NL_2_1,90L_10NL,2,ʃ u k s t a p o n ˈe ɾ,V;IND;PRS;1;SG,19,55,34.55
90L_10NL_2_2,90L_10NL,2,ʃ u k s t a p o n ˈe ɾ,V;IND;PRS;1;SG,55,55,100.0
90L_10NL_2_3,90L_10NL,2,ʃ u k s t a p o n ˈe ɾ,V;IND;PRS;1;SG,0,55,0.0
90L_10NL_2_4,90L_10NL,2,ʃ u k s t a p o n ˈe ɾ,V;IND;PRS;1;SG,34,55,61.82
90L_10NL_2_1,90L_10NL,2,ʃ u k s t a p o n ˈe ɾ,V;IND;PRS;2;PL,0,55,0.0
90L_10NL_2_2,90L_10NL,2,ʃ u k s t a p o n ˈe ɾ,V;IND;PRS;2;PL,47,55,85.45
90L_10NL_2_3,90L_10NL,2,ʃ u k s t a p o n ˈe ɾ,V;IND;PRS;2;PL,0,55,0.0
90L_10NL_2_4,90L_10NL,2,ʃ u k s t a p o n ˈe ɾ,V;IND;PRS;2;PL,47,55,85.45
90L_10NL_2_1,90L_10NL,2,ʃ u k s t a p o n ˈe ɾ,V;IND;PRS;2;SG,8,55,14.55
90L_10NL_2_2,90L_10NL,2,ʃ u k s t a p o n ˈe ɾ,V;IND;PRS;2;SG,55,55,100.0
90L_10NL_2_3,90L_10NL,2,ʃ u k s t a p o n ˈe ɾ,V;IND;PRS;2;SG,0,55,0.0
90L_10NL_2_4,90L_10NL,2,ʃ u k s t a p o n ˈe ɾ,V;IND;PRS;2;SG,33,55,60.0
90L_10NL_2_1,90L_10NL,2,ʃ u k s t a p o n ˈe ɾ,V;IND;PRS;3;PL,20,55,36.36
90L_10NL_2_2,90L_10NL,2,ʃ u k s t a p o n ˈe ɾ,V;IND;PRS;3;PL,55,55,100.0
90L_10NL_2_3,90L_10NL,2,ʃ u k s t a p o n ˈe ɾ,V;IND;PRS;3;PL,0,55,0.0
90L_10NL_2_4,90L_10NL,2,ʃ u k s t a p o n ˈe ɾ,V;IND;PRS;3;PL,31,55,56.36
90L_10NL_2_1,90L_10NL,2,ʃ u k s t a p o n ˈe ɾ,V;IND;PRS;3;SG,21,55,38.18
90L_10NL_2_2,90L_10NL,2,ʃ u k s t a p o n ˈe ɾ,V;IND;PRS;3;SG,55,55,100.0
90L_10NL_2_3,90L_10NL,2,ʃ u k s t a p o n ˈe ɾ,V;IND;PRS;3;SG,0,55,0.0
90L_10NL_2_4,90L_10NL,2,ʃ u k s t a p o n ˈe ɾ,V;IND;PRS;3;SG,40,55,72.73
90L_10NL_2_1,90L_10NL,2,ʃ u k s t a p o n ˈe ɾ,V;SBJV;PRS;1;PL,44,55,80.0
90L_10NL_2_2,90L_10NL,2,ʃ u k s t a p o n ˈe ɾ,V;SBJV;PRS;1;PL,55,55,100.0
90L_10NL_2_3,90L_10NL,2,ʃ u k s t a p o n ˈe ɾ,V;SBJV;PRS;1;PL,0,55,0.0
90L_10NL_2_4,90L_10NL,2,ʃ u k s t a p o n ˈe ɾ,V;SBJV;PRS;1;PL,44,55,80.0
90L_10NL_2_1,90L_10NL,2,ʃ u k s t a p o n ˈe ɾ,V;SBJV;PRS;1;SG,30,55,54.55
90L_10NL_2_2,90L_10NL,2,ʃ u k s t a p o n ˈe ɾ,V;SBJV;PRS;1;SG,55,55,100.0
90L_10NL_2_3,90L_10NL,2,ʃ u k s t a p o n ˈe ɾ,V;SBJV;PRS;1;SG,0,55,0.0
90L_10NL_2_4,90L_10NL,2,ʃ u k s t a p o n ˈe ɾ,V;SBJV;PRS;1;SG,28,55,50.91
90L_10NL_2_1,90L_10NL,2,ʃ u k s t a p o n ˈe ɾ,V;SBJV;PRS;2;PL,36,55,65.45
90L_10NL_2_2,90L_10NL,2,ʃ u k s t a p o n ˈe ɾ,V;SBJV;PRS;2;PL,55,55,100.0
90L_10NL_2_3,90L_10NL,2,ʃ u k s t a p o n ˈe ɾ,V;SBJV;PRS;2;PL,0,55,0.0
90L_10NL_2_4,90L_10NL,2,ʃ u k s t a p o n ˈe ɾ,V;SBJV;PRS;2;PL,39,55,70.91
90L_10NL_2_1,90L_10NL,2,ʃ u k s t a p o n ˈe ɾ,V;SBJV;PRS;2;SG,27,55,49.09
90L_10NL_2_2,90L_10NL,2,ʃ u k s t a p o n ˈe ɾ,V;SBJV;PRS;2;SG,55,55,100.0
90L_10NL_2_3,90L_10NL,2,ʃ u k s t a p o n ˈe ɾ,V;SBJV;PRS;2;SG,0,55,0.0
90L_10NL_2_4,90L_10NL,2,ʃ u k s t a p o n ˈe ɾ,V;SBJV;PRS;2;SG,33,55,60.0
90L_10NL_2_1,90L_10NL,2,ʃ u k s t a p o n ˈe ɾ,V;SBJV;PRS;3;PL,28,55,50.91
90L_10NL_2_2,90L_10NL,2,ʃ u k s t a p o n ˈe ɾ,V;SBJV;PRS;3;PL,55,55,100.0
90L_10NL_2_3,90L_10NL,2,ʃ u k s t a p o n ˈe ɾ,V;SBJV;PRS;3;PL,0,55,0.0
90L_10NL_2_4,90L_10NL,2,ʃ u k s t a p o n ˈe ɾ,V;SBJV;PRS;3;PL,24,55,43.64
90L_10NL_2_1,90L_10NL,2,ʃ u k s t a p o n ˈe ɾ,V;SBJV;PRS;3;SG,26,55,47.27
90L_10NL_2_2,90L_10NL,2,ʃ u k s t a p o n ˈe ɾ,V;SBJV;PRS;3;SG,55,55,100.0
90L_10NL_2_3,90L_10NL,2,ʃ u k s t a p o n ˈe ɾ,V;SBJV;PRS;3;SG,0,55,0.0
90L_10NL_2_4,90L_10NL,2,ʃ u k s t a p o n ˈe ɾ,V;SBJV;PRS;3;SG,24,55,43.64
90L_10NL_3_1,90L_10NL,3,a b e n ˈi ɾ,V;IND;PRS;1;PL,54,55,98.18
90L_10NL_3_2,90L_10NL,3,a b e n ˈi ɾ,V;IND;PRS;1;PL,17,55,30.91
90L_10NL_3_3,90L_10NL,3,a b e n ˈi ɾ,V;IND;PRS;1;PL,51,55,92.73
90L_10NL_3_4,90L_10NL,3,a b e n ˈi ɾ,V;IND;PRS;1;PL,55,55,100.0
90L_10NL_3_1,90L_10NL,3,a b e n ˈi ɾ,V;IND;PRS;1;SG,39,55,70.91
90L_10NL_3_2,90L_10NL,3,a b e n ˈi ɾ,V;IND;PRS;1;SG,12,55,21.82
90L_10NL_3_3,90L_10NL,3,a b e n ˈi ɾ,V;IND;PRS;1;SG,48,55,87.27
90L_10NL_3_4,90L_10NL,3,a b e n ˈi ɾ,V;IND;PRS;1;SG,54,55,98.18
90L_10NL_3_1,90L_10NL,3,a b e n ˈi ɾ,V;IND;PRS;2;PL,54,55,98.18
90L_10NL_3_2,90L_10NL,3,a b e n ˈi ɾ,V;IND;PRS;2;PL,22,55,40.0
90L_10NL_3_3,90L_10NL,3,a b e n ˈi ɾ,V;IND;PRS;2;PL,48,55,87.27
90L_10NL_3_4,90L_10NL,3,a b e n ˈi ɾ,V;IND;PRS;2;PL,55,55,100.0
90L_10NL_3_1,90L_10NL,3,a b e n ˈi ɾ,V;IND;PRS;2;SG,39,55,70.91
90L_10NL_3_2,90L_10NL,3,a b e n ˈi ɾ,V;IND;PRS;2;SG,27,55,49.09
90L_10NL_3_3,90L_10NL,3,a b e n ˈi ɾ,V;IND;PRS;2;SG,36,55,65.45
90L_10NL_3_4,90L_10NL,3,a b e n ˈi ɾ,V;IND;PRS;2;SG,53,55,96.36
90L_10NL_3_1,90L_10NL,3,a b e n ˈi ɾ,V;IND;PRS;3;PL,37,55,67.27
90L_10NL_3_2,90L_10NL,3,a b e n ˈi ɾ,V;IND;PRS;3;PL,31,55,56.36
90L_10NL_3_3,90L_10NL,3,a b e n ˈi ɾ,V;IND;PRS;3;PL,30,55,54.55
90L_10NL_3_4,90L_10NL,3,a b e n ˈi ɾ,V;IND;PRS;3;PL,53,55,96.36
90L_10NL_3_1,90L_10NL,3,a b e n ˈi ɾ,V;IND;PRS;3;SG,40,55,72.73
90L_10NL_3_2,90L_10NL,3,a b e n ˈi ɾ,V;IND;PRS;3;SG,28,55,50.91
90L_10NL_3_3,90L_10NL,3,a b e n ˈi ɾ,V;IND;PRS;3;SG,41,55,74.55
90L_10NL_3_4,90L_10NL,3,a b e n ˈi ɾ,V;IND;PRS;3;SG,54,55,98.18
90L_10NL_3_1,90L_10NL,3,a b e n ˈi ɾ,V;SBJV;PRS;1;PL,55,55,100.0
90L_10NL_3_2,90L_10NL,3,a b e n ˈi ɾ,V;SBJV;PRS;1;PL,16,55,29.09
90L_10NL_3_3,90L_10NL,3,a b e n ˈi ɾ,V;SBJV;PRS;1;PL,49,55,89.09
90L_10NL_3_4,90L_10NL,3,a b e n ˈi ɾ,V;SBJV;PRS;1;PL,55,55,100.0
90L_10NL_3_1,90L_10NL,3,a b e n ˈi ɾ,V;SBJV;PRS;1;SG,42,55,76.36
90L_10NL_3_2,90L_10NL,3,a b e n ˈi ɾ,V;SBJV;PRS;1;SG,9,55,16.36
90L_10NL_3_3,90L_10NL,3,a b e n ˈi ɾ,V;SBJV;PRS;1;SG,51,55,92.73
90L_10NL_3_4,90L_10NL,3,a b e n ˈi ɾ,V;SBJV;PRS;1;SG,55,55,100.0
90L_10NL_3_1,90L_10NL,3,a b e n ˈi ɾ,V;SBJV;PRS;2;PL,55,55,100.0
90L_10NL_3_2,90L_10NL,3,a b e n ˈi ɾ,V;SBJV;PRS;2;PL,6,55,10.91
90L_10NL_3_3,90L_10NL,3,a b e n ˈi ɾ,V;SBJV;PRS;2;PL,41,55,74.55
90L_10NL_3_4,90L_10NL,3,a b e n ˈi ɾ,V;SBJV;PRS;2;PL,55,55,100.0
90L_10NL_3_1,90L_10NL,3,a b e n ˈi ɾ,V;SBJV;PRS;2;SG,38,55,69.09
90L_10NL_3_2,90L_10NL,3,a b e n ˈi ɾ,V;SBJV;PRS;2;SG,9,55,16.36
90L_10NL_3_3,90L_10NL,3,a b e n ˈi ɾ,V;SBJV;PRS;2;SG,52,55,94.55
90L_10NL_3_4,90L_10NL,3,a b e n ˈi ɾ,V;SBJV;PRS;2;SG,55,55,100.0
90L_10NL_3_1,90L_10NL,3,a b e n ˈi ɾ,V;SBJV;PRS;3;PL,37,55,67.27
90L_10NL_3_2,90L_10NL,3,a b e n ˈi ɾ,V;SBJV;PRS;3;PL,10,55,18.18
90L_10NL_3_3,90L_10NL,3,a b e n ˈi ɾ,V;SBJV;PRS;3;PL,52,55,94.55
90L_10NL_3_4,90L_10NL,3,a b e n ˈi ɾ,V;SBJV;PRS;3;PL,54,55,98.18
90L_10NL_3_1,90L_10NL,3,a b e n ˈi ɾ,V;SBJV;PRS;3;SG,40,55,72.73
90L_10NL_3_2,90L_10NL,3,a b e n ˈi ɾ,V;SBJV;PRS;3;SG,9,55,16.36
90L_10NL_3_3,90L_10NL,3,a b e n ˈi ɾ,V;SBJV;PRS;3;SG,51,55,92.73
90L_10NL_3_4,90L_10NL,3,a b e n ˈi ɾ,V;SBJV;PRS;3;SG,55,55,100.0
90L_10NL_3_1,90L_10NL,3,a b s t ɾ a ˈe ɾ,V;IND;PRS;1;PL,55,55,100.0
90L_10NL_3_2,90L_10NL,3,a b s t ɾ a ˈe ɾ,V;IND;PRS;1;PL,55,55,100.0
90L_10NL_3_3,90L_10NL,3,a b s t ɾ a ˈe ɾ,V;IND;PRS;1;PL,55,55,100.0
90L_10NL_3_4,90L_10NL,3,a b s t ɾ a ˈe ɾ,V;IND;PRS;1;PL,55,55,100.0
90L_10NL_3_1,90L_10NL,3,a b s t ɾ a ˈe ɾ,V;IND;PRS;1;SG,54,55,98.18
90L_10NL_3_2,90L_10NL,3,a b s t ɾ a ˈe ɾ,V;IND;PRS;1;SG,55,55,100.0
90L_10NL_3_3,90L_10NL,3,a b s t ɾ a ˈe ɾ,V;IND;PRS;1;SG,55,55,100.0
90L_10NL_3_4,90L_10NL,3,a b s t ɾ a ˈe ɾ,V;IND;PRS;1;SG,55,55,100.0
90L_10NL_3_1,90L_10NL,3,a b s t ɾ a ˈe ɾ,V;IND;PRS;2;PL,55,55,100.0
90L_10NL_3_2,90L_10NL,3,a b s t ɾ a ˈe ɾ,V;IND;PRS;2;PL,55,55,100.0
90L_10NL_3_3,90L_10NL,3,a b s t ɾ a ˈe ɾ,V;IND;PRS;2;PL,55,55,100.0
90L_10NL_3_4,90L_10NL,3,a b s t ɾ a ˈe ɾ,V;IND;PRS;2;PL,55,55,100.0
90L_10NL_3_1,90L_10NL,3,a b s t ɾ a ˈe ɾ,V;IND;PRS;2;SG,55,55,100.0
90L_10NL_3_2,90L_10NL,3,a b s t ɾ a ˈe ɾ,V;IND;PRS;2;SG,55,55,100.0
90L_10NL_3_3,90L_10NL,3,a b s t ɾ a ˈe ɾ,V;IND;PRS;2;SG,55,55,100.0
90L_10NL_3_4,90L_10NL,3,a b s t ɾ a ˈe ɾ,V;IND;PRS;2;SG,55,55,100.0
90L_10NL_3_1,90L_10NL,3,a b s t ɾ a ˈe ɾ,V;IND;PRS;3;PL,55,55,100.0
90L_10NL_3_2,90L_10NL,3,a b s t ɾ a ˈe ɾ,V;IND;PRS;3;PL,55,55,100.0
90L_10NL_3_3,90L_10NL,3,a b s t ɾ a ˈe ɾ,V;IND;PRS;3;PL,55,55,100.0
90L_10NL_3_4,90L_10NL,3,a b s t ɾ a ˈe ɾ,V;IND;PRS;3;PL,55,55,100.0
90L_10NL_3_1,90L_10NL,3,a b s t ɾ a ˈe ɾ,V;IND;PRS;3;SG,55,55,100.0
90L_10NL_3_2,90L_10NL,3,a b s t ɾ a ˈe ɾ,V;IND;PRS;3;SG,55,55,100.0
90L_10NL_3_3,90L_10NL,3,a b s t ɾ a ˈe ɾ,V;IND;PRS;3;SG,55,55,100.0
90L_10NL_3_4,90L_10NL,3,a b s t ɾ a ˈe ɾ,V;IND;PRS;3;SG,55,55,100.0
90L_10NL_3_1,90L_10NL,3,a b s t ɾ a ˈe ɾ,V;SBJV;PRS;1;PL,55,55,100.0
90L_10NL_3_2,90L_10NL,3,a b s t ɾ a ˈe ɾ,V;SBJV;PRS;1;PL,55,55,100.0
90L_10NL_3_3,90L_10NL,3,a b s t ɾ a ˈe ɾ,V;SBJV;PRS;1;PL,55,55,100.0
90L_10NL_3_4,90L_10NL,3,a b s t ɾ a ˈe ɾ,V;SBJV;PRS;1;PL,55,55,100.0
90L_10NL_3_1,90L_10NL,3,a b s t ɾ a ˈe ɾ,V;SBJV;PRS;1;SG,51,55,92.73
90L_10NL_3_2,90L_10NL,3,a b s t ɾ a ˈe ɾ,V;SBJV;PRS;1;SG,55,55,100.0
90L_10NL_3_3,90L_10NL,3,a b s t ɾ a ˈe ɾ,V;SBJV;PRS;1;SG,55,55,100.0
90L_10NL_3_4,90L_10NL,3,a b s t ɾ a ˈe ɾ,V;SBJV;PRS;1;SG,55,55,100.0
90L_10NL_3_1,90L_10NL,3,a b s t ɾ a ˈe ɾ,V;SBJV;PRS;2;PL,55,55,100.0
90L_10NL_3_2,90L_10NL,3,a b s t ɾ a ˈe ɾ,V;SBJV;PRS;2;PL,55,55,100.0
90L_10NL_3_3,90L_10NL,3,a b s t ɾ a ˈe ɾ,V;SBJV;PRS;2;PL,55,55,100.0
90L_10NL_3_4,90L_10NL,3,a b s t ɾ a ˈe ɾ,V;SBJV;PRS;2;PL,55,55,100.0
90L_10NL_3_1,90L_10NL,3,a b s t ɾ a ˈe ɾ,V;SBJV;PRS;2;SG,55,55,100.0
90L_10NL_3_2,90L_10NL,3,a b s t ɾ a ˈe ɾ,V;SBJV;PRS;2;SG,55,55,100.0
90L_10NL_3_3,90L_10NL,3,a b s t ɾ a ˈe ɾ,V;SBJV;PRS;2;SG,55,55,100.0
90L_10NL_3_4,90L_10NL,3,a b s t ɾ a ˈe ɾ,V;SBJV;PRS;2;SG,55,55,100.0
90L_10NL_3_1,90L_10NL,3,a b s t ɾ a ˈe ɾ,V;SBJV;PRS;3;PL,55,55,100.0
90L_10NL_3_2,90L_10NL,3,a b s t ɾ a ˈe ɾ,V;SBJV;PRS;3;PL,55,55,100.0
90L_10NL_3_3,90L_10NL,3,a b s t ɾ a ˈe ɾ,V;SBJV;PRS;3;PL,55,55,100.0
90L_10NL_3_4,90L_10NL,3,a b s t ɾ a ˈe ɾ,V;SBJV;PRS;3;PL,55,55,100.0
90L_10NL_3_1,90L_10NL,3,a b s t ɾ a ˈe ɾ,V;SBJV;PRS;3;SG,51,55,92.73
90L_10NL_3_2,90L_10NL,3,a b s t ɾ a ˈe ɾ,V;SBJV;PRS;3;SG,55,55,100.0
90L_10NL_3_3,90L_10NL,3,a b s t ɾ a ˈe ɾ,V;SBJV;PRS;3;SG,55,55,100.0
90L_10NL_3_4,90L_10NL,3,a b s t ɾ a ˈe ɾ,V;SBJV;PRS;3;SG,55,55,100.0
90L_10NL_3_1,90L_10NL,3,a d ʃ a s ˈe ɾ,V;IND;PRS;1;PL,55,55,100.0
90L_10NL_3_2,90L_10NL,3,a d ʃ a s ˈe ɾ,V;IND;PRS;1;PL,55,55,100.0
90L_10NL_3_3,90L_10NL,3,a d ʃ a s ˈe ɾ,V;IND;PRS;1;PL,55,55,100.0
90L_10NL_3_4,90L_10NL,3,a d ʃ a s ˈe ɾ,V;IND;PRS;1;PL,1,55,1.82
90L_10NL_3_1,90L_10NL,3,a d ʃ a s ˈe ɾ,V;IND;PRS;1;SG,55,55,100.0
90L_10NL_3_2,90L_10NL,3,a d ʃ a s ˈe ɾ,V;IND;PRS;1;SG,55,55,100.0
90L_10NL_3_3,90L_10NL,3,a d ʃ a s ˈe ɾ,V;IND;PRS;1;SG,55,55,100.0
90L_10NL_3_4,90L_10NL,3,a d ʃ a s ˈe ɾ,V;IND;PRS;1;SG,0,55,0.0
90L_10NL_3_1,90L_10NL,3,a d ʃ a s ˈe ɾ,V;IND;PRS;2;PL,55,55,100.0
90L_10NL_3_2,90L_10NL,3,a d ʃ a s ˈe ɾ,V;IND;PRS;2;PL,55,55,100.0
90L_10NL_3_3,90L_10NL,3,a d ʃ a s ˈe ɾ,V;IND;PRS;2;PL,55,55,100.0
90L_10NL_3_4,90L_10NL,3,a d ʃ a s ˈe ɾ,V;IND;PRS;2;PL,1,55,1.82
90L_10NL_3_1,90L_10NL,3,a d ʃ a s ˈe ɾ,V;IND;PRS;2;SG,55,55,100.0
90L_10NL_3_2,90L_10NL,3,a d ʃ a s ˈe ɾ,V;IND;PRS;2;SG,55,55,100.0
90L_10NL_3_3,90L_10NL,3,a d ʃ a s ˈe ɾ,V;IND;PRS;2;SG,55,55,100.0
90L_10NL_3_4,90L_10NL,3,a d ʃ a s ˈe ɾ,V;IND;PRS;2;SG,0,55,0.0
90L_10NL_3_1,90L_10NL,3,a d ʃ a s ˈe ɾ,V;IND;PRS;3;PL,55,55,100.0
90L_10NL_3_2,90L_10NL,3,a d ʃ a s ˈe ɾ,V;IND;PRS;3;PL,55,55,100.0
90L_10NL_3_3,90L_10NL,3,a d ʃ a s ˈe ɾ,V;IND;PRS;3;PL,55,55,100.0
90L_10NL_3_4,90L_10NL,3,a d ʃ a s ˈe ɾ,V;IND;PRS;3;PL,0,55,0.0
90L_10NL_3_1,90L_10NL,3,a d ʃ a s ˈe ɾ,V;IND;PRS;3;SG,55,55,100.0
90L_10NL_3_2,90L_10NL,3,a d ʃ a s ˈe ɾ,V;IND;PRS;3;SG,55,55,100.0
90L_10NL_3_3,90L_10NL,3,a d ʃ a s ˈe ɾ,V;IND;PRS;3;SG,55,55,100.0
90L_10NL_3_4,90L_10NL,3,a d ʃ a s ˈe ɾ,V;IND;PRS;3;SG,0,55,0.0
90L_10NL_3_1,90L_10NL,3,a d ʃ a s ˈe ɾ,V;SBJV;PRS;1;PL,55,55,100.0
90L_10NL_3_2,90L_10NL,3,a d ʃ a s ˈe ɾ,V;SBJV;PRS;1;PL,55,55,100.0
90L_10NL_3_3,90L_10NL,3,a d ʃ a s ˈe ɾ,V;SBJV;PRS;1;PL,55,55,100.0
90L_10NL_3_4,90L_10NL,3,a d ʃ a s ˈe ɾ,V;SBJV;PRS;1;PL,29,55,52.73
90L_10NL_3_1,90L_10NL,3,a d ʃ a s ˈe ɾ,V;SBJV;PRS;1;SG,55,55,100.0
90L_10NL_3_2,90L_10NL,3,a d ʃ a s ˈe ɾ,V;SBJV;PRS;1;SG,55,55,100.0
90L_10NL_3_3,90L_10NL,3,a d ʃ a s ˈe ɾ,V;SBJV;PRS;1;SG,55,55,100.0
90L_10NL_3_4,90L_10NL,3,a d ʃ a s ˈe ɾ,V;SBJV;PRS;1;SG,0,55,0.0
90L_10NL_3_1,90L_10NL,3,a d ʃ a s ˈe ɾ,V;SBJV;PRS;2;PL,55,55,100.0
90L_10NL_3_2,90L_10NL,3,a d ʃ a s ˈe ɾ,V;SBJV;PRS;2;PL,55,55,100.0
90L_10NL_3_3,90L_10NL,3,a d ʃ a s ˈe ɾ,V;SBJV;PRS;2;PL,55,55,100.0
90L_10NL_3_4,90L_10NL,3,a d ʃ a s ˈe ɾ,V;SBJV;PRS;2;PL,34,55,61.82
90L_10NL_3_1,90L_10NL,3,a d ʃ a s ˈe ɾ,V;SBJV;PRS;2;SG,55,55,100.0
90L_10NL_3_2,90L_10NL,3,a d ʃ a s ˈe ɾ,V;SBJV;PRS;2;SG,55,55,100.0
90L_10NL_3_3,90L_10NL,3,a d ʃ a s ˈe ɾ,V;SBJV;PRS;2;SG,55,55,100.0
90L_10NL_3_4,90L_10NL,3,a d ʃ a s ˈe ɾ,V;SBJV;PRS;2;SG,0,55,0.0
90L_10NL_3_1,90L_10NL,3,a d ʃ a s ˈe ɾ,V;SBJV;PRS;3;PL,55,55,100.0
90L_10NL_3_2,90L_10NL,3,a d ʃ a s ˈe ɾ,V;SBJV;PRS;3;PL,55,55,100.0
90L_10NL_3_3,90L_10NL,3,a d ʃ a s ˈe ɾ,V;SBJV;PRS;3;PL,55,55,100.0
90L_10NL_3_4,90L_10NL,3,a d ʃ a s ˈe ɾ,V;SBJV;PRS;3;PL,0,55,0.0
90L_10NL_3_1,90L_10NL,3,a d ʃ a s ˈe ɾ,V;SBJV;PRS;3;SG,55,55,100.0
90L_10NL_3_2,90L_10NL,3,a d ʃ a s ˈe ɾ,V;SBJV;PRS;3;SG,55,55,100.0
90L_10NL_3_3,90L_10NL,3,a d ʃ a s ˈe ɾ,V;SBJV;PRS;3;SG,55,55,100.0
90L_10NL_3_4,90L_10NL,3,a d ʃ a s ˈe ɾ,V;SBJV;PRS;3;SG,0,55,0.0
90L_10NL_3_1,90L_10NL,3,a f l i ç ˈi ɾ,V;IND;PRS;1;PL,55,55,100.0
90L_10NL_3_2,90L_10NL,3,a f l i ç ˈi ɾ,V;IND;PRS;1;PL,6,55,10.91
90L_10NL_3_3,90L_10NL,3,a f l i ç ˈi ɾ,V;IND;PRS;1;PL,55,55,100.0
90L_10NL_3_4,90L_10NL,3,a f l i ç ˈi ɾ,V;IND;PRS;1;PL,55,55,100.0
90L_10NL_3_1,90L_10NL,3,a f l i ç ˈi ɾ,V;IND;PRS;1;SG,55,55,100.0
90L_10NL_3_2,90L_10NL,3,a f l i ç ˈi ɾ,V;IND;PRS;1;SG,55,55,100.0
90L_10NL_3_3,90L_10NL,3,a f l i ç ˈi ɾ,V;IND;PRS;1;SG,55,55,100.0
90L_10NL_3_4,90L_10NL,3,a f l i ç ˈi ɾ,V;IND;PRS;1;SG,55,55,100.0
90L_10NL_3_1,90L_10NL,3,a f l i ç ˈi ɾ,V;IND;PRS;2;PL,55,55,100.0
90L_10NL_3_2,90L_10NL,3,a f l i ç ˈi ɾ,V;IND;PRS;2;PL,0,55,0.0
90L_10NL_3_3,90L_10NL,3,a f l i ç ˈi ɾ,V;IND;PRS;2;PL,55,55,100.0
90L_10NL_3_4,90L_10NL,3,a f l i ç ˈi ɾ,V;IND;PRS;2;PL,55,55,100.0
90L_10NL_3_1,90L_10NL,3,a f l i ç ˈi ɾ,V;IND;PRS;2;SG,55,55,100.0
90L_10NL_3_2,90L_10NL,3,a f l i ç ˈi ɾ,V;IND;PRS;2;SG,55,55,100.0
90L_10NL_3_3,90L_10NL,3,a f l i ç ˈi ɾ,V;IND;PRS;2;SG,55,55,100.0
90L_10NL_3_4,90L_10NL,3,a f l i ç ˈi ɾ,V;IND;PRS;2;SG,55,55,100.0
90L_10NL_3_1,90L_10NL,3,a f l i ç ˈi ɾ,V;IND;PRS;3;PL,55,55,100.0
90L_10NL_3_2,90L_10NL,3,a f l i ç ˈi ɾ,V;IND;PRS;3;PL,55,55,100.0
90L_10NL_3_3,90L_10NL,3,a f l i ç ˈi ɾ,V;IND;PRS;3;PL,55,55,100.0
90L_10NL_3_4,90L_10NL,3,a f l i ç ˈi ɾ,V;IND;PRS;3;PL,55,55,100.0
90L_10NL_3_1,90L_10NL,3,a f l i ç ˈi ɾ,V;IND;PRS;3;SG,55,55,100.0
90L_10NL_3_2,90L_10NL,3,a f l i ç ˈi ɾ,V;IND;PRS;3;SG,55,55,100.0
90L_10NL_3_3,90L_10NL,3,a f l i ç ˈi ɾ,V;IND;PRS;3;SG,55,55,100.0
90L_10NL_3_4,90L_10NL,3,a f l i ç ˈi ɾ,V;IND;PRS;3;SG,55,55,100.0
90L_10NL_3_1,90L_10NL,3,a f l i ç ˈi ɾ,V;SBJV;PRS;1;PL,55,55,100.0
90L_10NL_3_2,90L_10NL,3,a f l i ç ˈi ɾ,V;SBJV;PRS;1;PL,55,55,100.0
90L_10NL_3_3,90L_10NL,3,a f l i ç ˈi ɾ,V;SBJV;PRS;1;PL,55,55,100.0
90L_10NL_3_4,90L_10NL,3,a f l i ç ˈi ɾ,V;SBJV;PRS;1;PL,55,55,100.0
90L_10NL_3_1,90L_10NL,3,a f l i ç ˈi ɾ,V;SBJV;PRS;1;SG,55,55,100.0
90L_10NL_3_2,90L_10NL,3,a f l i ç ˈi ɾ,V;SBJV;PRS;1;SG,55,55,100.0
90L_10NL_3_3,90L_10NL,3,a f l i ç ˈi ɾ,V;SBJV;PRS;1;SG,55,55,100.0
90L_10NL_3_4,90L_10NL,3,a f l i ç ˈi ɾ,V;SBJV;PRS;1;SG,55,55,100.0
90L_10NL_3_1,90L_10NL,3,a f l i ç ˈi ɾ,V;SBJV;PRS;2;PL,55,55,100.0
90L_10NL_3_2,90L_10NL,3,a f l i ç ˈi ɾ,V;SBJV;PRS;2;PL,55,55,100.0
90L_10NL_3_3,90L_10NL,3,a f l i ç ˈi ɾ,V;SBJV;PRS;2;PL,55,55,100.0
90L_10NL_3_4,90L_10NL,3,a f l i ç ˈi ɾ,V;SBJV;PRS;2;PL,55,55,100.0
90L_10NL_3_1,90L_10NL,3,a f l i ç ˈi ɾ,V;SBJV;PRS;2;SG,55,55,100.0
90L_10NL_3_2,90L_10NL,3,a f l i ç ˈi ɾ,V;SBJV;PRS;2;SG,55,55,100.0
90L_10NL_3_3,90L_10NL,3,a f l i ç ˈi ɾ,V;SBJV;PRS;2;SG,55,55,100.0
90L_10NL_3_4,90L_10NL,3,a f l i ç ˈi ɾ,V;SBJV;PRS;2;SG,55,55,100.0
90L_10NL_3_1,90L_10NL,3,a f l i ç ˈi ɾ,V;SBJV;PRS;3;PL,55,55,100.0
90L_10NL_3_2,90L_10NL,3,a f l i ç ˈi ɾ,V;SBJV;PRS;3;PL,55,55,100.0
90L_10NL_3_3,90L_10NL,3,a f l i ç ˈi ɾ,V;SBJV;PRS;3;PL,55,55,100.0
90L_10NL_3_4,90L_10NL,3,a f l i ç ˈi ɾ,V;SBJV;PRS;3;PL,55,55,100.0
90L_10NL_3_1,90L_10NL,3,a f l i ç ˈi ɾ,V;SBJV;PRS;3;SG,55,55,100.0
90L_10NL_3_2,90L_10NL,3,a f l i ç ˈi ɾ,V;SBJV;PRS;3;SG,55,55,100.0
90L_10NL_3_3,90L_10NL,3,a f l i ç ˈi ɾ,V;SBJV;PRS;3;SG,55,55,100.0
90L_10NL_3_4,90L_10NL,3,a f l i ç ˈi ɾ,V;SBJV;PRS;3;SG,55,55,100.0
90L_10NL_3_1,90L_10NL,3,a m a n e s ˈe ɾ,V;IND;PRS;1;PL,55,55,100.0
90L_10NL_3_2,90L_10NL,3,a m a n e s ˈe ɾ,V;IND;PRS;1;PL,55,55,100.0
90L_10NL_3_3,90L_10NL,3,a m a n e s ˈe ɾ,V;IND;PRS;1;PL,55,55,100.0
90L_10NL_3_4,90L_10NL,3,a m a n e s ˈe ɾ,V;IND;PRS;1;PL,55,55,100.0
90L_10NL_3_1,90L_10NL,3,a m a n e s ˈe ɾ,V;IND;PRS;1;SG,55,55,100.0
90L_10NL_3_2,90L_10NL,3,a m a n e s ˈe ɾ,V;IND;PRS;1;SG,55,55,100.0
90L_10NL_3_3,90L_10NL,3,a m a n e s ˈe ɾ,V;IND;PRS;1;SG,55,55,100.0
90L_10NL_3_4,90L_10NL,3,a m a n e s ˈe ɾ,V;IND;PRS;1;SG,55,55,100.0
90L_10NL_3_1,90L_10NL,3,a m a n e s ˈe ɾ,V;IND;PRS;2;PL,55,55,100.0
90L_10NL_3_2,90L_10NL,3,a m a n e s ˈe ɾ,V;IND;PRS;2;PL,55,55,100.0
90L_10NL_3_3,90L_10NL,3,a m a n e s ˈe ɾ,V;IND;PRS;2;PL,55,55,100.0
90L_10NL_3_4,90L_10NL,3,a m a n e s ˈe ɾ,V;IND;PRS;2;PL,55,55,100.0
90L_10NL_3_1,90L_10NL,3,a m a n e s ˈe ɾ,V;IND;PRS;2;SG,55,55,100.0
90L_10NL_3_2,90L_10NL,3,a m a n e s ˈe ɾ,V;IND;PRS;2;SG,55,55,100.0
90L_10NL_3_3,90L_10NL,3,a m a n e s ˈe ɾ,V;IND;PRS;2;SG,55,55,100.0
90L_10NL_3_4,90L_10NL,3,a m a n e s ˈe ɾ,V;IND;PRS;2;SG,55,55,100.0
90L_10NL_3_1,90L_10NL,3,a m a n e s ˈe ɾ,V;IND;PRS;3;PL,55,55,100.0
90L_10NL_3_2,90L_10NL,3,a m a n e s ˈe ɾ,V;IND;PRS;3;PL,55,55,100.0
90L_10NL_3_3,90L_10NL,3,a m a n e s ˈe ɾ,V;IND;PRS;3;PL,55,55,100.0
90L_10NL_3_4,90L_10NL,3,a m a n e s ˈe ɾ,V;IND;PRS;3;PL,55,55,100.0
90L_10NL_3_1,90L_10NL,3,a m a n e s ˈe ɾ,V;IND;PRS;3;SG,55,55,100.0
90L_10NL_3_2,90L_10NL,3,a m a n e s ˈe ɾ,V;IND;PRS;3;SG,55,55,100.0
90L_10NL_3_3,90L_10NL,3,a m a n e s ˈe ɾ,V;IND;PRS;3;SG,55,55,100.0
90L_10NL_3_4,90L_10NL,3,a m a n e s ˈe ɾ,V;IND;PRS;3;SG,55,55,100.0
90L_10NL_3_1,90L_10NL,3,a m a n e s ˈe ɾ,V;SBJV;PRS;1;PL,55,55,100.0
90L_10NL_3_2,90L_10NL,3,a m a n e s ˈe ɾ,V;SBJV;PRS;1;PL,55,55,100.0
90L_10NL_3_3,90L_10NL,3,a m a n e s ˈe ɾ,V;SBJV;PRS;1;PL,55,55,100.0
90L_10NL_3_4,90L_10NL,3,a m a n e s ˈe ɾ,V;SBJV;PRS;1;PL,55,55,100.0
90L_10NL_3_1,90L_10NL,3,a m a n e s ˈe ɾ,V;SBJV;PRS;1;SG,55,55,100.0
90L_10NL_3_2,90L_10NL,3,a m a n e s ˈe ɾ,V;SBJV;PRS;1;SG,55,55,100.0
90L_10NL_3_3,90L_10NL,3,a m a n e s ˈe ɾ,V;SBJV;PRS;1;SG,55,55,100.0
90L_10NL_3_4,90L_10NL,3,a m a n e s ˈe ɾ,V;SBJV;PRS;1;SG,55,55,100.0
90L_10NL_3_1,90L_10NL,3,a m a n e s ˈe ɾ,V;SBJV;PRS;2;PL,55,55,100.0
90L_10NL_3_2,90L_10NL,3,a m a n e s ˈe ɾ,V;SBJV;PRS;2;PL,55,55,100.0
90L_10NL_3_3,90L_10NL,3,a m a n e s ˈe ɾ,V;SBJV;PRS;2;PL,55,55,100.0
90L_10NL_3_4,90L_10NL,3,a m a n e s ˈe ɾ,V;SBJV;PRS;2;PL,55,55,100.0
90L_10NL_3_1,90L_10NL,3,a m a n e s ˈe ɾ,V;SBJV;PRS;2;SG,55,55,100.0
90L_10NL_3_2,90L_10NL,3,a m a n e s ˈe ɾ,V;SBJV;PRS;2;SG,55,55,100.0
90L_10NL_3_3,90L_10NL,3,a m a n e s ˈe ɾ,V;SBJV;PRS;2;SG,55,55,100.0
90L_10NL_3_4,90L_10NL,3,a m a n e s ˈe ɾ,V;SBJV;PRS;2;SG,55,55,100.0
90L_10NL_3_1,90L_10NL,3,a m a n e s ˈe ɾ,V;SBJV;PRS;3;PL,55,55,100.0
90L_10NL_3_2,90L_10NL,3,a m a n e s ˈe ɾ,V;SBJV;PRS;3;PL,55,55,100.0
90L_10NL_3_3,90L_10NL,3,a m a n e s ˈe ɾ,V;SBJV;PRS;3;PL,55,55,100.0
90L_10NL_3_4,90L_10NL,3,a m a n e s ˈe ɾ,V;SBJV;PRS;3;PL,55,55,100.0
90L_10NL_3_1,90L_10NL,3,a m a n e s ˈe ɾ,V;SBJV;PRS;3;SG,55,55,100.0
90L_10NL_3_2,90L_10NL,3,a m a n e s ˈe ɾ,V;SBJV;PRS;3;SG,55,55,100.0
90L_10NL_3_3,90L_10NL,3,a m a n e s ˈe ɾ,V;SBJV;PRS;3;SG,55,55,100.0
90L_10NL_3_4,90L_10NL,3,a m a n e s ˈe ɾ,V;SBJV;PRS;3;SG,55,55,100.0
90L_10NL_3_1,90L_10NL,3,a s t ɾ i n ç ˈi ɾ,V;IND;PRS;1;PL,55,55,100.0
90L_10NL_3_2,90L_10NL,3,a s t ɾ i n ç ˈi ɾ,V;IND;PRS;1;PL,55,55,100.0
90L_10NL_3_3,90L_10NL,3,a s t ɾ i n ç ˈi ɾ,V;IND;PRS;1;PL,55,55,100.0
90L_10NL_3_4,90L_10NL,3,a s t ɾ i n ç ˈi ɾ,V;IND;PRS;1;PL,55,55,100.0
90L_10NL_3_1,90L_10NL,3,a s t ɾ i n ç ˈi ɾ,V;IND;PRS;1;SG,50,55,90.91
90L_10NL_3_2,90L_10NL,3,a s t ɾ i n ç ˈi ɾ,V;IND;PRS;1;SG,55,55,100.0
90L_10NL_3_3,90L_10NL,3,a s t ɾ i n ç ˈi ɾ,V;IND;PRS;1;SG,54,55,98.18
90L_10NL_3_4,90L_10NL,3,a s t ɾ i n ç ˈi ɾ,V;IND;PRS;1;SG,55,55,100.0
90L_10NL_3_1,90L_10NL,3,a s t ɾ i n ç ˈi ɾ,V;IND;PRS;2;PL,55,55,100.0
90L_10NL_3_2,90L_10NL,3,a s t ɾ i n ç ˈi ɾ,V;IND;PRS;2;PL,55,55,100.0
90L_10NL_3_3,90L_10NL,3,a s t ɾ i n ç ˈi ɾ,V;IND;PRS;2;PL,55,55,100.0
90L_10NL_3_4,90L_10NL,3,a s t ɾ i n ç ˈi ɾ,V;IND;PRS;2;PL,55,55,100.0
90L_10NL_3_1,90L_10NL,3,a s t ɾ i n ç ˈi ɾ,V;IND;PRS;2;SG,55,55,100.0
90L_10NL_3_2,90L_10NL,3,a s t ɾ i n ç ˈi ɾ,V;IND;PRS;2;SG,55,55,100.0
90L_10NL_3_3,90L_10NL,3,a s t ɾ i n ç ˈi ɾ,V;IND;PRS;2;SG,55,55,100.0
90L_10NL_3_4,90L_10NL,3,a s t ɾ i n ç ˈi ɾ,V;IND;PRS;2;SG,55,55,100.0
90L_10NL_3_1,90L_10NL,3,a s t ɾ i n ç ˈi ɾ,V;IND;PRS;3;PL,53,55,96.36
90L_10NL_3_2,90L_10NL,3,a s t ɾ i n ç ˈi ɾ,V;IND;PRS;3;PL,55,55,100.0
90L_10NL_3_3,90L_10NL,3,a s t ɾ i n ç ˈi ɾ,V;IND;PRS;3;PL,55,55,100.0
90L_10NL_3_4,90L_10NL,3,a s t ɾ i n ç ˈi ɾ,V;IND;PRS;3;PL,55,55,100.0
90L_10NL_3_1,90L_10NL,3,a s t ɾ i n ç ˈi ɾ,V;IND;PRS;3;SG,53,55,96.36
90L_10NL_3_2,90L_10NL,3,a s t ɾ i n ç ˈi ɾ,V;IND;PRS;3;SG,55,55,100.0
90L_10NL_3_3,90L_10NL,3,a s t ɾ i n ç ˈi ɾ,V;IND;PRS;3;SG,55,55,100.0
90L_10NL_3_4,90L_10NL,3,a s t ɾ i n ç ˈi ɾ,V;IND;PRS;3;SG,55,55,100.0
90L_10NL_3_1,90L_10NL,3,a s t ɾ i n ç ˈi ɾ,V;SBJV;PRS;1;PL,55,55,100.0
90L_10NL_3_2,90L_10NL,3,a s t ɾ i n ç ˈi ɾ,V;SBJV;PRS;1;PL,55,55,100.0
90L_10NL_3_3,90L_10NL,3,a s t ɾ i n ç ˈi ɾ,V;SBJV;PRS;1;PL,55,55,100.0
90L_10NL_3_4,90L_10NL,3,a s t ɾ i n ç ˈi ɾ,V;SBJV;PRS;1;PL,55,55,100.0
90L_10NL_3_1,90L_10NL,3,a s t ɾ i n ç ˈi ɾ,V;SBJV;PRS;1;SG,55,55,100.0
90L_10NL_3_2,90L_10NL,3,a s t ɾ i n ç ˈi ɾ,V;SBJV;PRS;1;SG,55,55,100.0
90L_10NL_3_3,90L_10NL,3,a s t ɾ i n ç ˈi ɾ,V;SBJV;PRS;1;SG,55,55,100.0
90L_10NL_3_4,90L_10NL,3,a s t ɾ i n ç ˈi ɾ,V;SBJV;PRS;1;SG,55,55,100.0
90L_10NL_3_1,90L_10NL,3,a s t ɾ i n ç ˈi ɾ,V;SBJV;PRS;2;PL,55,55,100.0
90L_10NL_3_2,90L_10NL,3,a s t ɾ i n ç ˈi ɾ,V;SBJV;PRS;2;PL,55,55,100.0
90L_10NL_3_3,90L_10NL,3,a s t ɾ i n ç ˈi ɾ,V;SBJV;PRS;2;PL,55,55,100.0
90L_10NL_3_4,90L_10NL,3,a s t ɾ i n ç ˈi ɾ,V;SBJV;PRS;2;PL,55,55,100.0
90L_10NL_3_1,90L_10NL,3,a s t ɾ i n ç ˈi ɾ,V;SBJV;PRS;2;SG,55,55,100.0
90L_10NL_3_2,90L_10NL,3,a s t ɾ i n ç ˈi ɾ,V;SBJV;PRS;2;SG,55,55,100.0
90L_10NL_3_3,90L_10NL,3,a s t ɾ i n ç ˈi ɾ,V;SBJV;PRS;2;SG,55,55,100.0
90L_10NL_3_4,90L_10NL,3,a s t ɾ i n ç ˈi ɾ,V;SBJV;PRS;2;SG,55,55,100.0
90L_10NL_3_1,90L_10NL,3,a s t ɾ i n ç ˈi ɾ,V;SBJV;PRS;3;PL,55,55,100.0
90L_10NL_3_2,90L_10NL,3,a s t ɾ i n ç ˈi ɾ,V;SBJV;PRS;3;PL,55,55,100.0
90L_10NL_3_3,90L_10NL,3,a s t ɾ i n ç ˈi ɾ,V;SBJV;PRS;3;PL,55,55,100.0
90L_10NL_3_4,90L_10NL,3,a s t ɾ i n ç ˈi ɾ,V;SBJV;PRS;3;PL,55,55,100.0
90L_10NL_3_1,90L_10NL,3,a s t ɾ i n ç ˈi ɾ,V;SBJV;PRS;3;SG,55,55,100.0
90L_10NL_3_2,90L_10NL,3,a s t ɾ i n ç ˈi ɾ,V;SBJV;PRS;3;SG,55,55,100.0
90L_10NL_3_3,90L_10NL,3,a s t ɾ i n ç ˈi ɾ,V;SBJV;PRS;3;SG,55,55,100.0
90L_10NL_3_4,90L_10NL,3,a s t ɾ i n ç ˈi ɾ,V;SBJV;PRS;3;SG,55,55,100.0
90L_10NL_3_1,90L_10NL,3,a t a ɾ d e s ˈe ɾ,V;IND;PRS;1;PL,55,55,100.0
90L_10NL_3_2,90L_10NL,3,a t a ɾ d e s ˈe ɾ,V;IND;PRS;1;PL,55,55,100.0
90L_10NL_3_3,90L_10NL,3,a t a ɾ d e s ˈe ɾ,V;IND;PRS;1;PL,55,55,100.0
90L_10NL_3_4,90L_10NL,3,a t a ɾ d e s ˈe ɾ,V;IND;PRS;1;PL,55,55,100.0
90L_10NL_3_1,90L_10NL,3,a t a ɾ d e s ˈe ɾ,V;IND;PRS;1;SG,55,55,100.0
90L_10NL_3_2,90L_10NL,3,a t a ɾ d e s ˈe ɾ,V;IND;PRS;1;SG,55,55,100.0
90L_10NL_3_3,90L_10NL,3,a t a ɾ d e s ˈe ɾ,V;IND;PRS;1;SG,55,55,100.0
90L_10NL_3_4,90L_10NL,3,a t a ɾ d e s ˈe ɾ,V;IND;PRS;1;SG,55,55,100.0
90L_10NL_3_1,90L_10NL,3,a t a ɾ d e s ˈe ɾ,V;IND;PRS;2;PL,55,55,100.0
90L_10NL_3_2,90L_10NL,3,a t a ɾ d e s ˈe ɾ,V;IND;PRS;2;PL,55,55,100.0
90L_10NL_3_3,90L_10NL,3,a t a ɾ d e s ˈe ɾ,V;IND;PRS;2;PL,55,55,100.0
90L_10NL_3_4,90L_10NL,3,a t a ɾ d e s ˈe ɾ,V;IND;PRS;2;PL,55,55,100.0
90L_10NL_3_1,90L_10NL,3,a t a ɾ d e s ˈe ɾ,V;IND;PRS;2;SG,55,55,100.0
90L_10NL_3_2,90L_10NL,3,a t a ɾ d e s ˈe ɾ,V;IND;PRS;2;SG,55,55,100.0
90L_10NL_3_3,90L_10NL,3,a t a ɾ d e s ˈe ɾ,V;IND;PRS;2;SG,55,55,100.0
90L_10NL_3_4,90L_10NL,3,a t a ɾ d e s ˈe ɾ,V;IND;PRS;2;SG,55,55,100.0
90L_10NL_3_1,90L_10NL,3,a t a ɾ d e s ˈe ɾ,V;IND;PRS;3;PL,55,55,100.0
90L_10NL_3_2,90L_10NL,3,a t a ɾ d e s ˈe ɾ,V;IND;PRS;3;PL,55,55,100.0
90L_10NL_3_3,90L_10NL,3,a t a ɾ d e s ˈe ɾ,V;IND;PRS;3;PL,55,55,100.0
90L_10NL_3_4,90L_10NL,3,a t a ɾ d e s ˈe ɾ,V;IND;PRS;3;PL,55,55,100.0
90L_10NL_3_1,90L_10NL,3,a t a ɾ d e s ˈe ɾ,V;IND;PRS;3;SG,55,55,100.0
90L_10NL_3_2,90L_10NL,3,a t a ɾ d e s ˈe ɾ,V;IND;PRS;3;SG,55,55,100.0
90L_10NL_3_3,90L_10NL,3,a t a ɾ d e s ˈe ɾ,V;IND;PRS;3;SG,55,55,100.0
90L_10NL_3_4,90L_10NL,3,a t a ɾ d e s ˈe ɾ,V;IND;PRS;3;SG,55,55,100.0
90L_10NL_3_1,90L_10NL,3,a t a ɾ d e s ˈe ɾ,V;SBJV;PRS;1;PL,55,55,100.0
90L_10NL_3_2,90L_10NL,3,a t a ɾ d e s ˈe ɾ,V;SBJV;PRS;1;PL,55,55,100.0
90L_10NL_3_3,90L_10NL,3,a t a ɾ d e s ˈe ɾ,V;SBJV;PRS;1;PL,55,55,100.0
90L_10NL_3_4,90L_10NL,3,a t a ɾ d e s ˈe ɾ,V;SBJV;PRS;1;PL,55,55,100.0
90L_10NL_3_1,90L_10NL,3,a t a ɾ d e s ˈe ɾ,V;SBJV;PRS;1;SG,55,55,100.0
90L_10NL_3_2,90L_10NL,3,a t a ɾ d e s ˈe ɾ,V;SBJV;PRS;1;SG,55,55,100.0
90L_10NL_3_3,90L_10NL,3,a t a ɾ d e s ˈe ɾ,V;SBJV;PRS;1;SG,55,55,100.0
90L_10NL_3_4,90L_10NL,3,a t a ɾ d e s ˈe ɾ,V;SBJV;PRS;1;SG,55,55,100.0
90L_10NL_3_1,90L_10NL,3,a t a ɾ d e s ˈe ɾ,V;SBJV;PRS;2;PL,55,55,100.0
90L_10NL_3_2,90L_10NL,3,a t a ɾ d e s ˈe ɾ,V;SBJV;PRS;2;PL,55,55,100.0
90L_10NL_3_3,90L_10NL,3,a t a ɾ d e s ˈe ɾ,V;SBJV;PRS;2;PL,55,55,100.0
90L_10NL_3_4,90L_10NL,3,a t a ɾ d e s ˈe ɾ,V;SBJV;PRS;2;PL,55,55,100.0
90L_10NL_3_1,90L_10NL,3,a t a ɾ d e s ˈe ɾ,V;SBJV;PRS;2;SG,55,55,100.0
90L_10NL_3_2,90L_10NL,3,a t a ɾ d e s ˈe ɾ,V;SBJV;PRS;2;SG,55,55,100.0
90L_10NL_3_3,90L_10NL,3,a t a ɾ d e s ˈe ɾ,V;SBJV;PRS;2;SG,55,55,100.0
90L_10NL_3_4,90L_10NL,3,a t a ɾ d e s ˈe ɾ,V;SBJV;PRS;2;SG,55,55,100.0
90L_10NL_3_1,90L_10NL,3,a t a ɾ d e s ˈe ɾ,V;SBJV;PRS;3;PL,55,55,100.0
90L_10NL_3_2,90L_10NL,3,a t a ɾ d e s ˈe ɾ,V;SBJV;PRS;3;PL,55,55,100.0
90L_10NL_3_3,90L_10NL,3,a t a ɾ d e s ˈe ɾ,V;SBJV;PRS;3;PL,55,55,100.0
90L_10NL_3_4,90L_10NL,3,a t a ɾ d e s ˈe ɾ,V;SBJV;PRS;3;PL,55,55,100.0
90L_10NL_3_1,90L_10NL,3,a t a ɾ d e s ˈe ɾ,V;SBJV;PRS;3;SG,55,55,100.0
90L_10NL_3_2,90L_10NL,3,a t a ɾ d e s ˈe ɾ,V;SBJV;PRS;3;SG,55,55,100.0
90L_10NL_3_3,90L_10NL,3,a t a ɾ d e s ˈe ɾ,V;SBJV;PRS;3;SG,55,55,100.0
90L_10NL_3_4,90L_10NL,3,a t a ɾ d e s ˈe ɾ,V;SBJV;PRS;3;SG,55,55,100.0
90L_10NL_3_1,90L_10NL,3,b a l ˈe ɾ,V;IND;PRS;1;PL,44,55,80.0
90L_10NL_3_2,90L_10NL,3,b a l ˈe ɾ,V;IND;PRS;1;PL,55,55,100.0
90L_10NL_3_3,90L_10NL,3,b a l ˈe ɾ,V;IND;PRS;1;PL,55,55,100.0
90L_10NL_3_4,90L_10NL,3,b a l ˈe ɾ,V;IND;PRS;1;PL,55,55,100.0
90L_10NL_3_1,90L_10NL,3,b a l ˈe ɾ,V;IND;PRS;1;SG,54,55,98.18
90L_10NL_3_2,90L_10NL,3,b a l ˈe ɾ,V;IND;PRS;1;SG,55,55,100.0
90L_10NL_3_3,90L_10NL,3,b a l ˈe ɾ,V;IND;PRS;1;SG,55,55,100.0
90L_10NL_3_4,90L_10NL,3,b a l ˈe ɾ,V;IND;PRS;1;SG,55,55,100.0
90L_10NL_3_1,90L_10NL,3,b a l ˈe ɾ,V;IND;PRS;2;PL,44,55,80.0
90L_10NL_3_2,90L_10NL,3,b a l ˈe ɾ,V;IND;PRS;2;PL,55,55,100.0
90L_10NL_3_3,90L_10NL,3,b a l ˈe ɾ,V;IND;PRS;2;PL,46,55,83.64
90L_10NL_3_4,90L_10NL,3,b a l ˈe ɾ,V;IND;PRS;2;PL,55,55,100.0
90L_10NL_3_1,90L_10NL,3,b a l ˈe ɾ,V;IND;PRS;2;SG,49,55,89.09
90L_10NL_3_2,90L_10NL,3,b a l ˈe ɾ,V;IND;PRS;2;SG,47,55,85.45
90L_10NL_3_3,90L_10NL,3,b a l ˈe ɾ,V;IND;PRS;2;SG,41,55,74.55
90L_10NL_3_4,90L_10NL,3,b a l ˈe ɾ,V;IND;PRS;2;SG,47,55,85.45
90L_10NL_3_1,90L_10NL,3,b a l ˈe ɾ,V;IND;PRS;3;PL,49,55,89.09
90L_10NL_3_2,90L_10NL,3,b a l ˈe ɾ,V;IND;PRS;3;PL,51,55,92.73
90L_10NL_3_3,90L_10NL,3,b a l ˈe ɾ,V;IND;PRS;3;PL,41,55,74.55
90L_10NL_3_4,90L_10NL,3,b a l ˈe ɾ,V;IND;PRS;3;PL,45,55,81.82
90L_10NL_3_1,90L_10NL,3,b a l ˈe ɾ,V;IND;PRS;3;SG,50,55,90.91
90L_10NL_3_2,90L_10NL,3,b a l ˈe ɾ,V;IND;PRS;3;SG,50,55,90.91
90L_10NL_3_3,90L_10NL,3,b a l ˈe ɾ,V;IND;PRS;3;SG,31,55,56.36
90L_10NL_3_4,90L_10NL,3,b a l ˈe ɾ,V;IND;PRS;3;SG,52,55,94.55
90L_10NL_3_1,90L_10NL,3,b a l ˈe ɾ,V;SBJV;PRS;1;PL,54,55,98.18
90L_10NL_3_2,90L_10NL,3,b a l ˈe ɾ,V;SBJV;PRS;1;PL,55,55,100.0
90L_10NL_3_3,90L_10NL,3,b a l ˈe ɾ,V;SBJV;PRS;1;PL,55,55,100.0
90L_10NL_3_4,90L_10NL,3,b a l ˈe ɾ,V;SBJV;PRS;1;PL,55,55,100.0
90L_10NL_3_1,90L_10NL,3,b a l ˈe ɾ,V;SBJV;PRS;1;SG,53,55,96.36
90L_10NL_3_2,90L_10NL,3,b a l ˈe ɾ,V;SBJV;PRS;1;SG,55,55,100.0
90L_10NL_3_3,90L_10NL,3,b a l ˈe ɾ,V;SBJV;PRS;1;SG,55,55,100.0
90L_10NL_3_4,90L_10NL,3,b a l ˈe ɾ,V;SBJV;PRS;1;SG,55,55,100.0
90L_10NL_3_1,90L_10NL,3,b a l ˈe ɾ,V;SBJV;PRS;2;PL,55,55,100.0
90L_10NL_3_2,90L_10NL,3,b a l ˈe ɾ,V;SBJV;PRS;2;PL,55,55,100.0
90L_10NL_3_3,90L_10NL,3,b a l ˈe ɾ,V;SBJV;PRS;2;PL,53,55,96.36
90L_10NL_3_4,90L_10NL,3,b a l ˈe ɾ,V;SBJV;PRS;2;PL,55,55,100.0
90L_10NL_3_1,90L_10NL,3,b a l ˈe ɾ,V;SBJV;PRS;2;SG,54,55,98.18
90L_10NL_3_2,90L_10NL,3,b a l ˈe ɾ,V;SBJV;PRS;2;SG,55,55,100.0
90L_10NL_3_3,90L_10NL,3,b a l ˈe ɾ,V;SBJV;PRS;2;SG,55,55,100.0
90L_10NL_3_4,90L_10NL,3,b a l ˈe ɾ,V;SBJV;PRS;2;SG,55,55,100.0
90L_10NL_3_1,90L_10NL,3,b a l ˈe ɾ,V;SBJV;PRS;3;PL,54,55,98.18
90L_10NL_3_2,90L_10NL,3,b a l ˈe ɾ,V;SBJV;PRS;3;PL,55,55,100.0
90L_10NL_3_3,90L_10NL,3,b a l ˈe ɾ,V;SBJV;PRS;3;PL,55,55,100.0
90L_10NL_3_4,90L_10NL,3,b a l ˈe ɾ,V;SBJV;PRS;3;PL,55,55,100.0
90L_10NL_3_1,90L_10NL,3,b a l ˈe ɾ,V;SBJV;PRS;3;SG,52,55,94.55
90L_10NL_3_2,90L_10NL,3,b a l ˈe ɾ,V;SBJV;PRS;3;SG,55,55,100.0
90L_10NL_3_3,90L_10NL,3,b a l ˈe ɾ,V;SBJV;PRS;3;SG,55,55,100.0
90L_10NL_3_4,90L_10NL,3,b a l ˈe ɾ,V;SBJV;PRS;3;SG,55,55,100.0
90L_10NL_3_1,90L_10NL,3,d e b e n ˈi ɾ,V;IND;PRS;1;PL,55,55,100.0
90L_10NL_3_2,90L_10NL,3,d e b e n ˈi ɾ,V;IND;PRS;1;PL,55,55,100.0
90L_10NL_3_3,90L_10NL,3,d e b e n ˈi ɾ,V;IND;PRS;1;PL,55,55,100.0
90L_10NL_3_4,90L_10NL,3,d e b e n ˈi ɾ,V;IND;PRS;1;PL,55,55,100.0
90L_10NL_3_1,90L_10NL,3,d e b e n ˈi ɾ,V;IND;PRS;1;SG,55,55,100.0
90L_10NL_3_2,90L_10NL,3,d e b e n ˈi ɾ,V;IND;PRS;1;SG,55,55,100.0
90L_10NL_3_3,90L_10NL,3,d e b e n ˈi ɾ,V;IND;PRS;1;SG,55,55,100.0
90L_10NL_3_4,90L_10NL,3,d e b e n ˈi ɾ,V;IND;PRS;1;SG,55,55,100.0
90L_10NL_3_1,90L_10NL,3,d e b e n ˈi ɾ,V;IND;PRS;2;PL,55,55,100.0
90L_10NL_3_2,90L_10NL,3,d e b e n ˈi ɾ,V;IND;PRS;2;PL,55,55,100.0
90L_10NL_3_3,90L_10NL,3,d e b e n ˈi ɾ,V;IND;PRS;2;PL,55,55,100.0
90L_10NL_3_4,90L_10NL,3,d e b e n ˈi ɾ,V;IND;PRS;2;PL,55,55,100.0
90L_10NL_3_1,90L_10NL,3,d e b e n ˈi ɾ,V;IND;PRS;2;SG,55,55,100.0
90L_10NL_3_2,90L_10NL,3,d e b e n ˈi ɾ,V;IND;PRS;2;SG,55,55,100.0
90L_10NL_3_3,90L_10NL,3,d e b e n ˈi ɾ,V;IND;PRS;2;SG,55,55,100.0
90L_10NL_3_4,90L_10NL,3,d e b e n ˈi ɾ,V;IND;PRS;2;SG,55,55,100.0
90L_10NL_3_1,90L_10NL,3,d e b e n ˈi ɾ,V;IND;PRS;3;PL,55,55,100.0
90L_10NL_3_2,90L_10NL,3,d e b e n ˈi ɾ,V;IND;PRS;3;PL,55,55,100.0
90L_10NL_3_3,90L_10NL,3,d e b e n ˈi ɾ,V;IND;PRS;3;PL,55,55,100.0
90L_10NL_3_4,90L_10NL,3,d e b e n ˈi ɾ,V;IND;PRS;3;PL,55,55,100.0
90L_10NL_3_1,90L_10NL,3,d e b e n ˈi ɾ,V;IND;PRS;3;SG,55,55,100.0
90L_10NL_3_2,90L_10NL,3,d e b e n ˈi ɾ,V;IND;PRS;3;SG,55,55,100.0
90L_10NL_3_3,90L_10NL,3,d e b e n ˈi ɾ,V;IND;PRS;3;SG,55,55,100.0
90L_10NL_3_4,90L_10NL,3,d e b e n ˈi ɾ,V;IND;PRS;3;SG,55,55,100.0
90L_10NL_3_1,90L_10NL,3,d e b e n ˈi ɾ,V;SBJV;PRS;1;PL,55,55,100.0
90L_10NL_3_2,90L_10NL,3,d e b e n ˈi ɾ,V;SBJV;PRS;1;PL,55,55,100.0
90L_10NL_3_3,90L_10NL,3,d e b e n ˈi ɾ,V;SBJV;PRS;1;PL,55,55,100.0
90L_10NL_3_4,90L_10NL,3,d e b e n ˈi ɾ,V;SBJV;PRS;1;PL,55,55,100.0
90L_10NL_3_1,90L_10NL,3,d e b e n ˈi ɾ,V;SBJV;PRS;1;SG,55,55,100.0
90L_10NL_3_2,90L_10NL,3,d e b e n ˈi ɾ,V;SBJV;PRS;1;SG,55,55,100.0
90L_10NL_3_3,90L_10NL,3,d e b e n ˈi ɾ,V;SBJV;PRS;1;SG,55,55,100.0
90L_10NL_3_4,90L_10NL,3,d e b e n ˈi ɾ,V;SBJV;PRS;1;SG,55,55,100.0
90L_10NL_3_1,90L_10NL,3,d e b e n ˈi ɾ,V;SBJV;PRS;2;PL,55,55,100.0
90L_10NL_3_2,90L_10NL,3,d e b e n ˈi ɾ,V;SBJV;PRS;2;PL,55,55,100.0
90L_10NL_3_3,90L_10NL,3,d e b e n ˈi ɾ,V;SBJV;PRS;2;PL,55,55,100.0
90L_10NL_3_4,90L_10NL,3,d e b e n ˈi ɾ,V;SBJV;PRS;2;PL,55,55,100.0
90L_10NL_3_1,90L_10NL,3,d e b e n ˈi ɾ,V;SBJV;PRS;2;SG,55,55,100.0
90L_10NL_3_2,90L_10NL,3,d e b e n ˈi ɾ,V;SBJV;PRS;2;SG,55,55,100.0
90L_10NL_3_3,90L_10NL,3,d e b e n ˈi ɾ,V;SBJV;PRS;2;SG,55,55,100.0
90L_10NL_3_4,90L_10NL,3,d e b e n ˈi ɾ,V;SBJV;PRS;2;SG,55,55,100.0
90L_10NL_3_1,90L_10NL,3,d e b e n ˈi ɾ,V;SBJV;PRS;3;PL,55,55,100.0
90L_10NL_3_2,90L_10NL,3,d e b e n ˈi ɾ,V;SBJV;PRS;3;PL,55,55,100.0
90L_10NL_3_3,90L_10NL,3,d e b e n ˈi ɾ,V;SBJV;PRS;3;PL,55,55,100.0
90L_10NL_3_4,90L_10NL,3,d e b e n ˈi ɾ,V;SBJV;PRS;3;PL,55,55,100.0
90L_10NL_3_1,90L_10NL,3,d e b e n ˈi ɾ,V;SBJV;PRS;3;SG,55,55,100.0
90L_10NL_3_2,90L_10NL,3,d e b e n ˈi ɾ,V;SBJV;PRS;3;SG,55,55,100.0
90L_10NL_3_3,90L_10NL,3,d e b e n ˈi ɾ,V;SBJV;PRS;3;SG,55,55,100.0
90L_10NL_3_4,90L_10NL,3,d e b e n ˈi ɾ,V;SBJV;PRS;3;SG,55,55,100.0
90L_10NL_3_1,90L_10NL,3,d e d u s ˈi ɾ,V;IND;PRS;1;PL,55,55,100.0
90L_10NL_3_2,90L_10NL,3,d e d u s ˈi ɾ,V;IND;PRS;1;PL,55,55,100.0
90L_10NL_3_3,90L_10NL,3,d e d u s ˈi ɾ,V;IND;PRS;1;PL,55,55,100.0
90L_10NL_3_4,90L_10NL,3,d e d u s ˈi ɾ,V;IND;PRS;1;PL,55,55,100.0
90L_10NL_3_1,90L_10NL,3,d e d u s ˈi ɾ,V;IND;PRS;1;SG,55,55,100.0
90L_10NL_3_2,90L_10NL,3,d e d u s ˈi ɾ,V;IND;PRS;1;SG,55,55,100.0
90L_10NL_3_3,90L_10NL,3,d e d u s ˈi ɾ,V;IND;PRS;1;SG,55,55,100.0
90L_10NL_3_4,90L_10NL,3,d e d u s ˈi ɾ,V;IND;PRS;1;SG,55,55,100.0
90L_10NL_3_1,90L_10NL,3,d e d u s ˈi ɾ,V;IND;PRS;2;PL,55,55,100.0
90L_10NL_3_2,90L_10NL,3,d e d u s ˈi ɾ,V;IND;PRS;2;PL,55,55,100.0
90L_10NL_3_3,90L_10NL,3,d e d u s ˈi ɾ,V;IND;PRS;2;PL,55,55,100.0
90L_10NL_3_4,90L_10NL,3,d e d u s ˈi ɾ,V;IND;PRS;2;PL,55,55,100.0
90L_10NL_3_1,90L_10NL,3,d e d u s ˈi ɾ,V;IND;PRS;2;SG,55,55,100.0
90L_10NL_3_2,90L_10NL,3,d e d u s ˈi ɾ,V;IND;PRS;2;SG,55,55,100.0
90L_10NL_3_3,90L_10NL,3,d e d u s ˈi ɾ,V;IND;PRS;2;SG,55,55,100.0
90L_10NL_3_4,90L_10NL,3,d e d u s ˈi ɾ,V;IND;PRS;2;SG,55,55,100.0
90L_10NL_3_1,90L_10NL,3,d e d u s ˈi ɾ,V;IND;PRS;3;PL,55,55,100.0
90L_10NL_3_2,90L_10NL,3,d e d u s ˈi ɾ,V;IND;PRS;3;PL,55,55,100.0
90L_10NL_3_3,90L_10NL,3,d e d u s ˈi ɾ,V;IND;PRS;3;PL,55,55,100.0
90L_10NL_3_4,90L_10NL,3,d e d u s ˈi ɾ,V;IND;PRS;3;PL,55,55,100.0
90L_10NL_3_1,90L_10NL,3,d e d u s ˈi ɾ,V;IND;PRS;3;SG,55,55,100.0
90L_10NL_3_2,90L_10NL,3,d e d u s ˈi ɾ,V;IND;PRS;3;SG,55,55,100.0
90L_10NL_3_3,90L_10NL,3,d e d u s ˈi ɾ,V;IND;PRS;3;SG,55,55,100.0
90L_10NL_3_4,90L_10NL,3,d e d u s ˈi ɾ,V;IND;PRS;3;SG,55,55,100.0
90L_10NL_3_1,90L_10NL,3,d e d u s ˈi ɾ,V;SBJV;PRS;1;PL,55,55,100.0
90L_10NL_3_2,90L_10NL,3,d e d u s ˈi ɾ,V;SBJV;PRS;1;PL,55,55,100.0
90L_10NL_3_3,90L_10NL,3,d e d u s ˈi ɾ,V;SBJV;PRS;1;PL,55,55,100.0
90L_10NL_3_4,90L_10NL,3,d e d u s ˈi ɾ,V;SBJV;PRS;1;PL,55,55,100.0
90L_10NL_3_1,90L_10NL,3,d e d u s ˈi ɾ,V;SBJV;PRS;1;SG,55,55,100.0
90L_10NL_3_2,90L_10NL,3,d e d u s ˈi ɾ,V;SBJV;PRS;1;SG,55,55,100.0
90L_10NL_3_3,90L_10NL,3,d e d u s ˈi ɾ,V;SBJV;PRS;1;SG,55,55,100.0
90L_10NL_3_4,90L_10NL,3,d e d u s ˈi ɾ,V;SBJV;PRS;1;SG,55,55,100.0
90L_10NL_3_1,90L_10NL,3,d e d u s ˈi ɾ,V;SBJV;PRS;2;PL,55,55,100.0
90L_10NL_3_2,90L_10NL,3,d e d u s ˈi ɾ,V;SBJV;PRS;2;PL,55,55,100.0
90L_10NL_3_3,90L_10NL,3,d e d u s ˈi ɾ,V;SBJV;PRS;2;PL,55,55,100.0
90L_10NL_3_4,90L_10NL,3,d e d u s ˈi ɾ,V;SBJV;PRS;2;PL,55,55,100.0
90L_10NL_3_1,90L_10NL,3,d e d u s ˈi ɾ,V;SBJV;PRS;2;SG,55,55,100.0
90L_10NL_3_2,90L_10NL,3,d e d u s ˈi ɾ,V;SBJV;PRS;2;SG,55,55,100.0
90L_10NL_3_3,90L_10NL,3,d e d u s ˈi ɾ,V;SBJV;PRS;2;SG,55,55,100.0
90L_10NL_3_4,90L_10NL,3,d e d u s ˈi ɾ,V;SBJV;PRS;2;SG,55,55,100.0
90L_10NL_3_1,90L_10NL,3,d e d u s ˈi ɾ,V;SBJV;PRS;3;PL,55,55,100.0
90L_10NL_3_2,90L_10NL,3,d e d u s ˈi ɾ,V;SBJV;PRS;3;PL,55,55,100.0
90L_10NL_3_3,90L_10NL,3,d e d u s ˈi ɾ,V;SBJV;PRS;3;PL,55,55,100.0
90L_10NL_3_4,90L_10NL,3,d e d u s ˈi ɾ,V;SBJV;PRS;3;PL,55,55,100.0
90L_10NL_3_1,90L_10NL,3,d e d u s ˈi ɾ,V;SBJV;PRS;3;SG,55,55,100.0
90L_10NL_3_2,90L_10NL,3,d e d u s ˈi ɾ,V;SBJV;PRS;3;SG,55,55,100.0
90L_10NL_3_3,90L_10NL,3,d e d u s ˈi ɾ,V;SBJV;PRS;3;SG,55,55,100.0
90L_10NL_3_4,90L_10NL,3,d e d u s ˈi ɾ,V;SBJV;PRS;3;SG,55,55,100.0
90L_10NL_3_1,90L_10NL,3,d e s a p a ɾ e s ˈe ɾ,V;IND;PRS;1;PL,55,55,100.0
90L_10NL_3_2,90L_10NL,3,d e s a p a ɾ e s ˈe ɾ,V;IND;PRS;1;PL,55,55,100.0
90L_10NL_3_3,90L_10NL,3,d e s a p a ɾ e s ˈe ɾ,V;IND;PRS;1;PL,55,55,100.0
90L_10NL_3_4,90L_10NL,3,d e s a p a ɾ e s ˈe ɾ,V;IND;PRS;1;PL,55,55,100.0
90L_10NL_3_1,90L_10NL,3,d e s a p a ɾ e s ˈe ɾ,V;IND;PRS;1;SG,55,55,100.0
90L_10NL_3_2,90L_10NL,3,d e s a p a ɾ e s ˈe ɾ,V;IND;PRS;1;SG,55,55,100.0
90L_10NL_3_3,90L_10NL,3,d e s a p a ɾ e s ˈe ɾ,V;IND;PRS;1;SG,55,55,100.0
90L_10NL_3_4,90L_10NL,3,d e s a p a ɾ e s ˈe ɾ,V;IND;PRS;1;SG,55,55,100.0
90L_10NL_3_1,90L_10NL,3,d e s a p a ɾ e s ˈe ɾ,V;IND;PRS;2;PL,55,55,100.0
90L_10NL_3_2,90L_10NL,3,d e s a p a ɾ e s ˈe ɾ,V;IND;PRS;2;PL,55,55,100.0
90L_10NL_3_3,90L_10NL,3,d e s a p a ɾ e s ˈe ɾ,V;IND;PRS;2;PL,55,55,100.0
90L_10NL_3_4,90L_10NL,3,d e s a p a ɾ e s ˈe ɾ,V;IND;PRS;2;PL,55,55,100.0
90L_10NL_3_1,90L_10NL,3,d e s a p a ɾ e s ˈe ɾ,V;IND;PRS;2;SG,55,55,100.0
90L_10NL_3_2,90L_10NL,3,d e s a p a ɾ e s ˈe ɾ,V;IND;PRS;2;SG,55,55,100.0
90L_10NL_3_3,90L_10NL,3,d e s a p a ɾ e s ˈe ɾ,V;IND;PRS;2;SG,55,55,100.0
90L_10NL_3_4,90L_10NL,3,d e s a p a ɾ e s ˈe ɾ,V;IND;PRS;2;SG,55,55,100.0
90L_10NL_3_1,90L_10NL,3,d e s a p a ɾ e s ˈe ɾ,V;IND;PRS;3;PL,55,55,100.0
90L_10NL_3_2,90L_10NL,3,d e s a p a ɾ e s ˈe ɾ,V;IND;PRS;3;PL,55,55,100.0
90L_10NL_3_3,90L_10NL,3,d e s a p a ɾ e s ˈe ɾ,V;IND;PRS;3;PL,55,55,100.0
90L_10NL_3_4,90L_10NL,3,d e s a p a ɾ e s ˈe ɾ,V;IND;PRS;3;PL,55,55,100.0
90L_10NL_3_1,90L_10NL,3,d e s a p a ɾ e s ˈe ɾ,V;IND;PRS;3;SG,55,55,100.0
90L_10NL_3_2,90L_10NL,3,d e s a p a ɾ e s ˈe ɾ,V;IND;PRS;3;SG,55,55,100.0
90L_10NL_3_3,90L_10NL,3,d e s a p a ɾ e s ˈe ɾ,V;IND;PRS;3;SG,55,55,100.0
90L_10NL_3_4,90L_10NL,3,d e s a p a ɾ e s ˈe ɾ,V;IND;PRS;3;SG,55,55,100.0
90L_10NL_3_1,90L_10NL,3,d e s a p a ɾ e s ˈe ɾ,V;SBJV;PRS;1;PL,55,55,100.0
90L_10NL_3_2,90L_10NL,3,d e s a p a ɾ e s ˈe ɾ,V;SBJV;PRS;1;PL,55,55,100.0
90L_10NL_3_3,90L_10NL,3,d e s a p a ɾ e s ˈe ɾ,V;SBJV;PRS;1;PL,55,55,100.0
90L_10NL_3_4,90L_10NL,3,d e s a p a ɾ e s ˈe ɾ,V;SBJV;PRS;1;PL,55,55,100.0
90L_10NL_3_1,90L_10NL,3,d e s a p a ɾ e s ˈe ɾ,V;SBJV;PRS;1;SG,55,55,100.0
90L_10NL_3_2,90L_10NL,3,d e s a p a ɾ e s ˈe ɾ,V;SBJV;PRS;1;SG,55,55,100.0
90L_10NL_3_3,90L_10NL,3,d e s a p a ɾ e s ˈe ɾ,V;SBJV;PRS;1;SG,55,55,100.0
90L_10NL_3_4,90L_10NL,3,d e s a p a ɾ e s ˈe ɾ,V;SBJV;PRS;1;SG,55,55,100.0
90L_10NL_3_1,90L_10NL,3,d e s a p a ɾ e s ˈe ɾ,V;SBJV;PRS;2;PL,55,55,100.0
90L_10NL_3_2,90L_10NL,3,d e s a p a ɾ e s ˈe ɾ,V;SBJV;PRS;2;PL,55,55,100.0
90L_10NL_3_3,90L_10NL,3,d e s a p a ɾ e s ˈe ɾ,V;SBJV;PRS;2;PL,55,55,100.0
90L_10NL_3_4,90L_10NL,3,d e s a p a ɾ e s ˈe ɾ,V;SBJV;PRS;2;PL,55,55,100.0
90L_10NL_3_1,90L_10NL,3,d e s a p a ɾ e s ˈe ɾ,V;SBJV;PRS;2;SG,55,55,100.0
90L_10NL_3_2,90L_10NL,3,d e s a p a ɾ e s ˈe ɾ,V;SBJV;PRS;2;SG,55,55,100.0
90L_10NL_3_3,90L_10NL,3,d e s a p a ɾ e s ˈe ɾ,V;SBJV;PRS;2;SG,55,55,100.0
90L_10NL_3_4,90L_10NL,3,d e s a p a ɾ e s ˈe ɾ,V;SBJV;PRS;2;SG,55,55,100.0
90L_10NL_3_1,90L_10NL,3,d e s a p a ɾ e s ˈe ɾ,V;SBJV;PRS;3;PL,55,55,100.0
90L_10NL_3_2,90L_10NL,3,d e s a p a ɾ e s ˈe ɾ,V;SBJV;PRS;3;PL,55,55,100.0
90L_10NL_3_3,90L_10NL,3,d e s a p a ɾ e s ˈe ɾ,V;SBJV;PRS;3;PL,55,55,100.0
90L_10NL_3_4,90L_10NL,3,d e s a p a ɾ e s ˈe ɾ,V;SBJV;PRS;3;PL,55,55,100.0
90L_10NL_3_1,90L_10NL,3,d e s a p a ɾ e s ˈe ɾ,V;SBJV;PRS;3;SG,55,55,100.0
90L_10NL_3_2,90L_10NL,3,d e s a p a ɾ e s ˈe ɾ,V;SBJV;PRS;3;SG,55,55,100.0
90L_10NL_3_3,90L_10NL,3,d e s a p a ɾ e s ˈe ɾ,V;SBJV;PRS;3;SG,55,55,100.0
90L_10NL_3_4,90L_10NL,3,d e s a p a ɾ e s ˈe ɾ,V;SBJV;PRS;3;SG,55,55,100.0
90L_10NL_3_1,90L_10NL,3,d e s a ɡ ɾ a d e s ˈe ɾ,V;IND;PRS;1;PL,55,55,100.0
90L_10NL_3_2,90L_10NL,3,d e s a ɡ ɾ a d e s ˈe ɾ,V;IND;PRS;1;PL,55,55,100.0
90L_10NL_3_3,90L_10NL,3,d e s a ɡ ɾ a d e s ˈe ɾ,V;IND;PRS;1;PL,55,55,100.0
90L_10NL_3_4,90L_10NL,3,d e s a ɡ ɾ a d e s ˈe ɾ,V;IND;PRS;1;PL,0,55,0.0
90L_10NL_3_1,90L_10NL,3,d e s a ɡ ɾ a d e s ˈe ɾ,V;IND;PRS;1;SG,55,55,100.0
90L_10NL_3_2,90L_10NL,3,d e s a ɡ ɾ a d e s ˈe ɾ,V;IND;PRS;1;SG,55,55,100.0
90L_10NL_3_3,90L_10NL,3,d e s a ɡ ɾ a d e s ˈe ɾ,V;IND;PRS;1;SG,55,55,100.0
90L_10NL_3_4,90L_10NL,3,d e s a ɡ ɾ a d e s ˈe ɾ,V;IND;PRS;1;SG,0,55,0.0
90L_10NL_3_1,90L_10NL,3,d e s a ɡ ɾ a d e s ˈe ɾ,V;IND;PRS;2;PL,55,55,100.0
90L_10NL_3_2,90L_10NL,3,d e s a ɡ ɾ a d e s ˈe ɾ,V;IND;PRS;2;PL,55,55,100.0
90L_10NL_3_3,90L_10NL,3,d e s a ɡ ɾ a d e s ˈe ɾ,V;IND;PRS;2;PL,51,55,92.73
90L_10NL_3_4,90L_10NL,3,d e s a ɡ ɾ a d e s ˈe ɾ,V;IND;PRS;2;PL,0,55,0.0
90L_10NL_3_1,90L_10NL,3,d e s a ɡ ɾ a d e s ˈe ɾ,V;IND;PRS;2;SG,55,55,100.0
90L_10NL_3_2,90L_10NL,3,d e s a ɡ ɾ a d e s ˈe ɾ,V;IND;PRS;2;SG,55,55,100.0
90L_10NL_3_3,90L_10NL,3,d e s a ɡ ɾ a d e s ˈe ɾ,V;IND;PRS;2;SG,55,55,100.0
90L_10NL_3_4,90L_10NL,3,d e s a ɡ ɾ a d e s ˈe ɾ,V;IND;PRS;2;SG,0,55,0.0
90L_10NL_3_1,90L_10NL,3,d e s a ɡ ɾ a d e s ˈe ɾ,V;IND;PRS;3;PL,55,55,100.0
90L_10NL_3_2,90L_10NL,3,d e s a ɡ ɾ a d e s ˈe ɾ,V;IND;PRS;3;PL,55,55,100.0
90L_10NL_3_3,90L_10NL,3,d e s a ɡ ɾ a d e s ˈe ɾ,V;IND;PRS;3;PL,55,55,100.0
90L_10NL_3_4,90L_10NL,3,d e s a ɡ ɾ a d e s ˈe ɾ,V;IND;PRS;3;PL,0,55,0.0
90L_10NL_3_1,90L_10NL,3,d e s a ɡ ɾ a d e s ˈe ɾ,V;IND;PRS;3;SG,55,55,100.0
90L_10NL_3_2,90L_10NL,3,d e s a ɡ ɾ a d e s ˈe ɾ,V;IND;PRS;3;SG,55,55,100.0
90L_10NL_3_3,90L_10NL,3,d e s a ɡ ɾ a d e s ˈe ɾ,V;IND;PRS;3;SG,55,55,100.0
90L_10NL_3_4,90L_10NL,3,d e s a ɡ ɾ a d e s ˈe ɾ,V;IND;PRS;3;SG,0,55,0.0
90L_10NL_3_1,90L_10NL,3,d e s a ɡ ɾ a d e s ˈe ɾ,V;SBJV;PRS;1;PL,55,55,100.0
90L_10NL_3_2,90L_10NL,3,d e s a ɡ ɾ a d e s ˈe ɾ,V;SBJV;PRS;1;PL,55,55,100.0
90L_10NL_3_3,90L_10NL,3,d e s a ɡ ɾ a d e s ˈe ɾ,V;SBJV;PRS;1;PL,55,55,100.0
90L_10NL_3_4,90L_10NL,3,d e s a ɡ ɾ a d e s ˈe ɾ,V;SBJV;PRS;1;PL,0,55,0.0
90L_10NL_3_1,90L_10NL,3,d e s a ɡ ɾ a d e s ˈe ɾ,V;SBJV;PRS;1;SG,55,55,100.0
90L_10NL_3_2,90L_10NL,3,d e s a ɡ ɾ a d e s ˈe ɾ,V;SBJV;PRS;1;SG,55,55,100.0
90L_10NL_3_3,90L_10NL,3,d e s a ɡ ɾ a d e s ˈe ɾ,V;SBJV;PRS;1;SG,55,55,100.0
90L_10NL_3_4,90L_10NL,3,d e s a ɡ ɾ a d e s ˈe ɾ,V;SBJV;PRS;1;SG,0,55,0.0
90L_10NL_3_1,90L_10NL,3,d e s a ɡ ɾ a d e s ˈe ɾ,V;SBJV;PRS;2;PL,55,55,100.0
90L_10NL_3_2,90L_10NL,3,d e s a ɡ ɾ a d e s ˈe ɾ,V;SBJV;PRS;2;PL,55,55,100.0
90L_10NL_3_3,90L_10NL,3,d e s a ɡ ɾ a d e s ˈe ɾ,V;SBJV;PRS;2;PL,55,55,100.0
90L_10NL_3_4,90L_10NL,3,d e s a ɡ ɾ a d e s ˈe ɾ,V;SBJV;PRS;2;PL,0,55,0.0
90L_10NL_3_1,90L_10NL,3,d e s a ɡ ɾ a d e s ˈe ɾ,V;SBJV;PRS;2;SG,55,55,100.0
90L_10NL_3_2,90L_10NL,3,d e s a ɡ ɾ a d e s ˈe ɾ,V;SBJV;PRS;2;SG,55,55,100.0
90L_10NL_3_3,90L_10NL,3,d e s a ɡ ɾ a d e s ˈe ɾ,V;SBJV;PRS;2;SG,55,55,100.0
90L_10NL_3_4,90L_10NL,3,d e s a ɡ ɾ a d e s ˈe ɾ,V;SBJV;PRS;2;SG,0,55,0.0
90L_10NL_3_1,90L_10NL,3,d e s a ɡ ɾ a d e s ˈe ɾ,V;SBJV;PRS;3;PL,55,55,100.0
90L_10NL_3_2,90L_10NL,3,d e s a ɡ ɾ a d e s ˈe ɾ,V;SBJV;PRS;3;PL,55,55,100.0
90L_10NL_3_3,90L_10NL,3,d e s a ɡ ɾ a d e s ˈe ɾ,V;SBJV;PRS;3;PL,55,55,100.0
90L_10NL_3_4,90L_10NL,3,d e s a ɡ ɾ a d e s ˈe ɾ,V;SBJV;PRS;3;PL,0,55,0.0
90L_10NL_3_1,90L_10NL,3,d e s a ɡ ɾ a d e s ˈe ɾ,V;SBJV;PRS;3;SG,55,55,100.0
90L_10NL_3_2,90L_10NL,3,d e s a ɡ ɾ a d e s ˈe ɾ,V;SBJV;PRS;3;SG,55,55,100.0
90L_10NL_3_3,90L_10NL,3,d e s a ɡ ɾ a d e s ˈe ɾ,V;SBJV;PRS;3;SG,55,55,100.0
90L_10NL_3_4,90L_10NL,3,d e s a ɡ ɾ a d e s ˈe ɾ,V;SBJV;PRS;3;SG,0,55,0.0
90L_10NL_3_1,90L_10NL,3,d e s b a n e s ˈe ɾ,V;IND;PRS;1;PL,55,55,100.0
90L_10NL_3_2,90L_10NL,3,d e s b a n e s ˈe ɾ,V;IND;PRS;1;PL,55,55,100.0
90L_10NL_3_3,90L_10NL,3,d e s b a n e s ˈe ɾ,V;IND;PRS;1;PL,55,55,100.0
90L_10NL_3_4,90L_10NL,3,d e s b a n e s ˈe ɾ,V;IND;PRS;1;PL,55,55,100.0
90L_10NL_3_1,90L_10NL,3,d e s b a n e s ˈe ɾ,V;IND;PRS;1;SG,55,55,100.0
90L_10NL_3_2,90L_10NL,3,d e s b a n e s ˈe ɾ,V;IND;PRS;1;SG,55,55,100.0
90L_10NL_3_3,90L_10NL,3,d e s b a n e s ˈe ɾ,V;IND;PRS;1;SG,55,55,100.0
90L_10NL_3_4,90L_10NL,3,d e s b a n e s ˈe ɾ,V;IND;PRS;1;SG,55,55,100.0
90L_10NL_3_1,90L_10NL,3,d e s b a n e s ˈe ɾ,V;IND;PRS;2;PL,55,55,100.0
90L_10NL_3_2,90L_10NL,3,d e s b a n e s ˈe ɾ,V;IND;PRS;2;PL,55,55,100.0
90L_10NL_3_3,90L_10NL,3,d e s b a n e s ˈe ɾ,V;IND;PRS;2;PL,55,55,100.0
90L_10NL_3_4,90L_10NL,3,d e s b a n e s ˈe ɾ,V;IND;PRS;2;PL,55,55,100.0
90L_10NL_3_1,90L_10NL,3,d e s b a n e s ˈe ɾ,V;IND;PRS;2;SG,55,55,100.0
90L_10NL_3_2,90L_10NL,3,d e s b a n e s ˈe ɾ,V;IND;PRS;2;SG,55,55,100.0
90L_10NL_3_3,90L_10NL,3,d e s b a n e s ˈe ɾ,V;IND;PRS;2;SG,55,55,100.0
90L_10NL_3_4,90L_10NL,3,d e s b a n e s ˈe ɾ,V;IND;PRS;2;SG,55,55,100.0
90L_10NL_3_1,90L_10NL,3,d e s b a n e s ˈe ɾ,V;IND;PRS;3;PL,55,55,100.0
90L_10NL_3_2,90L_10NL,3,d e s b a n e s ˈe ɾ,V;IND;PRS;3;PL,55,55,100.0
90L_10NL_3_3,90L_10NL,3,d e s b a n e s ˈe ɾ,V;IND;PRS;3;PL,55,55,100.0
90L_10NL_3_4,90L_10NL,3,d e s b a n e s ˈe ɾ,V;IND;PRS;3;PL,55,55,100.0
90L_10NL_3_1,90L_10NL,3,d e s b a n e s ˈe ɾ,V;IND;PRS;3;SG,55,55,100.0
90L_10NL_3_2,90L_10NL,3,d e s b a n e s ˈe ɾ,V;IND;PRS;3;SG,55,55,100.0
90L_10NL_3_3,90L_10NL,3,d e s b a n e s ˈe ɾ,V;IND;PRS;3;SG,55,55,100.0
90L_10NL_3_4,90L_10NL,3,d e s b a n e s ˈe ɾ,V;IND;PRS;3;SG,55,55,100.0
90L_10NL_3_1,90L_10NL,3,d e s b a n e s ˈe ɾ,V;SBJV;PRS;1;PL,55,55,100.0
90L_10NL_3_2,90L_10NL,3,d e s b a n e s ˈe ɾ,V;SBJV;PRS;1;PL,55,55,100.0
90L_10NL_3_3,90L_10NL,3,d e s b a n e s ˈe ɾ,V;SBJV;PRS;1;PL,55,55,100.0
90L_10NL_3_4,90L_10NL,3,d e s b a n e s ˈe ɾ,V;SBJV;PRS;1;PL,55,55,100.0
90L_10NL_3_1,90L_10NL,3,d e s b a n e s ˈe ɾ,V;SBJV;PRS;1;SG,55,55,100.0
90L_10NL_3_2,90L_10NL,3,d e s b a n e s ˈe ɾ,V;SBJV;PRS;1;SG,55,55,100.0
90L_10NL_3_3,90L_10NL,3,d e s b a n e s ˈe ɾ,V;SBJV;PRS;1;SG,55,55,100.0
90L_10NL_3_4,90L_10NL,3,d e s b a n e s ˈe ɾ,V;SBJV;PRS;1;SG,55,55,100.0
90L_10NL_3_1,90L_10NL,3,d e s b a n e s ˈe ɾ,V;SBJV;PRS;2;PL,55,55,100.0
90L_10NL_3_2,90L_10NL,3,d e s b a n e s ˈe ɾ,V;SBJV;PRS;2;PL,55,55,100.0
90L_10NL_3_3,90L_10NL,3,d e s b a n e s ˈe ɾ,V;SBJV;PRS;2;PL,55,55,100.0
90L_10NL_3_4,90L_10NL,3,d e s b a n e s ˈe ɾ,V;SBJV;PRS;2;PL,55,55,100.0
90L_10NL_3_1,90L_10NL,3,d e s b a n e s ˈe ɾ,V;SBJV;PRS;2;SG,55,55,100.0
90L_10NL_3_2,90L_10NL,3,d e s b a n e s ˈe ɾ,V;SBJV;PRS;2;SG,55,55,100.0
90L_10NL_3_3,90L_10NL,3,d e s b a n e s ˈe ɾ,V;SBJV;PRS;2;SG,55,55,100.0
90L_10NL_3_4,90L_10NL,3,d e s b a n e s ˈe ɾ,V;SBJV;PRS;2;SG,55,55,100.0
90L_10NL_3_1,90L_10NL,3,d e s b a n e s ˈe ɾ,V;SBJV;PRS;3;PL,55,55,100.0
90L_10NL_3_2,90L_10NL,3,d e s b a n e s ˈe ɾ,V;SBJV;PRS;3;PL,55,55,100.0
90L_10NL_3_3,90L_10NL,3,d e s b a n e s ˈe ɾ,V;SBJV;PRS;3;PL,55,55,100.0
90L_10NL_3_4,90L_10NL,3,d e s b a n e s ˈe ɾ,V;SBJV;PRS;3;PL,55,55,100.0
90L_10NL_3_1,90L_10NL,3,d e s b a n e s ˈe ɾ,V;SBJV;PRS;3;SG,55,55,100.0
90L_10NL_3_2,90L_10NL,3,d e s b a n e s ˈe ɾ,V;SBJV;PRS;3;SG,55,55,100.0
90L_10NL_3_3,90L_10NL,3,d e s b a n e s ˈe ɾ,V;SBJV;PRS;3;SG,55,55,100.0
90L_10NL_3_4,90L_10NL,3,d e s b a n e s ˈe ɾ,V;SBJV;PRS;3;SG,55,55,100.0
90L_10NL_3_1,90L_10NL,3,d e s f a b o ɾ e s ˈe ɾ,V;IND;PRS;1;PL,0,55,0.0
90L_10NL_3_2,90L_10NL,3,d e s f a b o ɾ e s ˈe ɾ,V;IND;PRS;1;PL,55,55,100.0
90L_10NL_3_3,90L_10NL,3,d e s f a b o ɾ e s ˈe ɾ,V;IND;PRS;1;PL,55,55,100.0
90L_10NL_3_4,90L_10NL,3,d e s f a b o ɾ e s ˈe ɾ,V;IND;PRS;1;PL,0,55,0.0
90L_10NL_3_1,90L_10NL,3,d e s f a b o ɾ e s ˈe ɾ,V;IND;PRS;1;SG,0,55,0.0
90L_10NL_3_2,90L_10NL,3,d e s f a b o ɾ e s ˈe ɾ,V;IND;PRS;1;SG,55,55,100.0
90L_10NL_3_3,90L_10NL,3,d e s f a b o ɾ e s ˈe ɾ,V;IND;PRS;1;SG,48,55,87.27
90L_10NL_3_4,90L_10NL,3,d e s f a b o ɾ e s ˈe ɾ,V;IND;PRS;1;SG,0,55,0.0
90L_10NL_3_1,90L_10NL,3,d e s f a b o ɾ e s ˈe ɾ,V;IND;PRS;2;PL,0,55,0.0
90L_10NL_3_2,90L_10NL,3,d e s f a b o ɾ e s ˈe ɾ,V;IND;PRS;2;PL,55,55,100.0
90L_10NL_3_3,90L_10NL,3,d e s f a b o ɾ e s ˈe ɾ,V;IND;PRS;2;PL,55,55,100.0
90L_10NL_3_4,90L_10NL,3,d e s f a b o ɾ e s ˈe ɾ,V;IND;PRS;2;PL,0,55,0.0
90L_10NL_3_1,90L_10NL,3,d e s f a b o ɾ e s ˈe ɾ,V;IND;PRS;2;SG,0,55,0.0
90L_10NL_3_2,90L_10NL,3,d e s f a b o ɾ e s ˈe ɾ,V;IND;PRS;2;SG,55,55,100.0
90L_10NL_3_3,90L_10NL,3,d e s f a b o ɾ e s ˈe ɾ,V;IND;PRS;2;SG,49,55,89.09
90L_10NL_3_4,90L_10NL,3,d e s f a b o ɾ e s ˈe ɾ,V;IND;PRS;2;SG,0,55,0.0
90L_10NL_3_1,90L_10NL,3,d e s f a b o ɾ e s ˈe ɾ,V;IND;PRS;3;PL,0,55,0.0
90L_10NL_3_2,90L_10NL,3,d e s f a b o ɾ e s ˈe ɾ,V;IND;PRS;3;PL,55,55,100.0
90L_10NL_3_3,90L_10NL,3,d e s f a b o ɾ e s ˈe ɾ,V;IND;PRS;3;PL,49,55,89.09
90L_10NL_3_4,90L_10NL,3,d e s f a b o ɾ e s ˈe ɾ,V;IND;PRS;3;PL,0,55,0.0
90L_10NL_3_1,90L_10NL,3,d e s f a b o ɾ e s ˈe ɾ,V;IND;PRS;3;SG,0,55,0.0
90L_10NL_3_2,90L_10NL,3,d e s f a b o ɾ e s ˈe ɾ,V;IND;PRS;3;SG,55,55,100.0
90L_10NL_3_3,90L_10NL,3,d e s f a b o ɾ e s ˈe ɾ,V;IND;PRS;3;SG,49,55,89.09
90L_10NL_3_4,90L_10NL,3,d e s f a b o ɾ e s ˈe ɾ,V;IND;PRS;3;SG,0,55,0.0
90L_10NL_3_1,90L_10NL,3,d e s f a b o ɾ e s ˈe ɾ,V;SBJV;PRS;1;PL,0,55,0.0
90L_10NL_3_2,90L_10NL,3,d e s f a b o ɾ e s ˈe ɾ,V;SBJV;PRS;1;PL,55,55,100.0
90L_10NL_3_3,90L_10NL,3,d e s f a b o ɾ e s ˈe ɾ,V;SBJV;PRS;1;PL,55,55,100.0
90L_10NL_3_4,90L_10NL,3,d e s f a b o ɾ e s ˈe ɾ,V;SBJV;PRS;1;PL,0,55,0.0
90L_10NL_3_1,90L_10NL,3,d e s f a b o ɾ e s ˈe ɾ,V;SBJV;PRS;1;SG,0,55,0.0
90L_10NL_3_2,90L_10NL,3,d e s f a b o ɾ e s ˈe ɾ,V;SBJV;PRS;1;SG,55,55,100.0
90L_10NL_3_3,90L_10NL,3,d e s f a b o ɾ e s ˈe ɾ,V;SBJV;PRS;1;SG,48,55,87.27
90L_10NL_3_4,90L_10NL,3,d e s f a b o ɾ e s ˈe ɾ,V;SBJV;PRS;1;SG,0,55,0.0
90L_10NL_3_1,90L_10NL,3,d e s f a b o ɾ e s ˈe ɾ,V;SBJV;PRS;2;PL,0,55,0.0
90L_10NL_3_2,90L_10NL,3,d e s f a b o ɾ e s ˈe ɾ,V;SBJV;PRS;2;PL,53,55,96.36
90L_10NL_3_3,90L_10NL,3,d e s f a b o ɾ e s ˈe ɾ,V;SBJV;PRS;2;PL,55,55,100.0
90L_10NL_3_4,90L_10NL,3,d e s f a b o ɾ e s ˈe ɾ,V;SBJV;PRS;2;PL,0,55,0.0
90L_10NL_3_1,90L_10NL,3,d e s f a b o ɾ e s ˈe ɾ,V;SBJV;PRS;2;SG,0,55,0.0
90L_10NL_3_2,90L_10NL,3,d e s f a b o ɾ e s ˈe ɾ,V;SBJV;PRS;2;SG,55,55,100.0
90L_10NL_3_3,90L_10NL,3,d e s f a b o ɾ e s ˈe ɾ,V;SBJV;PRS;2;SG,49,55,89.09
90L_10NL_3_4,90L_10NL,3,d e s f a b o ɾ e s ˈe ɾ,V;SBJV;PRS;2;SG,0,55,0.0
90L_10NL_3_1,90L_10NL,3,d e s f a b o ɾ e s ˈe ɾ,V;SBJV;PRS;3;PL,0,55,0.0
90L_10NL_3_2,90L_10NL,3,d e s f a b o ɾ e s ˈe ɾ,V;SBJV;PRS;3;PL,55,55,100.0
90L_10NL_3_3,90L_10NL,3,d e s f a b o ɾ e s ˈe ɾ,V;SBJV;PRS;3;PL,51,55,92.73
90L_10NL_3_4,90L_10NL,3,d e s f a b o ɾ e s ˈe ɾ,V;SBJV;PRS;3;PL,0,55,0.0
90L_10NL_3_1,90L_10NL,3,d e s f a b o ɾ e s ˈe ɾ,V;SBJV;PRS;3;SG,0,55,0.0
90L_10NL_3_2,90L_10NL,3,d e s f a b o ɾ e s ˈe ɾ,V;SBJV;PRS;3;SG,53,55,96.36
90L_10NL_3_3,90L_10NL,3,d e s f a b o ɾ e s ˈe ɾ,V;SBJV;PRS;3;SG,49,55,89.09
90L_10NL_3_4,90L_10NL,3,d e s f a b o ɾ e s ˈe ɾ,V;SBJV;PRS;3;SG,0,55,0.0
90L_10NL_3_1,90L_10NL,3,d e s k o s ˈe ɾ,V;IND;PRS;1;PL,55,55,100.0
90L_10NL_3_2,90L_10NL,3,d e s k o s ˈe ɾ,V;IND;PRS;1;PL,55,55,100.0
90L_10NL_3_3,90L_10NL,3,d e s k o s ˈe ɾ,V;IND;PRS;1;PL,55,55,100.0
90L_10NL_3_4,90L_10NL,3,d e s k o s ˈe ɾ,V;IND;PRS;1;PL,55,55,100.0
90L_10NL_3_1,90L_10NL,3,d e s k o s ˈe ɾ,V;IND;PRS;2;PL,55,55,100.0
90L_10NL_3_2,90L_10NL,3,d e s k o s ˈe ɾ,V;IND;PRS;2;PL,55,55,100.0
90L_10NL_3_3,90L_10NL,3,d e s k o s ˈe ɾ,V;IND;PRS;2;PL,55,55,100.0
90L_10NL_3_4,90L_10NL,3,d e s k o s ˈe ɾ,V;IND;PRS;2;PL,55,55,100.0
90L_10NL_3_1,90L_10NL,3,d e s k o s ˈe ɾ,V;SBJV;PRS;1;PL,55,55,100.0
90L_10NL_3_2,90L_10NL,3,d e s k o s ˈe ɾ,V;SBJV;PRS;1;PL,55,55,100.0
90L_10NL_3_3,90L_10NL,3,d e s k o s ˈe ɾ,V;SBJV;PRS;1;PL,55,55,100.0
90L_10NL_3_4,90L_10NL,3,d e s k o s ˈe ɾ,V;SBJV;PRS;1;PL,55,55,100.0
90L_10NL_3_1,90L_10NL,3,d e s k o s ˈe ɾ,V;SBJV;PRS;2;PL,55,55,100.0
90L_10NL_3_2,90L_10NL,3,d e s k o s ˈe ɾ,V;SBJV;PRS;2;PL,55,55,100.0
90L_10NL_3_3,90L_10NL,3,d e s k o s ˈe ɾ,V;SBJV;PRS;2;PL,55,55,100.0
90L_10NL_3_4,90L_10NL,3,d e s k o s ˈe ɾ,V;SBJV;PRS;2;PL,55,55,100.0
90L_10NL_3_1,90L_10NL,3,d e s k o s ˈe ɾ,V;SBJV;PRS;3;PL,55,55,100.0
90L_10NL_3_2,90L_10NL,3,d e s k o s ˈe ɾ,V;SBJV;PRS;3;PL,55,55,100.0
90L_10NL_3_3,90L_10NL,3,d e s k o s ˈe ɾ,V;SBJV;PRS;3;PL,55,55,100.0
90L_10NL_3_4,90L_10NL,3,d e s k o s ˈe ɾ,V;SBJV;PRS;3;PL,55,55,100.0
90L_10NL_3_1,90L_10NL,3,d e s l u s ˈi ɾ,V;IND;PRS;1;PL,55,55,100.0
90L_10NL_3_2,90L_10NL,3,d e s l u s ˈi ɾ,V;IND;PRS;1;PL,55,55,100.0
90L_10NL_3_3,90L_10NL,3,d e s l u s ˈi ɾ,V;IND;PRS;1;PL,55,55,100.0
90L_10NL_3_4,90L_10NL,3,d e s l u s ˈi ɾ,V;IND;PRS;1;PL,34,55,61.82
90L_10NL_3_1,90L_10NL,3,d e s l u s ˈi ɾ,V;IND;PRS;1;SG,55,55,100.0
90L_10NL_3_2,90L_10NL,3,d e s l u s ˈi ɾ,V;IND;PRS;1;SG,55,55,100.0
90L_10NL_3_3,90L_10NL,3,d e s l u s ˈi ɾ,V;IND;PRS;1;SG,55,55,100.0
90L_10NL_3_4,90L_10NL,3,d e s l u s ˈi ɾ,V;IND;PRS;1;SG,45,55,81.82
90L_10NL_3_1,90L_10NL,3,d e s l u s ˈi ɾ,V;IND;PRS;2;PL,55,55,100.0
90L_10NL_3_2,90L_10NL,3,d e s l u s ˈi ɾ,V;IND;PRS;2;PL,55,55,100.0
90L_10NL_3_3,90L_10NL,3,d e s l u s ˈi ɾ,V;IND;PRS;2;PL,55,55,100.0
90L_10NL_3_4,90L_10NL,3,d e s l u s ˈi ɾ,V;IND;PRS;2;PL,27,55,49.09
90L_10NL_3_1,90L_10NL,3,d e s l u s ˈi ɾ,V;IND;PRS;2;SG,55,55,100.0
90L_10NL_3_2,90L_10NL,3,d e s l u s ˈi ɾ,V;IND;PRS;2;SG,55,55,100.0
90L_10NL_3_3,90L_10NL,3,d e s l u s ˈi ɾ,V;IND;PRS;2;SG,55,55,100.0
90L_10NL_3_4,90L_10NL,3,d e s l u s ˈi ɾ,V;IND;PRS;2;SG,30,55,54.55
90L_10NL_3_1,90L_10NL,3,d e s l u s ˈi ɾ,V;IND;PRS;3;PL,55,55,100.0
90L_10NL_3_2,90L_10NL,3,d e s l u s ˈi ɾ,V;IND;PRS;3;PL,55,55,100.0
90L_10NL_3_3,90L_10NL,3,d e s l u s ˈi ɾ,V;IND;PRS;3;PL,55,55,100.0
90L_10NL_3_4,90L_10NL,3,d e s l u s ˈi ɾ,V;IND;PRS;3;PL,29,55,52.73
90L_10NL_3_1,90L_10NL,3,d e s l u s ˈi ɾ,V;IND;PRS;3;SG,55,55,100.0
90L_10NL_3_2,90L_10NL,3,d e s l u s ˈi ɾ,V;IND;PRS;3;SG,55,55,100.0
90L_10NL_3_3,90L_10NL,3,d e s l u s ˈi ɾ,V;IND;PRS;3;SG,55,55,100.0
90L_10NL_3_4,90L_10NL,3,d e s l u s ˈi ɾ,V;IND;PRS;3;SG,28,55,50.91
90L_10NL_3_1,90L_10NL,3,d e s l u s ˈi ɾ,V;SBJV;PRS;1;PL,55,55,100.0
90L_10NL_3_2,90L_10NL,3,d e s l u s ˈi ɾ,V;SBJV;PRS;1;PL,55,55,100.0
90L_10NL_3_3,90L_10NL,3,d e s l u s ˈi ɾ,V;SBJV;PRS;1;PL,55,55,100.0
90L_10NL_3_4,90L_10NL,3,d e s l u s ˈi ɾ,V;SBJV;PRS;1;PL,48,55,87.27
90L_10NL_3_1,90L_10NL,3,d e s l u s ˈi ɾ,V;SBJV;PRS;1;SG,55,55,100.0
90L_10NL_3_2,90L_10NL,3,d e s l u s ˈi ɾ,V;SBJV;PRS;1;SG,55,55,100.0
90L_10NL_3_3,90L_10NL,3,d e s l u s ˈi ɾ,V;SBJV;PRS;1;SG,55,55,100.0
90L_10NL_3_4,90L_10NL,3,d e s l u s ˈi ɾ,V;SBJV;PRS;1;SG,31,55,56.36
90L_10NL_3_1,90L_10NL,3,d e s l u s ˈi ɾ,V;SBJV;PRS;2;PL,55,55,100.0
90L_10NL_3_2,90L_10NL,3,d e s l u s ˈi ɾ,V;SBJV;PRS;2;PL,55,55,100.0
90L_10NL_3_3,90L_10NL,3,d e s l u s ˈi ɾ,V;SBJV;PRS;2;PL,55,55,100.0
90L_10NL_3_4,90L_10NL,3,d e s l u s ˈi ɾ,V;SBJV;PRS;2;PL,52,55,94.55
90L_10NL_3_1,90L_10NL,3,d e s l u s ˈi ɾ,V;SBJV;PRS;2;SG,55,55,100.0
90L_10NL_3_2,90L_10NL,3,d e s l u s ˈi ɾ,V;SBJV;PRS;2;SG,55,55,100.0
90L_10NL_3_3,90L_10NL,3,d e s l u s ˈi ɾ,V;SBJV;PRS;2;SG,55,55,100.0
90L_10NL_3_4,90L_10NL,3,d e s l u s ˈi ɾ,V;SBJV;PRS;2;SG,31,55,56.36
90L_10NL_3_1,90L_10NL,3,d e s l u s ˈi ɾ,V;SBJV;PRS;3;PL,55,55,100.0
90L_10NL_3_2,90L_10NL,3,d e s l u s ˈi ɾ,V;SBJV;PRS;3;PL,55,55,100.0
90L_10NL_3_3,90L_10NL,3,d e s l u s ˈi ɾ,V;SBJV;PRS;3;PL,55,55,100.0
90L_10NL_3_4,90L_10NL,3,d e s l u s ˈi ɾ,V;SBJV;PRS;3;PL,29,55,52.73
90L_10NL_3_1,90L_10NL,3,d e s l u s ˈi ɾ,V;SBJV;PRS;3;SG,55,55,100.0
90L_10NL_3_2,90L_10NL,3,d e s l u s ˈi ɾ,V;SBJV;PRS;3;SG,55,55,100.0
90L_10NL_3_3,90L_10NL,3,d e s l u s ˈi ɾ,V;SBJV;PRS;3;SG,55,55,100.0
90L_10NL_3_4,90L_10NL,3,d e s l u s ˈi ɾ,V;SBJV;PRS;3;SG,31,55,56.36
90L_10NL_3_1,90L_10NL,3,d e s p a ɾ e s ˈe ɾ,V;IND;PRS;1;PL,55,55,100.0
90L_10NL_3_2,90L_10NL,3,d e s p a ɾ e s ˈe ɾ,V;IND;PRS;1;PL,55,55,100.0
90L_10NL_3_3,90L_10NL,3,d e s p a ɾ e s ˈe ɾ,V;IND;PRS;1;PL,55,55,100.0
90L_10NL_3_4,90L_10NL,3,d e s p a ɾ e s ˈe ɾ,V;IND;PRS;1;PL,55,55,100.0
90L_10NL_3_1,90L_10NL,3,d e s p a ɾ e s ˈe ɾ,V;IND;PRS;1;SG,55,55,100.0
90L_10NL_3_2,90L_10NL,3,d e s p a ɾ e s ˈe ɾ,V;IND;PRS;1;SG,55,55,100.0
90L_10NL_3_3,90L_10NL,3,d e s p a ɾ e s ˈe ɾ,V;IND;PRS;1;SG,55,55,100.0
90L_10NL_3_4,90L_10NL,3,d e s p a ɾ e s ˈe ɾ,V;IND;PRS;1;SG,55,55,100.0
90L_10NL_3_1,90L_10NL,3,d e s p a ɾ e s ˈe ɾ,V;IND;PRS;2;PL,55,55,100.0
90L_10NL_3_2,90L_10NL,3,d e s p a ɾ e s ˈe ɾ,V;IND;PRS;2;PL,55,55,100.0
90L_10NL_3_3,90L_10NL,3,d e s p a ɾ e s ˈe ɾ,V;IND;PRS;2;PL,55,55,100.0
90L_10NL_3_4,90L_10NL,3,d e s p a ɾ e s ˈe ɾ,V;IND;PRS;2;PL,55,55,100.0
90L_10NL_3_1,90L_10NL,3,d e s p a ɾ e s ˈe ɾ,V;IND;PRS;2;SG,55,55,100.0
90L_10NL_3_2,90L_10NL,3,d e s p a ɾ e s ˈe ɾ,V;IND;PRS;2;SG,55,55,100.0
90L_10NL_3_3,90L_10NL,3,d e s p a ɾ e s ˈe ɾ,V;IND;PRS;2;SG,55,55,100.0
90L_10NL_3_4,90L_10NL,3,d e s p a ɾ e s ˈe ɾ,V;IND;PRS;2;SG,55,55,100.0
90L_10NL_3_1,90L_10NL,3,d e s p a ɾ e s ˈe ɾ,V;IND;PRS;3;PL,55,55,100.0
90L_10NL_3_2,90L_10NL,3,d e s p a ɾ e s ˈe ɾ,V;IND;PRS;3;PL,55,55,100.0
90L_10NL_3_3,90L_10NL,3,d e s p a ɾ e s ˈe ɾ,V;IND;PRS;3;PL,55,55,100.0
90L_10NL_3_4,90L_10NL,3,d e s p a ɾ e s ˈe ɾ,V;IND;PRS;3;PL,55,55,100.0
90L_10NL_3_1,90L_10NL,3,d e s p a ɾ e s ˈe ɾ,V;IND;PRS;3;SG,55,55,100.0
90L_10NL_3_2,90L_10NL,3,d e s p a ɾ e s ˈe ɾ,V;IND;PRS;3;SG,55,55,100.0
90L_10NL_3_3,90L_10NL,3,d e s p a ɾ e s ˈe ɾ,V;IND;PRS;3;SG,55,55,100.0
90L_10NL_3_4,90L_10NL,3,d e s p a ɾ e s ˈe ɾ,V;IND;PRS;3;SG,55,55,100.0
90L_10NL_3_1,90L_10NL,3,d e s p a ɾ e s ˈe ɾ,V;SBJV;PRS;1;PL,55,55,100.0
90L_10NL_3_2,90L_10NL,3,d e s p a ɾ e s ˈe ɾ,V;SBJV;PRS;1;PL,55,55,100.0
90L_10NL_3_3,90L_10NL,3,d e s p a ɾ e s ˈe ɾ,V;SBJV;PRS;1;PL,55,55,100.0
90L_10NL_3_4,90L_10NL,3,d e s p a ɾ e s ˈe ɾ,V;SBJV;PRS;1;PL,55,55,100.0
90L_10NL_3_1,90L_10NL,3,d e s p a ɾ e s ˈe ɾ,V;SBJV;PRS;1;SG,55,55,100.0
90L_10NL_3_2,90L_10NL,3,d e s p a ɾ e s ˈe ɾ,V;SBJV;PRS;1;SG,55,55,100.0
90L_10NL_3_3,90L_10NL,3,d e s p a ɾ e s ˈe ɾ,V;SBJV;PRS;1;SG,55,55,100.0
90L_10NL_3_4,90L_10NL,3,d e s p a ɾ e s ˈe ɾ,V;SBJV;PRS;1;SG,55,55,100.0
90L_10NL_3_1,90L_10NL,3,d e s p a ɾ e s ˈe ɾ,V;SBJV;PRS;2;PL,55,55,100.0
90L_10NL_3_2,90L_10NL,3,d e s p a ɾ e s ˈe ɾ,V;SBJV;PRS;2;PL,55,55,100.0
90L_10NL_3_3,90L_10NL,3,d e s p a ɾ e s ˈe ɾ,V;SBJV;PRS;2;PL,55,55,100.0
90L_10NL_3_4,90L_10NL,3,d e s p a ɾ e s ˈe ɾ,V;SBJV;PRS;2;PL,55,55,100.0
90L_10NL_3_1,90L_10NL,3,d e s p a ɾ e s ˈe ɾ,V;SBJV;PRS;2;SG,55,55,100.0
90L_10NL_3_2,90L_10NL,3,d e s p a ɾ e s ˈe ɾ,V;SBJV;PRS;2;SG,55,55,100.0
90L_10NL_3_3,90L_10NL,3,d e s p a ɾ e s ˈe ɾ,V;SBJV;PRS;2;SG,55,55,100.0
90L_10NL_3_4,90L_10NL,3,d e s p a ɾ e s ˈe ɾ,V;SBJV;PRS;2;SG,55,55,100.0
90L_10NL_3_1,90L_10NL,3,d e s p a ɾ e s ˈe ɾ,V;SBJV;PRS;3;PL,55,55,100.0
90L_10NL_3_2,90L_10NL,3,d e s p a ɾ e s ˈe ɾ,V;SBJV;PRS;3;PL,55,55,100.0
90L_10NL_3_3,90L_10NL,3,d e s p a ɾ e s ˈe ɾ,V;SBJV;PRS;3;PL,55,55,100.0
90L_10NL_3_4,90L_10NL,3,d e s p a ɾ e s ˈe ɾ,V;SBJV;PRS;3;PL,55,55,100.0
90L_10NL_3_1,90L_10NL,3,d e s p a ɾ e s ˈe ɾ,V;SBJV;PRS;3;SG,55,55,100.0
90L_10NL_3_2,90L_10NL,3,d e s p a ɾ e s ˈe ɾ,V;SBJV;PRS;3;SG,55,55,100.0
90L_10NL_3_3,90L_10NL,3,d e s p a ɾ e s ˈe ɾ,V;SBJV;PRS;3;SG,55,55,100.0
90L_10NL_3_4,90L_10NL,3,d e s p a ɾ e s ˈe ɾ,V;SBJV;PRS;3;SG,55,55,100.0
90L_10NL_3_1,90L_10NL,3,e l i ç ˈi ɾ,V;IND;PRS;1;PL,0,55,0.0
90L_10NL_3_2,90L_10NL,3,e l i ç ˈi ɾ,V;IND;PRS;1;PL,0,55,0.0
90L_10NL_3_3,90L_10NL,3,e l i ç ˈi ɾ,V;IND;PRS;1;PL,0,55,0.0
90L_10NL_3_4,90L_10NL,3,e l i ç ˈi ɾ,V;IND;PRS;1;PL,0,55,0.0
90L_10NL_3_1,90L_10NL,3,e l i ç ˈi ɾ,V;IND;PRS;1;SG,55,55,100.0
90L_10NL_3_2,90L_10NL,3,e l i ç ˈi ɾ,V;IND;PRS;1;SG,55,55,100.0
90L_10NL_3_3,90L_10NL,3,e l i ç ˈi ɾ,V;IND;PRS;1;SG,55,55,100.0
90L_10NL_3_4,90L_10NL,3,e l i ç ˈi ɾ,V;IND;PRS;1;SG,55,55,100.0
90L_10NL_3_1,90L_10NL,3,e l i ç ˈi ɾ,V;IND;PRS;2;PL,0,55,0.0
90L_10NL_3_2,90L_10NL,3,e l i ç ˈi ɾ,V;IND;PRS;2;PL,0,55,0.0
90L_10NL_3_3,90L_10NL,3,e l i ç ˈi ɾ,V;IND;PRS;2;PL,0,55,0.0
90L_10NL_3_4,90L_10NL,3,e l i ç ˈi ɾ,V;IND;PRS;2;PL,0,55,0.0
90L_10NL_3_1,90L_10NL,3,e l i ç ˈi ɾ,V;IND;PRS;2;SG,55,55,100.0
90L_10NL_3_2,90L_10NL,3,e l i ç ˈi ɾ,V;IND;PRS;2;SG,55,55,100.0
90L_10NL_3_3,90L_10NL,3,e l i ç ˈi ɾ,V;IND;PRS;2;SG,55,55,100.0
90L_10NL_3_4,90L_10NL,3,e l i ç ˈi ɾ,V;IND;PRS;2;SG,55,55,100.0
90L_10NL_3_1,90L_10NL,3,e l i ç ˈi ɾ,V;IND;PRS;3;PL,55,55,100.0
90L_10NL_3_2,90L_10NL,3,e l i ç ˈi ɾ,V;IND;PRS;3;PL,55,55,100.0
90L_10NL_3_3,90L_10NL,3,e l i ç ˈi ɾ,V;IND;PRS;3;PL,55,55,100.0
90L_10NL_3_4,90L_10NL,3,e l i ç ˈi ɾ,V;IND;PRS;3;PL,55,55,100.0
90L_10NL_3_1,90L_10NL,3,e l i ç ˈi ɾ,V;IND;PRS;3;SG,55,55,100.0
90L_10NL_3_2,90L_10NL,3,e l i ç ˈi ɾ,V;IND;PRS;3;SG,55,55,100.0
90L_10NL_3_3,90L_10NL,3,e l i ç ˈi ɾ,V;IND;PRS;3;SG,55,55,100.0
90L_10NL_3_4,90L_10NL,3,e l i ç ˈi ɾ,V;IND;PRS;3;SG,55,55,100.0
90L_10NL_3_1,90L_10NL,3,e l i ç ˈi ɾ,V;SBJV;PRS;1;PL,54,55,98.18
90L_10NL_3_2,90L_10NL,3,e l i ç ˈi ɾ,V;SBJV;PRS;1;PL,55,55,100.0
90L_10NL_3_3,90L_10NL,3,e l i ç ˈi ɾ,V;SBJV;PRS;1;PL,55,55,100.0
90L_10NL_3_4,90L_10NL,3,e l i ç ˈi ɾ,V;SBJV;PRS;1;PL,55,55,100.0
90L_10NL_3_1,90L_10NL,3,e l i ç ˈi ɾ,V;SBJV;PRS;1;SG,55,55,100.0
90L_10NL_3_2,90L_10NL,3,e l i ç ˈi ɾ,V;SBJV;PRS;1;SG,55,55,100.0
90L_10NL_3_3,90L_10NL,3,e l i ç ˈi ɾ,V;SBJV;PRS;1;SG,55,55,100.0
90L_10NL_3_4,90L_10NL,3,e l i ç ˈi ɾ,V;SBJV;PRS;1;SG,55,55,100.0
90L_10NL_3_1,90L_10NL,3,e l i ç ˈi ɾ,V;SBJV;PRS;2;PL,55,55,100.0
90L_10NL_3_2,90L_10NL,3,e l i ç ˈi ɾ,V;SBJV;PRS;2;PL,55,55,100.0
90L_10NL_3_3,90L_10NL,3,e l i ç ˈi ɾ,V;SBJV;PRS;2;PL,55,55,100.0
90L_10NL_3_4,90L_10NL,3,e l i ç ˈi ɾ,V;SBJV;PRS;2;PL,55,55,100.0
90L_10NL_3_1,90L_10NL,3,e l i ç ˈi ɾ,V;SBJV;PRS;2;SG,55,55,100.0
90L_10NL_3_2,90L_10NL,3,e l i ç ˈi ɾ,V;SBJV;PRS;2;SG,55,55,100.0
90L_10NL_3_3,90L_10NL,3,e l i ç ˈi ɾ,V;SBJV;PRS;2;SG,55,55,100.0
90L_10NL_3_4,90L_10NL,3,e l i ç ˈi ɾ,V;SBJV;PRS;2;SG,55,55,100.0
90L_10NL_3_1,90L_10NL,3,e l i ç ˈi ɾ,V;SBJV;PRS;3;PL,55,55,100.0
90L_10NL_3_2,90L_10NL,3,e l i ç ˈi ɾ,V;SBJV;PRS;3;PL,55,55,100.0
90L_10NL_3_3,90L_10NL,3,e l i ç ˈi ɾ,V;SBJV;PRS;3;PL,55,55,100.0
90L_10NL_3_4,90L_10NL,3,e l i ç ˈi ɾ,V;SBJV;PRS;3;PL,55,55,100.0
90L_10NL_3_1,90L_10NL,3,e l i ç ˈi ɾ,V;SBJV;PRS;3;SG,55,55,100.0
90L_10NL_3_2,90L_10NL,3,e l i ç ˈi ɾ,V;SBJV;PRS;3;SG,55,55,100.0
90L_10NL_3_3,90L_10NL,3,e l i ç ˈi ɾ,V;SBJV;PRS;3;SG,55,55,100.0
90L_10NL_3_4,90L_10NL,3,e l i ç ˈi ɾ,V;SBJV;PRS;3;SG,55,55,100.0
90L_10NL_3_1,90L_10NL,3,e m e ɾ ç ˈe ɾ,V;IND;PRS;1;PL,55,55,100.0
90L_10NL_3_2,90L_10NL,3,e m e ɾ ç ˈe ɾ,V;IND;PRS;1;PL,55,55,100.0
90L_10NL_3_3,90L_10NL,3,e m e ɾ ç ˈe ɾ,V;IND;PRS;1;PL,55,55,100.0
90L_10NL_3_4,90L_10NL,3,e m e ɾ ç ˈe ɾ,V;IND;PRS;1;PL,55,55,100.0
90L_10NL_3_1,90L_10NL,3,e m e ɾ ç ˈe ɾ,V;IND;PRS;1;SG,55,55,100.0
90L_10NL_3_2,90L_10NL,3,e m e ɾ ç ˈe ɾ,V;IND;PRS;1;SG,55,55,100.0
90L_10NL_3_3,90L_10NL,3,e m e ɾ ç ˈe ɾ,V;IND;PRS;1;SG,55,55,100.0
90L_10NL_3_4,90L_10NL,3,e m e ɾ ç ˈe ɾ,V;IND;PRS;1;SG,55,55,100.0
90L_10NL_3_1,90L_10NL,3,e m e ɾ ç ˈe ɾ,V;IND;PRS;2;PL,55,55,100.0
90L_10NL_3_2,90L_10NL,3,e m e ɾ ç ˈe ɾ,V;IND;PRS;2;PL,55,55,100.0
90L_10NL_3_3,90L_10NL,3,e m e ɾ ç ˈe ɾ,V;IND;PRS;2;PL,55,55,100.0
90L_10NL_3_4,90L_10NL,3,e m e ɾ ç ˈe ɾ,V;IND;PRS;2;PL,55,55,100.0
90L_10NL_3_1,90L_10NL,3,e m e ɾ ç ˈe ɾ,V;IND;PRS;2;SG,55,55,100.0
90L_10NL_3_2,90L_10NL,3,e m e ɾ ç ˈe ɾ,V;IND;PRS;2;SG,55,55,100.0
90L_10NL_3_3,90L_10NL,3,e m e ɾ ç ˈe ɾ,V;IND;PRS;2;SG,55,55,100.0
90L_10NL_3_4,90L_10NL,3,e m e ɾ ç ˈe ɾ,V;IND;PRS;2;SG,55,55,100.0
90L_10NL_3_1,90L_10NL,3,e m e ɾ ç ˈe ɾ,V;IND;PRS;3;PL,55,55,100.0
90L_10NL_3_2,90L_10NL,3,e m e ɾ ç ˈe ɾ,V;IND;PRS;3;PL,55,55,100.0
90L_10NL_3_3,90L_10NL,3,e m e ɾ ç ˈe ɾ,V;IND;PRS;3;PL,55,55,100.0
90L_10NL_3_4,90L_10NL,3,e m e ɾ ç ˈe ɾ,V;IND;PRS;3;PL,55,55,100.0
90L_10NL_3_1,90L_10NL,3,e m e ɾ ç ˈe ɾ,V;IND;PRS;3;SG,55,55,100.0
90L_10NL_3_2,90L_10NL,3,e m e ɾ ç ˈe ɾ,V;IND;PRS;3;SG,55,55,100.0
90L_10NL_3_3,90L_10NL,3,e m e ɾ ç ˈe ɾ,V;IND;PRS;3;SG,55,55,100.0
90L_10NL_3_4,90L_10NL,3,e m e ɾ ç ˈe ɾ,V;IND;PRS;3;SG,55,55,100.0
90L_10NL_3_1,90L_10NL,3,e m e ɾ ç ˈe ɾ,V;SBJV;PRS;1;PL,55,55,100.0
90L_10NL_3_2,90L_10NL,3,e m e ɾ ç ˈe ɾ,V;SBJV;PRS;1;PL,55,55,100.0
90L_10NL_3_3,90L_10NL,3,e m e ɾ ç ˈe ɾ,V;SBJV;PRS;1;PL,55,55,100.0
90L_10NL_3_4,90L_10NL,3,e m e ɾ ç ˈe ɾ,V;SBJV;PRS;1;PL,55,55,100.0
90L_10NL_3_1,90L_10NL,3,e m e ɾ ç ˈe ɾ,V;SBJV;PRS;1;SG,55,55,100.0
90L_10NL_3_2,90L_10NL,3,e m e ɾ ç ˈe ɾ,V;SBJV;PRS;1;SG,55,55,100.0
90L_10NL_3_3,90L_10NL,3,e m e ɾ ç ˈe ɾ,V;SBJV;PRS;1;SG,55,55,100.0
90L_10NL_3_4,90L_10NL,3,e m e ɾ ç ˈe ɾ,V;SBJV;PRS;1;SG,55,55,100.0
90L_10NL_3_1,90L_10NL,3,e m e ɾ ç ˈe ɾ,V;SBJV;PRS;2;PL,55,55,100.0
90L_10NL_3_2,90L_10NL,3,e m e ɾ ç ˈe ɾ,V;SBJV;PRS;2;PL,55,55,100.0
90L_10NL_3_3,90L_10NL,3,e m e ɾ ç ˈe ɾ,V;SBJV;PRS;2;PL,55,55,100.0
90L_10NL_3_4,90L_10NL,3,e m e ɾ ç ˈe ɾ,V;SBJV;PRS;2;PL,55,55,100.0
90L_10NL_3_1,90L_10NL,3,e m e ɾ ç ˈe ɾ,V;SBJV;PRS;2;SG,55,55,100.0
90L_10NL_3_2,90L_10NL,3,e m e ɾ ç ˈe ɾ,V;SBJV;PRS;2;SG,55,55,100.0
90L_10NL_3_3,90L_10NL,3,e m e ɾ ç ˈe ɾ,V;SBJV;PRS;2;SG,55,55,100.0
90L_10NL_3_4,90L_10NL,3,e m e ɾ ç ˈe ɾ,V;SBJV;PRS;2;SG,55,55,100.0
90L_10NL_3_1,90L_10NL,3,e m e ɾ ç ˈe ɾ,V;SBJV;PRS;3;PL,55,55,100.0
90L_10NL_3_2,90L_10NL,3,e m e ɾ ç ˈe ɾ,V;SBJV;PRS;3;PL,55,55,100.0
90L_10NL_3_3,90L_10NL,3,e m e ɾ ç ˈe ɾ,V;SBJV;PRS;3;PL,55,55,100.0
90L_10NL_3_4,90L_10NL,3,e m e ɾ ç ˈe ɾ,V;SBJV;PRS;3;PL,55,55,100.0
90L_10NL_3_1,90L_10NL,3,e m e ɾ ç ˈe ɾ,V;SBJV;PRS;3;SG,55,55,100.0
90L_10NL_3_2,90L_10NL,3,e m e ɾ ç ˈe ɾ,V;SBJV;PRS;3;SG,55,55,100.0
90L_10NL_3_3,90L_10NL,3,e m e ɾ ç ˈe ɾ,V;SBJV;PRS;3;SG,55,55,100.0
90L_10NL_3_4,90L_10NL,3,e m e ɾ ç ˈe ɾ,V;SBJV;PRS;3;SG,55,55,100.0
90L_10NL_3_1,90L_10NL,3,e n a ɾ d e s ˈe ɾ,V;IND;PRS;1;PL,55,55,100.0
90L_10NL_3_2,90L_10NL,3,e n a ɾ d e s ˈe ɾ,V;IND;PRS;1;PL,55,55,100.0
90L_10NL_3_3,90L_10NL,3,e n a ɾ d e s ˈe ɾ,V;IND;PRS;1;PL,55,55,100.0
90L_10NL_3_4,90L_10NL,3,e n a ɾ d e s ˈe ɾ,V;IND;PRS;1;PL,55,55,100.0
90L_10NL_3_1,90L_10NL,3,e n a ɾ d e s ˈe ɾ,V;IND;PRS;1;SG,55,55,100.0
90L_10NL_3_2,90L_10NL,3,e n a ɾ d e s ˈe ɾ,V;IND;PRS;1;SG,55,55,100.0
90L_10NL_3_3,90L_10NL,3,e n a ɾ d e s ˈe ɾ,V;IND;PRS;1;SG,55,55,100.0
90L_10NL_3_4,90L_10NL,3,e n a ɾ d e s ˈe ɾ,V;IND;PRS;1;SG,55,55,100.0
90L_10NL_3_1,90L_10NL,3,e n a ɾ d e s ˈe ɾ,V;IND;PRS;2;PL,55,55,100.0
90L_10NL_3_2,90L_10NL,3,e n a ɾ d e s ˈe ɾ,V;IND;PRS;2;PL,55,55,100.0
90L_10NL_3_3,90L_10NL,3,e n a ɾ d e s ˈe ɾ,V;IND;PRS;2;PL,55,55,100.0
90L_10NL_3_4,90L_10NL,3,e n a ɾ d e s ˈe ɾ,V;IND;PRS;2;PL,55,55,100.0
90L_10NL_3_1,90L_10NL,3,e n a ɾ d e s ˈe ɾ,V;IND;PRS;2;SG,55,55,100.0
90L_10NL_3_2,90L_10NL,3,e n a ɾ d e s ˈe ɾ,V;IND;PRS;2;SG,55,55,100.0
90L_10NL_3_3,90L_10NL,3,e n a ɾ d e s ˈe ɾ,V;IND;PRS;2;SG,55,55,100.0
90L_10NL_3_4,90L_10NL,3,e n a ɾ d e s ˈe ɾ,V;IND;PRS;2;SG,55,55,100.0
90L_10NL_3_1,90L_10NL,3,e n a ɾ d e s ˈe ɾ,V;IND;PRS;3;PL,55,55,100.0
90L_10NL_3_2,90L_10NL,3,e n a ɾ d e s ˈe ɾ,V;IND;PRS;3;PL,55,55,100.0
90L_10NL_3_3,90L_10NL,3,e n a ɾ d e s ˈe ɾ,V;IND;PRS;3;PL,55,55,100.0
90L_10NL_3_4,90L_10NL,3,e n a ɾ d e s ˈe ɾ,V;IND;PRS;3;PL,55,55,100.0
90L_10NL_3_1,90L_10NL,3,e n a ɾ d e s ˈe ɾ,V;IND;PRS;3;SG,55,55,100.0
90L_10NL_3_2,90L_10NL,3,e n a ɾ d e s ˈe ɾ,V;IND;PRS;3;SG,55,55,100.0
90L_10NL_3_3,90L_10NL,3,e n a ɾ d e s ˈe ɾ,V;IND;PRS;3;SG,55,55,100.0
90L_10NL_3_4,90L_10NL,3,e n a ɾ d e s ˈe ɾ,V;IND;PRS;3;SG,55,55,100.0
90L_10NL_3_1,90L_10NL,3,e n a ɾ d e s ˈe ɾ,V;SBJV;PRS;1;PL,55,55,100.0
90L_10NL_3_2,90L_10NL,3,e n a ɾ d e s ˈe ɾ,V;SBJV;PRS;1;PL,55,55,100.0
90L_10NL_3_3,90L_10NL,3,e n a ɾ d e s ˈe ɾ,V;SBJV;PRS;1;PL,55,55,100.0
90L_10NL_3_4,90L_10NL,3,e n a ɾ d e s ˈe ɾ,V;SBJV;PRS;1;PL,55,55,100.0
90L_10NL_3_1,90L_10NL,3,e n a ɾ d e s ˈe ɾ,V;SBJV;PRS;1;SG,55,55,100.0
90L_10NL_3_2,90L_10NL,3,e n a ɾ d e s ˈe ɾ,V;SBJV;PRS;1;SG,55,55,100.0
90L_10NL_3_3,90L_10NL,3,e n a ɾ d e s ˈe ɾ,V;SBJV;PRS;1;SG,55,55,100.0
90L_10NL_3_4,90L_10NL,3,e n a ɾ d e s ˈe ɾ,V;SBJV;PRS;1;SG,55,55,100.0
90L_10NL_3_1,90L_10NL,3,e n a ɾ d e s ˈe ɾ,V;SBJV;PRS;2;PL,55,55,100.0
90L_10NL_3_2,90L_10NL,3,e n a ɾ d e s ˈe ɾ,V;SBJV;PRS;2;PL,55,55,100.0
90L_10NL_3_3,90L_10NL,3,e n a ɾ d e s ˈe ɾ,V;SBJV;PRS;2;PL,55,55,100.0
90L_10NL_3_4,90L_10NL,3,e n a ɾ d e s ˈe ɾ,V;SBJV;PRS;2;PL,55,55,100.0
90L_10NL_3_1,90L_10NL,3,e n a ɾ d e s ˈe ɾ,V;SBJV;PRS;2;SG,55,55,100.0
90L_10NL_3_2,90L_10NL,3,e n a ɾ d e s ˈe ɾ,V;SBJV;PRS;2;SG,55,55,100.0
90L_10NL_3_3,90L_10NL,3,e n a ɾ d e s ˈe ɾ,V;SBJV;PRS;2;SG,55,55,100.0
90L_10NL_3_4,90L_10NL,3,e n a ɾ d e s ˈe ɾ,V;SBJV;PRS;2;SG,55,55,100.0
90L_10NL_3_1,90L_10NL,3,e n a ɾ d e s ˈe ɾ,V;SBJV;PRS;3;PL,55,55,100.0
90L_10NL_3_2,90L_10NL,3,e n a ɾ d e s ˈe ɾ,V;SBJV;PRS;3;PL,55,55,100.0
90L_10NL_3_3,90L_10NL,3,e n a ɾ d e s ˈe ɾ,V;SBJV;PRS;3;PL,55,55,100.0
90L_10NL_3_4,90L_10NL,3,e n a ɾ d e s ˈe ɾ,V;SBJV;PRS;3;PL,55,55,100.0
90L_10NL_3_1,90L_10NL,3,e n a ɾ d e s ˈe ɾ,V;SBJV;PRS;3;SG,55,55,100.0
90L_10NL_3_2,90L_10NL,3,e n a ɾ d e s ˈe ɾ,V;SBJV;PRS;3;SG,55,55,100.0
90L_10NL_3_3,90L_10NL,3,e n a ɾ d e s ˈe ɾ,V;SBJV;PRS;3;SG,55,55,100.0
90L_10NL_3_4,90L_10NL,3,e n a ɾ d e s ˈe ɾ,V;SBJV;PRS;3;SG,55,55,100.0
90L_10NL_3_1,90L_10NL,3,e n b a n e s ˈe ɾ,V;IND;PRS;1;PL,55,55,100.0
90L_10NL_3_2,90L_10NL,3,e n b a n e s ˈe ɾ,V;IND;PRS;1;PL,55,55,100.0
90L_10NL_3_3,90L_10NL,3,e n b a n e s ˈe ɾ,V;IND;PRS;1;PL,55,55,100.0
90L_10NL_3_4,90L_10NL,3,e n b a n e s ˈe ɾ,V;IND;PRS;1;PL,55,55,100.0
90L_10NL_3_1,90L_10NL,3,e n b a n e s ˈe ɾ,V;IND;PRS;1;SG,55,55,100.0
90L_10NL_3_2,90L_10NL,3,e n b a n e s ˈe ɾ,V;IND;PRS;1;SG,55,55,100.0
90L_10NL_3_3,90L_10NL,3,e n b a n e s ˈe ɾ,V;IND;PRS;1;SG,55,55,100.0
90L_10NL_3_4,90L_10NL,3,e n b a n e s ˈe ɾ,V;IND;PRS;1;SG,55,55,100.0
90L_10NL_3_1,90L_10NL,3,e n b a n e s ˈe ɾ,V;IND;PRS;2;PL,55,55,100.0
90L_10NL_3_2,90L_10NL,3,e n b a n e s ˈe ɾ,V;IND;PRS;2;PL,55,55,100.0
90L_10NL_3_3,90L_10NL,3,e n b a n e s ˈe ɾ,V;IND;PRS;2;PL,55,55,100.0
90L_10NL_3_4,90L_10NL,3,e n b a n e s ˈe ɾ,V;IND;PRS;2;PL,55,55,100.0
90L_10NL_3_1,90L_10NL,3,e n b a n e s ˈe ɾ,V;IND;PRS;2;SG,55,55,100.0
90L_10NL_3_2,90L_10NL,3,e n b a n e s ˈe ɾ,V;IND;PRS;2;SG,55,55,100.0
90L_10NL_3_3,90L_10NL,3,e n b a n e s ˈe ɾ,V;IND;PRS;2;SG,55,55,100.0
90L_10NL_3_4,90L_10NL,3,e n b a n e s ˈe ɾ,V;IND;PRS;2;SG,55,55,100.0
90L_10NL_3_1,90L_10NL,3,e n b a n e s ˈe ɾ,V;IND;PRS;3;PL,55,55,100.0
90L_10NL_3_2,90L_10NL,3,e n b a n e s ˈe ɾ,V;IND;PRS;3;PL,55,55,100.0
90L_10NL_3_3,90L_10NL,3,e n b a n e s ˈe ɾ,V;IND;PRS;3;PL,55,55,100.0
90L_10NL_3_4,90L_10NL,3,e n b a n e s ˈe ɾ,V;IND;PRS;3;PL,55,55,100.0
90L_10NL_3_1,90L_10NL,3,e n b a n e s ˈe ɾ,V;IND;PRS;3;SG,55,55,100.0
90L_10NL_3_2,90L_10NL,3,e n b a n e s ˈe ɾ,V;IND;PRS;3;SG,55,55,100.0
90L_10NL_3_3,90L_10NL,3,e n b a n e s ˈe ɾ,V;IND;PRS;3;SG,55,55,100.0
90L_10NL_3_4,90L_10NL,3,e n b a n e s ˈe ɾ,V;IND;PRS;3;SG,55,55,100.0
90L_10NL_3_1,90L_10NL,3,e n b a n e s ˈe ɾ,V;SBJV;PRS;1;PL,55,55,100.0
90L_10NL_3_2,90L_10NL,3,e n b a n e s ˈe ɾ,V;SBJV;PRS;1;PL,55,55,100.0
90L_10NL_3_3,90L_10NL,3,e n b a n e s ˈe ɾ,V;SBJV;PRS;1;PL,55,55,100.0
90L_10NL_3_4,90L_10NL,3,e n b a n e s ˈe ɾ,V;SBJV;PRS;1;PL,55,55,100.0
90L_10NL_3_1,90L_10NL,3,e n b a n e s ˈe ɾ,V;SBJV;PRS;1;SG,55,55,100.0
90L_10NL_3_2,90L_10NL,3,e n b a n e s ˈe ɾ,V;SBJV;PRS;1;SG,55,55,100.0
90L_10NL_3_3,90L_10NL,3,e n b a n e s ˈe ɾ,V;SBJV;PRS;1;SG,55,55,100.0
90L_10NL_3_4,90L_10NL,3,e n b a n e s ˈe ɾ,V;SBJV;PRS;1;SG,55,55,100.0
90L_10NL_3_1,90L_10NL,3,e n b a n e s ˈe ɾ,V;SBJV;PRS;2;PL,55,55,100.0
90L_10NL_3_2,90L_10NL,3,e n b a n e s ˈe ɾ,V;SBJV;PRS;2;PL,55,55,100.0
90L_10NL_3_3,90L_10NL,3,e n b a n e s ˈe ɾ,V;SBJV;PRS;2;PL,55,55,100.0
90L_10NL_3_4,90L_10NL,3,e n b a n e s ˈe ɾ,V;SBJV;PRS;2;PL,55,55,100.0
90L_10NL_3_1,90L_10NL,3,e n b a n e s ˈe ɾ,V;SBJV;PRS;2;SG,55,55,100.0
90L_10NL_3_2,90L_10NL,3,e n b a n e s ˈe ɾ,V;SBJV;PRS;2;SG,55,55,100.0
90L_10NL_3_3,90L_10NL,3,e n b a n e s ˈe ɾ,V;SBJV;PRS;2;SG,55,55,100.0
90L_10NL_3_4,90L_10NL,3,e n b a n e s ˈe ɾ,V;SBJV;PRS;2;SG,55,55,100.0
90L_10NL_3_1,90L_10NL,3,e n b a n e s ˈe ɾ,V;SBJV;PRS;3;PL,55,55,100.0
90L_10NL_3_2,90L_10NL,3,e n b a n e s ˈe ɾ,V;SBJV;PRS;3;PL,55,55,100.0
90L_10NL_3_3,90L_10NL,3,e n b a n e s ˈe ɾ,V;SBJV;PRS;3;PL,55,55,100.0
90L_10NL_3_4,90L_10NL,3,e n b a n e s ˈe ɾ,V;SBJV;PRS;3;PL,55,55,100.0
90L_10NL_3_1,90L_10NL,3,e n b a n e s ˈe ɾ,V;SBJV;PRS;3;SG,55,55,100.0
90L_10NL_3_2,90L_10NL,3,e n b a n e s ˈe ɾ,V;SBJV;PRS;3;SG,55,55,100.0
90L_10NL_3_3,90L_10NL,3,e n b a n e s ˈe ɾ,V;SBJV;PRS;3;SG,55,55,100.0
90L_10NL_3_4,90L_10NL,3,e n b a n e s ˈe ɾ,V;SBJV;PRS;3;SG,55,55,100.0
90L_10NL_3_1,90L_10NL,3,e n f u ɾ e s ˈe ɾ,V;IND;PRS;1;PL,55,55,100.0
90L_10NL_3_2,90L_10NL,3,e n f u ɾ e s ˈe ɾ,V;IND;PRS;1;PL,55,55,100.0
90L_10NL_3_3,90L_10NL,3,e n f u ɾ e s ˈe ɾ,V;IND;PRS;1;PL,55,55,100.0
90L_10NL_3_4,90L_10NL,3,e n f u ɾ e s ˈe ɾ,V;IND;PRS;1;PL,55,55,100.0
90L_10NL_3_1,90L_10NL,3,e n f u ɾ e s ˈe ɾ,V;IND;PRS;1;SG,55,55,100.0
90L_10NL_3_2,90L_10NL,3,e n f u ɾ e s ˈe ɾ,V;IND;PRS;1;SG,55,55,100.0
90L_10NL_3_3,90L_10NL,3,e n f u ɾ e s ˈe ɾ,V;IND;PRS;1;SG,55,55,100.0
90L_10NL_3_4,90L_10NL,3,e n f u ɾ e s ˈe ɾ,V;IND;PRS;1;SG,55,55,100.0
90L_10NL_3_1,90L_10NL,3,e n f u ɾ e s ˈe ɾ,V;IND;PRS;2;PL,55,55,100.0
90L_10NL_3_2,90L_10NL,3,e n f u ɾ e s ˈe ɾ,V;IND;PRS;2;PL,55,55,100.0
90L_10NL_3_3,90L_10NL,3,e n f u ɾ e s ˈe ɾ,V;IND;PRS;2;PL,55,55,100.0
90L_10NL_3_4,90L_10NL,3,e n f u ɾ e s ˈe ɾ,V;IND;PRS;2;PL,55,55,100.0
90L_10NL_3_1,90L_10NL,3,e n f u ɾ e s ˈe ɾ,V;IND;PRS;2;SG,55,55,100.0
90L_10NL_3_2,90L_10NL,3,e n f u ɾ e s ˈe ɾ,V;IND;PRS;2;SG,55,55,100.0
90L_10NL_3_3,90L_10NL,3,e n f u ɾ e s ˈe ɾ,V;IND;PRS;2;SG,55,55,100.0
90L_10NL_3_4,90L_10NL,3,e n f u ɾ e s ˈe ɾ,V;IND;PRS;2;SG,55,55,100.0
90L_10NL_3_1,90L_10NL,3,e n f u ɾ e s ˈe ɾ,V;IND;PRS;3;PL,55,55,100.0
90L_10NL_3_2,90L_10NL,3,e n f u ɾ e s ˈe ɾ,V;IND;PRS;3;PL,55,55,100.0
90L_10NL_3_3,90L_10NL,3,e n f u ɾ e s ˈe ɾ,V;IND;PRS;3;PL,55,55,100.0
90L_10NL_3_4,90L_10NL,3,e n f u ɾ e s ˈe ɾ,V;IND;PRS;3;PL,55,55,100.0
90L_10NL_3_1,90L_10NL,3,e n f u ɾ e s ˈe ɾ,V;IND;PRS;3;SG,55,55,100.0
90L_10NL_3_2,90L_10NL,3,e n f u ɾ e s ˈe ɾ,V;IND;PRS;3;SG,55,55,100.0
90L_10NL_3_3,90L_10NL,3,e n f u ɾ e s ˈe ɾ,V;IND;PRS;3;SG,55,55,100.0
90L_10NL_3_4,90L_10NL,3,e n f u ɾ e s ˈe ɾ,V;IND;PRS;3;SG,55,55,100.0
90L_10NL_3_1,90L_10NL,3,e n f u ɾ e s ˈe ɾ,V;SBJV;PRS;1;PL,55,55,100.0
90L_10NL_3_2,90L_10NL,3,e n f u ɾ e s ˈe ɾ,V;SBJV;PRS;1;PL,55,55,100.0
90L_10NL_3_3,90L_10NL,3,e n f u ɾ e s ˈe ɾ,V;SBJV;PRS;1;PL,55,55,100.0
90L_10NL_3_4,90L_10NL,3,e n f u ɾ e s ˈe ɾ,V;SBJV;PRS;1;PL,55,55,100.0
90L_10NL_3_1,90L_10NL,3,e n f u ɾ e s ˈe ɾ,V;SBJV;PRS;1;SG,55,55,100.0
90L_10NL_3_2,90L_10NL,3,e n f u ɾ e s ˈe ɾ,V;SBJV;PRS;1;SG,55,55,100.0
90L_10NL_3_3,90L_10NL,3,e n f u ɾ e s ˈe ɾ,V;SBJV;PRS;1;SG,55,55,100.0
90L_10NL_3_4,90L_10NL,3,e n f u ɾ e s ˈe ɾ,V;SBJV;PRS;1;SG,55,55,100.0
90L_10NL_3_1,90L_10NL,3,e n f u ɾ e s ˈe ɾ,V;SBJV;PRS;2;PL,55,55,100.0
90L_10NL_3_2,90L_10NL,3,e n f u ɾ e s ˈe ɾ,V;SBJV;PRS;2;PL,55,55,100.0
90L_10NL_3_3,90L_10NL,3,e n f u ɾ e s ˈe ɾ,V;SBJV;PRS;2;PL,55,55,100.0
90L_10NL_3_4,90L_10NL,3,e n f u ɾ e s ˈe ɾ,V;SBJV;PRS;2;PL,55,55,100.0
90L_10NL_3_1,90L_10NL,3,e n f u ɾ e s ˈe ɾ,V;SBJV;PRS;2;SG,55,55,100.0
90L_10NL_3_2,90L_10NL,3,e n f u ɾ e s ˈe ɾ,V;SBJV;PRS;2;SG,55,55,100.0
90L_10NL_3_3,90L_10NL,3,e n f u ɾ e s ˈe ɾ,V;SBJV;PRS;2;SG,55,55,100.0
90L_10NL_3_4,90L_10NL,3,e n f u ɾ e s ˈe ɾ,V;SBJV;PRS;2;SG,55,55,100.0
90L_10NL_3_1,90L_10NL,3,e n f u ɾ e s ˈe ɾ,V;SBJV;PRS;3;PL,55,55,100.0
90L_10NL_3_2,90L_10NL,3,e n f u ɾ e s ˈe ɾ,V;SBJV;PRS;3;PL,55,55,100.0
90L_10NL_3_3,90L_10NL,3,e n f u ɾ e s ˈe ɾ,V;SBJV;PRS;3;PL,55,55,100.0
90L_10NL_3_4,90L_10NL,3,e n f u ɾ e s ˈe ɾ,V;SBJV;PRS;3;PL,55,55,100.0
90L_10NL_3_1,90L_10NL,3,e n f u ɾ e s ˈe ɾ,V;SBJV;PRS;3;SG,55,55,100.0
90L_10NL_3_2,90L_10NL,3,e n f u ɾ e s ˈe ɾ,V;SBJV;PRS;3;SG,55,55,100.0
90L_10NL_3_3,90L_10NL,3,e n f u ɾ e s ˈe ɾ,V;SBJV;PRS;3;SG,55,55,100.0
90L_10NL_3_4,90L_10NL,3,e n f u ɾ e s ˈe ɾ,V;SBJV;PRS;3;SG,55,55,100.0
90L_10NL_3_1,90L_10NL,3,e n l u s ˈi ɾ,V;IND;PRS;1;PL,55,55,100.0
90L_10NL_3_2,90L_10NL,3,e n l u s ˈi ɾ,V;IND;PRS;1;PL,55,55,100.0
90L_10NL_3_3,90L_10NL,3,e n l u s ˈi ɾ,V;IND;PRS;1;PL,55,55,100.0
90L_10NL_3_4,90L_10NL,3,e n l u s ˈi ɾ,V;IND;PRS;1;PL,55,55,100.0
90L_10NL_3_1,90L_10NL,3,e n l u s ˈi ɾ,V;IND;PRS;1;SG,55,55,100.0
90L_10NL_3_2,90L_10NL,3,e n l u s ˈi ɾ,V;IND;PRS;1;SG,55,55,100.0
90L_10NL_3_3,90L_10NL,3,e n l u s ˈi ɾ,V;IND;PRS;1;SG,55,55,100.0
90L_10NL_3_4,90L_10NL,3,e n l u s ˈi ɾ,V;IND;PRS;1;SG,55,55,100.0
90L_10NL_3_1,90L_10NL,3,e n l u s ˈi ɾ,V;IND;PRS;2;PL,55,55,100.0
90L_10NL_3_2,90L_10NL,3,e n l u s ˈi ɾ,V;IND;PRS;2;PL,55,55,100.0
90L_10NL_3_3,90L_10NL,3,e n l u s ˈi ɾ,V;IND;PRS;2;PL,55,55,100.0
90L_10NL_3_4,90L_10NL,3,e n l u s ˈi ɾ,V;IND;PRS;2;PL,55,55,100.0
90L_10NL_3_1,90L_10NL,3,e n l u s ˈi ɾ,V;IND;PRS;2;SG,55,55,100.0
90L_10NL_3_2,90L_10NL,3,e n l u s ˈi ɾ,V;IND;PRS;2;SG,55,55,100.0
90L_10NL_3_3,90L_10NL,3,e n l u s ˈi ɾ,V;IND;PRS;2;SG,55,55,100.0
90L_10NL_3_4,90L_10NL,3,e n l u s ˈi ɾ,V;IND;PRS;2;SG,55,55,100.0
90L_10NL_3_1,90L_10NL,3,e n l u s ˈi ɾ,V;IND;PRS;3;PL,55,55,100.0
90L_10NL_3_2,90L_10NL,3,e n l u s ˈi ɾ,V;IND;PRS;3;PL,55,55,100.0
90L_10NL_3_3,90L_10NL,3,e n l u s ˈi ɾ,V;IND;PRS;3;PL,55,55,100.0
90L_10NL_3_4,90L_10NL,3,e n l u s ˈi ɾ,V;IND;PRS;3;PL,55,55,100.0
90L_10NL_3_1,90L_10NL,3,e n l u s ˈi ɾ,V;IND;PRS;3;SG,55,55,100.0
90L_10NL_3_2,90L_10NL,3,e n l u s ˈi ɾ,V;IND;PRS;3;SG,55,55,100.0
90L_10NL_3_3,90L_10NL,3,e n l u s ˈi ɾ,V;IND;PRS;3;SG,55,55,100.0
90L_10NL_3_4,90L_10NL,3,e n l u s ˈi ɾ,V;IND;PRS;3;SG,55,55,100.0
90L_10NL_3_1,90L_10NL,3,e n l u s ˈi ɾ,V;SBJV;PRS;1;PL,55,55,100.0
90L_10NL_3_2,90L_10NL,3,e n l u s ˈi ɾ,V;SBJV;PRS;1;PL,55,55,100.0
90L_10NL_3_3,90L_10NL,3,e n l u s ˈi ɾ,V;SBJV;PRS;1;PL,55,55,100.0
90L_10NL_3_4,90L_10NL,3,e n l u s ˈi ɾ,V;SBJV;PRS;1;PL,55,55,100.0
90L_10NL_3_1,90L_10NL,3,e n l u s ˈi ɾ,V;SBJV;PRS;1;SG,55,55,100.0
90L_10NL_3_2,90L_10NL,3,e n l u s ˈi ɾ,V;SBJV;PRS;1;SG,55,55,100.0
90L_10NL_3_3,90L_10NL,3,e n l u s ˈi ɾ,V;SBJV;PRS;1;SG,55,55,100.0
90L_10NL_3_4,90L_10NL,3,e n l u s ˈi ɾ,V;SBJV;PRS;1;SG,55,55,100.0
90L_10NL_3_1,90L_10NL,3,e n l u s ˈi ɾ,V;SBJV;PRS;2;PL,55,55,100.0
90L_10NL_3_2,90L_10NL,3,e n l u s ˈi ɾ,V;SBJV;PRS;2;PL,55,55,100.0
90L_10NL_3_3,90L_10NL,3,e n l u s ˈi ɾ,V;SBJV;PRS;2;PL,55,55,100.0
90L_10NL_3_4,90L_10NL,3,e n l u s ˈi ɾ,V;SBJV;PRS;2;PL,55,55,100.0
90L_10NL_3_1,90L_10NL,3,e n l u s ˈi ɾ,V;SBJV;PRS;2;SG,55,55,100.0
90L_10NL_3_2,90L_10NL,3,e n l u s ˈi ɾ,V;SBJV;PRS;2;SG,55,55,100.0
90L_10NL_3_3,90L_10NL,3,e n l u s ˈi ɾ,V;SBJV;PRS;2;SG,55,55,100.0
90L_10NL_3_4,90L_10NL,3,e n l u s ˈi ɾ,V;SBJV;PRS;2;SG,55,55,100.0
90L_10NL_3_1,90L_10NL,3,e n l u s ˈi ɾ,V;SBJV;PRS;3;PL,55,55,100.0
90L_10NL_3_2,90L_10NL,3,e n l u s ˈi ɾ,V;SBJV;PRS;3;PL,55,55,100.0
90L_10NL_3_3,90L_10NL,3,e n l u s ˈi ɾ,V;SBJV;PRS;3;PL,55,55,100.0
90L_10NL_3_4,90L_10NL,3,e n l u s ˈi ɾ,V;SBJV;PRS;3;PL,55,55,100.0
90L_10NL_3_1,90L_10NL,3,e n l u s ˈi ɾ,V;SBJV;PRS;3;SG,55,55,100.0
90L_10NL_3_2,90L_10NL,3,e n l u s ˈi ɾ,V;SBJV;PRS;3;SG,55,55,100.0
90L_10NL_3_3,90L_10NL,3,e n l u s ˈi ɾ,V;SBJV;PRS;3;SG,55,55,100.0
90L_10NL_3_4,90L_10NL,3,e n l u s ˈi ɾ,V;SBJV;PRS;3;SG,55,55,100.0
90L_10NL_3_1,90L_10NL,3,e n m o e s ˈe ɾ,V;IND;PRS;1;PL,55,55,100.0
90L_10NL_3_2,90L_10NL,3,e n m o e s ˈe ɾ,V;IND;PRS;1;PL,55,55,100.0
90L_10NL_3_3,90L_10NL,3,e n m o e s ˈe ɾ,V;IND;PRS;1;PL,0,55,0.0
90L_10NL_3_4,90L_10NL,3,e n m o e s ˈe ɾ,V;IND;PRS;1;PL,4,55,7.27
90L_10NL_3_1,90L_10NL,3,e n m o e s ˈe ɾ,V;IND;PRS;1;SG,55,55,100.0
90L_10NL_3_2,90L_10NL,3,e n m o e s ˈe ɾ,V;IND;PRS;1;SG,55,55,100.0
90L_10NL_3_3,90L_10NL,3,e n m o e s ˈe ɾ,V;IND;PRS;1;SG,0,55,0.0
90L_10NL_3_4,90L_10NL,3,e n m o e s ˈe ɾ,V;IND;PRS;1;SG,10,55,18.18
90L_10NL_3_1,90L_10NL,3,e n m o e s ˈe ɾ,V;IND;PRS;2;PL,55,55,100.0
90L_10NL_3_2,90L_10NL,3,e n m o e s ˈe ɾ,V;IND;PRS;2;PL,55,55,100.0
90L_10NL_3_3,90L_10NL,3,e n m o e s ˈe ɾ,V;IND;PRS;2;PL,0,55,0.0
90L_10NL_3_4,90L_10NL,3,e n m o e s ˈe ɾ,V;IND;PRS;2;PL,0,55,0.0
90L_10NL_3_1,90L_10NL,3,e n m o e s ˈe ɾ,V;IND;PRS;2;SG,55,55,100.0
90L_10NL_3_2,90L_10NL,3,e n m o e s ˈe ɾ,V;IND;PRS;2;SG,55,55,100.0
90L_10NL_3_3,90L_10NL,3,e n m o e s ˈe ɾ,V;IND;PRS;2;SG,0,55,0.0
90L_10NL_3_4,90L_10NL,3,e n m o e s ˈe ɾ,V;IND;PRS;2;SG,1,55,1.82
90L_10NL_3_1,90L_10NL,3,e n m o e s ˈe ɾ,V;IND;PRS;3;PL,55,55,100.0
90L_10NL_3_2,90L_10NL,3,e n m o e s ˈe ɾ,V;IND;PRS;3;PL,55,55,100.0
90L_10NL_3_3,90L_10NL,3,e n m o e s ˈe ɾ,V;IND;PRS;3;PL,0,55,0.0
90L_10NL_3_4,90L_10NL,3,e n m o e s ˈe ɾ,V;IND;PRS;3;PL,9,55,16.36
90L_10NL_3_1,90L_10NL,3,e n m o e s ˈe ɾ,V;IND;PRS;3;SG,55,55,100.0
90L_10NL_3_2,90L_10NL,3,e n m o e s ˈe ɾ,V;IND;PRS;3;SG,55,55,100.0
90L_10NL_3_3,90L_10NL,3,e n m o e s ˈe ɾ,V;IND;PRS;3;SG,2,55,3.64
90L_10NL_3_4,90L_10NL,3,e n m o e s ˈe ɾ,V;IND;PRS;3;SG,7,55,12.73
90L_10NL_3_1,90L_10NL,3,e n m o e s ˈe ɾ,V;SBJV;PRS;1;PL,54,55,98.18
90L_10NL_3_2,90L_10NL,3,e n m o e s ˈe ɾ,V;SBJV;PRS;1;PL,51,55,92.73
90L_10NL_3_3,90L_10NL,3,e n m o e s ˈe ɾ,V;SBJV;PRS;1;PL,0,55,0.0
90L_10NL_3_4,90L_10NL,3,e n m o e s ˈe ɾ,V;SBJV;PRS;1;PL,0,55,0.0
90L_10NL_3_1,90L_10NL,3,e n m o e s ˈe ɾ,V;SBJV;PRS;1;SG,55,55,100.0
90L_10NL_3_2,90L_10NL,3,e n m o e s ˈe ɾ,V;SBJV;PRS;1;SG,55,55,100.0
90L_10NL_3_3,90L_10NL,3,e n m o e s ˈe ɾ,V;SBJV;PRS;1;SG,0,55,0.0
90L_10NL_3_4,90L_10NL,3,e n m o e s ˈe ɾ,V;SBJV;PRS;1;SG,11,55,20.0
90L_10NL_3_1,90L_10NL,3,e n m o e s ˈe ɾ,V;SBJV;PRS;2;PL,55,55,100.0
90L_10NL_3_2,90L_10NL,3,e n m o e s ˈe ɾ,V;SBJV;PRS;2;PL,52,55,94.55
90L_10NL_3_3,90L_10NL,3,e n m o e s ˈe ɾ,V;SBJV;PRS;2;PL,0,55,0.0
90L_10NL_3_4,90L_10NL,3,e n m o e s ˈe ɾ,V;SBJV;PRS;2;PL,0,55,0.0
90L_10NL_3_1,90L_10NL,3,e n m o e s ˈe ɾ,V;SBJV;PRS;2;SG,55,55,100.0
90L_10NL_3_2,90L_10NL,3,e n m o e s ˈe ɾ,V;SBJV;PRS;2;SG,55,55,100.0
90L_10NL_3_3,90L_10NL,3,e n m o e s ˈe ɾ,V;SBJV;PRS;2;SG,0,55,0.0
90L_10NL_3_4,90L_10NL,3,e n m o e s ˈe ɾ,V;SBJV;PRS;2;SG,10,55,18.18
90L_10NL_3_1,90L_10NL,3,e n m o e s ˈe ɾ,V;SBJV;PRS;3;PL,55,55,100.0
90L_10NL_3_2,90L_10NL,3,e n m o e s ˈe ɾ,V;SBJV;PRS;3;PL,55,55,100.0
90L_10NL_3_3,90L_10NL,3,e n m o e s ˈe ɾ,V;SBJV;PRS;3;PL,0,55,0.0
90L_10NL_3_4,90L_10NL,3,e n m o e s ˈe ɾ,V;SBJV;PRS;3;PL,17,55,30.91
90L_10NL_3_1,90L_10NL,3,e n m o e s ˈe ɾ,V;SBJV;PRS;3;SG,55,55,100.0
90L_10NL_3_2,90L_10NL,3,e n m o e s ˈe ɾ,V;SBJV;PRS;3;SG,55,55,100.0
90L_10NL_3_3,90L_10NL,3,e n m o e s ˈe ɾ,V;SBJV;PRS;3;SG,0,55,0.0
90L_10NL_3_4,90L_10NL,3,e n m o e s ˈe ɾ,V;SBJV;PRS;3;SG,12,55,21.82
90L_10NL_3_1,90L_10NL,3,e n n e ɡ ɾ e s ˈe ɾ,V;IND;PRS;1;PL,55,55,100.0
90L_10NL_3_2,90L_10NL,3,e n n e ɡ ɾ e s ˈe ɾ,V;IND;PRS;1;PL,55,55,100.0
90L_10NL_3_3,90L_10NL,3,e n n e ɡ ɾ e s ˈe ɾ,V;IND;PRS;1;PL,55,55,100.0
90L_10NL_3_4,90L_10NL,3,e n n e ɡ ɾ e s ˈe ɾ,V;IND;PRS;1;PL,55,55,100.0
90L_10NL_3_1,90L_10NL,3,e n n e ɡ ɾ e s ˈe ɾ,V;IND;PRS;1;SG,55,55,100.0
90L_10NL_3_2,90L_10NL,3,e n n e ɡ ɾ e s ˈe ɾ,V;IND;PRS;1;SG,55,55,100.0
90L_10NL_3_3,90L_10NL,3,e n n e ɡ ɾ e s ˈe ɾ,V;IND;PRS;1;SG,55,55,100.0
90L_10NL_3_4,90L_10NL,3,e n n e ɡ ɾ e s ˈe ɾ,V;IND;PRS;1;SG,55,55,100.0
90L_10NL_3_1,90L_10NL,3,e n n e ɡ ɾ e s ˈe ɾ,V;IND;PRS;2;PL,55,55,100.0
90L_10NL_3_2,90L_10NL,3,e n n e ɡ ɾ e s ˈe ɾ,V;IND;PRS;2;PL,55,55,100.0
90L_10NL_3_3,90L_10NL,3,e n n e ɡ ɾ e s ˈe ɾ,V;IND;PRS;2;PL,55,55,100.0
90L_10NL_3_4,90L_10NL,3,e n n e ɡ ɾ e s ˈe ɾ,V;IND;PRS;2;PL,55,55,100.0
90L_10NL_3_1,90L_10NL,3,e n n e ɡ ɾ e s ˈe ɾ,V;IND;PRS;2;SG,55,55,100.0
90L_10NL_3_2,90L_10NL,3,e n n e ɡ ɾ e s ˈe ɾ,V;IND;PRS;2;SG,55,55,100.0
90L_10NL_3_3,90L_10NL,3,e n n e ɡ ɾ e s ˈe ɾ,V;IND;PRS;2;SG,55,55,100.0
90L_10NL_3_4,90L_10NL,3,e n n e ɡ ɾ e s ˈe ɾ,V;IND;PRS;2;SG,55,55,100.0
90L_10NL_3_1,90L_10NL,3,e n n e ɡ ɾ e s ˈe ɾ,V;IND;PRS;3;PL,55,55,100.0
90L_10NL_3_2,90L_10NL,3,e n n e ɡ ɾ e s ˈe ɾ,V;IND;PRS;3;PL,55,55,100.0
90L_10NL_3_3,90L_10NL,3,e n n e ɡ ɾ e s ˈe ɾ,V;IND;PRS;3;PL,55,55,100.0
90L_10NL_3_4,90L_10NL,3,e n n e ɡ ɾ e s ˈe ɾ,V;IND;PRS;3;PL,55,55,100.0
90L_10NL_3_1,90L_10NL,3,e n n e ɡ ɾ e s ˈe ɾ,V;IND;PRS;3;SG,55,55,100.0
90L_10NL_3_2,90L_10NL,3,e n n e ɡ ɾ e s ˈe ɾ,V;IND;PRS;3;SG,55,55,100.0
90L_10NL_3_3,90L_10NL,3,e n n e ɡ ɾ e s ˈe ɾ,V;IND;PRS;3;SG,55,55,100.0
90L_10NL_3_4,90L_10NL,3,e n n e ɡ ɾ e s ˈe ɾ,V;IND;PRS;3;SG,55,55,100.0
90L_10NL_3_1,90L_10NL,3,e n n e ɡ ɾ e s ˈe ɾ,V;SBJV;PRS;1;PL,55,55,100.0
90L_10NL_3_2,90L_10NL,3,e n n e ɡ ɾ e s ˈe ɾ,V;SBJV;PRS;1;PL,55,55,100.0
90L_10NL_3_3,90L_10NL,3,e n n e ɡ ɾ e s ˈe ɾ,V;SBJV;PRS;1;PL,55,55,100.0
90L_10NL_3_4,90L_10NL,3,e n n e ɡ ɾ e s ˈe ɾ,V;SBJV;PRS;1;PL,55,55,100.0
90L_10NL_3_1,90L_10NL,3,e n n e ɡ ɾ e s ˈe ɾ,V;SBJV;PRS;1;SG,55,55,100.0
90L_10NL_3_2,90L_10NL,3,e n n e ɡ ɾ e s ˈe ɾ,V;SBJV;PRS;1;SG,55,55,100.0
90L_10NL_3_3,90L_10NL,3,e n n e ɡ ɾ e s ˈe ɾ,V;SBJV;PRS;1;SG,55,55,100.0
90L_10NL_3_4,90L_10NL,3,e n n e ɡ ɾ e s ˈe ɾ,V;SBJV;PRS;1;SG,55,55,100.0
90L_10NL_3_1,90L_10NL,3,e n n e ɡ ɾ e s ˈe ɾ,V;SBJV;PRS;2;PL,55,55,100.0
90L_10NL_3_2,90L_10NL,3,e n n e ɡ ɾ e s ˈe ɾ,V;SBJV;PRS;2;PL,55,55,100.0
90L_10NL_3_3,90L_10NL,3,e n n e ɡ ɾ e s ˈe ɾ,V;SBJV;PRS;2;PL,55,55,100.0
90L_10NL_3_4,90L_10NL,3,e n n e ɡ ɾ e s ˈe ɾ,V;SBJV;PRS;2;PL,55,55,100.0
90L_10NL_3_1,90L_10NL,3,e n n e ɡ ɾ e s ˈe ɾ,V;SBJV;PRS;2;SG,55,55,100.0
90L_10NL_3_2,90L_10NL,3,e n n e ɡ ɾ e s ˈe ɾ,V;SBJV;PRS;2;SG,55,55,100.0
90L_10NL_3_3,90L_10NL,3,e n n e ɡ ɾ e s ˈe ɾ,V;SBJV;PRS;2;SG,55,55,100.0
90L_10NL_3_4,90L_10NL,3,e n n e ɡ ɾ e s ˈe ɾ,V;SBJV;PRS;2;SG,55,55,100.0
90L_10NL_3_1,90L_10NL,3,e n n e ɡ ɾ e s ˈe ɾ,V;SBJV;PRS;3;PL,55,55,100.0
90L_10NL_3_2,90L_10NL,3,e n n e ɡ ɾ e s ˈe ɾ,V;SBJV;PRS;3;PL,55,55,100.0
90L_10NL_3_3,90L_10NL,3,e n n e ɡ ɾ e s ˈe ɾ,V;SBJV;PRS;3;PL,55,55,100.0
90L_10NL_3_4,90L_10NL,3,e n n e ɡ ɾ e s ˈe ɾ,V;SBJV;PRS;3;PL,55,55,100.0
90L_10NL_3_1,90L_10NL,3,e n n e ɡ ɾ e s ˈe ɾ,V;SBJV;PRS;3;SG,55,55,100.0
90L_10NL_3_2,90L_10NL,3,e n n e ɡ ɾ e s ˈe ɾ,V;SBJV;PRS;3;SG,55,55,100.0
90L_10NL_3_3,90L_10NL,3,e n n e ɡ ɾ e s ˈe ɾ,V;SBJV;PRS;3;SG,55,55,100.0
90L_10NL_3_4,90L_10NL,3,e n n e ɡ ɾ e s ˈe ɾ,V;SBJV;PRS;3;SG,55,55,100.0
90L_10NL_3_1,90L_10NL,3,e n s e ɡ e s ˈe ɾ,V;IND;PRS;1;PL,55,55,100.0
90L_10NL_3_2,90L_10NL,3,e n s e ɡ e s ˈe ɾ,V;IND;PRS;1;PL,55,55,100.0
90L_10NL_3_3,90L_10NL,3,e n s e ɡ e s ˈe ɾ,V;IND;PRS;1;PL,55,55,100.0
90L_10NL_3_4,90L_10NL,3,e n s e ɡ e s ˈe ɾ,V;IND;PRS;1;PL,26,55,47.27
90L_10NL_3_1,90L_10NL,3,e n s e ɡ e s ˈe ɾ,V;IND;PRS;1;SG,55,55,100.0
90L_10NL_3_2,90L_10NL,3,e n s e ɡ e s ˈe ɾ,V;IND;PRS;1;SG,18,55,32.73
90L_10NL_3_3,90L_10NL,3,e n s e ɡ e s ˈe ɾ,V;IND;PRS;1;SG,55,55,100.0
90L_10NL_3_4,90L_10NL,3,e n s e ɡ e s ˈe ɾ,V;IND;PRS;1;SG,54,55,98.18
90L_10NL_3_1,90L_10NL,3,e n s e ɡ e s ˈe ɾ,V;IND;PRS;2;PL,55,55,100.0
90L_10NL_3_2,90L_10NL,3,e n s e ɡ e s ˈe ɾ,V;IND;PRS;2;PL,55,55,100.0
90L_10NL_3_3,90L_10NL,3,e n s e ɡ e s ˈe ɾ,V;IND;PRS;2;PL,55,55,100.0
90L_10NL_3_4,90L_10NL,3,e n s e ɡ e s ˈe ɾ,V;IND;PRS;2;PL,40,55,72.73
90L_10NL_3_1,90L_10NL,3,e n s e ɡ e s ˈe ɾ,V;IND;PRS;2;SG,55,55,100.0
90L_10NL_3_2,90L_10NL,3,e n s e ɡ e s ˈe ɾ,V;IND;PRS;2;SG,55,55,100.0
90L_10NL_3_3,90L_10NL,3,e n s e ɡ e s ˈe ɾ,V;IND;PRS;2;SG,55,55,100.0
90L_10NL_3_4,90L_10NL,3,e n s e ɡ e s ˈe ɾ,V;IND;PRS;2;SG,55,55,100.0
90L_10NL_3_1,90L_10NL,3,e n s e ɡ e s ˈe ɾ,V;IND;PRS;3;PL,55,55,100.0
90L_10NL_3_2,90L_10NL,3,e n s e ɡ e s ˈe ɾ,V;IND;PRS;3;PL,55,55,100.0
90L_10NL_3_3,90L_10NL,3,e n s e ɡ e s ˈe ɾ,V;IND;PRS;3;PL,55,55,100.0
90L_10NL_3_4,90L_10NL,3,e n s e ɡ e s ˈe ɾ,V;IND;PRS;3;PL,55,55,100.0
90L_10NL_3_1,90L_10NL,3,e n s e ɡ e s ˈe ɾ,V;IND;PRS;3;SG,55,55,100.0
90L_10NL_3_2,90L_10NL,3,e n s e ɡ e s ˈe ɾ,V;IND;PRS;3;SG,55,55,100.0
90L_10NL_3_3,90L_10NL,3,e n s e ɡ e s ˈe ɾ,V;IND;PRS;3;SG,55,55,100.0
90L_10NL_3_4,90L_10NL,3,e n s e ɡ e s ˈe ɾ,V;IND;PRS;3;SG,55,55,100.0
90L_10NL_3_1,90L_10NL,3,e n s e ɡ e s ˈe ɾ,V;SBJV;PRS;1;PL,55,55,100.0
90L_10NL_3_2,90L_10NL,3,e n s e ɡ e s ˈe ɾ,V;SBJV;PRS;1;PL,50,55,90.91
90L_10NL_3_3,90L_10NL,3,e n s e ɡ e s ˈe ɾ,V;SBJV;PRS;1;PL,55,55,100.0
90L_10NL_3_4,90L_10NL,3,e n s e ɡ e s ˈe ɾ,V;SBJV;PRS;1;PL,5,55,9.09
90L_10NL_3_1,90L_10NL,3,e n s e ɡ e s ˈe ɾ,V;SBJV;PRS;1;SG,55,55,100.0
90L_10NL_3_2,90L_10NL,3,e n s e ɡ e s ˈe ɾ,V;SBJV;PRS;1;SG,55,55,100.0
90L_10NL_3_3,90L_10NL,3,e n s e ɡ e s ˈe ɾ,V;SBJV;PRS;1;SG,55,55,100.0
90L_10NL_3_4,90L_10NL,3,e n s e ɡ e s ˈe ɾ,V;SBJV;PRS;1;SG,55,55,100.0
90L_10NL_3_1,90L_10NL,3,e n s e ɡ e s ˈe ɾ,V;SBJV;PRS;2;PL,55,55,100.0
90L_10NL_3_2,90L_10NL,3,e n s e ɡ e s ˈe ɾ,V;SBJV;PRS;2;PL,55,55,100.0
90L_10NL_3_3,90L_10NL,3,e n s e ɡ e s ˈe ɾ,V;SBJV;PRS;2;PL,55,55,100.0
90L_10NL_3_4,90L_10NL,3,e n s e ɡ e s ˈe ɾ,V;SBJV;PRS;2;PL,6,55,10.91
90L_10NL_3_1,90L_10NL,3,e n s e ɡ e s ˈe ɾ,V;SBJV;PRS;2;SG,55,55,100.0
90L_10NL_3_2,90L_10NL,3,e n s e ɡ e s ˈe ɾ,V;SBJV;PRS;2;SG,55,55,100.0
90L_10NL_3_3,90L_10NL,3,e n s e ɡ e s ˈe ɾ,V;SBJV;PRS;2;SG,55,55,100.0
90L_10NL_3_4,90L_10NL,3,e n s e ɡ e s ˈe ɾ,V;SBJV;PRS;2;SG,55,55,100.0
90L_10NL_3_1,90L_10NL,3,e n s e ɡ e s ˈe ɾ,V;SBJV;PRS;3;PL,55,55,100.0
90L_10NL_3_2,90L_10NL,3,e n s e ɡ e s ˈe ɾ,V;SBJV;PRS;3;PL,55,55,100.0
90L_10NL_3_3,90L_10NL,3,e n s e ɡ e s ˈe ɾ,V;SBJV;PRS;3;PL,55,55,100.0
90L_10NL_3_4,90L_10NL,3,e n s e ɡ e s ˈe ɾ,V;SBJV;PRS;3;PL,55,55,100.0
90L_10NL_3_1,90L_10NL,3,e n s e ɡ e s ˈe ɾ,V;SBJV;PRS;3;SG,55,55,100.0
90L_10NL_3_2,90L_10NL,3,e n s e ɡ e s ˈe ɾ,V;SBJV;PRS;3;SG,55,55,100.0
90L_10NL_3_3,90L_10NL,3,e n s e ɡ e s ˈe ɾ,V;SBJV;PRS;3;SG,55,55,100.0
90L_10NL_3_4,90L_10NL,3,e n s e ɡ e s ˈe ɾ,V;SBJV;PRS;3;SG,55,55,100.0
90L_10NL_3_1,90L_10NL,3,e n ɾ i k e s ˈe ɾ,V;IND;PRS;1;PL,55,55,100.0
90L_10NL_3_2,90L_10NL,3,e n ɾ i k e s ˈe ɾ,V;IND;PRS;1;PL,55,55,100.0
90L_10NL_3_3,90L_10NL,3,e n ɾ i k e s ˈe ɾ,V;IND;PRS;1;PL,55,55,100.0
90L_10NL_3_4,90L_10NL,3,e n ɾ i k e s ˈe ɾ,V;IND;PRS;1;PL,55,55,100.0
90L_10NL_3_1,90L_10NL,3,e n ɾ i k e s ˈe ɾ,V;IND;PRS;1;SG,55,55,100.0
90L_10NL_3_2,90L_10NL,3,e n ɾ i k e s ˈe ɾ,V;IND;PRS;1;SG,55,55,100.0
90L_10NL_3_3,90L_10NL,3,e n ɾ i k e s ˈe ɾ,V;IND;PRS;1;SG,55,55,100.0
90L_10NL_3_4,90L_10NL,3,e n ɾ i k e s ˈe ɾ,V;IND;PRS;1;SG,55,55,100.0
90L_10NL_3_1,90L_10NL,3,e n ɾ i k e s ˈe ɾ,V;IND;PRS;2;PL,55,55,100.0
90L_10NL_3_2,90L_10NL,3,e n ɾ i k e s ˈe ɾ,V;IND;PRS;2;PL,55,55,100.0
90L_10NL_3_3,90L_10NL,3,e n ɾ i k e s ˈe ɾ,V;IND;PRS;2;PL,55,55,100.0
90L_10NL_3_4,90L_10NL,3,e n ɾ i k e s ˈe ɾ,V;IND;PRS;2;PL,55,55,100.0
90L_10NL_3_1,90L_10NL,3,e n ɾ i k e s ˈe ɾ,V;IND;PRS;2;SG,55,55,100.0
90L_10NL_3_2,90L_10NL,3,e n ɾ i k e s ˈe ɾ,V;IND;PRS;2;SG,55,55,100.0
90L_10NL_3_3,90L_10NL,3,e n ɾ i k e s ˈe ɾ,V;IND;PRS;2;SG,55,55,100.0
90L_10NL_3_4,90L_10NL,3,e n ɾ i k e s ˈe ɾ,V;IND;PRS;2;SG,55,55,100.0
90L_10NL_3_1,90L_10NL,3,e n ɾ i k e s ˈe ɾ,V;IND;PRS;3;PL,55,55,100.0
90L_10NL_3_2,90L_10NL,3,e n ɾ i k e s ˈe ɾ,V;IND;PRS;3;PL,55,55,100.0
90L_10NL_3_3,90L_10NL,3,e n ɾ i k e s ˈe ɾ,V;IND;PRS;3;PL,55,55,100.0
90L_10NL_3_4,90L_10NL,3,e n ɾ i k e s ˈe ɾ,V;IND;PRS;3;PL,55,55,100.0
90L_10NL_3_1,90L_10NL,3,e n ɾ i k e s ˈe ɾ,V;IND;PRS;3;SG,55,55,100.0
90L_10NL_3_2,90L_10NL,3,e n ɾ i k e s ˈe ɾ,V;IND;PRS;3;SG,55,55,100.0
90L_10NL_3_3,90L_10NL,3,e n ɾ i k e s ˈe ɾ,V;IND;PRS;3;SG,55,55,100.0
90L_10NL_3_4,90L_10NL,3,e n ɾ i k e s ˈe ɾ,V;IND;PRS;3;SG,55,55,100.0
90L_10NL_3_1,90L_10NL,3,e n ɾ i k e s ˈe ɾ,V;SBJV;PRS;1;PL,55,55,100.0
90L_10NL_3_2,90L_10NL,3,e n ɾ i k e s ˈe ɾ,V;SBJV;PRS;1;PL,55,55,100.0
90L_10NL_3_3,90L_10NL,3,e n ɾ i k e s ˈe ɾ,V;SBJV;PRS;1;PL,54,55,98.18
90L_10NL_3_4,90L_10NL,3,e n ɾ i k e s ˈe ɾ,V;SBJV;PRS;1;PL,55,55,100.0
90L_10NL_3_1,90L_10NL,3,e n ɾ i k e s ˈe ɾ,V;SBJV;PRS;1;SG,55,55,100.0
90L_10NL_3_2,90L_10NL,3,e n ɾ i k e s ˈe ɾ,V;SBJV;PRS;1;SG,55,55,100.0
90L_10NL_3_3,90L_10NL,3,e n ɾ i k e s ˈe ɾ,V;SBJV;PRS;1;SG,55,55,100.0
90L_10NL_3_4,90L_10NL,3,e n ɾ i k e s ˈe ɾ,V;SBJV;PRS;1;SG,55,55,100.0
90L_10NL_3_1,90L_10NL,3,e n ɾ i k e s ˈe ɾ,V;SBJV;PRS;2;PL,55,55,100.0
90L_10NL_3_2,90L_10NL,3,e n ɾ i k e s ˈe ɾ,V;SBJV;PRS;2;PL,55,55,100.0
90L_10NL_3_3,90L_10NL,3,e n ɾ i k e s ˈe ɾ,V;SBJV;PRS;2;PL,55,55,100.0
90L_10NL_3_4,90L_10NL,3,e n ɾ i k e s ˈe ɾ,V;SBJV;PRS;2;PL,55,55,100.0
90L_10NL_3_1,90L_10NL,3,e n ɾ i k e s ˈe ɾ,V;SBJV;PRS;2;SG,55,55,100.0
90L_10NL_3_2,90L_10NL,3,e n ɾ i k e s ˈe ɾ,V;SBJV;PRS;2;SG,55,55,100.0
90L_10NL_3_3,90L_10NL,3,e n ɾ i k e s ˈe ɾ,V;SBJV;PRS;2;SG,55,55,100.0
90L_10NL_3_4,90L_10NL,3,e n ɾ i k e s ˈe ɾ,V;SBJV;PRS;2;SG,55,55,100.0
90L_10NL_3_1,90L_10NL,3,e n ɾ i k e s ˈe ɾ,V;SBJV;PRS;3;PL,55,55,100.0
90L_10NL_3_2,90L_10NL,3,e n ɾ i k e s ˈe ɾ,V;SBJV;PRS;3;PL,55,55,100.0
90L_10NL_3_3,90L_10NL,3,e n ɾ i k e s ˈe ɾ,V;SBJV;PRS;3;PL,55,55,100.0
90L_10NL_3_4,90L_10NL,3,e n ɾ i k e s ˈe ɾ,V;SBJV;PRS;3;PL,55,55,100.0
90L_10NL_3_1,90L_10NL,3,e n ɾ i k e s ˈe ɾ,V;SBJV;PRS;3;SG,55,55,100.0
90L_10NL_3_2,90L_10NL,3,e n ɾ i k e s ˈe ɾ,V;SBJV;PRS;3;SG,55,55,100.0
90L_10NL_3_3,90L_10NL,3,e n ɾ i k e s ˈe ɾ,V;SBJV;PRS;3;SG,55,55,100.0
90L_10NL_3_4,90L_10NL,3,e n ɾ i k e s ˈe ɾ,V;SBJV;PRS;3;SG,55,55,100.0
90L_10NL_3_1,90L_10NL,3,f u n ç ˈi ɾ,V;IND;PRS;1;PL,55,55,100.0
90L_10NL_3_2,90L_10NL,3,f u n ç ˈi ɾ,V;IND;PRS;1;PL,55,55,100.0
90L_10NL_3_3,90L_10NL,3,f u n ç ˈi ɾ,V;IND;PRS;1;PL,55,55,100.0
90L_10NL_3_4,90L_10NL,3,f u n ç ˈi ɾ,V;IND;PRS;1;PL,55,55,100.0
90L_10NL_3_1,90L_10NL,3,f u n ç ˈi ɾ,V;IND;PRS;1;SG,55,55,100.0
90L_10NL_3_2,90L_10NL,3,f u n ç ˈi ɾ,V;IND;PRS;1;SG,55,55,100.0
90L_10NL_3_3,90L_10NL,3,f u n ç ˈi ɾ,V;IND;PRS;1;SG,55,55,100.0
90L_10NL_3_4,90L_10NL,3,f u n ç ˈi ɾ,V;IND;PRS;1;SG,55,55,100.0
90L_10NL_3_1,90L_10NL,3,f u n ç ˈi ɾ,V;IND;PRS;2;PL,55,55,100.0
90L_10NL_3_2,90L_10NL,3,f u n ç ˈi ɾ,V;IND;PRS;2;PL,55,55,100.0
90L_10NL_3_3,90L_10NL,3,f u n ç ˈi ɾ,V;IND;PRS;2;PL,55,55,100.0
90L_10NL_3_4,90L_10NL,3,f u n ç ˈi ɾ,V;IND;PRS;2;PL,55,55,100.0
90L_10NL_3_1,90L_10NL,3,f u n ç ˈi ɾ,V;IND;PRS;2;SG,55,55,100.0
90L_10NL_3_2,90L_10NL,3,f u n ç ˈi ɾ,V;IND;PRS;2;SG,55,55,100.0
90L_10NL_3_3,90L_10NL,3,f u n ç ˈi ɾ,V;IND;PRS;2;SG,55,55,100.0
90L_10NL_3_4,90L_10NL,3,f u n ç ˈi ɾ,V;IND;PRS;2;SG,55,55,100.0
90L_10NL_3_1,90L_10NL,3,f u n ç ˈi ɾ,V;IND;PRS;3;PL,55,55,100.0
90L_10NL_3_2,90L_10NL,3,f u n ç ˈi ɾ,V;IND;PRS;3;PL,55,55,100.0
90L_10NL_3_3,90L_10NL,3,f u n ç ˈi ɾ,V;IND;PRS;3;PL,55,55,100.0
90L_10NL_3_4,90L_10NL,3,f u n ç ˈi ɾ,V;IND;PRS;3;PL,55,55,100.0
90L_10NL_3_1,90L_10NL,3,f u n ç ˈi ɾ,V;IND;PRS;3;SG,55,55,100.0
90L_10NL_3_2,90L_10NL,3,f u n ç ˈi ɾ,V;IND;PRS;3;SG,55,55,100.0
90L_10NL_3_3,90L_10NL,3,f u n ç ˈi ɾ,V;IND;PRS;3;SG,55,55,100.0
90L_10NL_3_4,90L_10NL,3,f u n ç ˈi ɾ,V;IND;PRS;3;SG,55,55,100.0
90L_10NL_3_1,90L_10NL,3,f u n ç ˈi ɾ,V;SBJV;PRS;1;PL,55,55,100.0
90L_10NL_3_2,90L_10NL,3,f u n ç ˈi ɾ,V;SBJV;PRS;1;PL,55,55,100.0
90L_10NL_3_3,90L_10NL,3,f u n ç ˈi ɾ,V;SBJV;PRS;1;PL,55,55,100.0
90L_10NL_3_4,90L_10NL,3,f u n ç ˈi ɾ,V;SBJV;PRS;1;PL,55,55,100.0
90L_10NL_3_1,90L_10NL,3,f u n ç ˈi ɾ,V;SBJV;PRS;1;SG,55,55,100.0
90L_10NL_3_2,90L_10NL,3,f u n ç ˈi ɾ,V;SBJV;PRS;1;SG,55,55,100.0
90L_10NL_3_3,90L_10NL,3,f u n ç ˈi ɾ,V;SBJV;PRS;1;SG,55,55,100.0
90L_10NL_3_4,90L_10NL,3,f u n ç ˈi ɾ,V;SBJV;PRS;1;SG,55,55,100.0
90L_10NL_3_1,90L_10NL,3,f u n ç ˈi ɾ,V;SBJV;PRS;2;PL,55,55,100.0
90L_10NL_3_2,90L_10NL,3,f u n ç ˈi ɾ,V;SBJV;PRS;2;PL,55,55,100.0
90L_10NL_3_3,90L_10NL,3,f u n ç ˈi ɾ,V;SBJV;PRS;2;PL,55,55,100.0
90L_10NL_3_4,90L_10NL,3,f u n ç ˈi ɾ,V;SBJV;PRS;2;PL,55,55,100.0
90L_10NL_3_1,90L_10NL,3,f u n ç ˈi ɾ,V;SBJV;PRS;2;SG,55,55,100.0
90L_10NL_3_2,90L_10NL,3,f u n ç ˈi ɾ,V;SBJV;PRS;2;SG,55,55,100.0
90L_10NL_3_3,90L_10NL,3,f u n ç ˈi ɾ,V;SBJV;PRS;2;SG,55,55,100.0
90L_10NL_3_4,90L_10NL,3,f u n ç ˈi ɾ,V;SBJV;PRS;2;SG,55,55,100.0
90L_10NL_3_1,90L_10NL,3,f u n ç ˈi ɾ,V;SBJV;PRS;3;PL,55,55,100.0
90L_10NL_3_2,90L_10NL,3,f u n ç ˈi ɾ,V;SBJV;PRS;3;PL,55,55,100.0
90L_10NL_3_3,90L_10NL,3,f u n ç ˈi ɾ,V;SBJV;PRS;3;PL,55,55,100.0
90L_10NL_3_4,90L_10NL,3,f u n ç ˈi ɾ,V;SBJV;PRS;3;PL,55,55,100.0
90L_10NL_3_1,90L_10NL,3,f u n ç ˈi ɾ,V;SBJV;PRS;3;SG,55,55,100.0
90L_10NL_3_2,90L_10NL,3,f u n ç ˈi ɾ,V;SBJV;PRS;3;SG,55,55,100.0
90L_10NL_3_3,90L_10NL,3,f u n ç ˈi ɾ,V;SBJV;PRS;3;SG,55,55,100.0
90L_10NL_3_4,90L_10NL,3,f u n ç ˈi ɾ,V;SBJV;PRS;3;SG,55,55,100.0
90L_10NL_3_1,90L_10NL,3,i n d u s ˈi ɾ,V;IND;PRS;1;PL,55,55,100.0
90L_10NL_3_2,90L_10NL,3,i n d u s ˈi ɾ,V;IND;PRS;1;PL,55,55,100.0
90L_10NL_3_3,90L_10NL,3,i n d u s ˈi ɾ,V;IND;PRS;1;PL,55,55,100.0
90L_10NL_3_4,90L_10NL,3,i n d u s ˈi ɾ,V;IND;PRS;1;PL,55,55,100.0
90L_10NL_3_1,90L_10NL,3,i n d u s ˈi ɾ,V;IND;PRS;1;SG,55,55,100.0
90L_10NL_3_2,90L_10NL,3,i n d u s ˈi ɾ,V;IND;PRS;1;SG,55,55,100.0
90L_10NL_3_3,90L_10NL,3,i n d u s ˈi ɾ,V;IND;PRS;1;SG,55,55,100.0
90L_10NL_3_4,90L_10NL,3,i n d u s ˈi ɾ,V;IND;PRS;1;SG,55,55,100.0
90L_10NL_3_1,90L_10NL,3,i n d u s ˈi ɾ,V;IND;PRS;2;PL,55,55,100.0
90L_10NL_3_2,90L_10NL,3,i n d u s ˈi ɾ,V;IND;PRS;2;PL,55,55,100.0
90L_10NL_3_3,90L_10NL,3,i n d u s ˈi ɾ,V;IND;PRS;2;PL,55,55,100.0
90L_10NL_3_4,90L_10NL,3,i n d u s ˈi ɾ,V;IND;PRS;2;PL,55,55,100.0
90L_10NL_3_1,90L_10NL,3,i n d u s ˈi ɾ,V;IND;PRS;2;SG,55,55,100.0
90L_10NL_3_2,90L_10NL,3,i n d u s ˈi ɾ,V;IND;PRS;2;SG,55,55,100.0
90L_10NL_3_3,90L_10NL,3,i n d u s ˈi ɾ,V;IND;PRS;2;SG,55,55,100.0
90L_10NL_3_4,90L_10NL,3,i n d u s ˈi ɾ,V;IND;PRS;2;SG,55,55,100.0
90L_10NL_3_1,90L_10NL,3,i n d u s ˈi ɾ,V;IND;PRS;3;PL,55,55,100.0
90L_10NL_3_2,90L_10NL,3,i n d u s ˈi ɾ,V;IND;PRS;3;PL,55,55,100.0
90L_10NL_3_3,90L_10NL,3,i n d u s ˈi ɾ,V;IND;PRS;3;PL,55,55,100.0
90L_10NL_3_4,90L_10NL,3,i n d u s ˈi ɾ,V;IND;PRS;3;PL,55,55,100.0
90L_10NL_3_1,90L_10NL,3,i n d u s ˈi ɾ,V;IND;PRS;3;SG,55,55,100.0
90L_10NL_3_2,90L_10NL,3,i n d u s ˈi ɾ,V;IND;PRS;3;SG,55,55,100.0
90L_10NL_3_3,90L_10NL,3,i n d u s ˈi ɾ,V;IND;PRS;3;SG,55,55,100.0
90L_10NL_3_4,90L_10NL,3,i n d u s ˈi ɾ,V;IND;PRS;3;SG,55,55,100.0
90L_10NL_3_1,90L_10NL,3,i n d u s ˈi ɾ,V;SBJV;PRS;1;PL,55,55,100.0
90L_10NL_3_2,90L_10NL,3,i n d u s ˈi ɾ,V;SBJV;PRS;1;PL,55,55,100.0
90L_10NL_3_3,90L_10NL,3,i n d u s ˈi ɾ,V;SBJV;PRS;1;PL,55,55,100.0
90L_10NL_3_4,90L_10NL,3,i n d u s ˈi ɾ,V;SBJV;PRS;1;PL,55,55,100.0
90L_10NL_3_1,90L_10NL,3,i n d u s ˈi ɾ,V;SBJV;PRS;1;SG,55,55,100.0
90L_10NL_3_2,90L_10NL,3,i n d u s ˈi ɾ,V;SBJV;PRS;1;SG,55,55,100.0
90L_10NL_3_3,90L_10NL,3,i n d u s ˈi ɾ,V;SBJV;PRS;1;SG,55,55,100.0
90L_10NL_3_4,90L_10NL,3,i n d u s ˈi ɾ,V;SBJV;PRS;1;SG,55,55,100.0
90L_10NL_3_1,90L_10NL,3,i n d u s ˈi ɾ,V;SBJV;PRS;2;PL,55,55,100.0
90L_10NL_3_2,90L_10NL,3,i n d u s ˈi ɾ,V;SBJV;PRS;2;PL,55,55,100.0
90L_10NL_3_3,90L_10NL,3,i n d u s ˈi ɾ,V;SBJV;PRS;2;PL,55,55,100.0
90L_10NL_3_4,90L_10NL,3,i n d u s ˈi ɾ,V;SBJV;PRS;2;PL,55,55,100.0
90L_10NL_3_1,90L_10NL,3,i n d u s ˈi ɾ,V;SBJV;PRS;2;SG,55,55,100.0
90L_10NL_3_2,90L_10NL,3,i n d u s ˈi ɾ,V;SBJV;PRS;2;SG,55,55,100.0
90L_10NL_3_3,90L_10NL,3,i n d u s ˈi ɾ,V;SBJV;PRS;2;SG,55,55,100.0
90L_10NL_3_4,90L_10NL,3,i n d u s ˈi ɾ,V;SBJV;PRS;2;SG,55,55,100.0
90L_10NL_3_1,90L_10NL,3,i n d u s ˈi ɾ,V;SBJV;PRS;3;PL,55,55,100.0
90L_10NL_3_2,90L_10NL,3,i n d u s ˈi ɾ,V;SBJV;PRS;3;PL,55,55,100.0
90L_10NL_3_3,90L_10NL,3,i n d u s ˈi ɾ,V;SBJV;PRS;3;PL,55,55,100.0
90L_10NL_3_4,90L_10NL,3,i n d u s ˈi ɾ,V;SBJV;PRS;3;PL,55,55,100.0
90L_10NL_3_1,90L_10NL,3,i n d u s ˈi ɾ,V;SBJV;PRS;3;SG,55,55,100.0
90L_10NL_3_2,90L_10NL,3,i n d u s ˈi ɾ,V;SBJV;PRS;3;SG,55,55,100.0
90L_10NL_3_3,90L_10NL,3,i n d u s ˈi ɾ,V;SBJV;PRS;3;SG,55,55,100.0
90L_10NL_3_4,90L_10NL,3,i n d u s ˈi ɾ,V;SBJV;PRS;3;SG,55,55,100.0
90L_10NL_3_1,90L_10NL,3,k o l e ç ˈi ɾ,V;IND;PRS;1;PL,43,55,78.18
90L_10NL_3_2,90L_10NL,3,k o l e ç ˈi ɾ,V;IND;PRS;1;PL,55,55,100.0
90L_10NL_3_3,90L_10NL,3,k o l e ç ˈi ɾ,V;IND;PRS;1;PL,55,55,100.0
90L_10NL_3_4,90L_10NL,3,k o l e ç ˈi ɾ,V;IND;PRS;1;PL,54,55,98.18
90L_10NL_3_1,90L_10NL,3,k o l e ç ˈi ɾ,V;IND;PRS;1;SG,55,55,100.0
90L_10NL_3_2,90L_10NL,3,k o l e ç ˈi ɾ,V;IND;PRS;1;SG,55,55,100.0
90L_10NL_3_3,90L_10NL,3,k o l e ç ˈi ɾ,V;IND;PRS;1;SG,55,55,100.0
90L_10NL_3_4,90L_10NL,3,k o l e ç ˈi ɾ,V;IND;PRS;1;SG,55,55,100.0
90L_10NL_3_1,90L_10NL,3,k o l e ç ˈi ɾ,V;IND;PRS;2;PL,27,55,49.09
90L_10NL_3_2,90L_10NL,3,k o l e ç ˈi ɾ,V;IND;PRS;2;PL,55,55,100.0
90L_10NL_3_3,90L_10NL,3,k o l e ç ˈi ɾ,V;IND;PRS;2;PL,55,55,100.0
90L_10NL_3_4,90L_10NL,3,k o l e ç ˈi ɾ,V;IND;PRS;2;PL,55,55,100.0
90L_10NL_3_1,90L_10NL,3,k o l e ç ˈi ɾ,V;IND;PRS;2;SG,55,55,100.0
90L_10NL_3_2,90L_10NL,3,k o l e ç ˈi ɾ,V;IND;PRS;2;SG,55,55,100.0
90L_10NL_3_3,90L_10NL,3,k o l e ç ˈi ɾ,V;IND;PRS;2;SG,55,55,100.0
90L_10NL_3_4,90L_10NL,3,k o l e ç ˈi ɾ,V;IND;PRS;2;SG,55,55,100.0
90L_10NL_3_1,90L_10NL,3,k o l e ç ˈi ɾ,V;IND;PRS;3;PL,55,55,100.0
90L_10NL_3_2,90L_10NL,3,k o l e ç ˈi ɾ,V;IND;PRS;3;PL,55,55,100.0
90L_10NL_3_3,90L_10NL,3,k o l e ç ˈi ɾ,V;IND;PRS;3;PL,55,55,100.0
90L_10NL_3_4,90L_10NL,3,k o l e ç ˈi ɾ,V;IND;PRS;3;PL,55,55,100.0
90L_10NL_3_1,90L_10NL,3,k o l e ç ˈi ɾ,V;IND;PRS;3;SG,55,55,100.0
90L_10NL_3_2,90L_10NL,3,k o l e ç ˈi ɾ,V;IND;PRS;3;SG,55,55,100.0
90L_10NL_3_3,90L_10NL,3,k o l e ç ˈi ɾ,V;IND;PRS;3;SG,55,55,100.0
90L_10NL_3_4,90L_10NL,3,k o l e ç ˈi ɾ,V;IND;PRS;3;SG,55,55,100.0
90L_10NL_3_1,90L_10NL,3,k o l e ç ˈi ɾ,V;SBJV;PRS;1;PL,55,55,100.0
90L_10NL_3_2,90L_10NL,3,k o l e ç ˈi ɾ,V;SBJV;PRS;1;PL,55,55,100.0
90L_10NL_3_3,90L_10NL,3,k o l e ç ˈi ɾ,V;SBJV;PRS;1;PL,55,55,100.0
90L_10NL_3_4,90L_10NL,3,k o l e ç ˈi ɾ,V;SBJV;PRS;1;PL,55,55,100.0
90L_10NL_3_1,90L_10NL,3,k o l e ç ˈi ɾ,V;SBJV;PRS;1;SG,55,55,100.0
90L_10NL_3_2,90L_10NL,3,k o l e ç ˈi ɾ,V;SBJV;PRS;1;SG,55,55,100.0
90L_10NL_3_3,90L_10NL,3,k o l e ç ˈi ɾ,V;SBJV;PRS;1;SG,55,55,100.0
90L_10NL_3_4,90L_10NL,3,k o l e ç ˈi ɾ,V;SBJV;PRS;1;SG,55,55,100.0
90L_10NL_3_1,90L_10NL,3,k o l e ç ˈi ɾ,V;SBJV;PRS;2;PL,55,55,100.0
90L_10NL_3_2,90L_10NL,3,k o l e ç ˈi ɾ,V;SBJV;PRS;2;PL,55,55,100.0
90L_10NL_3_3,90L_10NL,3,k o l e ç ˈi ɾ,V;SBJV;PRS;2;PL,55,55,100.0
90L_10NL_3_4,90L_10NL,3,k o l e ç ˈi ɾ,V;SBJV;PRS;2;PL,55,55,100.0
90L_10NL_3_1,90L_10NL,3,k o l e ç ˈi ɾ,V;SBJV;PRS;2;SG,55,55,100.0
90L_10NL_3_2,90L_10NL,3,k o l e ç ˈi ɾ,V;SBJV;PRS;2;SG,55,55,100.0
90L_10NL_3_3,90L_10NL,3,k o l e ç ˈi ɾ,V;SBJV;PRS;2;SG,55,55,100.0
90L_10NL_3_4,90L_10NL,3,k o l e ç ˈi ɾ,V;SBJV;PRS;2;SG,55,55,100.0
90L_10NL_3_1,90L_10NL,3,k o l e ç ˈi ɾ,V;SBJV;PRS;3;PL,55,55,100.0
90L_10NL_3_2,90L_10NL,3,k o l e ç ˈi ɾ,V;SBJV;PRS;3;PL,55,55,100.0
90L_10NL_3_3,90L_10NL,3,k o l e ç ˈi ɾ,V;SBJV;PRS;3;PL,55,55,100.0
90L_10NL_3_4,90L_10NL,3,k o l e ç ˈi ɾ,V;SBJV;PRS;3;PL,55,55,100.0
90L_10NL_3_1,90L_10NL,3,k o l e ç ˈi ɾ,V;SBJV;PRS;3;SG,55,55,100.0
90L_10NL_3_2,90L_10NL,3,k o l e ç ˈi ɾ,V;SBJV;PRS;3;SG,55,55,100.0
90L_10NL_3_3,90L_10NL,3,k o l e ç ˈi ɾ,V;SBJV;PRS;3;SG,55,55,100.0
90L_10NL_3_4,90L_10NL,3,k o l e ç ˈi ɾ,V;SBJV;PRS;3;SG,55,55,100.0
90L_10NL_3_1,90L_10NL,3,k o m p o n ˈe ɾ,V;IND;PRS;1;PL,55,55,100.0
90L_10NL_3_2,90L_10NL,3,k o m p o n ˈe ɾ,V;IND;PRS;1;PL,55,55,100.0
90L_10NL_3_3,90L_10NL,3,k o m p o n ˈe ɾ,V;IND;PRS;1;PL,55,55,100.0
90L_10NL_3_4,90L_10NL,3,k o m p o n ˈe ɾ,V;IND;PRS;1;PL,55,55,100.0
90L_10NL_3_1,90L_10NL,3,k o m p o n ˈe ɾ,V;IND;PRS;1;SG,55,55,100.0
90L_10NL_3_2,90L_10NL,3,k o m p o n ˈe ɾ,V;IND;PRS;1;SG,55,55,100.0
90L_10NL_3_3,90L_10NL,3,k o m p o n ˈe ɾ,V;IND;PRS;1;SG,55,55,100.0
90L_10NL_3_4,90L_10NL,3,k o m p o n ˈe ɾ,V;IND;PRS;1;SG,55,55,100.0
90L_10NL_3_1,90L_10NL,3,k o m p o n ˈe ɾ,V;IND;PRS;2;PL,55,55,100.0
90L_10NL_3_2,90L_10NL,3,k o m p o n ˈe ɾ,V;IND;PRS;2;PL,55,55,100.0
90L_10NL_3_3,90L_10NL,3,k o m p o n ˈe ɾ,V;IND;PRS;2;PL,55,55,100.0
90L_10NL_3_4,90L_10NL,3,k o m p o n ˈe ɾ,V;IND;PRS;2;PL,55,55,100.0
90L_10NL_3_1,90L_10NL,3,k o m p o n ˈe ɾ,V;IND;PRS;2;SG,55,55,100.0
90L_10NL_3_2,90L_10NL,3,k o m p o n ˈe ɾ,V;IND;PRS;2;SG,55,55,100.0
90L_10NL_3_3,90L_10NL,3,k o m p o n ˈe ɾ,V;IND;PRS;2;SG,55,55,100.0
90L_10NL_3_4,90L_10NL,3,k o m p o n ˈe ɾ,V;IND;PRS;2;SG,55,55,100.0
90L_10NL_3_1,90L_10NL,3,k o m p o n ˈe ɾ,V;IND;PRS;3;PL,55,55,100.0
90L_10NL_3_2,90L_10NL,3,k o m p o n ˈe ɾ,V;IND;PRS;3;PL,55,55,100.0
90L_10NL_3_3,90L_10NL,3,k o m p o n ˈe ɾ,V;IND;PRS;3;PL,55,55,100.0
90L_10NL_3_4,90L_10NL,3,k o m p o n ˈe ɾ,V;IND;PRS;3;PL,55,55,100.0
90L_10NL_3_1,90L_10NL,3,k o m p o n ˈe ɾ,V;IND;PRS;3;SG,55,55,100.0
90L_10NL_3_2,90L_10NL,3,k o m p o n ˈe ɾ,V;IND;PRS;3;SG,55,55,100.0
90L_10NL_3_3,90L_10NL,3,k o m p o n ˈe ɾ,V;IND;PRS;3;SG,55,55,100.0
90L_10NL_3_4,90L_10NL,3,k o m p o n ˈe ɾ,V;IND;PRS;3;SG,55,55,100.0
90L_10NL_3_1,90L_10NL,3,k o m p o n ˈe ɾ,V;SBJV;PRS;1;PL,55,55,100.0
90L_10NL_3_2,90L_10NL,3,k o m p o n ˈe ɾ,V;SBJV;PRS;1;PL,55,55,100.0
90L_10NL_3_3,90L_10NL,3,k o m p o n ˈe ɾ,V;SBJV;PRS;1;PL,55,55,100.0
90L_10NL_3_4,90L_10NL,3,k o m p o n ˈe ɾ,V;SBJV;PRS;1;PL,55,55,100.0
90L_10NL_3_1,90L_10NL,3,k o m p o n ˈe ɾ,V;SBJV;PRS;1;SG,55,55,100.0
90L_10NL_3_2,90L_10NL,3,k o m p o n ˈe ɾ,V;SBJV;PRS;1;SG,55,55,100.0
90L_10NL_3_3,90L_10NL,3,k o m p o n ˈe ɾ,V;SBJV;PRS;1;SG,55,55,100.0
90L_10NL_3_4,90L_10NL,3,k o m p o n ˈe ɾ,V;SBJV;PRS;1;SG,55,55,100.0
90L_10NL_3_1,90L_10NL,3,k o m p o n ˈe ɾ,V;SBJV;PRS;2;PL,55,55,100.0
90L_10NL_3_2,90L_10NL,3,k o m p o n ˈe ɾ,V;SBJV;PRS;2;PL,55,55,100.0
90L_10NL_3_3,90L_10NL,3,k o m p o n ˈe ɾ,V;SBJV;PRS;2;PL,55,55,100.0
90L_10NL_3_4,90L_10NL,3,k o m p o n ˈe ɾ,V;SBJV;PRS;2;PL,55,55,100.0
90L_10NL_3_1,90L_10NL,3,k o m p o n ˈe ɾ,V;SBJV;PRS;2;SG,55,55,100.0
90L_10NL_3_2,90L_10NL,3,k o m p o n ˈe ɾ,V;SBJV;PRS;2;SG,55,55,100.0
90L_10NL_3_3,90L_10NL,3,k o m p o n ˈe ɾ,V;SBJV;PRS;2;SG,55,55,100.0
90L_10NL_3_4,90L_10NL,3,k o m p o n ˈe ɾ,V;SBJV;PRS;2;SG,55,55,100.0
90L_10NL_3_1,90L_10NL,3,k o m p o n ˈe ɾ,V;SBJV;PRS;3;PL,55,55,100.0
90L_10NL_3_2,90L_10NL,3,k o m p o n ˈe ɾ,V;SBJV;PRS;3;PL,55,55,100.0
90L_10NL_3_3,90L_10NL,3,k o m p o n ˈe ɾ,V;SBJV;PRS;3;PL,55,55,100.0
90L_10NL_3_4,90L_10NL,3,k o m p o n ˈe ɾ,V;SBJV;PRS;3;PL,55,55,100.0
90L_10NL_3_1,90L_10NL,3,k o m p o n ˈe ɾ,V;SBJV;PRS;3;SG,55,55,100.0
90L_10NL_3_2,90L_10NL,3,k o m p o n ˈe ɾ,V;SBJV;PRS;3;SG,55,55,100.0
90L_10NL_3_3,90L_10NL,3,k o m p o n ˈe ɾ,V;SBJV;PRS;3;SG,55,55,100.0
90L_10NL_3_4,90L_10NL,3,k o m p o n ˈe ɾ,V;SBJV;PRS;3;SG,55,55,100.0
90L_10NL_3_1,90L_10NL,3,k o n b e n s ˈe ɾ,V;IND;PRS;1;PL,0,55,0.0
90L_10NL_3_2,90L_10NL,3,k o n b e n s ˈe ɾ,V;IND;PRS;1;PL,0,55,0.0
90L_10NL_3_3,90L_10NL,3,k o n b e n s ˈe ɾ,V;IND;PRS;1;PL,0,55,0.0
90L_10NL_3_4,90L_10NL,3,k o n b e n s ˈe ɾ,V;IND;PRS;1;PL,0,55,0.0
90L_10NL_3_1,90L_10NL,3,k o n b e n s ˈe ɾ,V;IND;PRS;1;SG,0,55,0.0
90L_10NL_3_2,90L_10NL,3,k o n b e n s ˈe ɾ,V;IND;PRS;1;SG,0,55,0.0
90L_10NL_3_3,90L_10NL,3,k o n b e n s ˈe ɾ,V;IND;PRS;1;SG,5,55,9.09
90L_10NL_3_4,90L_10NL,3,k o n b e n s ˈe ɾ,V;IND;PRS;1;SG,0,55,0.0
90L_10NL_3_1,90L_10NL,3,k o n b e n s ˈe ɾ,V;IND;PRS;2;PL,0,55,0.0
90L_10NL_3_2,90L_10NL,3,k o n b e n s ˈe ɾ,V;IND;PRS;2;PL,0,55,0.0
90L_10NL_3_3,90L_10NL,3,k o n b e n s ˈe ɾ,V;IND;PRS;2;PL,0,55,0.0
90L_10NL_3_4,90L_10NL,3,k o n b e n s ˈe ɾ,V;IND;PRS;2;PL,0,55,0.0
90L_10NL_3_1,90L_10NL,3,k o n b e n s ˈe ɾ,V;IND;PRS;2;SG,0,55,0.0
90L_10NL_3_2,90L_10NL,3,k o n b e n s ˈe ɾ,V;IND;PRS;2;SG,2,55,3.64
90L_10NL_3_3,90L_10NL,3,k o n b e n s ˈe ɾ,V;IND;PRS;2;SG,8,55,14.55
90L_10NL_3_4,90L_10NL,3,k o n b e n s ˈe ɾ,V;IND;PRS;2;SG,0,55,0.0
90L_10NL_3_1,90L_10NL,3,k o n b e n s ˈe ɾ,V;IND;PRS;3;PL,1,55,1.82
90L_10NL_3_2,90L_10NL,3,k o n b e n s ˈe ɾ,V;IND;PRS;3;PL,0,55,0.0
90L_10NL_3_3,90L_10NL,3,k o n b e n s ˈe ɾ,V;IND;PRS;3;PL,5,55,9.09
90L_10NL_3_4,90L_10NL,3,k o n b e n s ˈe ɾ,V;IND;PRS;3;PL,0,55,0.0
90L_10NL_3_1,90L_10NL,3,k o n b e n s ˈe ɾ,V;IND;PRS;3;SG,0,55,0.0
90L_10NL_3_2,90L_10NL,3,k o n b e n s ˈe ɾ,V;IND;PRS;3;SG,0,55,0.0
90L_10NL_3_3,90L_10NL,3,k o n b e n s ˈe ɾ,V;IND;PRS;3;SG,6,55,10.91
90L_10NL_3_4,90L_10NL,3,k o n b e n s ˈe ɾ,V;IND;PRS;3;SG,0,55,0.0
90L_10NL_3_1,90L_10NL,3,k o n b e n s ˈe ɾ,V;SBJV;PRS;1;PL,0,55,0.0
90L_10NL_3_2,90L_10NL,3,k o n b e n s ˈe ɾ,V;SBJV;PRS;1;PL,0,55,0.0
90L_10NL_3_3,90L_10NL,3,k o n b e n s ˈe ɾ,V;SBJV;PRS;1;PL,0,55,0.0
90L_10NL_3_4,90L_10NL,3,k o n b e n s ˈe ɾ,V;SBJV;PRS;1;PL,0,55,0.0
90L_10NL_3_1,90L_10NL,3,k o n b e n s ˈe ɾ,V;SBJV;PRS;1;SG,0,55,0.0
90L_10NL_3_2,90L_10NL,3,k o n b e n s ˈe ɾ,V;SBJV;PRS;1;SG,0,55,0.0
90L_10NL_3_3,90L_10NL,3,k o n b e n s ˈe ɾ,V;SBJV;PRS;1;SG,7,55,12.73
90L_10NL_3_4,90L_10NL,3,k o n b e n s ˈe ɾ,V;SBJV;PRS;1;SG,0,55,0.0
90L_10NL_3_1,90L_10NL,3,k o n b e n s ˈe ɾ,V;SBJV;PRS;2;PL,0,55,0.0
90L_10NL_3_2,90L_10NL,3,k o n b e n s ˈe ɾ,V;SBJV;PRS;2;PL,0,55,0.0
90L_10NL_3_3,90L_10NL,3,k o n b e n s ˈe ɾ,V;SBJV;PRS;2;PL,0,55,0.0
90L_10NL_3_4,90L_10NL,3,k o n b e n s ˈe ɾ,V;SBJV;PRS;2;PL,0,55,0.0
90L_10NL_3_1,90L_10NL,3,k o n b e n s ˈe ɾ,V;SBJV;PRS;2;SG,0,55,0.0
90L_10NL_3_2,90L_10NL,3,k o n b e n s ˈe ɾ,V;SBJV;PRS;2;SG,0,55,0.0
90L_10NL_3_3,90L_10NL,3,k o n b e n s ˈe ɾ,V;SBJV;PRS;2;SG,2,55,3.64
90L_10NL_3_4,90L_10NL,3,k o n b e n s ˈe ɾ,V;SBJV;PRS;2;SG,0,55,0.0
90L_10NL_3_1,90L_10NL,3,k o n b e n s ˈe ɾ,V;SBJV;PRS;3;PL,0,55,0.0
90L_10NL_3_2,90L_10NL,3,k o n b e n s ˈe ɾ,V;SBJV;PRS;3;PL,0,55,0.0
90L_10NL_3_3,90L_10NL,3,k o n b e n s ˈe ɾ,V;SBJV;PRS;3;PL,0,55,0.0
90L_10NL_3_4,90L_10NL,3,k o n b e n s ˈe ɾ,V;SBJV;PRS;3;PL,0,55,0.0
90L_10NL_3_1,90L_10NL,3,k o n b e n s ˈe ɾ,V;SBJV;PRS;3;SG,0,55,0.0
90L_10NL_3_2,90L_10NL,3,k o n b e n s ˈe ɾ,V;SBJV;PRS;3;SG,0,55,0.0
90L_10NL_3_3,90L_10NL,3,k o n b e n s ˈe ɾ,V;SBJV;PRS;3;SG,6,55,10.91
90L_10NL_3_4,90L_10NL,3,k o n b e n s ˈe ɾ,V;SBJV;PRS;3;SG,0,55,0.0
90L_10NL_3_1,90L_10NL,3,k o n o s ˈe ɾ,V;IND;PRS;1;PL,55,55,100.0
90L_10NL_3_2,90L_10NL,3,k o n o s ˈe ɾ,V;IND;PRS;1;PL,8,55,14.55
90L_10NL_3_3,90L_10NL,3,k o n o s ˈe ɾ,V;IND;PRS;1;PL,55,55,100.0
90L_10NL_3_4,90L_10NL,3,k o n o s ˈe ɾ,V;IND;PRS;1;PL,55,55,100.0
90L_10NL_3_1,90L_10NL,3,k o n o s ˈe ɾ,V;IND;PRS;1;SG,55,55,100.0
90L_10NL_3_2,90L_10NL,3,k o n o s ˈe ɾ,V;IND;PRS;1;SG,1,55,1.82
90L_10NL_3_3,90L_10NL,3,k o n o s ˈe ɾ,V;IND;PRS;1;SG,55,55,100.0
90L_10NL_3_4,90L_10NL,3,k o n o s ˈe ɾ,V;IND;PRS;1;SG,55,55,100.0
90L_10NL_3_1,90L_10NL,3,k o n o s ˈe ɾ,V;IND;PRS;2;PL,55,55,100.0
90L_10NL_3_2,90L_10NL,3,k o n o s ˈe ɾ,V;IND;PRS;2;PL,19,55,34.55
90L_10NL_3_3,90L_10NL,3,k o n o s ˈe ɾ,V;IND;PRS;2;PL,55,55,100.0
90L_10NL_3_4,90L_10NL,3,k o n o s ˈe ɾ,V;IND;PRS;2;PL,55,55,100.0
90L_10NL_3_1,90L_10NL,3,k o n o s ˈe ɾ,V;IND;PRS;2;SG,55,55,100.0
90L_10NL_3_2,90L_10NL,3,k o n o s ˈe ɾ,V;IND;PRS;2;SG,12,55,21.82
90L_10NL_3_3,90L_10NL,3,k o n o s ˈe ɾ,V;IND;PRS;2;SG,55,55,100.0
90L_10NL_3_4,90L_10NL,3,k o n o s ˈe ɾ,V;IND;PRS;2;SG,55,55,100.0
90L_10NL_3_1,90L_10NL,3,k o n o s ˈe ɾ,V;IND;PRS;3;PL,55,55,100.0
90L_10NL_3_2,90L_10NL,3,k o n o s ˈe ɾ,V;IND;PRS;3;PL,14,55,25.45
90L_10NL_3_3,90L_10NL,3,k o n o s ˈe ɾ,V;IND;PRS;3;PL,55,55,100.0
90L_10NL_3_4,90L_10NL,3,k o n o s ˈe ɾ,V;IND;PRS;3;PL,55,55,100.0
90L_10NL_3_1,90L_10NL,3,k o n o s ˈe ɾ,V;IND;PRS;3;SG,55,55,100.0
90L_10NL_3_2,90L_10NL,3,k o n o s ˈe ɾ,V;IND;PRS;3;SG,18,55,32.73
90L_10NL_3_3,90L_10NL,3,k o n o s ˈe ɾ,V;IND;PRS;3;SG,55,55,100.0
90L_10NL_3_4,90L_10NL,3,k o n o s ˈe ɾ,V;IND;PRS;3;SG,55,55,100.0
90L_10NL_3_1,90L_10NL,3,k o n o s ˈe ɾ,V;SBJV;PRS;1;PL,55,55,100.0
90L_10NL_3_2,90L_10NL,3,k o n o s ˈe ɾ,V;SBJV;PRS;1;PL,29,55,52.73
90L_10NL_3_3,90L_10NL,3,k o n o s ˈe ɾ,V;SBJV;PRS;1;PL,55,55,100.0
90L_10NL_3_4,90L_10NL,3,k o n o s ˈe ɾ,V;SBJV;PRS;1;PL,55,55,100.0
90L_10NL_3_1,90L_10NL,3,k o n o s ˈe ɾ,V;SBJV;PRS;1;SG,55,55,100.0
90L_10NL_3_2,90L_10NL,3,k o n o s ˈe ɾ,V;SBJV;PRS;1;SG,7,55,12.73
90L_10NL_3_3,90L_10NL,3,k o n o s ˈe ɾ,V;SBJV;PRS;1;SG,55,55,100.0
90L_10NL_3_4,90L_10NL,3,k o n o s ˈe ɾ,V;SBJV;PRS;1;SG,55,55,100.0
90L_10NL_3_1,90L_10NL,3,k o n o s ˈe ɾ,V;SBJV;PRS;2;PL,55,55,100.0
90L_10NL_3_2,90L_10NL,3,k o n o s ˈe ɾ,V;SBJV;PRS;2;PL,16,55,29.09
90L_10NL_3_3,90L_10NL,3,k o n o s ˈe ɾ,V;SBJV;PRS;2;PL,55,55,100.0
90L_10NL_3_4,90L_10NL,3,k o n o s ˈe ɾ,V;SBJV;PRS;2;PL,55,55,100.0
90L_10NL_3_1,90L_10NL,3,k o n o s ˈe ɾ,V;SBJV;PRS;2;SG,55,55,100.0
90L_10NL_3_2,90L_10NL,3,k o n o s ˈe ɾ,V;SBJV;PRS;2;SG,7,55,12.73
90L_10NL_3_3,90L_10NL,3,k o n o s ˈe ɾ,V;SBJV;PRS;2;SG,55,55,100.0
90L_10NL_3_4,90L_10NL,3,k o n o s ˈe ɾ,V;SBJV;PRS;2;SG,55,55,100.0
90L_10NL_3_1,90L_10NL,3,k o n o s ˈe ɾ,V;SBJV;PRS;3;PL,55,55,100.0
90L_10NL_3_2,90L_10NL,3,k o n o s ˈe ɾ,V;SBJV;PRS;3;PL,9,55,16.36
90L_10NL_3_3,90L_10NL,3,k o n o s ˈe ɾ,V;SBJV;PRS;3;PL,55,55,100.0
90L_10NL_3_4,90L_10NL,3,k o n o s ˈe ɾ,V;SBJV;PRS;3;PL,55,55,100.0
90L_10NL_3_1,90L_10NL,3,k o n o s ˈe ɾ,V;SBJV;PRS;3;SG,55,55,100.0
90L_10NL_3_2,90L_10NL,3,k o n o s ˈe ɾ,V;SBJV;PRS;3;SG,10,55,18.18
90L_10NL_3_3,90L_10NL,3,k o n o s ˈe ɾ,V;SBJV;PRS;3;SG,55,55,100.0
90L_10NL_3_4,90L_10NL,3,k o n o s ˈe ɾ,V;SBJV;PRS;3;SG,55,55,100.0
90L_10NL_3_1,90L_10NL,3,k o n t e n ˈe ɾ,V;IND;PRS;1;PL,55,55,100.0
90L_10NL_3_2,90L_10NL,3,k o n t e n ˈe ɾ,V;IND;PRS;1;PL,55,55,100.0
90L_10NL_3_3,90L_10NL,3,k o n t e n ˈe ɾ,V;IND;PRS;1;PL,55,55,100.0
90L_10NL_3_4,90L_10NL,3,k o n t e n ˈe ɾ,V;IND;PRS;1;PL,55,55,100.0
90L_10NL_3_1,90L_10NL,3,k o n t e n ˈe ɾ,V;IND;PRS;1;SG,55,55,100.0
90L_10NL_3_2,90L_10NL,3,k o n t e n ˈe ɾ,V;IND;PRS;1;SG,55,55,100.0
90L_10NL_3_3,90L_10NL,3,k o n t e n ˈe ɾ,V;IND;PRS;1;SG,55,55,100.0
90L_10NL_3_4,90L_10NL,3,k o n t e n ˈe ɾ,V;IND;PRS;1;SG,55,55,100.0
90L_10NL_3_1,90L_10NL,3,k o n t e n ˈe ɾ,V;IND;PRS;2;PL,55,55,100.0
90L_10NL_3_2,90L_10NL,3,k o n t e n ˈe ɾ,V;IND;PRS;2;PL,55,55,100.0
90L_10NL_3_3,90L_10NL,3,k o n t e n ˈe ɾ,V;IND;PRS;2;PL,55,55,100.0
90L_10NL_3_4,90L_10NL,3,k o n t e n ˈe ɾ,V;IND;PRS;2;PL,55,55,100.0
90L_10NL_3_1,90L_10NL,3,k o n t e n ˈe ɾ,V;IND;PRS;2;SG,55,55,100.0
90L_10NL_3_2,90L_10NL,3,k o n t e n ˈe ɾ,V;IND;PRS;2;SG,55,55,100.0
90L_10NL_3_3,90L_10NL,3,k o n t e n ˈe ɾ,V;IND;PRS;2;SG,55,55,100.0
90L_10NL_3_4,90L_10NL,3,k o n t e n ˈe ɾ,V;IND;PRS;2;SG,55,55,100.0
90L_10NL_3_1,90L_10NL,3,k o n t e n ˈe ɾ,V;IND;PRS;3;PL,55,55,100.0
90L_10NL_3_2,90L_10NL,3,k o n t e n ˈe ɾ,V;IND;PRS;3;PL,55,55,100.0
90L_10NL_3_3,90L_10NL,3,k o n t e n ˈe ɾ,V;IND;PRS;3;PL,55,55,100.0
90L_10NL_3_4,90L_10NL,3,k o n t e n ˈe ɾ,V;IND;PRS;3;PL,55,55,100.0
90L_10NL_3_1,90L_10NL,3,k o n t e n ˈe ɾ,V;IND;PRS;3;SG,55,55,100.0
90L_10NL_3_2,90L_10NL,3,k o n t e n ˈe ɾ,V;IND;PRS;3;SG,55,55,100.0
90L_10NL_3_3,90L_10NL,3,k o n t e n ˈe ɾ,V;IND;PRS;3;SG,55,55,100.0
90L_10NL_3_4,90L_10NL,3,k o n t e n ˈe ɾ,V;IND;PRS;3;SG,55,55,100.0
90L_10NL_3_1,90L_10NL,3,k o n t e n ˈe ɾ,V;SBJV;PRS;1;PL,55,55,100.0
90L_10NL_3_2,90L_10NL,3,k o n t e n ˈe ɾ,V;SBJV;PRS;1;PL,55,55,100.0
90L_10NL_3_3,90L_10NL,3,k o n t e n ˈe ɾ,V;SBJV;PRS;1;PL,55,55,100.0
90L_10NL_3_4,90L_10NL,3,k o n t e n ˈe ɾ,V;SBJV;PRS;1;PL,55,55,100.0
90L_10NL_3_1,90L_10NL,3,k o n t e n ˈe ɾ,V;SBJV;PRS;1;SG,55,55,100.0
90L_10NL_3_2,90L_10NL,3,k o n t e n ˈe ɾ,V;SBJV;PRS;1;SG,55,55,100.0
90L_10NL_3_3,90L_10NL,3,k o n t e n ˈe ɾ,V;SBJV;PRS;1;SG,55,55,100.0
90L_10NL_3_4,90L_10NL,3,k o n t e n ˈe ɾ,V;SBJV;PRS;1;SG,55,55,100.0
90L_10NL_3_1,90L_10NL,3,k o n t e n ˈe ɾ,V;SBJV;PRS;2;PL,55,55,100.0
90L_10NL_3_2,90L_10NL,3,k o n t e n ˈe ɾ,V;SBJV;PRS;2;PL,55,55,100.0
90L_10NL_3_3,90L_10NL,3,k o n t e n ˈe ɾ,V;SBJV;PRS;2;PL,55,55,100.0
90L_10NL_3_4,90L_10NL,3,k o n t e n ˈe ɾ,V;SBJV;PRS;2;PL,55,55,100.0
90L_10NL_3_1,90L_10NL,3,k o n t e n ˈe ɾ,V;SBJV;PRS;2;SG,55,55,100.0
90L_10NL_3_2,90L_10NL,3,k o n t e n ˈe ɾ,V;SBJV;PRS;2;SG,55,55,100.0
90L_10NL_3_3,90L_10NL,3,k o n t e n ˈe ɾ,V;SBJV;PRS;2;SG,55,55,100.0
90L_10NL_3_4,90L_10NL,3,k o n t e n ˈe ɾ,V;SBJV;PRS;2;SG,55,55,100.0
90L_10NL_3_1,90L_10NL,3,k o n t e n ˈe ɾ,V;SBJV;PRS;3;PL,55,55,100.0
90L_10NL_3_2,90L_10NL,3,k o n t e n ˈe ɾ,V;SBJV;PRS;3;PL,55,55,100.0
90L_10NL_3_3,90L_10NL,3,k o n t e n ˈe ɾ,V;SBJV;PRS;3;PL,55,55,100.0
90L_10NL_3_4,90L_10NL,3,k o n t e n ˈe ɾ,V;SBJV;PRS;3;PL,55,55,100.0
90L_10NL_3_1,90L_10NL,3,k o n t e n ˈe ɾ,V;SBJV;PRS;3;SG,55,55,100.0
90L_10NL_3_2,90L_10NL,3,k o n t e n ˈe ɾ,V;SBJV;PRS;3;SG,55,55,100.0
90L_10NL_3_3,90L_10NL,3,k o n t e n ˈe ɾ,V;SBJV;PRS;3;SG,55,55,100.0
90L_10NL_3_4,90L_10NL,3,k o n t e n ˈe ɾ,V;SBJV;PRS;3;SG,55,55,100.0
90L_10NL_3_1,90L_10NL,3,k o n t ɾ a d e s ˈi ɾ,V;IND;PRS;1;PL,55,55,100.0
90L_10NL_3_2,90L_10NL,3,k o n t ɾ a d e s ˈi ɾ,V;IND;PRS;1;PL,55,55,100.0
90L_10NL_3_3,90L_10NL,3,k o n t ɾ a d e s ˈi ɾ,V;IND;PRS;1;PL,49,55,89.09
90L_10NL_3_4,90L_10NL,3,k o n t ɾ a d e s ˈi ɾ,V;IND;PRS;1;PL,24,55,43.64
90L_10NL_3_1,90L_10NL,3,k o n t ɾ a d e s ˈi ɾ,V;IND;PRS;1;SG,39,55,70.91
90L_10NL_3_2,90L_10NL,3,k o n t ɾ a d e s ˈi ɾ,V;IND;PRS;1;SG,49,55,89.09
90L_10NL_3_3,90L_10NL,3,k o n t ɾ a d e s ˈi ɾ,V;IND;PRS;1;SG,49,55,89.09
90L_10NL_3_4,90L_10NL,3,k o n t ɾ a d e s ˈi ɾ,V;IND;PRS;1;SG,36,55,65.45
90L_10NL_3_1,90L_10NL,3,k o n t ɾ a d e s ˈi ɾ,V;IND;PRS;2;PL,55,55,100.0
90L_10NL_3_2,90L_10NL,3,k o n t ɾ a d e s ˈi ɾ,V;IND;PRS;2;PL,51,55,92.73
90L_10NL_3_3,90L_10NL,3,k o n t ɾ a d e s ˈi ɾ,V;IND;PRS;2;PL,54,55,98.18
90L_10NL_3_4,90L_10NL,3,k o n t ɾ a d e s ˈi ɾ,V;IND;PRS;2;PL,26,55,47.27
90L_10NL_3_1,90L_10NL,3,k o n t ɾ a d e s ˈi ɾ,V;IND;PRS;2;SG,37,55,67.27
90L_10NL_3_2,90L_10NL,3,k o n t ɾ a d e s ˈi ɾ,V;IND;PRS;2;SG,47,55,85.45
90L_10NL_3_3,90L_10NL,3,k o n t ɾ a d e s ˈi ɾ,V;IND;PRS;2;SG,48,55,87.27
90L_10NL_3_4,90L_10NL,3,k o n t ɾ a d e s ˈi ɾ,V;IND;PRS;2;SG,36,55,65.45
90L_10NL_3_1,90L_10NL,3,k o n t ɾ a d e s ˈi ɾ,V;IND;PRS;3;PL,37,55,67.27
90L_10NL_3_2,90L_10NL,3,k o n t ɾ a d e s ˈi ɾ,V;IND;PRS;3;PL,51,55,92.73
90L_10NL_3_3,90L_10NL,3,k o n t ɾ a d e s ˈi ɾ,V;IND;PRS;3;PL,49,55,89.09
90L_10NL_3_4,90L_10NL,3,k o n t ɾ a d e s ˈi ɾ,V;IND;PRS;3;PL,36,55,65.45
90L_10NL_3_1,90L_10NL,3,k o n t ɾ a d e s ˈi ɾ,V;IND;PRS;3;SG,36,55,65.45
90L_10NL_3_2,90L_10NL,3,k o n t ɾ a d e s ˈi ɾ,V;IND;PRS;3;SG,50,55,90.91
90L_10NL_3_3,90L_10NL,3,k o n t ɾ a d e s ˈi ɾ,V;IND;PRS;3;SG,48,55,87.27
90L_10NL_3_4,90L_10NL,3,k o n t ɾ a d e s ˈi ɾ,V;IND;PRS;3;SG,36,55,65.45
90L_10NL_3_1,90L_10NL,3,k o n t ɾ a d e s ˈi ɾ,V;SBJV;PRS;1;PL,43,55,78.18
90L_10NL_3_2,90L_10NL,3,k o n t ɾ a d e s ˈi ɾ,V;SBJV;PRS;1;PL,36,55,65.45
90L_10NL_3_3,90L_10NL,3,k o n t ɾ a d e s ˈi ɾ,V;SBJV;PRS;1;PL,38,55,69.09
90L_10NL_3_4,90L_10NL,3,k o n t ɾ a d e s ˈi ɾ,V;SBJV;PRS;1;PL,36,55,65.45
90L_10NL_3_1,90L_10NL,3,k o n t ɾ a d e s ˈi ɾ,V;SBJV;PRS;1;SG,39,55,70.91
90L_10NL_3_2,90L_10NL,3,k o n t ɾ a d e s ˈi ɾ,V;SBJV;PRS;1;SG,50,55,90.91
90L_10NL_3_3,90L_10NL,3,k o n t ɾ a d e s ˈi ɾ,V;SBJV;PRS;1;SG,48,55,87.27
90L_10NL_3_4,90L_10NL,3,k o n t ɾ a d e s ˈi ɾ,V;SBJV;PRS;1;SG,36,55,65.45
90L_10NL_3_1,90L_10NL,3,k o n t ɾ a d e s ˈi ɾ,V;SBJV;PRS;2;PL,45,55,81.82
90L_10NL_3_2,90L_10NL,3,k o n t ɾ a d e s ˈi ɾ,V;SBJV;PRS;2;PL,36,55,65.45
90L_10NL_3_3,90L_10NL,3,k o n t ɾ a d e s ˈi ɾ,V;SBJV;PRS;2;PL,37,55,67.27
90L_10NL_3_4,90L_10NL,3,k o n t ɾ a d e s ˈi ɾ,V;SBJV;PRS;2;PL,36,55,65.45
90L_10NL_3_1,90L_10NL,3,k o n t ɾ a d e s ˈi ɾ,V;SBJV;PRS;2;SG,39,55,70.91
90L_10NL_3_2,90L_10NL,3,k o n t ɾ a d e s ˈi ɾ,V;SBJV;PRS;2;SG,49,55,89.09
90L_10NL_3_3,90L_10NL,3,k o n t ɾ a d e s ˈi ɾ,V;SBJV;PRS;2;SG,48,55,87.27
90L_10NL_3_4,90L_10NL,3,k o n t ɾ a d e s ˈi ɾ,V;SBJV;PRS;2;SG,36,55,65.45
90L_10NL_3_1,90L_10NL,3,k o n t ɾ a d e s ˈi ɾ,V;SBJV;PRS;3;PL,37,55,67.27
90L_10NL_3_2,90L_10NL,3,k o n t ɾ a d e s ˈi ɾ,V;SBJV;PRS;3;PL,49,55,89.09
90L_10NL_3_3,90L_10NL,3,k o n t ɾ a d e s ˈi ɾ,V;SBJV;PRS;3;PL,47,55,85.45
90L_10NL_3_4,90L_10NL,3,k o n t ɾ a d e s ˈi ɾ,V;SBJV;PRS;3;PL,36,55,65.45
90L_10NL_3_1,90L_10NL,3,k o n t ɾ a d e s ˈi ɾ,V;SBJV;PRS;3;SG,39,55,70.91
90L_10NL_3_2,90L_10NL,3,k o n t ɾ a d e s ˈi ɾ,V;SBJV;PRS;3;SG,49,55,89.09
90L_10NL_3_3,90L_10NL,3,k o n t ɾ a d e s ˈi ɾ,V;SBJV;PRS;3;SG,47,55,85.45
90L_10NL_3_4,90L_10NL,3,k o n t ɾ a d e s ˈi ɾ,V;SBJV;PRS;3;SG,36,55,65.45
90L_10NL_3_1,90L_10NL,3,k o r e ç ˈi ɾ,V;IND;PRS;1;PL,10,55,18.18
90L_10NL_3_2,90L_10NL,3,k o r e ç ˈi ɾ,V;IND;PRS;1;PL,10,55,18.18
90L_10NL_3_3,90L_10NL,3,k o r e ç ˈi ɾ,V;IND;PRS;1;PL,10,55,18.18
90L_10NL_3_4,90L_10NL,3,k o r e ç ˈi ɾ,V;IND;PRS;1;PL,55,55,100.0
90L_10NL_3_1,90L_10NL,3,k o r e ç ˈi ɾ,V;IND;PRS;1;SG,36,55,65.45
90L_10NL_3_2,90L_10NL,3,k o r e ç ˈi ɾ,V;IND;PRS;1;SG,36,55,65.45
90L_10NL_3_3,90L_10NL,3,k o r e ç ˈi ɾ,V;IND;PRS;1;SG,36,55,65.45
90L_10NL_3_4,90L_10NL,3,k o r e ç ˈi ɾ,V;IND;PRS;1;SG,36,55,65.45
90L_10NL_3_1,90L_10NL,3,k o r e ç ˈi ɾ,V;IND;PRS;2;PL,10,55,18.18
90L_10NL_3_2,90L_10NL,3,k o r e ç ˈi ɾ,V;IND;PRS;2;PL,10,55,18.18
90L_10NL_3_3,90L_10NL,3,k o r e ç ˈi ɾ,V;IND;PRS;2;PL,10,55,18.18
90L_10NL_3_4,90L_10NL,3,k o r e ç ˈi ɾ,V;IND;PRS;2;PL,55,55,100.0
90L_10NL_3_1,90L_10NL,3,k o r e ç ˈi ɾ,V;IND;PRS;2;SG,36,55,65.45
90L_10NL_3_2,90L_10NL,3,k o r e ç ˈi ɾ,V;IND;PRS;2;SG,36,55,65.45
90L_10NL_3_3,90L_10NL,3,k o r e ç ˈi ɾ,V;IND;PRS;2;SG,36,55,65.45
90L_10NL_3_4,90L_10NL,3,k o r e ç ˈi ɾ,V;IND;PRS;2;SG,36,55,65.45
90L_10NL_3_1,90L_10NL,3,k o r e ç ˈi ɾ,V;IND;PRS;3;PL,36,55,65.45
90L_10NL_3_2,90L_10NL,3,k o r e ç ˈi ɾ,V;IND;PRS;3;PL,36,55,65.45
90L_10NL_3_3,90L_10NL,3,k o r e ç ˈi ɾ,V;IND;PRS;3;PL,36,55,65.45
90L_10NL_3_4,90L_10NL,3,k o r e ç ˈi ɾ,V;IND;PRS;3;PL,36,55,65.45
90L_10NL_3_1,90L_10NL,3,k o r e ç ˈi ɾ,V;IND;PRS;3;SG,36,55,65.45
90L_10NL_3_2,90L_10NL,3,k o r e ç ˈi ɾ,V;IND;PRS;3;SG,36,55,65.45
90L_10NL_3_3,90L_10NL,3,k o r e ç ˈi ɾ,V;IND;PRS;3;SG,36,55,65.45
90L_10NL_3_4,90L_10NL,3,k o r e ç ˈi ɾ,V;IND;PRS;3;SG,36,55,65.45
90L_10NL_3_1,90L_10NL,3,k o r e ç ˈi ɾ,V;SBJV;PRS;1;PL,36,55,65.45
90L_10NL_3_2,90L_10NL,3,k o r e ç ˈi ɾ,V;SBJV;PRS;1;PL,36,55,65.45
90L_10NL_3_3,90L_10NL,3,k o r e ç ˈi ɾ,V;SBJV;PRS;1;PL,36,55,65.45
90L_10NL_3_4,90L_10NL,3,k o r e ç ˈi ɾ,V;SBJV;PRS;1;PL,47,55,85.45
90L_10NL_3_1,90L_10NL,3,k o r e ç ˈi ɾ,V;SBJV;PRS;1;SG,36,55,65.45
90L_10NL_3_2,90L_10NL,3,k o r e ç ˈi ɾ,V;SBJV;PRS;1;SG,36,55,65.45
90L_10NL_3_3,90L_10NL,3,k o r e ç ˈi ɾ,V;SBJV;PRS;1;SG,36,55,65.45
90L_10NL_3_4,90L_10NL,3,k o r e ç ˈi ɾ,V;SBJV;PRS;1;SG,36,55,65.45
90L_10NL_3_1,90L_10NL,3,k o r e ç ˈi ɾ,V;SBJV;PRS;2;PL,36,55,65.45
90L_10NL_3_2,90L_10NL,3,k o r e ç ˈi ɾ,V;SBJV;PRS;2;PL,36,55,65.45
90L_10NL_3_3,90L_10NL,3,k o r e ç ˈi ɾ,V;SBJV;PRS;2;PL,36,55,65.45
90L_10NL_3_4,90L_10NL,3,k o r e ç ˈi ɾ,V;SBJV;PRS;2;PL,38,55,69.09
90L_10NL_3_1,90L_10NL,3,k o r e ç ˈi ɾ,V;SBJV;PRS;2;SG,36,55,65.45
90L_10NL_3_2,90L_10NL,3,k o r e ç ˈi ɾ,V;SBJV;PRS;2;SG,36,55,65.45
90L_10NL_3_3,90L_10NL,3,k o r e ç ˈi ɾ,V;SBJV;PRS;2;SG,36,55,65.45
90L_10NL_3_4,90L_10NL,3,k o r e ç ˈi ɾ,V;SBJV;PRS;2;SG,36,55,65.45
90L_10NL_3_1,90L_10NL,3,k o r e ç ˈi ɾ,V;SBJV;PRS;3;PL,36,55,65.45
90L_10NL_3_2,90L_10NL,3,k o r e ç ˈi ɾ,V;SBJV;PRS;3;PL,36,55,65.45
90L_10NL_3_3,90L_10NL,3,k o r e ç ˈi ɾ,V;SBJV;PRS;3;PL,36,55,65.45
90L_10NL_3_4,90L_10NL,3,k o r e ç ˈi ɾ,V;SBJV;PRS;3;PL,36,55,65.45
90L_10NL_3_1,90L_10NL,3,k o r e ç ˈi ɾ,V;SBJV;PRS;3;SG,36,55,65.45
90L_10NL_3_2,90L_10NL,3,k o r e ç ˈi ɾ,V;SBJV;PRS;3;SG,36,55,65.45
90L_10NL_3_3,90L_10NL,3,k o r e ç ˈi ɾ,V;SBJV;PRS;3;SG,36,55,65.45
90L_10NL_3_4,90L_10NL,3,k o r e ç ˈi ɾ,V;SBJV;PRS;3;SG,36,55,65.45
90L_10NL_3_1,90L_10NL,3,k o ç ˈe ɾ,V;IND;PRS;1;PL,55,55,100.0
90L_10NL_3_2,90L_10NL,3,k o ç ˈe ɾ,V;IND;PRS;1;PL,55,55,100.0
90L_10NL_3_3,90L_10NL,3,k o ç ˈe ɾ,V;IND;PRS;1;PL,55,55,100.0
90L_10NL_3_4,90L_10NL,3,k o ç ˈe ɾ,V;IND;PRS;1;PL,55,55,100.0
90L_10NL_3_1,90L_10NL,3,k o ç ˈe ɾ,V;IND;PRS;1;SG,55,55,100.0
90L_10NL_3_2,90L_10NL,3,k o ç ˈe ɾ,V;IND;PRS;1;SG,55,55,100.0
90L_10NL_3_3,90L_10NL,3,k o ç ˈe ɾ,V;IND;PRS;1;SG,55,55,100.0
90L_10NL_3_4,90L_10NL,3,k o ç ˈe ɾ,V;IND;PRS;1;SG,55,55,100.0
90L_10NL_3_1,90L_10NL,3,k o ç ˈe ɾ,V;IND;PRS;2;PL,55,55,100.0
90L_10NL_3_2,90L_10NL,3,k o ç ˈe ɾ,V;IND;PRS;2;PL,55,55,100.0
90L_10NL_3_3,90L_10NL,3,k o ç ˈe ɾ,V;IND;PRS;2;PL,55,55,100.0
90L_10NL_3_4,90L_10NL,3,k o ç ˈe ɾ,V;IND;PRS;2;PL,55,55,100.0
90L_10NL_3_1,90L_10NL,3,k o ç ˈe ɾ,V;IND;PRS;2;SG,55,55,100.0
90L_10NL_3_2,90L_10NL,3,k o ç ˈe ɾ,V;IND;PRS;2;SG,55,55,100.0
90L_10NL_3_3,90L_10NL,3,k o ç ˈe ɾ,V;IND;PRS;2;SG,55,55,100.0
90L_10NL_3_4,90L_10NL,3,k o ç ˈe ɾ,V;IND;PRS;2;SG,55,55,100.0
90L_10NL_3_1,90L_10NL,3,k o ç ˈe ɾ,V;IND;PRS;3;PL,55,55,100.0
90L_10NL_3_2,90L_10NL,3,k o ç ˈe ɾ,V;IND;PRS;3;PL,55,55,100.0
90L_10NL_3_3,90L_10NL,3,k o ç ˈe ɾ,V;IND;PRS;3;PL,55,55,100.0
90L_10NL_3_4,90L_10NL,3,k o ç ˈe ɾ,V;IND;PRS;3;PL,55,55,100.0
90L_10NL_3_1,90L_10NL,3,k o ç ˈe ɾ,V;IND;PRS;3;SG,55,55,100.0
90L_10NL_3_2,90L_10NL,3,k o ç ˈe ɾ,V;IND;PRS;3;SG,55,55,100.0
90L_10NL_3_3,90L_10NL,3,k o ç ˈe ɾ,V;IND;PRS;3;SG,55,55,100.0
90L_10NL_3_4,90L_10NL,3,k o ç ˈe ɾ,V;IND;PRS;3;SG,55,55,100.0
90L_10NL_3_1,90L_10NL,3,k o ç ˈe ɾ,V;SBJV;PRS;1;PL,55,55,100.0
90L_10NL_3_2,90L_10NL,3,k o ç ˈe ɾ,V;SBJV;PRS;1;PL,55,55,100.0
90L_10NL_3_3,90L_10NL,3,k o ç ˈe ɾ,V;SBJV;PRS;1;PL,55,55,100.0
90L_10NL_3_4,90L_10NL,3,k o ç ˈe ɾ,V;SBJV;PRS;1;PL,55,55,100.0
90L_10NL_3_1,90L_10NL,3,k o ç ˈe ɾ,V;SBJV;PRS;1;SG,55,55,100.0
90L_10NL_3_2,90L_10NL,3,k o ç ˈe ɾ,V;SBJV;PRS;1;SG,55,55,100.0
90L_10NL_3_3,90L_10NL,3,k o ç ˈe ɾ,V;SBJV;PRS;1;SG,55,55,100.0
90L_10NL_3_4,90L_10NL,3,k o ç ˈe ɾ,V;SBJV;PRS;1;SG,55,55,100.0
90L_10NL_3_1,90L_10NL,3,k o ç ˈe ɾ,V;SBJV;PRS;2;PL,55,55,100.0
90L_10NL_3_2,90L_10NL,3,k o ç ˈe ɾ,V;SBJV;PRS;2;PL,55,55,100.0
90L_10NL_3_3,90L_10NL,3,k o ç ˈe ɾ,V;SBJV;PRS;2;PL,55,55,100.0
90L_10NL_3_4,90L_10NL,3,k o ç ˈe ɾ,V;SBJV;PRS;2;PL,55,55,100.0
90L_10NL_3_1,90L_10NL,3,k o ç ˈe ɾ,V;SBJV;PRS;2;SG,55,55,100.0
90L_10NL_3_2,90L_10NL,3,k o ç ˈe ɾ,V;SBJV;PRS;2;SG,55,55,100.0
90L_10NL_3_3,90L_10NL,3,k o ç ˈe ɾ,V;SBJV;PRS;2;SG,55,55,100.0
90L_10NL_3_4,90L_10NL,3,k o ç ˈe ɾ,V;SBJV;PRS;2;SG,55,55,100.0
90L_10NL_3_1,90L_10NL,3,k o ç ˈe ɾ,V;SBJV;PRS;3;PL,55,55,100.0
90L_10NL_3_2,90L_10NL,3,k o ç ˈe ɾ,V;SBJV;PRS;3;PL,55,55,100.0
90L_10NL_3_3,90L_10NL,3,k o ç ˈe ɾ,V;SBJV;PRS;3;PL,55,55,100.0
90L_10NL_3_4,90L_10NL,3,k o ç ˈe ɾ,V;SBJV;PRS;3;PL,55,55,100.0
90L_10NL_3_1,90L_10NL,3,k o ç ˈe ɾ,V;SBJV;PRS;3;SG,55,55,100.0
90L_10NL_3_2,90L_10NL,3,k o ç ˈe ɾ,V;SBJV;PRS;3;SG,55,55,100.0
90L_10NL_3_3,90L_10NL,3,k o ç ˈe ɾ,V;SBJV;PRS;3;SG,55,55,100.0
90L_10NL_3_4,90L_10NL,3,k o ç ˈe ɾ,V;SBJV;PRS;3;SG,55,55,100.0
90L_10NL_3_1,90L_10NL,3,l u s ˈi ɾ,V;IND;PRS;1;PL,55,55,100.0
90L_10NL_3_2,90L_10NL,3,l u s ˈi ɾ,V;IND;PRS;1;PL,54,55,98.18
90L_10NL_3_3,90L_10NL,3,l u s ˈi ɾ,V;IND;PRS;1;PL,55,55,100.0
90L_10NL_3_4,90L_10NL,3,l u s ˈi ɾ,V;IND;PRS;1;PL,55,55,100.0
90L_10NL_3_1,90L_10NL,3,l u s ˈi ɾ,V;IND;PRS;1;SG,55,55,100.0
90L_10NL_3_2,90L_10NL,3,l u s ˈi ɾ,V;IND;PRS;1;SG,46,55,83.64
90L_10NL_3_3,90L_10NL,3,l u s ˈi ɾ,V;IND;PRS;1;SG,55,55,100.0
90L_10NL_3_4,90L_10NL,3,l u s ˈi ɾ,V;IND;PRS;1;SG,55,55,100.0
90L_10NL_3_1,90L_10NL,3,l u s ˈi ɾ,V;IND;PRS;2;PL,55,55,100.0
90L_10NL_3_2,90L_10NL,3,l u s ˈi ɾ,V;IND;PRS;2;PL,55,55,100.0
90L_10NL_3_3,90L_10NL,3,l u s ˈi ɾ,V;IND;PRS;2;PL,54,55,98.18
90L_10NL_3_4,90L_10NL,3,l u s ˈi ɾ,V;IND;PRS;2;PL,55,55,100.0
90L_10NL_3_1,90L_10NL,3,l u s ˈi ɾ,V;IND;PRS;2;SG,55,55,100.0
90L_10NL_3_2,90L_10NL,3,l u s ˈi ɾ,V;IND;PRS;2;SG,55,55,100.0
90L_10NL_3_3,90L_10NL,3,l u s ˈi ɾ,V;IND;PRS;2;SG,55,55,100.0
90L_10NL_3_4,90L_10NL,3,l u s ˈi ɾ,V;IND;PRS;2;SG,55,55,100.0
90L_10NL_3_1,90L_10NL,3,l u s ˈi ɾ,V;IND;PRS;3;PL,55,55,100.0
90L_10NL_3_2,90L_10NL,3,l u s ˈi ɾ,V;IND;PRS;3;PL,55,55,100.0
90L_10NL_3_3,90L_10NL,3,l u s ˈi ɾ,V;IND;PRS;3;PL,55,55,100.0
90L_10NL_3_4,90L_10NL,3,l u s ˈi ɾ,V;IND;PRS;3;PL,55,55,100.0
90L_10NL_3_1,90L_10NL,3,l u s ˈi ɾ,V;IND;PRS;3;SG,55,55,100.0
90L_10NL_3_2,90L_10NL,3,l u s ˈi ɾ,V;IND;PRS;3;SG,55,55,100.0
90L_10NL_3_3,90L_10NL,3,l u s ˈi ɾ,V;IND;PRS;3;SG,55,55,100.0
90L_10NL_3_4,90L_10NL,3,l u s ˈi ɾ,V;IND;PRS;3;SG,55,55,100.0
90L_10NL_3_1,90L_10NL,3,l u s ˈi ɾ,V;SBJV;PRS;1;PL,55,55,100.0
90L_10NL_3_2,90L_10NL,3,l u s ˈi ɾ,V;SBJV;PRS;1;PL,55,55,100.0
90L_10NL_3_3,90L_10NL,3,l u s ˈi ɾ,V;SBJV;PRS;1;PL,55,55,100.0
90L_10NL_3_4,90L_10NL,3,l u s ˈi ɾ,V;SBJV;PRS;1;PL,55,55,100.0
90L_10NL_3_1,90L_10NL,3,l u s ˈi ɾ,V;SBJV;PRS;1;SG,55,55,100.0
90L_10NL_3_2,90L_10NL,3,l u s ˈi ɾ,V;SBJV;PRS;1;SG,52,55,94.55
90L_10NL_3_3,90L_10NL,3,l u s ˈi ɾ,V;SBJV;PRS;1;SG,55,55,100.0
90L_10NL_3_4,90L_10NL,3,l u s ˈi ɾ,V;SBJV;PRS;1;SG,55,55,100.0
90L_10NL_3_1,90L_10NL,3,l u s ˈi ɾ,V;SBJV;PRS;2;PL,55,55,100.0
90L_10NL_3_2,90L_10NL,3,l u s ˈi ɾ,V;SBJV;PRS;2;PL,55,55,100.0
90L_10NL_3_3,90L_10NL,3,l u s ˈi ɾ,V;SBJV;PRS;2;PL,55,55,100.0
90L_10NL_3_4,90L_10NL,3,l u s ˈi ɾ,V;SBJV;PRS;2;PL,55,55,100.0
90L_10NL_3_1,90L_10NL,3,l u s ˈi ɾ,V;SBJV;PRS;2;SG,55,55,100.0
90L_10NL_3_2,90L_10NL,3,l u s ˈi ɾ,V;SBJV;PRS;2;SG,47,55,85.45
90L_10NL_3_3,90L_10NL,3,l u s ˈi ɾ,V;SBJV;PRS;2;SG,55,55,100.0
90L_10NL_3_4,90L_10NL,3,l u s ˈi ɾ,V;SBJV;PRS;2;SG,55,55,100.0
90L_10NL_3_1,90L_10NL,3,l u s ˈi ɾ,V;SBJV;PRS;3;PL,55,55,100.0
90L_10NL_3_2,90L_10NL,3,l u s ˈi ɾ,V;SBJV;PRS;3;PL,50,55,90.91
90L_10NL_3_3,90L_10NL,3,l u s ˈi ɾ,V;SBJV;PRS;3;PL,55,55,100.0
90L_10NL_3_4,90L_10NL,3,l u s ˈi ɾ,V;SBJV;PRS;3;PL,55,55,100.0
90L_10NL_3_1,90L_10NL,3,l u s ˈi ɾ,V;SBJV;PRS;3;SG,55,55,100.0
90L_10NL_3_2,90L_10NL,3,l u s ˈi ɾ,V;SBJV;PRS;3;SG,52,55,94.55
90L_10NL_3_3,90L_10NL,3,l u s ˈi ɾ,V;SBJV;PRS;3;SG,55,55,100.0
90L_10NL_3_4,90L_10NL,3,l u s ˈi ɾ,V;SBJV;PRS;3;SG,55,55,100.0
90L_10NL_3_1,90L_10NL,3,m a l d e s ˈi ɾ,V;IND;PRS;1;PL,55,55,100.0
90L_10NL_3_2,90L_10NL,3,m a l d e s ˈi ɾ,V;IND;PRS;1;PL,34,55,61.82
90L_10NL_3_3,90L_10NL,3,m a l d e s ˈi ɾ,V;IND;PRS;1;PL,47,55,85.45
90L_10NL_3_4,90L_10NL,3,m a l d e s ˈi ɾ,V;IND;PRS;1;PL,55,55,100.0
90L_10NL_3_1,90L_10NL,3,m a l d e s ˈi ɾ,V;IND;PRS;1;SG,55,55,100.0
90L_10NL_3_2,90L_10NL,3,m a l d e s ˈi ɾ,V;IND;PRS;1;SG,55,55,100.0
90L_10NL_3_3,90L_10NL,3,m a l d e s ˈi ɾ,V;IND;PRS;1;SG,55,55,100.0
90L_10NL_3_4,90L_10NL,3,m a l d e s ˈi ɾ,V;IND;PRS;1;SG,55,55,100.0
90L_10NL_3_1,90L_10NL,3,m a l d e s ˈi ɾ,V;IND;PRS;2;PL,50,55,90.91
90L_10NL_3_2,90L_10NL,3,m a l d e s ˈi ɾ,V;IND;PRS;2;PL,35,55,63.64
90L_10NL_3_3,90L_10NL,3,m a l d e s ˈi ɾ,V;IND;PRS;2;PL,55,55,100.0
90L_10NL_3_4,90L_10NL,3,m a l d e s ˈi ɾ,V;IND;PRS;2;PL,55,55,100.0
90L_10NL_3_1,90L_10NL,3,m a l d e s ˈi ɾ,V;IND;PRS;2;SG,55,55,100.0
90L_10NL_3_2,90L_10NL,3,m a l d e s ˈi ɾ,V;IND;PRS;2;SG,55,55,100.0
90L_10NL_3_3,90L_10NL,3,m a l d e s ˈi ɾ,V;IND;PRS;2;SG,55,55,100.0
90L_10NL_3_4,90L_10NL,3,m a l d e s ˈi ɾ,V;IND;PRS;2;SG,55,55,100.0
90L_10NL_3_1,90L_10NL,3,m a l d e s ˈi ɾ,V;IND;PRS;3;PL,55,55,100.0
90L_10NL_3_2,90L_10NL,3,m a l d e s ˈi ɾ,V;IND;PRS;3;PL,54,55,98.18
90L_10NL_3_3,90L_10NL,3,m a l d e s ˈi ɾ,V;IND;PRS;3;PL,55,55,100.0
90L_10NL_3_4,90L_10NL,3,m a l d e s ˈi ɾ,V;IND;PRS;3;PL,55,55,100.0
90L_10NL_3_1,90L_10NL,3,m a l d e s ˈi ɾ,V;IND;PRS;3;SG,55,55,100.0
90L_10NL_3_2,90L_10NL,3,m a l d e s ˈi ɾ,V;IND;PRS;3;SG,55,55,100.0
90L_10NL_3_3,90L_10NL,3,m a l d e s ˈi ɾ,V;IND;PRS;3;SG,55,55,100.0
90L_10NL_3_4,90L_10NL,3,m a l d e s ˈi ɾ,V;IND;PRS;3;SG,55,55,100.0
90L_10NL_3_1,90L_10NL,3,m a l d e s ˈi ɾ,V;SBJV;PRS;1;PL,55,55,100.0
90L_10NL_3_2,90L_10NL,3,m a l d e s ˈi ɾ,V;SBJV;PRS;1;PL,55,55,100.0
90L_10NL_3_3,90L_10NL,3,m a l d e s ˈi ɾ,V;SBJV;PRS;1;PL,55,55,100.0
90L_10NL_3_4,90L_10NL,3,m a l d e s ˈi ɾ,V;SBJV;PRS;1;PL,55,55,100.0
90L_10NL_3_1,90L_10NL,3,m a l d e s ˈi ɾ,V;SBJV;PRS;1;SG,55,55,100.0
90L_10NL_3_2,90L_10NL,3,m a l d e s ˈi ɾ,V;SBJV;PRS;1;SG,55,55,100.0
90L_10NL_3_3,90L_10NL,3,m a l d e s ˈi ɾ,V;SBJV;PRS;1;SG,55,55,100.0
90L_10NL_3_4,90L_10NL,3,m a l d e s ˈi ɾ,V;SBJV;PRS;1;SG,55,55,100.0
90L_10NL_3_1,90L_10NL,3,m a l d e s ˈi ɾ,V;SBJV;PRS;2;PL,51,55,92.73
90L_10NL_3_2,90L_10NL,3,m a l d e s ˈi ɾ,V;SBJV;PRS;2;PL,55,55,100.0
90L_10NL_3_3,90L_10NL,3,m a l d e s ˈi ɾ,V;SBJV;PRS;2;PL,55,55,100.0
90L_10NL_3_4,90L_10NL,3,m a l d e s ˈi ɾ,V;SBJV;PRS;2;PL,55,55,100.0
90L_10NL_3_1,90L_10NL,3,m a l d e s ˈi ɾ,V;SBJV;PRS;2;SG,55,55,100.0
90L_10NL_3_2,90L_10NL,3,m a l d e s ˈi ɾ,V;SBJV;PRS;2;SG,55,55,100.0
90L_10NL_3_3,90L_10NL,3,m a l d e s ˈi ɾ,V;SBJV;PRS;2;SG,55,55,100.0
90L_10NL_3_4,90L_10NL,3,m a l d e s ˈi ɾ,V;SBJV;PRS;2;SG,55,55,100.0
90L_10NL_3_1,90L_10NL,3,m a l d e s ˈi ɾ,V;SBJV;PRS;3;PL,55,55,100.0
90L_10NL_3_2,90L_10NL,3,m a l d e s ˈi ɾ,V;SBJV;PRS;3;PL,55,55,100.0
90L_10NL_3_3,90L_10NL,3,m a l d e s ˈi ɾ,V;SBJV;PRS;3;PL,55,55,100.0
90L_10NL_3_4,90L_10NL,3,m a l d e s ˈi ɾ,V;SBJV;PRS;3;PL,55,55,100.0
90L_10NL_3_1,90L_10NL,3,m a l d e s ˈi ɾ,V;SBJV;PRS;3;SG,55,55,100.0
90L_10NL_3_2,90L_10NL,3,m a l d e s ˈi ɾ,V;SBJV;PRS;3;SG,55,55,100.0
90L_10NL_3_3,90L_10NL,3,m a l d e s ˈi ɾ,V;SBJV;PRS;3;SG,55,55,100.0
90L_10NL_3_4,90L_10NL,3,m a l d e s ˈi ɾ,V;SBJV;PRS;3;SG,55,55,100.0
90L_10NL_3_1,90L_10NL,3,m u l s ˈe ɾ,V;IND;PRS;1;PL,55,55,100.0
90L_10NL_3_2,90L_10NL,3,m u l s ˈe ɾ,V;IND;PRS;1;PL,55,55,100.0
90L_10NL_3_3,90L_10NL,3,m u l s ˈe ɾ,V;IND;PRS;1;PL,55,55,100.0
90L_10NL_3_4,90L_10NL,3,m u l s ˈe ɾ,V;IND;PRS;1;PL,55,55,100.0
90L_10NL_3_1,90L_10NL,3,m u l s ˈe ɾ,V;IND;PRS;1;SG,55,55,100.0
90L_10NL_3_2,90L_10NL,3,m u l s ˈe ɾ,V;IND;PRS;1;SG,55,55,100.0
90L_10NL_3_3,90L_10NL,3,m u l s ˈe ɾ,V;IND;PRS;1;SG,55,55,100.0
90L_10NL_3_4,90L_10NL,3,m u l s ˈe ɾ,V;IND;PRS;1;SG,51,55,92.73
90L_10NL_3_1,90L_10NL,3,m u l s ˈe ɾ,V;IND;PRS;2;PL,55,55,100.0
90L_10NL_3_2,90L_10NL,3,m u l s ˈe ɾ,V;IND;PRS;2;PL,55,55,100.0
90L_10NL_3_3,90L_10NL,3,m u l s ˈe ɾ,V;IND;PRS;2;PL,55,55,100.0
90L_10NL_3_4,90L_10NL,3,m u l s ˈe ɾ,V;IND;PRS;2;PL,55,55,100.0
90L_10NL_3_1,90L_10NL,3,m u l s ˈe ɾ,V;IND;PRS;2;SG,55,55,100.0
90L_10NL_3_2,90L_10NL,3,m u l s ˈe ɾ,V;IND;PRS;2;SG,55,55,100.0
90L_10NL_3_3,90L_10NL,3,m u l s ˈe ɾ,V;IND;PRS;2;SG,55,55,100.0
90L_10NL_3_4,90L_10NL,3,m u l s ˈe ɾ,V;IND;PRS;2;SG,55,55,100.0
90L_10NL_3_1,90L_10NL,3,m u l s ˈe ɾ,V;IND;PRS;3;PL,55,55,100.0
90L_10NL_3_2,90L_10NL,3,m u l s ˈe ɾ,V;IND;PRS;3;PL,55,55,100.0
90L_10NL_3_3,90L_10NL,3,m u l s ˈe ɾ,V;IND;PRS;3;PL,55,55,100.0
90L_10NL_3_4,90L_10NL,3,m u l s ˈe ɾ,V;IND;PRS;3;PL,55,55,100.0
90L_10NL_3_1,90L_10NL,3,m u l s ˈe ɾ,V;IND;PRS;3;SG,55,55,100.0
90L_10NL_3_2,90L_10NL,3,m u l s ˈe ɾ,V;IND;PRS;3;SG,55,55,100.0
90L_10NL_3_3,90L_10NL,3,m u l s ˈe ɾ,V;IND;PRS;3;SG,55,55,100.0
90L_10NL_3_4,90L_10NL,3,m u l s ˈe ɾ,V;IND;PRS;3;SG,55,55,100.0
90L_10NL_3_1,90L_10NL,3,m u l s ˈe ɾ,V;SBJV;PRS;1;PL,55,55,100.0
90L_10NL_3_2,90L_10NL,3,m u l s ˈe ɾ,V;SBJV;PRS;1;PL,55,55,100.0
90L_10NL_3_3,90L_10NL,3,m u l s ˈe ɾ,V;SBJV;PRS;1;PL,55,55,100.0
90L_10NL_3_4,90L_10NL,3,m u l s ˈe ɾ,V;SBJV;PRS;1;PL,55,55,100.0
90L_10NL_3_1,90L_10NL,3,m u l s ˈe ɾ,V;SBJV;PRS;1;SG,55,55,100.0
90L_10NL_3_2,90L_10NL,3,m u l s ˈe ɾ,V;SBJV;PRS;1;SG,55,55,100.0
90L_10NL_3_3,90L_10NL,3,m u l s ˈe ɾ,V;SBJV;PRS;1;SG,55,55,100.0
90L_10NL_3_4,90L_10NL,3,m u l s ˈe ɾ,V;SBJV;PRS;1;SG,55,55,100.0
90L_10NL_3_1,90L_10NL,3,m u l s ˈe ɾ,V;SBJV;PRS;2;PL,55,55,100.0
90L_10NL_3_2,90L_10NL,3,m u l s ˈe ɾ,V;SBJV;PRS;2;PL,55,55,100.0
90L_10NL_3_3,90L_10NL,3,m u l s ˈe ɾ,V;SBJV;PRS;2;PL,55,55,100.0
90L_10NL_3_4,90L_10NL,3,m u l s ˈe ɾ,V;SBJV;PRS;2;PL,55,55,100.0
90L_10NL_3_1,90L_10NL,3,m u l s ˈe ɾ,V;SBJV;PRS;2;SG,55,55,100.0
90L_10NL_3_2,90L_10NL,3,m u l s ˈe ɾ,V;SBJV;PRS;2;SG,55,55,100.0
90L_10NL_3_3,90L_10NL,3,m u l s ˈe ɾ,V;SBJV;PRS;2;SG,55,55,100.0
90L_10NL_3_4,90L_10NL,3,m u l s ˈe ɾ,V;SBJV;PRS;2;SG,55,55,100.0
90L_10NL_3_1,90L_10NL,3,m u l s ˈe ɾ,V;SBJV;PRS;3;PL,55,55,100.0
90L_10NL_3_2,90L_10NL,3,m u l s ˈe ɾ,V;SBJV;PRS;3;PL,55,55,100.0
90L_10NL_3_3,90L_10NL,3,m u l s ˈe ɾ,V;SBJV;PRS;3;PL,55,55,100.0
90L_10NL_3_4,90L_10NL,3,m u l s ˈe ɾ,V;SBJV;PRS;3;PL,55,55,100.0
90L_10NL_3_1,90L_10NL,3,m u l s ˈe ɾ,V;SBJV;PRS;3;SG,55,55,100.0
90L_10NL_3_2,90L_10NL,3,m u l s ˈe ɾ,V;SBJV;PRS;3;SG,55,55,100.0
90L_10NL_3_3,90L_10NL,3,m u l s ˈe ɾ,V;SBJV;PRS;3;SG,55,55,100.0
90L_10NL_3_4,90L_10NL,3,m u l s ˈe ɾ,V;SBJV;PRS;3;SG,55,55,100.0
90L_10NL_3_1,90L_10NL,3,m u l ç ˈe ɾ,V;IND;PRS;1;PL,55,55,100.0
90L_10NL_3_2,90L_10NL,3,m u l ç ˈe ɾ,V;IND;PRS;1;PL,55,55,100.0
90L_10NL_3_3,90L_10NL,3,m u l ç ˈe ɾ,V;IND;PRS;1;PL,55,55,100.0
90L_10NL_3_4,90L_10NL,3,m u l ç ˈe ɾ,V;IND;PRS;1;PL,55,55,100.0
90L_10NL_3_1,90L_10NL,3,m u l ç ˈe ɾ,V;IND;PRS;1;SG,55,55,100.0
90L_10NL_3_2,90L_10NL,3,m u l ç ˈe ɾ,V;IND;PRS;1;SG,55,55,100.0
90L_10NL_3_3,90L_10NL,3,m u l ç ˈe ɾ,V;IND;PRS;1;SG,55,55,100.0
90L_10NL_3_4,90L_10NL,3,m u l ç ˈe ɾ,V;IND;PRS;1;SG,55,55,100.0
90L_10NL_3_1,90L_10NL,3,m u l ç ˈe ɾ,V;IND;PRS;2;PL,55,55,100.0
90L_10NL_3_2,90L_10NL,3,m u l ç ˈe ɾ,V;IND;PRS;2;PL,55,55,100.0
90L_10NL_3_3,90L_10NL,3,m u l ç ˈe ɾ,V;IND;PRS;2;PL,55,55,100.0
90L_10NL_3_4,90L_10NL,3,m u l ç ˈe ɾ,V;IND;PRS;2;PL,55,55,100.0
90L_10NL_3_1,90L_10NL,3,m u l ç ˈe ɾ,V;IND;PRS;2;SG,55,55,100.0
90L_10NL_3_2,90L_10NL,3,m u l ç ˈe ɾ,V;IND;PRS;2;SG,55,55,100.0
90L_10NL_3_3,90L_10NL,3,m u l ç ˈe ɾ,V;IND;PRS;2;SG,55,55,100.0
90L_10NL_3_4,90L_10NL,3,m u l ç ˈe ɾ,V;IND;PRS;2;SG,55,55,100.0
90L_10NL_3_1,90L_10NL,3,m u l ç ˈe ɾ,V;IND;PRS;3;PL,55,55,100.0
90L_10NL_3_2,90L_10NL,3,m u l ç ˈe ɾ,V;IND;PRS;3;PL,55,55,100.0
90L_10NL_3_3,90L_10NL,3,m u l ç ˈe ɾ,V;IND;PRS;3;PL,55,55,100.0
90L_10NL_3_4,90L_10NL,3,m u l ç ˈe ɾ,V;IND;PRS;3;PL,55,55,100.0
90L_10NL_3_1,90L_10NL,3,m u l ç ˈe ɾ,V;IND;PRS;3;SG,55,55,100.0
90L_10NL_3_2,90L_10NL,3,m u l ç ˈe ɾ,V;IND;PRS;3;SG,55,55,100.0
90L_10NL_3_3,90L_10NL,3,m u l ç ˈe ɾ,V;IND;PRS;3;SG,55,55,100.0
90L_10NL_3_4,90L_10NL,3,m u l ç ˈe ɾ,V;IND;PRS;3;SG,55,55,100.0
90L_10NL_3_1,90L_10NL,3,m u l ç ˈe ɾ,V;SBJV;PRS;1;PL,55,55,100.0
90L_10NL_3_2,90L_10NL,3,m u l ç ˈe ɾ,V;SBJV;PRS;1;PL,55,55,100.0
90L_10NL_3_3,90L_10NL,3,m u l ç ˈe ɾ,V;SBJV;PRS;1;PL,55,55,100.0
90L_10NL_3_4,90L_10NL,3,m u l ç ˈe ɾ,V;SBJV;PRS;1;PL,55,55,100.0
90L_10NL_3_1,90L_10NL,3,m u l ç ˈe ɾ,V;SBJV;PRS;1;SG,55,55,100.0
90L_10NL_3_2,90L_10NL,3,m u l ç ˈe ɾ,V;SBJV;PRS;1;SG,55,55,100.0
90L_10NL_3_3,90L_10NL,3,m u l ç ˈe ɾ,V;SBJV;PRS;1;SG,55,55,100.0
90L_10NL_3_4,90L_10NL,3,m u l ç ˈe ɾ,V;SBJV;PRS;1;SG,55,55,100.0
90L_10NL_3_1,90L_10NL,3,m u l ç ˈe ɾ,V;SBJV;PRS;2;PL,55,55,100.0
90L_10NL_3_2,90L_10NL,3,m u l ç ˈe ɾ,V;SBJV;PRS;2;PL,55,55,100.0
90L_10NL_3_3,90L_10NL,3,m u l ç ˈe ɾ,V;SBJV;PRS;2;PL,55,55,100.0
90L_10NL_3_4,90L_10NL,3,m u l ç ˈe ɾ,V;SBJV;PRS;2;PL,55,55,100.0
90L_10NL_3_1,90L_10NL,3,m u l ç ˈe ɾ,V;SBJV;PRS;2;SG,55,55,100.0
90L_10NL_3_2,90L_10NL,3,m u l ç ˈe ɾ,V;SBJV;PRS;2;SG,55,55,100.0
90L_10NL_3_3,90L_10NL,3,m u l ç ˈe ɾ,V;SBJV;PRS;2;SG,55,55,100.0
90L_10NL_3_4,90L_10NL,3,m u l ç ˈe ɾ,V;SBJV;PRS;2;SG,55,55,100.0
90L_10NL_3_1,90L_10NL,3,m u l ç ˈe ɾ,V;SBJV;PRS;3;PL,55,55,100.0
90L_10NL_3_2,90L_10NL,3,m u l ç ˈe ɾ,V;SBJV;PRS;3;PL,55,55,100.0
90L_10NL_3_3,90L_10NL,3,m u l ç ˈe ɾ,V;SBJV;PRS;3;PL,55,55,100.0
90L_10NL_3_4,90L_10NL,3,m u l ç ˈe ɾ,V;SBJV;PRS;3;PL,55,55,100.0
90L_10NL_3_1,90L_10NL,3,m u l ç ˈe ɾ,V;SBJV;PRS;3;SG,55,55,100.0
90L_10NL_3_2,90L_10NL,3,m u l ç ˈe ɾ,V;SBJV;PRS;3;SG,55,55,100.0
90L_10NL_3_3,90L_10NL,3,m u l ç ˈe ɾ,V;SBJV;PRS;3;SG,55,55,100.0
90L_10NL_3_4,90L_10NL,3,m u l ç ˈe ɾ,V;SBJV;PRS;3;SG,55,55,100.0
90L_10NL_3_1,90L_10NL,3,p a d e s ˈe ɾ,V;IND;PRS;1;PL,55,55,100.0
90L_10NL_3_2,90L_10NL,3,p a d e s ˈe ɾ,V;IND;PRS;1;PL,30,55,54.55
90L_10NL_3_3,90L_10NL,3,p a d e s ˈe ɾ,V;IND;PRS;1;PL,55,55,100.0
90L_10NL_3_4,90L_10NL,3,p a d e s ˈe ɾ,V;IND;PRS;1;PL,55,55,100.0
90L_10NL_3_1,90L_10NL,3,p a d e s ˈe ɾ,V;IND;PRS;1;SG,55,55,100.0
90L_10NL_3_2,90L_10NL,3,p a d e s ˈe ɾ,V;IND;PRS;1;SG,35,55,63.64
90L_10NL_3_3,90L_10NL,3,p a d e s ˈe ɾ,V;IND;PRS;1;SG,55,55,100.0
90L_10NL_3_4,90L_10NL,3,p a d e s ˈe ɾ,V;IND;PRS;1;SG,55,55,100.0
90L_10NL_3_1,90L_10NL,3,p a d e s ˈe ɾ,V;IND;PRS;2;PL,55,55,100.0
90L_10NL_3_2,90L_10NL,3,p a d e s ˈe ɾ,V;IND;PRS;2;PL,33,55,60.0
90L_10NL_3_3,90L_10NL,3,p a d e s ˈe ɾ,V;IND;PRS;2;PL,55,55,100.0
90L_10NL_3_4,90L_10NL,3,p a d e s ˈe ɾ,V;IND;PRS;2;PL,55,55,100.0
90L_10NL_3_1,90L_10NL,3,p a d e s ˈe ɾ,V;IND;PRS;2;SG,55,55,100.0
90L_10NL_3_2,90L_10NL,3,p a d e s ˈe ɾ,V;IND;PRS;2;SG,47,55,85.45
90L_10NL_3_3,90L_10NL,3,p a d e s ˈe ɾ,V;IND;PRS;2;SG,55,55,100.0
90L_10NL_3_4,90L_10NL,3,p a d e s ˈe ɾ,V;IND;PRS;2;SG,55,55,100.0
90L_10NL_3_1,90L_10NL,3,p a d e s ˈe ɾ,V;IND;PRS;3;PL,55,55,100.0
90L_10NL_3_2,90L_10NL,3,p a d e s ˈe ɾ,V;IND;PRS;3;PL,40,55,72.73
90L_10NL_3_3,90L_10NL,3,p a d e s ˈe ɾ,V;IND;PRS;3;PL,55,55,100.0
90L_10NL_3_4,90L_10NL,3,p a d e s ˈe ɾ,V;IND;PRS;3;PL,55,55,100.0
90L_10NL_3_1,90L_10NL,3,p a d e s ˈe ɾ,V;IND;PRS;3;SG,55,55,100.0
90L_10NL_3_2,90L_10NL,3,p a d e s ˈe ɾ,V;IND;PRS;3;SG,40,55,72.73
90L_10NL_3_3,90L_10NL,3,p a d e s ˈe ɾ,V;IND;PRS;3;SG,55,55,100.0
90L_10NL_3_4,90L_10NL,3,p a d e s ˈe ɾ,V;IND;PRS;3;SG,55,55,100.0
90L_10NL_3_1,90L_10NL,3,p a d e s ˈe ɾ,V;SBJV;PRS;1;PL,55,55,100.0
90L_10NL_3_2,90L_10NL,3,p a d e s ˈe ɾ,V;SBJV;PRS;1;PL,55,55,100.0
90L_10NL_3_3,90L_10NL,3,p a d e s ˈe ɾ,V;SBJV;PRS;1;PL,55,55,100.0
90L_10NL_3_4,90L_10NL,3,p a d e s ˈe ɾ,V;SBJV;PRS;1;PL,55,55,100.0
90L_10NL_3_1,90L_10NL,3,p a d e s ˈe ɾ,V;SBJV;PRS;1;SG,55,55,100.0
90L_10NL_3_2,90L_10NL,3,p a d e s ˈe ɾ,V;SBJV;PRS;1;SG,45,55,81.82
90L_10NL_3_3,90L_10NL,3,p a d e s ˈe ɾ,V;SBJV;PRS;1;SG,55,55,100.0
90L_10NL_3_4,90L_10NL,3,p a d e s ˈe ɾ,V;SBJV;PRS;1;SG,55,55,100.0
90L_10NL_3_1,90L_10NL,3,p a d e s ˈe ɾ,V;SBJV;PRS;2;PL,55,55,100.0
90L_10NL_3_2,90L_10NL,3,p a d e s ˈe ɾ,V;SBJV;PRS;2;PL,54,55,98.18
90L_10NL_3_3,90L_10NL,3,p a d e s ˈe ɾ,V;SBJV;PRS;2;PL,55,55,100.0
90L_10NL_3_4,90L_10NL,3,p a d e s ˈe ɾ,V;SBJV;PRS;2;PL,55,55,100.0
90L_10NL_3_1,90L_10NL,3,p a d e s ˈe ɾ,V;SBJV;PRS;2;SG,55,55,100.0
90L_10NL_3_2,90L_10NL,3,p a d e s ˈe ɾ,V;SBJV;PRS;2;SG,50,55,90.91
90L_10NL_3_3,90L_10NL,3,p a d e s ˈe ɾ,V;SBJV;PRS;2;SG,55,55,100.0
90L_10NL_3_4,90L_10NL,3,p a d e s ˈe ɾ,V;SBJV;PRS;2;SG,55,55,100.0
90L_10NL_3_1,90L_10NL,3,p a d e s ˈe ɾ,V;SBJV;PRS;3;PL,55,55,100.0
90L_10NL_3_2,90L_10NL,3,p a d e s ˈe ɾ,V;SBJV;PRS;3;PL,50,55,90.91
90L_10NL_3_3,90L_10NL,3,p a d e s ˈe ɾ,V;SBJV;PRS;3;PL,55,55,100.0
90L_10NL_3_4,90L_10NL,3,p a d e s ˈe ɾ,V;SBJV;PRS;3;PL,55,55,100.0
90L_10NL_3_1,90L_10NL,3,p a d e s ˈe ɾ,V;SBJV;PRS;3;SG,55,55,100.0
90L_10NL_3_2,90L_10NL,3,p a d e s ˈe ɾ,V;SBJV;PRS;3;SG,49,55,89.09
90L_10NL_3_3,90L_10NL,3,p a d e s ˈe ɾ,V;SBJV;PRS;3;SG,55,55,100.0
90L_10NL_3_4,90L_10NL,3,p a d e s ˈe ɾ,V;SBJV;PRS;3;SG,55,55,100.0
90L_10NL_3_1,90L_10NL,3,p a l i d e s ˈe ɾ,V;IND;PRS;1;PL,55,55,100.0
90L_10NL_3_2,90L_10NL,3,p a l i d e s ˈe ɾ,V;IND;PRS;1;PL,55,55,100.0
90L_10NL_3_3,90L_10NL,3,p a l i d e s ˈe ɾ,V;IND;PRS;1;PL,55,55,100.0
90L_10NL_3_4,90L_10NL,3,p a l i d e s ˈe ɾ,V;IND;PRS;1;PL,55,55,100.0
90L_10NL_3_1,90L_10NL,3,p a l i d e s ˈe ɾ,V;IND;PRS;1;SG,55,55,100.0
90L_10NL_3_2,90L_10NL,3,p a l i d e s ˈe ɾ,V;IND;PRS;1;SG,55,55,100.0
90L_10NL_3_3,90L_10NL,3,p a l i d e s ˈe ɾ,V;IND;PRS;1;SG,55,55,100.0
90L_10NL_3_4,90L_10NL,3,p a l i d e s ˈe ɾ,V;IND;PRS;1;SG,55,55,100.0
90L_10NL_3_1,90L_10NL,3,p a l i d e s ˈe ɾ,V;IND;PRS;2;PL,55,55,100.0
90L_10NL_3_2,90L_10NL,3,p a l i d e s ˈe ɾ,V;IND;PRS;2;PL,55,55,100.0
90L_10NL_3_3,90L_10NL,3,p a l i d e s ˈe ɾ,V;IND;PRS;2;PL,55,55,100.0
90L_10NL_3_4,90L_10NL,3,p a l i d e s ˈe ɾ,V;IND;PRS;2;PL,55,55,100.0
90L_10NL_3_1,90L_10NL,3,p a l i d e s ˈe ɾ,V;IND;PRS;2;SG,55,55,100.0
90L_10NL_3_2,90L_10NL,3,p a l i d e s ˈe ɾ,V;IND;PRS;2;SG,55,55,100.0
90L_10NL_3_3,90L_10NL,3,p a l i d e s ˈe ɾ,V;IND;PRS;2;SG,55,55,100.0
90L_10NL_3_4,90L_10NL,3,p a l i d e s ˈe ɾ,V;IND;PRS;2;SG,55,55,100.0
90L_10NL_3_1,90L_10NL,3,p a l i d e s ˈe ɾ,V;IND;PRS;3;PL,55,55,100.0
90L_10NL_3_2,90L_10NL,3,p a l i d e s ˈe ɾ,V;IND;PRS;3;PL,55,55,100.0
90L_10NL_3_3,90L_10NL,3,p a l i d e s ˈe ɾ,V;IND;PRS;3;PL,55,55,100.0
90L_10NL_3_4,90L_10NL,3,p a l i d e s ˈe ɾ,V;IND;PRS;3;PL,55,55,100.0
90L_10NL_3_1,90L_10NL,3,p a l i d e s ˈe ɾ,V;IND;PRS;3;SG,55,55,100.0
90L_10NL_3_2,90L_10NL,3,p a l i d e s ˈe ɾ,V;IND;PRS;3;SG,55,55,100.0
90L_10NL_3_3,90L_10NL,3,p a l i d e s ˈe ɾ,V;IND;PRS;3;SG,55,55,100.0
90L_10NL_3_4,90L_10NL,3,p a l i d e s ˈe ɾ,V;IND;PRS;3;SG,55,55,100.0
90L_10NL_3_1,90L_10NL,3,p a l i d e s ˈe ɾ,V;SBJV;PRS;1;PL,55,55,100.0
90L_10NL_3_2,90L_10NL,3,p a l i d e s ˈe ɾ,V;SBJV;PRS;1;PL,55,55,100.0
90L_10NL_3_3,90L_10NL,3,p a l i d e s ˈe ɾ,V;SBJV;PRS;1;PL,55,55,100.0
90L_10NL_3_4,90L_10NL,3,p a l i d e s ˈe ɾ,V;SBJV;PRS;1;PL,55,55,100.0
90L_10NL_3_1,90L_10NL,3,p a l i d e s ˈe ɾ,V;SBJV;PRS;1;SG,55,55,100.0
90L_10NL_3_2,90L_10NL,3,p a l i d e s ˈe ɾ,V;SBJV;PRS;1;SG,55,55,100.0
90L_10NL_3_3,90L_10NL,3,p a l i d e s ˈe ɾ,V;SBJV;PRS;1;SG,55,55,100.0
90L_10NL_3_4,90L_10NL,3,p a l i d e s ˈe ɾ,V;SBJV;PRS;1;SG,55,55,100.0
90L_10NL_3_1,90L_10NL,3,p a l i d e s ˈe ɾ,V;SBJV;PRS;2;PL,55,55,100.0
90L_10NL_3_2,90L_10NL,3,p a l i d e s ˈe ɾ,V;SBJV;PRS;2;PL,55,55,100.0
90L_10NL_3_3,90L_10NL,3,p a l i d e s ˈe ɾ,V;SBJV;PRS;2;PL,55,55,100.0
90L_10NL_3_4,90L_10NL,3,p a l i d e s ˈe ɾ,V;SBJV;PRS;2;PL,55,55,100.0
90L_10NL_3_1,90L_10NL,3,p a l i d e s ˈe ɾ,V;SBJV;PRS;2;SG,55,55,100.0
90L_10NL_3_2,90L_10NL,3,p a l i d e s ˈe ɾ,V;SBJV;PRS;2;SG,55,55,100.0
90L_10NL_3_3,90L_10NL,3,p a l i d e s ˈe ɾ,V;SBJV;PRS;2;SG,55,55,100.0
90L_10NL_3_4,90L_10NL,3,p a l i d e s ˈe ɾ,V;SBJV;PRS;2;SG,55,55,100.0
90L_10NL_3_1,90L_10NL,3,p a l i d e s ˈe ɾ,V;SBJV;PRS;3;PL,55,55,100.0
90L_10NL_3_2,90L_10NL,3,p a l i d e s ˈe ɾ,V;SBJV;PRS;3;PL,55,55,100.0
90L_10NL_3_3,90L_10NL,3,p a l i d e s ˈe ɾ,V;SBJV;PRS;3;PL,55,55,100.0
90L_10NL_3_4,90L_10NL,3,p a l i d e s ˈe ɾ,V;SBJV;PRS;3;PL,55,55,100.0
90L_10NL_3_1,90L_10NL,3,p a l i d e s ˈe ɾ,V;SBJV;PRS;3;SG,55,55,100.0
90L_10NL_3_2,90L_10NL,3,p a l i d e s ˈe ɾ,V;SBJV;PRS;3;SG,55,55,100.0
90L_10NL_3_3,90L_10NL,3,p a l i d e s ˈe ɾ,V;SBJV;PRS;3;SG,55,55,100.0
90L_10NL_3_4,90L_10NL,3,p a l i d e s ˈe ɾ,V;SBJV;PRS;3;SG,55,55,100.0
90L_10NL_3_1,90L_10NL,3,p u n ç ˈi ɾ,V;IND;PRS;1;PL,55,55,100.0
90L_10NL_3_2,90L_10NL,3,p u n ç ˈi ɾ,V;IND;PRS;1;PL,55,55,100.0
90L_10NL_3_3,90L_10NL,3,p u n ç ˈi ɾ,V;IND;PRS;1;PL,55,55,100.0
90L_10NL_3_4,90L_10NL,3,p u n ç ˈi ɾ,V;IND;PRS;1;PL,55,55,100.0
90L_10NL_3_1,90L_10NL,3,p u n ç ˈi ɾ,V;IND;PRS;1;SG,55,55,100.0
90L_10NL_3_2,90L_10NL,3,p u n ç ˈi ɾ,V;IND;PRS;1;SG,55,55,100.0
90L_10NL_3_3,90L_10NL,3,p u n ç ˈi ɾ,V;IND;PRS;1;SG,55,55,100.0
90L_10NL_3_4,90L_10NL,3,p u n ç ˈi ɾ,V;IND;PRS;1;SG,55,55,100.0
90L_10NL_3_1,90L_10NL,3,p u n ç ˈi ɾ,V;IND;PRS;2;PL,55,55,100.0
90L_10NL_3_2,90L_10NL,3,p u n ç ˈi ɾ,V;IND;PRS;2;PL,55,55,100.0
90L_10NL_3_3,90L_10NL,3,p u n ç ˈi ɾ,V;IND;PRS;2;PL,55,55,100.0
90L_10NL_3_4,90L_10NL,3,p u n ç ˈi ɾ,V;IND;PRS;2;PL,55,55,100.0
90L_10NL_3_1,90L_10NL,3,p u n ç ˈi ɾ,V;IND;PRS;2;SG,55,55,100.0
90L_10NL_3_2,90L_10NL,3,p u n ç ˈi ɾ,V;IND;PRS;2;SG,55,55,100.0
90L_10NL_3_3,90L_10NL,3,p u n ç ˈi ɾ,V;IND;PRS;2;SG,55,55,100.0
90L_10NL_3_4,90L_10NL,3,p u n ç ˈi ɾ,V;IND;PRS;2;SG,55,55,100.0
90L_10NL_3_1,90L_10NL,3,p u n ç ˈi ɾ,V;IND;PRS;3;PL,55,55,100.0
90L_10NL_3_2,90L_10NL,3,p u n ç ˈi ɾ,V;IND;PRS;3;PL,55,55,100.0
90L_10NL_3_3,90L_10NL,3,p u n ç ˈi ɾ,V;IND;PRS;3;PL,55,55,100.0
90L_10NL_3_4,90L_10NL,3,p u n ç ˈi ɾ,V;IND;PRS;3;PL,55,55,100.0
90L_10NL_3_1,90L_10NL,3,p u n ç ˈi ɾ,V;IND;PRS;3;SG,55,55,100.0
90L_10NL_3_2,90L_10NL,3,p u n ç ˈi ɾ,V;IND;PRS;3;SG,55,55,100.0
90L_10NL_3_3,90L_10NL,3,p u n ç ˈi ɾ,V;IND;PRS;3;SG,55,55,100.0
90L_10NL_3_4,90L_10NL,3,p u n ç ˈi ɾ,V;IND;PRS;3;SG,55,55,100.0
90L_10NL_3_1,90L_10NL,3,p u n ç ˈi ɾ,V;SBJV;PRS;1;PL,55,55,100.0
90L_10NL_3_2,90L_10NL,3,p u n ç ˈi ɾ,V;SBJV;PRS;1;PL,55,55,100.0
90L_10NL_3_3,90L_10NL,3,p u n ç ˈi ɾ,V;SBJV;PRS;1;PL,55,55,100.0
90L_10NL_3_4,90L_10NL,3,p u n ç ˈi ɾ,V;SBJV;PRS;1;PL,55,55,100.0
90L_10NL_3_1,90L_10NL,3,p u n ç ˈi ɾ,V;SBJV;PRS;1;SG,55,55,100.0
90L_10NL_3_2,90L_10NL,3,p u n ç ˈi ɾ,V;SBJV;PRS;1;SG,55,55,100.0
90L_10NL_3_3,90L_10NL,3,p u n ç ˈi ɾ,V;SBJV;PRS;1;SG,55,55,100.0
90L_10NL_3_4,90L_10NL,3,p u n ç ˈi ɾ,V;SBJV;PRS;1;SG,55,55,100.0
90L_10NL_3_1,90L_10NL,3,p u n ç ˈi ɾ,V;SBJV;PRS;2;PL,55,55,100.0
90L_10NL_3_2,90L_10NL,3,p u n ç ˈi ɾ,V;SBJV;PRS;2;PL,55,55,100.0
90L_10NL_3_3,90L_10NL,3,p u n ç ˈi ɾ,V;SBJV;PRS;2;PL,55,55,100.0
90L_10NL_3_4,90L_10NL,3,p u n ç ˈi ɾ,V;SBJV;PRS;2;PL,55,55,100.0
90L_10NL_3_1,90L_10NL,3,p u n ç ˈi ɾ,V;SBJV;PRS;2;SG,55,55,100.0
90L_10NL_3_2,90L_10NL,3,p u n ç ˈi ɾ,V;SBJV;PRS;2;SG,55,55,100.0
90L_10NL_3_3,90L_10NL,3,p u n ç ˈi ɾ,V;SBJV;PRS;2;SG,55,55,100.0
90L_10NL_3_4,90L_10NL,3,p u n ç ˈi ɾ,V;SBJV;PRS;2;SG,55,55,100.0
90L_10NL_3_1,90L_10NL,3,p u n ç ˈi ɾ,V;SBJV;PRS;3;PL,55,55,100.0
90L_10NL_3_2,90L_10NL,3,p u n ç ˈi ɾ,V;SBJV;PRS;3;PL,55,55,100.0
90L_10NL_3_3,90L_10NL,3,p u n ç ˈi ɾ,V;SBJV;PRS;3;PL,55,55,100.0
90L_10NL_3_4,90L_10NL,3,p u n ç ˈi ɾ,V;SBJV;PRS;3;PL,55,55,100.0
90L_10NL_3_1,90L_10NL,3,p u n ç ˈi ɾ,V;SBJV;PRS;3;SG,55,55,100.0
90L_10NL_3_2,90L_10NL,3,p u n ç ˈi ɾ,V;SBJV;PRS;3;SG,55,55,100.0
90L_10NL_3_3,90L_10NL,3,p u n ç ˈi ɾ,V;SBJV;PRS;3;SG,55,55,100.0
90L_10NL_3_4,90L_10NL,3,p u n ç ˈi ɾ,V;SBJV;PRS;3;SG,55,55,100.0
90L_10NL_3_1,90L_10NL,3,p ɾ o b e n ˈi ɾ,V;IND;PRS;1;PL,55,55,100.0
90L_10NL_3_2,90L_10NL,3,p ɾ o b e n ˈi ɾ,V;IND;PRS;1;PL,55,55,100.0
90L_10NL_3_3,90L_10NL,3,p ɾ o b e n ˈi ɾ,V;IND;PRS;1;PL,55,55,100.0
90L_10NL_3_4,90L_10NL,3,p ɾ o b e n ˈi ɾ,V;IND;PRS;1;PL,55,55,100.0
90L_10NL_3_1,90L_10NL,3,p ɾ o b e n ˈi ɾ,V;IND;PRS;1;SG,55,55,100.0
90L_10NL_3_2,90L_10NL,3,p ɾ o b e n ˈi ɾ,V;IND;PRS;1;SG,55,55,100.0
90L_10NL_3_3,90L_10NL,3,p ɾ o b e n ˈi ɾ,V;IND;PRS;1;SG,55,55,100.0
90L_10NL_3_4,90L_10NL,3,p ɾ o b e n ˈi ɾ,V;IND;PRS;1;SG,55,55,100.0
90L_10NL_3_1,90L_10NL,3,p ɾ o b e n ˈi ɾ,V;IND;PRS;2;PL,55,55,100.0
90L_10NL_3_2,90L_10NL,3,p ɾ o b e n ˈi ɾ,V;IND;PRS;2;PL,55,55,100.0
90L_10NL_3_3,90L_10NL,3,p ɾ o b e n ˈi ɾ,V;IND;PRS;2;PL,55,55,100.0
90L_10NL_3_4,90L_10NL,3,p ɾ o b e n ˈi ɾ,V;IND;PRS;2;PL,55,55,100.0
90L_10NL_3_1,90L_10NL,3,p ɾ o b e n ˈi ɾ,V;IND;PRS;2;SG,55,55,100.0
90L_10NL_3_2,90L_10NL,3,p ɾ o b e n ˈi ɾ,V;IND;PRS;2;SG,55,55,100.0
90L_10NL_3_3,90L_10NL,3,p ɾ o b e n ˈi ɾ,V;IND;PRS;2;SG,53,55,96.36
90L_10NL_3_4,90L_10NL,3,p ɾ o b e n ˈi ɾ,V;IND;PRS;2;SG,55,55,100.0
90L_10NL_3_1,90L_10NL,3,p ɾ o b e n ˈi ɾ,V;IND;PRS;3;PL,55,55,100.0
90L_10NL_3_2,90L_10NL,3,p ɾ o b e n ˈi ɾ,V;IND;PRS;3;PL,55,55,100.0
90L_10NL_3_3,90L_10NL,3,p ɾ o b e n ˈi ɾ,V;IND;PRS;3;PL,55,55,100.0
90L_10NL_3_4,90L_10NL,3,p ɾ o b e n ˈi ɾ,V;IND;PRS;3;PL,55,55,100.0
90L_10NL_3_1,90L_10NL,3,p ɾ o b e n ˈi ɾ,V;IND;PRS;3;SG,55,55,100.0
90L_10NL_3_2,90L_10NL,3,p ɾ o b e n ˈi ɾ,V;IND;PRS;3;SG,55,55,100.0
90L_10NL_3_3,90L_10NL,3,p ɾ o b e n ˈi ɾ,V;IND;PRS;3;SG,55,55,100.0
90L_10NL_3_4,90L_10NL,3,p ɾ o b e n ˈi ɾ,V;IND;PRS;3;SG,55,55,100.0
90L_10NL_3_1,90L_10NL,3,p ɾ o b e n ˈi ɾ,V;SBJV;PRS;1;PL,55,55,100.0
90L_10NL_3_2,90L_10NL,3,p ɾ o b e n ˈi ɾ,V;SBJV;PRS;1;PL,54,55,98.18
90L_10NL_3_3,90L_10NL,3,p ɾ o b e n ˈi ɾ,V;SBJV;PRS;1;PL,55,55,100.0
90L_10NL_3_4,90L_10NL,3,p ɾ o b e n ˈi ɾ,V;SBJV;PRS;1;PL,55,55,100.0
90L_10NL_3_1,90L_10NL,3,p ɾ o b e n ˈi ɾ,V;SBJV;PRS;1;SG,55,55,100.0
90L_10NL_3_2,90L_10NL,3,p ɾ o b e n ˈi ɾ,V;SBJV;PRS;1;SG,55,55,100.0
90L_10NL_3_3,90L_10NL,3,p ɾ o b e n ˈi ɾ,V;SBJV;PRS;1;SG,55,55,100.0
90L_10NL_3_4,90L_10NL,3,p ɾ o b e n ˈi ɾ,V;SBJV;PRS;1;SG,55,55,100.0
90L_10NL_3_1,90L_10NL,3,p ɾ o b e n ˈi ɾ,V;SBJV;PRS;2;PL,55,55,100.0
90L_10NL_3_2,90L_10NL,3,p ɾ o b e n ˈi ɾ,V;SBJV;PRS;2;PL,55,55,100.0
90L_10NL_3_3,90L_10NL,3,p ɾ o b e n ˈi ɾ,V;SBJV;PRS;2;PL,55,55,100.0
90L_10NL_3_4,90L_10NL,3,p ɾ o b e n ˈi ɾ,V;SBJV;PRS;2;PL,55,55,100.0
90L_10NL_3_1,90L_10NL,3,p ɾ o b e n ˈi ɾ,V;SBJV;PRS;2;SG,55,55,100.0
90L_10NL_3_2,90L_10NL,3,p ɾ o b e n ˈi ɾ,V;SBJV;PRS;2;SG,55,55,100.0
90L_10NL_3_3,90L_10NL,3,p ɾ o b e n ˈi ɾ,V;SBJV;PRS;2;SG,55,55,100.0
90L_10NL_3_4,90L_10NL,3,p ɾ o b e n ˈi ɾ,V;SBJV;PRS;2;SG,55,55,100.0
90L_10NL_3_1,90L_10NL,3,p ɾ o b e n ˈi ɾ,V;SBJV;PRS;3;PL,55,55,100.0
90L_10NL_3_2,90L_10NL,3,p ɾ o b e n ˈi ɾ,V;SBJV;PRS;3;PL,55,55,100.0
90L_10NL_3_3,90L_10NL,3,p ɾ o b e n ˈi ɾ,V;SBJV;PRS;3;PL,55,55,100.0
90L_10NL_3_4,90L_10NL,3,p ɾ o b e n ˈi ɾ,V;SBJV;PRS;3;PL,55,55,100.0
90L_10NL_3_1,90L_10NL,3,p ɾ o b e n ˈi ɾ,V;SBJV;PRS;3;SG,55,55,100.0
90L_10NL_3_2,90L_10NL,3,p ɾ o b e n ˈi ɾ,V;SBJV;PRS;3;SG,55,55,100.0
90L_10NL_3_3,90L_10NL,3,p ɾ o b e n ˈi ɾ,V;SBJV;PRS;3;SG,55,55,100.0
90L_10NL_3_4,90L_10NL,3,p ɾ o b e n ˈi ɾ,V;SBJV;PRS;3;SG,55,55,100.0
90L_10NL_3_1,90L_10NL,3,p ɾ o p o n ˈe ɾ,V;IND;PRS;1;PL,55,55,100.0
90L_10NL_3_2,90L_10NL,3,p ɾ o p o n ˈe ɾ,V;IND;PRS;1;PL,55,55,100.0
90L_10NL_3_3,90L_10NL,3,p ɾ o p o n ˈe ɾ,V;IND;PRS;1;PL,55,55,100.0
90L_10NL_3_4,90L_10NL,3,p ɾ o p o n ˈe ɾ,V;IND;PRS;1;PL,55,55,100.0
90L_10NL_3_1,90L_10NL,3,p ɾ o p o n ˈe ɾ,V;IND;PRS;1;SG,55,55,100.0
90L_10NL_3_2,90L_10NL,3,p ɾ o p o n ˈe ɾ,V;IND;PRS;1;SG,55,55,100.0
90L_10NL_3_3,90L_10NL,3,p ɾ o p o n ˈe ɾ,V;IND;PRS;1;SG,55,55,100.0
90L_10NL_3_4,90L_10NL,3,p ɾ o p o n ˈe ɾ,V;IND;PRS;1;SG,55,55,100.0
90L_10NL_3_1,90L_10NL,3,p ɾ o p o n ˈe ɾ,V;IND;PRS;2;PL,55,55,100.0
90L_10NL_3_2,90L_10NL,3,p ɾ o p o n ˈe ɾ,V;IND;PRS;2;PL,55,55,100.0
90L_10NL_3_3,90L_10NL,3,p ɾ o p o n ˈe ɾ,V;IND;PRS;2;PL,55,55,100.0
90L_10NL_3_4,90L_10NL,3,p ɾ o p o n ˈe ɾ,V;IND;PRS;2;PL,55,55,100.0
90L_10NL_3_1,90L_10NL,3,p ɾ o p o n ˈe ɾ,V;IND;PRS;2;SG,55,55,100.0
90L_10NL_3_2,90L_10NL,3,p ɾ o p o n ˈe ɾ,V;IND;PRS;2;SG,55,55,100.0
90L_10NL_3_3,90L_10NL,3,p ɾ o p o n ˈe ɾ,V;IND;PRS;2;SG,55,55,100.0
90L_10NL_3_4,90L_10NL,3,p ɾ o p o n ˈe ɾ,V;IND;PRS;2;SG,55,55,100.0
90L_10NL_3_1,90L_10NL,3,p ɾ o p o n ˈe ɾ,V;IND;PRS;3;PL,55,55,100.0
90L_10NL_3_2,90L_10NL,3,p ɾ o p o n ˈe ɾ,V;IND;PRS;3;PL,55,55,100.0
90L_10NL_3_3,90L_10NL,3,p ɾ o p o n ˈe ɾ,V;IND;PRS;3;PL,55,55,100.0
90L_10NL_3_4,90L_10NL,3,p ɾ o p o n ˈe ɾ,V;IND;PRS;3;PL,55,55,100.0
90L_10NL_3_1,90L_10NL,3,p ɾ o p o n ˈe ɾ,V;IND;PRS;3;SG,55,55,100.0
90L_10NL_3_2,90L_10NL,3,p ɾ o p o n ˈe ɾ,V;IND;PRS;3;SG,55,55,100.0
90L_10NL_3_3,90L_10NL,3,p ɾ o p o n ˈe ɾ,V;IND;PRS;3;SG,55,55,100.0
90L_10NL_3_4,90L_10NL,3,p ɾ o p o n ˈe ɾ,V;IND;PRS;3;SG,55,55,100.0
90L_10NL_3_1,90L_10NL,3,p ɾ o p o n ˈe ɾ,V;SBJV;PRS;1;PL,55,55,100.0
90L_10NL_3_2,90L_10NL,3,p ɾ o p o n ˈe ɾ,V;SBJV;PRS;1;PL,55,55,100.0
90L_10NL_3_3,90L_10NL,3,p ɾ o p o n ˈe ɾ,V;SBJV;PRS;1;PL,55,55,100.0
90L_10NL_3_4,90L_10NL,3,p ɾ o p o n ˈe ɾ,V;SBJV;PRS;1;PL,55,55,100.0
90L_10NL_3_1,90L_10NL,3,p ɾ o p o n ˈe ɾ,V;SBJV;PRS;1;SG,55,55,100.0
90L_10NL_3_2,90L_10NL,3,p ɾ o p o n ˈe ɾ,V;SBJV;PRS;1;SG,55,55,100.0
90L_10NL_3_3,90L_10NL,3,p ɾ o p o n ˈe ɾ,V;SBJV;PRS;1;SG,55,55,100.0
90L_10NL_3_4,90L_10NL,3,p ɾ o p o n ˈe ɾ,V;SBJV;PRS;1;SG,55,55,100.0
90L_10NL_3_1,90L_10NL,3,p ɾ o p o n ˈe ɾ,V;SBJV;PRS;2;PL,55,55,100.0
90L_10NL_3_2,90L_10NL,3,p ɾ o p o n ˈe ɾ,V;SBJV;PRS;2;PL,55,55,100.0
90L_10NL_3_3,90L_10NL,3,p ɾ o p o n ˈe ɾ,V;SBJV;PRS;2;PL,55,55,100.0
90L_10NL_3_4,90L_10NL,3,p ɾ o p o n ˈe ɾ,V;SBJV;PRS;2;PL,55,55,100.0
90L_10NL_3_1,90L_10NL,3,p ɾ o p o n ˈe ɾ,V;SBJV;PRS;2;SG,55,55,100.0
90L_10NL_3_2,90L_10NL,3,p ɾ o p o n ˈe ɾ,V;SBJV;PRS;2;SG,55,55,100.0
90L_10NL_3_3,90L_10NL,3,p ɾ o p o n ˈe ɾ,V;SBJV;PRS;2;SG,55,55,100.0
90L_10NL_3_4,90L_10NL,3,p ɾ o p o n ˈe ɾ,V;SBJV;PRS;2;SG,55,55,100.0
90L_10NL_3_1,90L_10NL,3,p ɾ o p o n ˈe ɾ,V;SBJV;PRS;3;PL,55,55,100.0
90L_10NL_3_2,90L_10NL,3,p ɾ o p o n ˈe ɾ,V;SBJV;PRS;3;PL,55,55,100.0
90L_10NL_3_3,90L_10NL,3,p ɾ o p o n ˈe ɾ,V;SBJV;PRS;3;PL,55,55,100.0
90L_10NL_3_4,90L_10NL,3,p ɾ o p o n ˈe ɾ,V;SBJV;PRS;3;PL,55,55,100.0
90L_10NL_3_1,90L_10NL,3,p ɾ o p o n ˈe ɾ,V;SBJV;PRS;3;SG,55,55,100.0
90L_10NL_3_2,90L_10NL,3,p ɾ o p o n ˈe ɾ,V;SBJV;PRS;3;SG,55,55,100.0
90L_10NL_3_3,90L_10NL,3,p ɾ o p o n ˈe ɾ,V;SBJV;PRS;3;SG,55,55,100.0
90L_10NL_3_4,90L_10NL,3,p ɾ o p o n ˈe ɾ,V;SBJV;PRS;3;SG,55,55,100.0
90L_10NL_3_1,90L_10NL,3,s a l ˈi ɾ,V;IND;PRS;1;PL,55,55,100.0
90L_10NL_3_2,90L_10NL,3,s a l ˈi ɾ,V;IND;PRS;1;PL,55,55,100.0
90L_10NL_3_3,90L_10NL,3,s a l ˈi ɾ,V;IND;PRS;1;PL,55,55,100.0
90L_10NL_3_4,90L_10NL,3,s a l ˈi ɾ,V;IND;PRS;1;PL,55,55,100.0
90L_10NL_3_1,90L_10NL,3,s a l ˈi ɾ,V;IND;PRS;1;SG,55,55,100.0
90L_10NL_3_2,90L_10NL,3,s a l ˈi ɾ,V;IND;PRS;1;SG,55,55,100.0
90L_10NL_3_3,90L_10NL,3,s a l ˈi ɾ,V;IND;PRS;1;SG,55,55,100.0
90L_10NL_3_4,90L_10NL,3,s a l ˈi ɾ,V;IND;PRS;1;SG,54,55,98.18
90L_10NL_3_1,90L_10NL,3,s a l ˈi ɾ,V;IND;PRS;2;PL,50,55,90.91
90L_10NL_3_2,90L_10NL,3,s a l ˈi ɾ,V;IND;PRS;2;PL,52,55,94.55
90L_10NL_3_3,90L_10NL,3,s a l ˈi ɾ,V;IND;PRS;2;PL,55,55,100.0
90L_10NL_3_4,90L_10NL,3,s a l ˈi ɾ,V;IND;PRS;2;PL,55,55,100.0
90L_10NL_3_1,90L_10NL,3,s a l ˈi ɾ,V;IND;PRS;2;SG,55,55,100.0
90L_10NL_3_2,90L_10NL,3,s a l ˈi ɾ,V;IND;PRS;2;SG,52,55,94.55
90L_10NL_3_3,90L_10NL,3,s a l ˈi ɾ,V;IND;PRS;2;SG,47,55,85.45
90L_10NL_3_4,90L_10NL,3,s a l ˈi ɾ,V;IND;PRS;2;SG,49,55,89.09
90L_10NL_3_1,90L_10NL,3,s a l ˈi ɾ,V;IND;PRS;3;PL,55,55,100.0
90L_10NL_3_2,90L_10NL,3,s a l ˈi ɾ,V;IND;PRS;3;PL,55,55,100.0
90L_10NL_3_3,90L_10NL,3,s a l ˈi ɾ,V;IND;PRS;3;PL,53,55,96.36
90L_10NL_3_4,90L_10NL,3,s a l ˈi ɾ,V;IND;PRS;3;PL,47,55,85.45
90L_10NL_3_1,90L_10NL,3,s a l ˈi ɾ,V;IND;PRS;3;SG,55,55,100.0
90L_10NL_3_2,90L_10NL,3,s a l ˈi ɾ,V;IND;PRS;3;SG,54,55,98.18
90L_10NL_3_3,90L_10NL,3,s a l ˈi ɾ,V;IND;PRS;3;SG,42,55,76.36
90L_10NL_3_4,90L_10NL,3,s a l ˈi ɾ,V;IND;PRS;3;SG,51,55,92.73
90L_10NL_3_1,90L_10NL,3,s a l ˈi ɾ,V;SBJV;PRS;1;PL,55,55,100.0
90L_10NL_3_2,90L_10NL,3,s a l ˈi ɾ,V;SBJV;PRS;1;PL,51,55,92.73
90L_10NL_3_3,90L_10NL,3,s a l ˈi ɾ,V;SBJV;PRS;1;PL,55,55,100.0
90L_10NL_3_4,90L_10NL,3,s a l ˈi ɾ,V;SBJV;PRS;1;PL,53,55,96.36
90L_10NL_3_1,90L_10NL,3,s a l ˈi ɾ,V;SBJV;PRS;1;SG,55,55,100.0
90L_10NL_3_2,90L_10NL,3,s a l ˈi ɾ,V;SBJV;PRS;1;SG,55,55,100.0
90L_10NL_3_3,90L_10NL,3,s a l ˈi ɾ,V;SBJV;PRS;1;SG,55,55,100.0
90L_10NL_3_4,90L_10NL,3,s a l ˈi ɾ,V;SBJV;PRS;1;SG,55,55,100.0
90L_10NL_3_1,90L_10NL,3,s a l ˈi ɾ,V;SBJV;PRS;2;PL,55,55,100.0
90L_10NL_3_2,90L_10NL,3,s a l ˈi ɾ,V;SBJV;PRS;2;PL,53,55,96.36
90L_10NL_3_3,90L_10NL,3,s a l ˈi ɾ,V;SBJV;PRS;2;PL,55,55,100.0
90L_10NL_3_4,90L_10NL,3,s a l ˈi ɾ,V;SBJV;PRS;2;PL,55,55,100.0
90L_10NL_3_1,90L_10NL,3,s a l ˈi ɾ,V;SBJV;PRS;2;SG,55,55,100.0
90L_10NL_3_2,90L_10NL,3,s a l ˈi ɾ,V;SBJV;PRS;2;SG,55,55,100.0
90L_10NL_3_3,90L_10NL,3,s a l ˈi ɾ,V;SBJV;PRS;2;SG,55,55,100.0
90L_10NL_3_4,90L_10NL,3,s a l ˈi ɾ,V;SBJV;PRS;2;SG,55,55,100.0
90L_10NL_3_1,90L_10NL,3,s a l ˈi ɾ,V;SBJV;PRS;3;PL,55,55,100.0
90L_10NL_3_2,90L_10NL,3,s a l ˈi ɾ,V;SBJV;PRS;3;PL,55,55,100.0
90L_10NL_3_3,90L_10NL,3,s a l ˈi ɾ,V;SBJV;PRS;3;PL,54,55,98.18
90L_10NL_3_4,90L_10NL,3,s a l ˈi ɾ,V;SBJV;PRS;3;PL,55,55,100.0
90L_10NL_3_1,90L_10NL,3,s a l ˈi ɾ,V;SBJV;PRS;3;SG,55,55,100.0
90L_10NL_3_2,90L_10NL,3,s a l ˈi ɾ,V;SBJV;PRS;3;SG,55,55,100.0
90L_10NL_3_3,90L_10NL,3,s a l ˈi ɾ,V;SBJV;PRS;3;SG,55,55,100.0
90L_10NL_3_4,90L_10NL,3,s a l ˈi ɾ,V;SBJV;PRS;3;SG,55,55,100.0
90L_10NL_3_1,90L_10NL,3,s i ɾ k u n b e n ˈi ɾ,V;IND;PRS;1;PL,55,55,100.0
90L_10NL_3_2,90L_10NL,3,s i ɾ k u n b e n ˈi ɾ,V;IND;PRS;1;PL,55,55,100.0
90L_10NL_3_3,90L_10NL,3,s i ɾ k u n b e n ˈi ɾ,V;IND;PRS;1;PL,55,55,100.0
90L_10NL_3_4,90L_10NL,3,s i ɾ k u n b e n ˈi ɾ,V;IND;PRS;1;PL,55,55,100.0
90L_10NL_3_1,90L_10NL,3,s i ɾ k u n b e n ˈi ɾ,V;IND;PRS;1;SG,55,55,100.0
90L_10NL_3_2,90L_10NL,3,s i ɾ k u n b e n ˈi ɾ,V;IND;PRS;1;SG,55,55,100.0
90L_10NL_3_3,90L_10NL,3,s i ɾ k u n b e n ˈi ɾ,V;IND;PRS;1;SG,55,55,100.0
90L_10NL_3_4,90L_10NL,3,s i ɾ k u n b e n ˈi ɾ,V;IND;PRS;1;SG,55,55,100.0
90L_10NL_3_1,90L_10NL,3,s i ɾ k u n b e n ˈi ɾ,V;IND;PRS;2;PL,55,55,100.0
90L_10NL_3_2,90L_10NL,3,s i ɾ k u n b e n ˈi ɾ,V;IND;PRS;2;PL,55,55,100.0
90L_10NL_3_3,90L_10NL,3,s i ɾ k u n b e n ˈi ɾ,V;IND;PRS;2;PL,55,55,100.0
90L_10NL_3_4,90L_10NL,3,s i ɾ k u n b e n ˈi ɾ,V;IND;PRS;2;PL,55,55,100.0
90L_10NL_3_1,90L_10NL,3,s i ɾ k u n b e n ˈi ɾ,V;IND;PRS;2;SG,55,55,100.0
90L_10NL_3_2,90L_10NL,3,s i ɾ k u n b e n ˈi ɾ,V;IND;PRS;2;SG,55,55,100.0
90L_10NL_3_3,90L_10NL,3,s i ɾ k u n b e n ˈi ɾ,V;IND;PRS;2;SG,55,55,100.0
90L_10NL_3_4,90L_10NL,3,s i ɾ k u n b e n ˈi ɾ,V;IND;PRS;2;SG,55,55,100.0
90L_10NL_3_1,90L_10NL,3,s i ɾ k u n b e n ˈi ɾ,V;IND;PRS;3;PL,55,55,100.0
90L_10NL_3_2,90L_10NL,3,s i ɾ k u n b e n ˈi ɾ,V;IND;PRS;3;PL,55,55,100.0
90L_10NL_3_3,90L_10NL,3,s i ɾ k u n b e n ˈi ɾ,V;IND;PRS;3;PL,55,55,100.0
90L_10NL_3_4,90L_10NL,3,s i ɾ k u n b e n ˈi ɾ,V;IND;PRS;3;PL,55,55,100.0
90L_10NL_3_1,90L_10NL,3,s i ɾ k u n b e n ˈi ɾ,V;IND;PRS;3;SG,55,55,100.0
90L_10NL_3_2,90L_10NL,3,s i ɾ k u n b e n ˈi ɾ,V;IND;PRS;3;SG,55,55,100.0
90L_10NL_3_3,90L_10NL,3,s i ɾ k u n b e n ˈi ɾ,V;IND;PRS;3;SG,55,55,100.0
90L_10NL_3_4,90L_10NL,3,s i ɾ k u n b e n ˈi ɾ,V;IND;PRS;3;SG,55,55,100.0
90L_10NL_3_1,90L_10NL,3,s i ɾ k u n b e n ˈi ɾ,V;SBJV;PRS;1;PL,55,55,100.0
90L_10NL_3_2,90L_10NL,3,s i ɾ k u n b e n ˈi ɾ,V;SBJV;PRS;1;PL,55,55,100.0
90L_10NL_3_3,90L_10NL,3,s i ɾ k u n b e n ˈi ɾ,V;SBJV;PRS;1;PL,55,55,100.0
90L_10NL_3_4,90L_10NL,3,s i ɾ k u n b e n ˈi ɾ,V;SBJV;PRS;1;PL,55,55,100.0
90L_10NL_3_1,90L_10NL,3,s i ɾ k u n b e n ˈi ɾ,V;SBJV;PRS;1;SG,55,55,100.0
90L_10NL_3_2,90L_10NL,3,s i ɾ k u n b e n ˈi ɾ,V;SBJV;PRS;1;SG,55,55,100.0
90L_10NL_3_3,90L_10NL,3,s i ɾ k u n b e n ˈi ɾ,V;SBJV;PRS;1;SG,55,55,100.0
90L_10NL_3_4,90L_10NL,3,s i ɾ k u n b e n ˈi ɾ,V;SBJV;PRS;1;SG,55,55,100.0
90L_10NL_3_1,90L_10NL,3,s i ɾ k u n b e n ˈi ɾ,V;SBJV;PRS;2;PL,55,55,100.0
90L_10NL_3_2,90L_10NL,3,s i ɾ k u n b e n ˈi ɾ,V;SBJV;PRS;2;PL,55,55,100.0
90L_10NL_3_3,90L_10NL,3,s i ɾ k u n b e n ˈi ɾ,V;SBJV;PRS;2;PL,55,55,100.0
90L_10NL_3_4,90L_10NL,3,s i ɾ k u n b e n ˈi ɾ,V;SBJV;PRS;2;PL,54,55,98.18
90L_10NL_3_1,90L_10NL,3,s i ɾ k u n b e n ˈi ɾ,V;SBJV;PRS;2;SG,55,55,100.0
90L_10NL_3_2,90L_10NL,3,s i ɾ k u n b e n ˈi ɾ,V;SBJV;PRS;2;SG,55,55,100.0
90L_10NL_3_3,90L_10NL,3,s i ɾ k u n b e n ˈi ɾ,V;SBJV;PRS;2;SG,55,55,100.0
90L_10NL_3_4,90L_10NL,3,s i ɾ k u n b e n ˈi ɾ,V;SBJV;PRS;2;SG,55,55,100.0
90L_10NL_3_1,90L_10NL,3,s i ɾ k u n b e n ˈi ɾ,V;SBJV;PRS;3;PL,55,55,100.0
90L_10NL_3_2,90L_10NL,3,s i ɾ k u n b e n ˈi ɾ,V;SBJV;PRS;3;PL,55,55,100.0
90L_10NL_3_3,90L_10NL,3,s i ɾ k u n b e n ˈi ɾ,V;SBJV;PRS;3;PL,55,55,100.0
90L_10NL_3_4,90L_10NL,3,s i ɾ k u n b e n ˈi ɾ,V;SBJV;PRS;3;PL,55,55,100.0
90L_10NL_3_1,90L_10NL,3,s i ɾ k u n b e n ˈi ɾ,V;SBJV;PRS;3;SG,55,55,100.0
90L_10NL_3_2,90L_10NL,3,s i ɾ k u n b e n ˈi ɾ,V;SBJV;PRS;3;SG,55,55,100.0
90L_10NL_3_3,90L_10NL,3,s i ɾ k u n b e n ˈi ɾ,V;SBJV;PRS;3;SG,55,55,100.0
90L_10NL_3_4,90L_10NL,3,s i ɾ k u n b e n ˈi ɾ,V;SBJV;PRS;3;SG,55,55,100.0
90L_10NL_3_1,90L_10NL,3,s o b ɾ e k o ç ˈe ɾ,V;IND;PRS;1;PL,55,55,100.0
90L_10NL_3_2,90L_10NL,3,s o b ɾ e k o ç ˈe ɾ,V;IND;PRS;1;PL,55,55,100.0
90L_10NL_3_3,90L_10NL,3,s o b ɾ e k o ç ˈe ɾ,V;IND;PRS;1;PL,55,55,100.0
90L_10NL_3_4,90L_10NL,3,s o b ɾ e k o ç ˈe ɾ,V;IND;PRS;1;PL,55,55,100.0
90L_10NL_3_1,90L_10NL,3,s o b ɾ e k o ç ˈe ɾ,V;IND;PRS;1;SG,55,55,100.0
90L_10NL_3_2,90L_10NL,3,s o b ɾ e k o ç ˈe ɾ,V;IND;PRS;1;SG,55,55,100.0
90L_10NL_3_3,90L_10NL,3,s o b ɾ e k o ç ˈe ɾ,V;IND;PRS;1;SG,55,55,100.0
90L_10NL_3_4,90L_10NL,3,s o b ɾ e k o ç ˈe ɾ,V;IND;PRS;1;SG,55,55,100.0
90L_10NL_3_1,90L_10NL,3,s o b ɾ e k o ç ˈe ɾ,V;IND;PRS;2;PL,55,55,100.0
90L_10NL_3_2,90L_10NL,3,s o b ɾ e k o ç ˈe ɾ,V;IND;PRS;2;PL,55,55,100.0
90L_10NL_3_3,90L_10NL,3,s o b ɾ e k o ç ˈe ɾ,V;IND;PRS;2;PL,55,55,100.0
90L_10NL_3_4,90L_10NL,3,s o b ɾ e k o ç ˈe ɾ,V;IND;PRS;2;PL,55,55,100.0
90L_10NL_3_1,90L_10NL,3,s o b ɾ e k o ç ˈe ɾ,V;IND;PRS;2;SG,55,55,100.0
90L_10NL_3_2,90L_10NL,3,s o b ɾ e k o ç ˈe ɾ,V;IND;PRS;2;SG,55,55,100.0
90L_10NL_3_3,90L_10NL,3,s o b ɾ e k o ç ˈe ɾ,V;IND;PRS;2;SG,55,55,100.0
90L_10NL_3_4,90L_10NL,3,s o b ɾ e k o ç ˈe ɾ,V;IND;PRS;2;SG,55,55,100.0
90L_10NL_3_1,90L_10NL,3,s o b ɾ e k o ç ˈe ɾ,V;IND;PRS;3;PL,55,55,100.0
90L_10NL_3_2,90L_10NL,3,s o b ɾ e k o ç ˈe ɾ,V;IND;PRS;3;PL,55,55,100.0
90L_10NL_3_3,90L_10NL,3,s o b ɾ e k o ç ˈe ɾ,V;IND;PRS;3;PL,55,55,100.0
90L_10NL_3_4,90L_10NL,3,s o b ɾ e k o ç ˈe ɾ,V;IND;PRS;3;PL,55,55,100.0
90L_10NL_3_1,90L_10NL,3,s o b ɾ e k o ç ˈe ɾ,V;IND;PRS;3;SG,55,55,100.0
90L_10NL_3_2,90L_10NL,3,s o b ɾ e k o ç ˈe ɾ,V;IND;PRS;3;SG,55,55,100.0
90L_10NL_3_3,90L_10NL,3,s o b ɾ e k o ç ˈe ɾ,V;IND;PRS;3;SG,55,55,100.0
90L_10NL_3_4,90L_10NL,3,s o b ɾ e k o ç ˈe ɾ,V;IND;PRS;3;SG,55,55,100.0
90L_10NL_3_1,90L_10NL,3,s o b ɾ e k o ç ˈe ɾ,V;SBJV;PRS;1;PL,55,55,100.0
90L_10NL_3_2,90L_10NL,3,s o b ɾ e k o ç ˈe ɾ,V;SBJV;PRS;1;PL,55,55,100.0
90L_10NL_3_3,90L_10NL,3,s o b ɾ e k o ç ˈe ɾ,V;SBJV;PRS;1;PL,55,55,100.0
90L_10NL_3_4,90L_10NL,3,s o b ɾ e k o ç ˈe ɾ,V;SBJV;PRS;1;PL,55,55,100.0
90L_10NL_3_1,90L_10NL,3,s o b ɾ e k o ç ˈe ɾ,V;SBJV;PRS;1;SG,55,55,100.0
90L_10NL_3_2,90L_10NL,3,s o b ɾ e k o ç ˈe ɾ,V;SBJV;PRS;1;SG,55,55,100.0
90L_10NL_3_3,90L_10NL,3,s o b ɾ e k o ç ˈe ɾ,V;SBJV;PRS;1;SG,55,55,100.0
90L_10NL_3_4,90L_10NL,3,s o b ɾ e k o ç ˈe ɾ,V;SBJV;PRS;1;SG,55,55,100.0
90L_10NL_3_1,90L_10NL,3,s o b ɾ e k o ç ˈe ɾ,V;SBJV;PRS;2;PL,55,55,100.0
90L_10NL_3_2,90L_10NL,3,s o b ɾ e k o ç ˈe ɾ,V;SBJV;PRS;2;PL,55,55,100.0
90L_10NL_3_3,90L_10NL,3,s o b ɾ e k o ç ˈe ɾ,V;SBJV;PRS;2;PL,55,55,100.0
90L_10NL_3_4,90L_10NL,3,s o b ɾ e k o ç ˈe ɾ,V;SBJV;PRS;2;PL,55,55,100.0
90L_10NL_3_1,90L_10NL,3,s o b ɾ e k o ç ˈe ɾ,V;SBJV;PRS;2;SG,55,55,100.0
90L_10NL_3_2,90L_10NL,3,s o b ɾ e k o ç ˈe ɾ,V;SBJV;PRS;2;SG,55,55,100.0
90L_10NL_3_3,90L_10NL,3,s o b ɾ e k o ç ˈe ɾ,V;SBJV;PRS;2;SG,55,55,100.0
90L_10NL_3_4,90L_10NL,3,s o b ɾ e k o ç ˈe ɾ,V;SBJV;PRS;2;SG,55,55,100.0
90L_10NL_3_1,90L_10NL,3,s o b ɾ e k o ç ˈe ɾ,V;SBJV;PRS;3;PL,55,55,100.0
90L_10NL_3_2,90L_10NL,3,s o b ɾ e k o ç ˈe ɾ,V;SBJV;PRS;3;PL,55,55,100.0
90L_10NL_3_3,90L_10NL,3,s o b ɾ e k o ç ˈe ɾ,V;SBJV;PRS;3;PL,55,55,100.0
90L_10NL_3_4,90L_10NL,3,s o b ɾ e k o ç ˈe ɾ,V;SBJV;PRS;3;PL,55,55,100.0
90L_10NL_3_1,90L_10NL,3,s o b ɾ e k o ç ˈe ɾ,V;SBJV;PRS;3;SG,55,55,100.0
90L_10NL_3_2,90L_10NL,3,s o b ɾ e k o ç ˈe ɾ,V;SBJV;PRS;3;SG,55,55,100.0
90L_10NL_3_3,90L_10NL,3,s o b ɾ e k o ç ˈe ɾ,V;SBJV;PRS;3;SG,55,55,100.0
90L_10NL_3_4,90L_10NL,3,s o b ɾ e k o ç ˈe ɾ,V;SBJV;PRS;3;SG,55,55,100.0
90L_10NL_3_1,90L_10NL,3,t ɾ a s p o n ˈe ɾ,V;IND;PRS;1;PL,55,55,100.0
90L_10NL_3_2,90L_10NL,3,t ɾ a s p o n ˈe ɾ,V;IND;PRS;1;PL,55,55,100.0
90L_10NL_3_3,90L_10NL,3,t ɾ a s p o n ˈe ɾ,V;IND;PRS;1;PL,55,55,100.0
90L_10NL_3_4,90L_10NL,3,t ɾ a s p o n ˈe ɾ,V;IND;PRS;1;PL,55,55,100.0
90L_10NL_3_1,90L_10NL,3,t ɾ a s p o n ˈe ɾ,V;IND;PRS;1;SG,55,55,100.0
90L_10NL_3_2,90L_10NL,3,t ɾ a s p o n ˈe ɾ,V;IND;PRS;1;SG,55,55,100.0
90L_10NL_3_3,90L_10NL,3,t ɾ a s p o n ˈe ɾ,V;IND;PRS;1;SG,55,55,100.0
90L_10NL_3_4,90L_10NL,3,t ɾ a s p o n ˈe ɾ,V;IND;PRS;1;SG,55,55,100.0
90L_10NL_3_1,90L_10NL,3,t ɾ a s p o n ˈe ɾ,V;IND;PRS;2;PL,55,55,100.0
90L_10NL_3_2,90L_10NL,3,t ɾ a s p o n ˈe ɾ,V;IND;PRS;2;PL,55,55,100.0
90L_10NL_3_3,90L_10NL,3,t ɾ a s p o n ˈe ɾ,V;IND;PRS;2;PL,55,55,100.0
90L_10NL_3_4,90L_10NL,3,t ɾ a s p o n ˈe ɾ,V;IND;PRS;2;PL,55,55,100.0
90L_10NL_3_1,90L_10NL,3,t ɾ a s p o n ˈe ɾ,V;IND;PRS;2;SG,55,55,100.0
90L_10NL_3_2,90L_10NL,3,t ɾ a s p o n ˈe ɾ,V;IND;PRS;2;SG,55,55,100.0
90L_10NL_3_3,90L_10NL,3,t ɾ a s p o n ˈe ɾ,V;IND;PRS;2;SG,55,55,100.0
90L_10NL_3_4,90L_10NL,3,t ɾ a s p o n ˈe ɾ,V;IND;PRS;2;SG,55,55,100.0
90L_10NL_3_1,90L_10NL,3,t ɾ a s p o n ˈe ɾ,V;IND;PRS;3;PL,55,55,100.0
90L_10NL_3_2,90L_10NL,3,t ɾ a s p o n ˈe ɾ,V;IND;PRS;3;PL,55,55,100.0
90L_10NL_3_3,90L_10NL,3,t ɾ a s p o n ˈe ɾ,V;IND;PRS;3;PL,55,55,100.0
90L_10NL_3_4,90L_10NL,3,t ɾ a s p o n ˈe ɾ,V;IND;PRS;3;PL,55,55,100.0
90L_10NL_3_1,90L_10NL,3,t ɾ a s p o n ˈe ɾ,V;IND;PRS;3;SG,55,55,100.0
90L_10NL_3_2,90L_10NL,3,t ɾ a s p o n ˈe ɾ,V;IND;PRS;3;SG,55,55,100.0
90L_10NL_3_3,90L_10NL,3,t ɾ a s p o n ˈe ɾ,V;IND;PRS;3;SG,55,55,100.0
90L_10NL_3_4,90L_10NL,3,t ɾ a s p o n ˈe ɾ,V;IND;PRS;3;SG,55,55,100.0
90L_10NL_3_1,90L_10NL,3,t ɾ a s p o n ˈe ɾ,V;SBJV;PRS;1;PL,55,55,100.0
90L_10NL_3_2,90L_10NL,3,t ɾ a s p o n ˈe ɾ,V;SBJV;PRS;1;PL,55,55,100.0
90L_10NL_3_3,90L_10NL,3,t ɾ a s p o n ˈe ɾ,V;SBJV;PRS;1;PL,55,55,100.0
90L_10NL_3_4,90L_10NL,3,t ɾ a s p o n ˈe ɾ,V;SBJV;PRS;1;PL,55,55,100.0
90L_10NL_3_1,90L_10NL,3,t ɾ a s p o n ˈe ɾ,V;SBJV;PRS;1;SG,55,55,100.0
90L_10NL_3_2,90L_10NL,3,t ɾ a s p o n ˈe ɾ,V;SBJV;PRS;1;SG,55,55,100.0
90L_10NL_3_3,90L_10NL,3,t ɾ a s p o n ˈe ɾ,V;SBJV;PRS;1;SG,55,55,100.0
90L_10NL_3_4,90L_10NL,3,t ɾ a s p o n ˈe ɾ,V;SBJV;PRS;1;SG,55,55,100.0
90L_10NL_3_1,90L_10NL,3,t ɾ a s p o n ˈe ɾ,V;SBJV;PRS;2;PL,55,55,100.0
90L_10NL_3_2,90L_10NL,3,t ɾ a s p o n ˈe ɾ,V;SBJV;PRS;2;PL,55,55,100.0
90L_10NL_3_3,90L_10NL,3,t ɾ a s p o n ˈe ɾ,V;SBJV;PRS;2;PL,55,55,100.0
90L_10NL_3_4,90L_10NL,3,t ɾ a s p o n ˈe ɾ,V;SBJV;PRS;2;PL,55,55,100.0
90L_10NL_3_1,90L_10NL,3,t ɾ a s p o n ˈe ɾ,V;SBJV;PRS;2;SG,55,55,100.0
90L_10NL_3_2,90L_10NL,3,t ɾ a s p o n ˈe ɾ,V;SBJV;PRS;2;SG,55,55,100.0
90L_10NL_3_3,90L_10NL,3,t ɾ a s p o n ˈe ɾ,V;SBJV;PRS;2;SG,55,55,100.0
90L_10NL_3_4,90L_10NL,3,t ɾ a s p o n ˈe ɾ,V;SBJV;PRS;2;SG,55,55,100.0
90L_10NL_3_1,90L_10NL,3,t ɾ a s p o n ˈe ɾ,V;SBJV;PRS;3;PL,55,55,100.0
90L_10NL_3_2,90L_10NL,3,t ɾ a s p o n ˈe ɾ,V;SBJV;PRS;3;PL,55,55,100.0
90L_10NL_3_3,90L_10NL,3,t ɾ a s p o n ˈe ɾ,V;SBJV;PRS;3;PL,55,55,100.0
90L_10NL_3_4,90L_10NL,3,t ɾ a s p o n ˈe ɾ,V;SBJV;PRS;3;PL,55,55,100.0
90L_10NL_3_1,90L_10NL,3,t ɾ a s p o n ˈe ɾ,V;SBJV;PRS;3;SG,55,55,100.0
90L_10NL_3_2,90L_10NL,3,t ɾ a s p o n ˈe ɾ,V;SBJV;PRS;3;SG,55,55,100.0
90L_10NL_3_3,90L_10NL,3,t ɾ a s p o n ˈe ɾ,V;SBJV;PRS;3;SG,55,55,100.0
90L_10NL_3_4,90L_10NL,3,t ɾ a s p o n ˈe ɾ,V;SBJV;PRS;3;SG,55,55,100.0
90L_10NL_3_1,90L_10NL,3,u n s ˈi ɾ,V;IND;PRS;1;PL,55,55,100.0
90L_10NL_3_2,90L_10NL,3,u n s ˈi ɾ,V;IND;PRS;1;PL,55,55,100.0
90L_10NL_3_3,90L_10NL,3,u n s ˈi ɾ,V;IND;PRS;1;PL,55,55,100.0
90L_10NL_3_4,90L_10NL,3,u n s ˈi ɾ,V;IND;PRS;1;PL,55,55,100.0
90L_10NL_3_1,90L_10NL,3,u n s ˈi ɾ,V;IND;PRS;1;SG,55,55,100.0
90L_10NL_3_2,90L_10NL,3,u n s ˈi ɾ,V;IND;PRS;1;SG,55,55,100.0
90L_10NL_3_3,90L_10NL,3,u n s ˈi ɾ,V;IND;PRS;1;SG,55,55,100.0
90L_10NL_3_4,90L_10NL,3,u n s ˈi ɾ,V;IND;PRS;1;SG,55,55,100.0
90L_10NL_3_1,90L_10NL,3,u n s ˈi ɾ,V;IND;PRS;2;PL,55,55,100.0
90L_10NL_3_2,90L_10NL,3,u n s ˈi ɾ,V;IND;PRS;2;PL,55,55,100.0
90L_10NL_3_3,90L_10NL,3,u n s ˈi ɾ,V;IND;PRS;2;PL,55,55,100.0
90L_10NL_3_4,90L_10NL,3,u n s ˈi ɾ,V;IND;PRS;2;PL,55,55,100.0
90L_10NL_3_1,90L_10NL,3,u n s ˈi ɾ,V;IND;PRS;2;SG,55,55,100.0
90L_10NL_3_2,90L_10NL,3,u n s ˈi ɾ,V;IND;PRS;2;SG,55,55,100.0
90L_10NL_3_3,90L_10NL,3,u n s ˈi ɾ,V;IND;PRS;2;SG,55,55,100.0
90L_10NL_3_4,90L_10NL,3,u n s ˈi ɾ,V;IND;PRS;2;SG,55,55,100.0
90L_10NL_3_1,90L_10NL,3,u n s ˈi ɾ,V;IND;PRS;3;PL,55,55,100.0
90L_10NL_3_2,90L_10NL,3,u n s ˈi ɾ,V;IND;PRS;3;PL,55,55,100.0
90L_10NL_3_3,90L_10NL,3,u n s ˈi ɾ,V;IND;PRS;3;PL,55,55,100.0
90L_10NL_3_4,90L_10NL,3,u n s ˈi ɾ,V;IND;PRS;3;PL,55,55,100.0
90L_10NL_3_1,90L_10NL,3,u n s ˈi ɾ,V;IND;PRS;3;SG,55,55,100.0
90L_10NL_3_2,90L_10NL,3,u n s ˈi ɾ,V;IND;PRS;3;SG,55,55,100.0
90L_10NL_3_3,90L_10NL,3,u n s ˈi ɾ,V;IND;PRS;3;SG,55,55,100.0
90L_10NL_3_4,90L_10NL,3,u n s ˈi ɾ,V;IND;PRS;3;SG,55,55,100.0
90L_10NL_3_1,90L_10NL,3,u n s ˈi ɾ,V;SBJV;PRS;1;PL,55,55,100.0
90L_10NL_3_2,90L_10NL,3,u n s ˈi ɾ,V;SBJV;PRS;1;PL,55,55,100.0
90L_10NL_3_3,90L_10NL,3,u n s ˈi ɾ,V;SBJV;PRS;1;PL,55,55,100.0
90L_10NL_3_4,90L_10NL,3,u n s ˈi ɾ,V;SBJV;PRS;1;PL,55,55,100.0
90L_10NL_3_1,90L_10NL,3,u n s ˈi ɾ,V;SBJV;PRS;1;SG,55,55,100.0
90L_10NL_3_2,90L_10NL,3,u n s ˈi ɾ,V;SBJV;PRS;1;SG,55,55,100.0
90L_10NL_3_3,90L_10NL,3,u n s ˈi ɾ,V;SBJV;PRS;1;SG,55,55,100.0
90L_10NL_3_4,90L_10NL,3,u n s ˈi ɾ,V;SBJV;PRS;1;SG,55,55,100.0
90L_10NL_3_1,90L_10NL,3,u n s ˈi ɾ,V;SBJV;PRS;2;PL,55,55,100.0
90L_10NL_3_2,90L_10NL,3,u n s ˈi ɾ,V;SBJV;PRS;2;PL,55,55,100.0
90L_10NL_3_3,90L_10NL,3,u n s ˈi ɾ,V;SBJV;PRS;2;PL,55,55,100.0
90L_10NL_3_4,90L_10NL,3,u n s ˈi ɾ,V;SBJV;PRS;2;PL,55,55,100.0
90L_10NL_3_1,90L_10NL,3,u n s ˈi ɾ,V;SBJV;PRS;2;SG,55,55,100.0
90L_10NL_3_2,90L_10NL,3,u n s ˈi ɾ,V;SBJV;PRS;2;SG,55,55,100.0
90L_10NL_3_3,90L_10NL,3,u n s ˈi ɾ,V;SBJV;PRS;2;SG,55,55,100.0
90L_10NL_3_4,90L_10NL,3,u n s ˈi ɾ,V;SBJV;PRS;2;SG,55,55,100.0
90L_10NL_3_1,90L_10NL,3,u n s ˈi ɾ,V;SBJV;PRS;3;PL,55,55,100.0
90L_10NL_3_2,90L_10NL,3,u n s ˈi ɾ,V;SBJV;PRS;3;PL,55,55,100.0
90L_10NL_3_3,90L_10NL,3,u n s ˈi ɾ,V;SBJV;PRS;3;PL,55,55,100.0
90L_10NL_3_4,90L_10NL,3,u n s ˈi ɾ,V;SBJV;PRS;3;PL,55,55,100.0
90L_10NL_3_1,90L_10NL,3,u n s ˈi ɾ,V;SBJV;PRS;3;SG,55,55,100.0
90L_10NL_3_2,90L_10NL,3,u n s ˈi ɾ,V;SBJV;PRS;3;SG,55,55,100.0
90L_10NL_3_3,90L_10NL,3,u n s ˈi ɾ,V;SBJV;PRS;3;SG,55,55,100.0
90L_10NL_3_4,90L_10NL,3,u n s ˈi ɾ,V;SBJV;PRS;3;SG,55,55,100.0
90L_10NL_3_1,90L_10NL,3,x a k ˈi ɾ,V;IND;PRS;1;PL,19,55,34.55
90L_10NL_3_2,90L_10NL,3,x a k ˈi ɾ,V;IND;PRS;1;PL,11,55,20.0
90L_10NL_3_3,90L_10NL,3,x a k ˈi ɾ,V;IND;PRS;1;PL,4,55,7.27
90L_10NL_3_4,90L_10NL,3,x a k ˈi ɾ,V;IND;PRS;1;PL,0,55,0.0
90L_10NL_3_1,90L_10NL,3,x a k ˈi ɾ,V;IND;PRS;1;SG,23,55,41.82
90L_10NL_3_2,90L_10NL,3,x a k ˈi ɾ,V;IND;PRS;1;SG,55,55,100.0
90L_10NL_3_3,90L_10NL,3,x a k ˈi ɾ,V;IND;PRS;1;SG,55,55,100.0
90L_10NL_3_4,90L_10NL,3,x a k ˈi ɾ,V;IND;PRS;1;SG,29,55,52.73
90L_10NL_3_1,90L_10NL,3,x a k ˈi ɾ,V;IND;PRS;2;PL,19,55,34.55
90L_10NL_3_2,90L_10NL,3,x a k ˈi ɾ,V;IND;PRS;2;PL,10,55,18.18
90L_10NL_3_3,90L_10NL,3,x a k ˈi ɾ,V;IND;PRS;2;PL,8,55,14.55
90L_10NL_3_4,90L_10NL,3,x a k ˈi ɾ,V;IND;PRS;2;PL,0,55,0.0
90L_10NL_3_1,90L_10NL,3,x a k ˈi ɾ,V;IND;PRS;2;SG,14,55,25.45
90L_10NL_3_2,90L_10NL,3,x a k ˈi ɾ,V;IND;PRS;2;SG,0,55,0.0
90L_10NL_3_3,90L_10NL,3,x a k ˈi ɾ,V;IND;PRS;2;SG,18,55,32.73
90L_10NL_3_4,90L_10NL,3,x a k ˈi ɾ,V;IND;PRS;2;SG,10,55,18.18
90L_10NL_3_1,90L_10NL,3,x a k ˈi ɾ,V;IND;PRS;3;PL,21,55,38.18
90L_10NL_3_2,90L_10NL,3,x a k ˈi ɾ,V;IND;PRS;3;PL,2,55,3.64
90L_10NL_3_3,90L_10NL,3,x a k ˈi ɾ,V;IND;PRS;3;PL,26,55,47.27
90L_10NL_3_4,90L_10NL,3,x a k ˈi ɾ,V;IND;PRS;3;PL,14,55,25.45
90L_10NL_3_1,90L_10NL,3,x a k ˈi ɾ,V;IND;PRS;3;SG,24,55,43.64
90L_10NL_3_2,90L_10NL,3,x a k ˈi ɾ,V;IND;PRS;3;SG,0,55,0.0
90L_10NL_3_3,90L_10NL,3,x a k ˈi ɾ,V;IND;PRS;3;SG,13,55,23.64
90L_10NL_3_4,90L_10NL,3,x a k ˈi ɾ,V;IND;PRS;3;SG,18,55,32.73
90L_10NL_3_1,90L_10NL,3,x a k ˈi ɾ,V;SBJV;PRS;1;PL,14,55,25.45
90L_10NL_3_2,90L_10NL,3,x a k ˈi ɾ,V;SBJV;PRS;1;PL,53,55,96.36
90L_10NL_3_3,90L_10NL,3,x a k ˈi ɾ,V;SBJV;PRS;1;PL,54,55,98.18
90L_10NL_3_4,90L_10NL,3,x a k ˈi ɾ,V;SBJV;PRS;1;PL,6,55,10.91
90L_10NL_3_1,90L_10NL,3,x a k ˈi ɾ,V;SBJV;PRS;1;SG,35,55,63.64
90L_10NL_3_2,90L_10NL,3,x a k ˈi ɾ,V;SBJV;PRS;1;SG,31,55,56.36
90L_10NL_3_3,90L_10NL,3,x a k ˈi ɾ,V;SBJV;PRS;1;SG,46,55,83.64
90L_10NL_3_4,90L_10NL,3,x a k ˈi ɾ,V;SBJV;PRS;1;SG,29,55,52.73
90L_10NL_3_1,90L_10NL,3,x a k ˈi ɾ,V;SBJV;PRS;2;PL,15,55,27.27
90L_10NL_3_2,90L_10NL,3,x a k ˈi ɾ,V;SBJV;PRS;2;PL,54,55,98.18
90L_10NL_3_3,90L_10NL,3,x a k ˈi ɾ,V;SBJV;PRS;2;PL,54,55,98.18
90L_10NL_3_4,90L_10NL,3,x a k ˈi ɾ,V;SBJV;PRS;2;PL,30,55,54.55
90L_10NL_3_1,90L_10NL,3,x a k ˈi ɾ,V;SBJV;PRS;2;SG,24,55,43.64
90L_10NL_3_2,90L_10NL,3,x a k ˈi ɾ,V;SBJV;PRS;2;SG,29,55,52.73
90L_10NL_3_3,90L_10NL,3,x a k ˈi ɾ,V;SBJV;PRS;2;SG,52,55,94.55
90L_10NL_3_4,90L_10NL,3,x a k ˈi ɾ,V;SBJV;PRS;2;SG,12,55,21.82
90L_10NL_3_1,90L_10NL,3,x a k ˈi ɾ,V;SBJV;PRS;3;PL,32,55,58.18
90L_10NL_3_2,90L_10NL,3,x a k ˈi ɾ,V;SBJV;PRS;3;PL,35,55,63.64
90L_10NL_3_3,90L_10NL,3,x a k ˈi ɾ,V;SBJV;PRS;3;PL,54,55,98.18
90L_10NL_3_4,90L_10NL,3,x a k ˈi ɾ,V;SBJV;PRS;3;PL,13,55,23.64
90L_10NL_3_1,90L_10NL,3,x a k ˈi ɾ,V;SBJV;PRS;3;SG,33,55,60.0
90L_10NL_3_2,90L_10NL,3,x a k ˈi ɾ,V;SBJV;PRS;3;SG,35,55,63.64
90L_10NL_3_3,90L_10NL,3,x a k ˈi ɾ,V;SBJV;PRS;3;SG,51,55,92.73
90L_10NL_3_4,90L_10NL,3,x a k ˈi ɾ,V;SBJV;PRS;3;SG,25,55,45.45
90L_10NL_3_1,90L_10NL,3,ɡ w a ɾ e s ˈe ɾ,V;IND;PRS;1;PL,55,55,100.0
90L_10NL_3_2,90L_10NL,3,ɡ w a ɾ e s ˈe ɾ,V;IND;PRS;1;PL,55,55,100.0
90L_10NL_3_3,90L_10NL,3,ɡ w a ɾ e s ˈe ɾ,V;IND;PRS;1;PL,55,55,100.0
90L_10NL_3_4,90L_10NL,3,ɡ w a ɾ e s ˈe ɾ,V;IND;PRS;1;PL,48,55,87.27
90L_10NL_3_1,90L_10NL,3,ɡ w a ɾ e s ˈe ɾ,V;IND;PRS;1;SG,55,55,100.0
90L_10NL_3_2,90L_10NL,3,ɡ w a ɾ e s ˈe ɾ,V;IND;PRS;1;SG,49,55,89.09
90L_10NL_3_3,90L_10NL,3,ɡ w a ɾ e s ˈe ɾ,V;IND;PRS;1;SG,55,55,100.0
90L_10NL_3_4,90L_10NL,3,ɡ w a ɾ e s ˈe ɾ,V;IND;PRS;1;SG,54,55,98.18
90L_10NL_3_1,90L_10NL,3,ɡ w a ɾ e s ˈe ɾ,V;IND;PRS;2;PL,55,55,100.0
90L_10NL_3_2,90L_10NL,3,ɡ w a ɾ e s ˈe ɾ,V;IND;PRS;2;PL,55,55,100.0
90L_10NL_3_3,90L_10NL,3,ɡ w a ɾ e s ˈe ɾ,V;IND;PRS;2;PL,55,55,100.0
90L_10NL_3_4,90L_10NL,3,ɡ w a ɾ e s ˈe ɾ,V;IND;PRS;2;PL,47,55,85.45
90L_10NL_3_1,90L_10NL,3,ɡ w a ɾ e s ˈe ɾ,V;IND;PRS;2;SG,55,55,100.0
90L_10NL_3_2,90L_10NL,3,ɡ w a ɾ e s ˈe ɾ,V;IND;PRS;2;SG,52,55,94.55
90L_10NL_3_3,90L_10NL,3,ɡ w a ɾ e s ˈe ɾ,V;IND;PRS;2;SG,55,55,100.0
90L_10NL_3_4,90L_10NL,3,ɡ w a ɾ e s ˈe ɾ,V;IND;PRS;2;SG,55,55,100.0
90L_10NL_3_1,90L_10NL,3,ɡ w a ɾ e s ˈe ɾ,V;IND;PRS;3;PL,55,55,100.0
90L_10NL_3_2,90L_10NL,3,ɡ w a ɾ e s ˈe ɾ,V;IND;PRS;3;PL,53,55,96.36
90L_10NL_3_3,90L_10NL,3,ɡ w a ɾ e s ˈe ɾ,V;IND;PRS;3;PL,55,55,100.0
90L_10NL_3_4,90L_10NL,3,ɡ w a ɾ e s ˈe ɾ,V;IND;PRS;3;PL,55,55,100.0
90L_10NL_3_1,90L_10NL,3,ɡ w a ɾ e s ˈe ɾ,V;IND;PRS;3;SG,55,55,100.0
90L_10NL_3_2,90L_10NL,3,ɡ w a ɾ e s ˈe ɾ,V;IND;PRS;3;SG,54,55,98.18
90L_10NL_3_3,90L_10NL,3,ɡ w a ɾ e s ˈe ɾ,V;IND;PRS;3;SG,55,55,100.0
90L_10NL_3_4,90L_10NL,3,ɡ w a ɾ e s ˈe ɾ,V;IND;PRS;3;SG,55,55,100.0
90L_10NL_3_1,90L_10NL,3,ɡ w a ɾ e s ˈe ɾ,V;SBJV;PRS;1;PL,55,55,100.0
90L_10NL_3_2,90L_10NL,3,ɡ w a ɾ e s ˈe ɾ,V;SBJV;PRS;1;PL,55,55,100.0
90L_10NL_3_3,90L_10NL,3,ɡ w a ɾ e s ˈe ɾ,V;SBJV;PRS;1;PL,55,55,100.0
90L_10NL_3_4,90L_10NL,3,ɡ w a ɾ e s ˈe ɾ,V;SBJV;PRS;1;PL,45,55,81.82
90L_10NL_3_1,90L_10NL,3,ɡ w a ɾ e s ˈe ɾ,V;SBJV;PRS;1;SG,55,55,100.0
90L_10NL_3_2,90L_10NL,3,ɡ w a ɾ e s ˈe ɾ,V;SBJV;PRS;1;SG,49,55,89.09
90L_10NL_3_3,90L_10NL,3,ɡ w a ɾ e s ˈe ɾ,V;SBJV;PRS;1;SG,55,55,100.0
90L_10NL_3_4,90L_10NL,3,ɡ w a ɾ e s ˈe ɾ,V;SBJV;PRS;1;SG,54,55,98.18
90L_10NL_3_1,90L_10NL,3,ɡ w a ɾ e s ˈe ɾ,V;SBJV;PRS;2;PL,55,55,100.0
90L_10NL_3_2,90L_10NL,3,ɡ w a ɾ e s ˈe ɾ,V;SBJV;PRS;2;PL,53,55,96.36
90L_10NL_3_3,90L_10NL,3,ɡ w a ɾ e s ˈe ɾ,V;SBJV;PRS;2;PL,55,55,100.0
90L_10NL_3_4,90L_10NL,3,ɡ w a ɾ e s ˈe ɾ,V;SBJV;PRS;2;PL,44,55,80.0
90L_10NL_3_1,90L_10NL,3,ɡ w a ɾ e s ˈe ɾ,V;SBJV;PRS;2;SG,55,55,100.0
90L_10NL_3_2,90L_10NL,3,ɡ w a ɾ e s ˈe ɾ,V;SBJV;PRS;2;SG,49,55,89.09
90L_10NL_3_3,90L_10NL,3,ɡ w a ɾ e s ˈe ɾ,V;SBJV;PRS;2;SG,55,55,100.0
90L_10NL_3_4,90L_10NL,3,ɡ w a ɾ e s ˈe ɾ,V;SBJV;PRS;2;SG,54,55,98.18
90L_10NL_3_1,90L_10NL,3,ɡ w a ɾ e s ˈe ɾ,V;SBJV;PRS;3;PL,55,55,100.0
90L_10NL_3_2,90L_10NL,3,ɡ w a ɾ e s ˈe ɾ,V;SBJV;PRS;3;PL,50,55,90.91
90L_10NL_3_3,90L_10NL,3,ɡ w a ɾ e s ˈe ɾ,V;SBJV;PRS;3;PL,55,55,100.0
90L_10NL_3_4,90L_10NL,3,ɡ w a ɾ e s ˈe ɾ,V;SBJV;PRS;3;PL,55,55,100.0
90L_10NL_3_1,90L_10NL,3,ɡ w a ɾ e s ˈe ɾ,V;SBJV;PRS;3;SG,55,55,100.0
90L_10NL_3_2,90L_10NL,3,ɡ w a ɾ e s ˈe ɾ,V;SBJV;PRS;3;SG,49,55,89.09
90L_10NL_3_3,90L_10NL,3,ɡ w a ɾ e s ˈe ɾ,V;SBJV;PRS;3;SG,55,55,100.0
90L_10NL_3_4,90L_10NL,3,ɡ w a ɾ e s ˈe ɾ,V;SBJV;PRS;3;SG,53,55,96.36
90L_10NL_3_1,90L_10NL,3,ɾ e f u l ç ˈi ɾ,V;IND;PRS;1;PL,55,55,100.0
90L_10NL_3_2,90L_10NL,3,ɾ e f u l ç ˈi ɾ,V;IND;PRS;1;PL,55,55,100.0
90L_10NL_3_3,90L_10NL,3,ɾ e f u l ç ˈi ɾ,V;IND;PRS;1;PL,55,55,100.0
90L_10NL_3_4,90L_10NL,3,ɾ e f u l ç ˈi ɾ,V;IND;PRS;1;PL,52,55,94.55
90L_10NL_3_1,90L_10NL,3,ɾ e f u l ç ˈi ɾ,V;IND;PRS;1;SG,54,55,98.18
90L_10NL_3_2,90L_10NL,3,ɾ e f u l ç ˈi ɾ,V;IND;PRS;1;SG,55,55,100.0
90L_10NL_3_3,90L_10NL,3,ɾ e f u l ç ˈi ɾ,V;IND;PRS;1;SG,52,55,94.55
90L_10NL_3_4,90L_10NL,3,ɾ e f u l ç ˈi ɾ,V;IND;PRS;1;SG,49,55,89.09
90L_10NL_3_1,90L_10NL,3,ɾ e f u l ç ˈi ɾ,V;IND;PRS;2;PL,55,55,100.0
90L_10NL_3_2,90L_10NL,3,ɾ e f u l ç ˈi ɾ,V;IND;PRS;2;PL,55,55,100.0
90L_10NL_3_3,90L_10NL,3,ɾ e f u l ç ˈi ɾ,V;IND;PRS;2;PL,55,55,100.0
90L_10NL_3_4,90L_10NL,3,ɾ e f u l ç ˈi ɾ,V;IND;PRS;2;PL,55,55,100.0
90L_10NL_3_1,90L_10NL,3,ɾ e f u l ç ˈi ɾ,V;IND;PRS;2;SG,55,55,100.0
90L_10NL_3_2,90L_10NL,3,ɾ e f u l ç ˈi ɾ,V;IND;PRS;2;SG,55,55,100.0
90L_10NL_3_3,90L_10NL,3,ɾ e f u l ç ˈi ɾ,V;IND;PRS;2;SG,55,55,100.0
90L_10NL_3_4,90L_10NL,3,ɾ e f u l ç ˈi ɾ,V;IND;PRS;2;SG,46,55,83.64
90L_10NL_3_1,90L_10NL,3,ɾ e f u l ç ˈi ɾ,V;IND;PRS;3;PL,54,55,98.18
90L_10NL_3_2,90L_10NL,3,ɾ e f u l ç ˈi ɾ,V;IND;PRS;3;PL,55,55,100.0
90L_10NL_3_3,90L_10NL,3,ɾ e f u l ç ˈi ɾ,V;IND;PRS;3;PL,55,55,100.0
90L_10NL_3_4,90L_10NL,3,ɾ e f u l ç ˈi ɾ,V;IND;PRS;3;PL,46,55,83.64
90L_10NL_3_1,90L_10NL,3,ɾ e f u l ç ˈi ɾ,V;IND;PRS;3;SG,54,55,98.18
90L_10NL_3_2,90L_10NL,3,ɾ e f u l ç ˈi ɾ,V;IND;PRS;3;SG,55,55,100.0
90L_10NL_3_3,90L_10NL,3,ɾ e f u l ç ˈi ɾ,V;IND;PRS;3;SG,55,55,100.0
90L_10NL_3_4,90L_10NL,3,ɾ e f u l ç ˈi ɾ,V;IND;PRS;3;SG,46,55,83.64
90L_10NL_3_1,90L_10NL,3,ɾ e f u l ç ˈi ɾ,V;SBJV;PRS;1;PL,55,55,100.0
90L_10NL_3_2,90L_10NL,3,ɾ e f u l ç ˈi ɾ,V;SBJV;PRS;1;PL,55,55,100.0
90L_10NL_3_3,90L_10NL,3,ɾ e f u l ç ˈi ɾ,V;SBJV;PRS;1;PL,55,55,100.0
90L_10NL_3_4,90L_10NL,3,ɾ e f u l ç ˈi ɾ,V;SBJV;PRS;1;PL,51,55,92.73
90L_10NL_3_1,90L_10NL,3,ɾ e f u l ç ˈi ɾ,V;SBJV;PRS;1;SG,54,55,98.18
90L_10NL_3_2,90L_10NL,3,ɾ e f u l ç ˈi ɾ,V;SBJV;PRS;1;SG,55,55,100.0
90L_10NL_3_3,90L_10NL,3,ɾ e f u l ç ˈi ɾ,V;SBJV;PRS;1;SG,52,55,94.55
90L_10NL_3_4,90L_10NL,3,ɾ e f u l ç ˈi ɾ,V;SBJV;PRS;1;SG,49,55,89.09
90L_10NL_3_1,90L_10NL,3,ɾ e f u l ç ˈi ɾ,V;SBJV;PRS;2;PL,55,55,100.0
90L_10NL_3_2,90L_10NL,3,ɾ e f u l ç ˈi ɾ,V;SBJV;PRS;2;PL,55,55,100.0
90L_10NL_3_3,90L_10NL,3,ɾ e f u l ç ˈi ɾ,V;SBJV;PRS;2;PL,55,55,100.0
90L_10NL_3_4,90L_10NL,3,ɾ e f u l ç ˈi ɾ,V;SBJV;PRS;2;PL,55,55,100.0
90L_10NL_3_1,90L_10NL,3,ɾ e f u l ç ˈi ɾ,V;SBJV;PRS;2;SG,55,55,100.0
90L_10NL_3_2,90L_10NL,3,ɾ e f u l ç ˈi ɾ,V;SBJV;PRS;2;SG,55,55,100.0
90L_10NL_3_3,90L_10NL,3,ɾ e f u l ç ˈi ɾ,V;SBJV;PRS;2;SG,55,55,100.0
90L_10NL_3_4,90L_10NL,3,ɾ e f u l ç ˈi ɾ,V;SBJV;PRS;2;SG,49,55,89.09
90L_10NL_3_1,90L_10NL,3,ɾ e f u l ç ˈi ɾ,V;SBJV;PRS;3;PL,55,55,100.0
90L_10NL_3_2,90L_10NL,3,ɾ e f u l ç ˈi ɾ,V;SBJV;PRS;3;PL,55,55,100.0
90L_10NL_3_3,90L_10NL,3,ɾ e f u l ç ˈi ɾ,V;SBJV;PRS;3;PL,54,55,98.18
90L_10NL_3_4,90L_10NL,3,ɾ e f u l ç ˈi ɾ,V;SBJV;PRS;3;PL,48,55,87.27
90L_10NL_3_1,90L_10NL,3,ɾ e f u l ç ˈi ɾ,V;SBJV;PRS;3;SG,53,55,96.36
90L_10NL_3_2,90L_10NL,3,ɾ e f u l ç ˈi ɾ,V;SBJV;PRS;3;SG,55,55,100.0
90L_10NL_3_3,90L_10NL,3,ɾ e f u l ç ˈi ɾ,V;SBJV;PRS;3;SG,51,55,92.73
90L_10NL_3_4,90L_10NL,3,ɾ e f u l ç ˈi ɾ,V;SBJV;PRS;3;SG,49,55,89.09
90L_10NL_3_1,90L_10NL,3,ɾ e k o m p o n ˈe ɾ,V;IND;PRS;1;PL,55,55,100.0
90L_10NL_3_2,90L_10NL,3,ɾ e k o m p o n ˈe ɾ,V;IND;PRS;1;PL,55,55,100.0
90L_10NL_3_3,90L_10NL,3,ɾ e k o m p o n ˈe ɾ,V;IND;PRS;1;PL,55,55,100.0
90L_10NL_3_4,90L_10NL,3,ɾ e k o m p o n ˈe ɾ,V;IND;PRS;1;PL,55,55,100.0
90L_10NL_3_1,90L_10NL,3,ɾ e k o m p o n ˈe ɾ,V;IND;PRS;1;SG,55,55,100.0
90L_10NL_3_2,90L_10NL,3,ɾ e k o m p o n ˈe ɾ,V;IND;PRS;1;SG,55,55,100.0
90L_10NL_3_3,90L_10NL,3,ɾ e k o m p o n ˈe ɾ,V;IND;PRS;1;SG,55,55,100.0
90L_10NL_3_4,90L_10NL,3,ɾ e k o m p o n ˈe ɾ,V;IND;PRS;1;SG,55,55,100.0
90L_10NL_3_1,90L_10NL,3,ɾ e k o m p o n ˈe ɾ,V;IND;PRS;2;PL,55,55,100.0
90L_10NL_3_2,90L_10NL,3,ɾ e k o m p o n ˈe ɾ,V;IND;PRS;2;PL,55,55,100.0
90L_10NL_3_3,90L_10NL,3,ɾ e k o m p o n ˈe ɾ,V;IND;PRS;2;PL,55,55,100.0
90L_10NL_3_4,90L_10NL,3,ɾ e k o m p o n ˈe ɾ,V;IND;PRS;2;PL,55,55,100.0
90L_10NL_3_1,90L_10NL,3,ɾ e k o m p o n ˈe ɾ,V;IND;PRS;2;SG,55,55,100.0
90L_10NL_3_2,90L_10NL,3,ɾ e k o m p o n ˈe ɾ,V;IND;PRS;2;SG,55,55,100.0
90L_10NL_3_3,90L_10NL,3,ɾ e k o m p o n ˈe ɾ,V;IND;PRS;2;SG,55,55,100.0
90L_10NL_3_4,90L_10NL,3,ɾ e k o m p o n ˈe ɾ,V;IND;PRS;2;SG,55,55,100.0
90L_10NL_3_1,90L_10NL,3,ɾ e k o m p o n ˈe ɾ,V;IND;PRS;3;PL,55,55,100.0
90L_10NL_3_2,90L_10NL,3,ɾ e k o m p o n ˈe ɾ,V;IND;PRS;3;PL,55,55,100.0
90L_10NL_3_3,90L_10NL,3,ɾ e k o m p o n ˈe ɾ,V;IND;PRS;3;PL,55,55,100.0
90L_10NL_3_4,90L_10NL,3,ɾ e k o m p o n ˈe ɾ,V;IND;PRS;3;PL,55,55,100.0
90L_10NL_3_1,90L_10NL,3,ɾ e k o m p o n ˈe ɾ,V;IND;PRS;3;SG,55,55,100.0
90L_10NL_3_2,90L_10NL,3,ɾ e k o m p o n ˈe ɾ,V;IND;PRS;3;SG,55,55,100.0
90L_10NL_3_3,90L_10NL,3,ɾ e k o m p o n ˈe ɾ,V;IND;PRS;3;SG,55,55,100.0
90L_10NL_3_4,90L_10NL,3,ɾ e k o m p o n ˈe ɾ,V;IND;PRS;3;SG,55,55,100.0
90L_10NL_3_1,90L_10NL,3,ɾ e k o m p o n ˈe ɾ,V;SBJV;PRS;1;PL,55,55,100.0
90L_10NL_3_2,90L_10NL,3,ɾ e k o m p o n ˈe ɾ,V;SBJV;PRS;1;PL,55,55,100.0
90L_10NL_3_3,90L_10NL,3,ɾ e k o m p o n ˈe ɾ,V;SBJV;PRS;1;PL,55,55,100.0
90L_10NL_3_4,90L_10NL,3,ɾ e k o m p o n ˈe ɾ,V;SBJV;PRS;1;PL,55,55,100.0
90L_10NL_3_1,90L_10NL,3,ɾ e k o m p o n ˈe ɾ,V;SBJV;PRS;1;SG,55,55,100.0
90L_10NL_3_2,90L_10NL,3,ɾ e k o m p o n ˈe ɾ,V;SBJV;PRS;1;SG,55,55,100.0
90L_10NL_3_3,90L_10NL,3,ɾ e k o m p o n ˈe ɾ,V;SBJV;PRS;1;SG,55,55,100.0
90L_10NL_3_4,90L_10NL,3,ɾ e k o m p o n ˈe ɾ,V;SBJV;PRS;1;SG,55,55,100.0
90L_10NL_3_1,90L_10NL,3,ɾ e k o m p o n ˈe ɾ,V;SBJV;PRS;2;PL,55,55,100.0
90L_10NL_3_2,90L_10NL,3,ɾ e k o m p o n ˈe ɾ,V;SBJV;PRS;2;PL,55,55,100.0
90L_10NL_3_3,90L_10NL,3,ɾ e k o m p o n ˈe ɾ,V;SBJV;PRS;2;PL,55,55,100.0
90L_10NL_3_4,90L_10NL,3,ɾ e k o m p o n ˈe ɾ,V;SBJV;PRS;2;PL,55,55,100.0
90L_10NL_3_1,90L_10NL,3,ɾ e k o m p o n ˈe ɾ,V;SBJV;PRS;2;SG,55,55,100.0
90L_10NL_3_2,90L_10NL,3,ɾ e k o m p o n ˈe ɾ,V;SBJV;PRS;2;SG,55,55,100.0
90L_10NL_3_3,90L_10NL,3,ɾ e k o m p o n ˈe ɾ,V;SBJV;PRS;2;SG,55,55,100.0
90L_10NL_3_4,90L_10NL,3,ɾ e k o m p o n ˈe ɾ,V;SBJV;PRS;2;SG,55,55,100.0
90L_10NL_3_1,90L_10NL,3,ɾ e k o m p o n ˈe ɾ,V;SBJV;PRS;3;PL,55,55,100.0
90L_10NL_3_2,90L_10NL,3,ɾ e k o m p o n ˈe ɾ,V;SBJV;PRS;3;PL,55,55,100.0
90L_10NL_3_3,90L_10NL,3,ɾ e k o m p o n ˈe ɾ,V;SBJV;PRS;3;PL,55,55,100.0
90L_10NL_3_4,90L_10NL,3,ɾ e k o m p o n ˈe ɾ,V;SBJV;PRS;3;PL,55,55,100.0
90L_10NL_3_1,90L_10NL,3,ɾ e k o m p o n ˈe ɾ,V;SBJV;PRS;3;SG,55,55,100.0
90L_10NL_3_2,90L_10NL,3,ɾ e k o m p o n ˈe ɾ,V;SBJV;PRS;3;SG,55,55,100.0
90L_10NL_3_3,90L_10NL,3,ɾ e k o m p o n ˈe ɾ,V;SBJV;PRS;3;SG,55,55,100.0
90L_10NL_3_4,90L_10NL,3,ɾ e k o m p o n ˈe ɾ,V;SBJV;PRS;3;SG,55,55,100.0
90L_10NL_3_1,90L_10NL,3,ɾ e k o ç ˈe ɾ,V;IND;PRS;1;PL,55,55,100.0
90L_10NL_3_2,90L_10NL,3,ɾ e k o ç ˈe ɾ,V;IND;PRS;1;PL,55,55,100.0
90L_10NL_3_3,90L_10NL,3,ɾ e k o ç ˈe ɾ,V;IND;PRS;1;PL,55,55,100.0
90L_10NL_3_4,90L_10NL,3,ɾ e k o ç ˈe ɾ,V;IND;PRS;1;PL,55,55,100.0
90L_10NL_3_1,90L_10NL,3,ɾ e k o ç ˈe ɾ,V;IND;PRS;1;SG,43,55,78.18
90L_10NL_3_2,90L_10NL,3,ɾ e k o ç ˈe ɾ,V;IND;PRS;1;SG,55,55,100.0
90L_10NL_3_3,90L_10NL,3,ɾ e k o ç ˈe ɾ,V;IND;PRS;1;SG,42,55,76.36
90L_10NL_3_4,90L_10NL,3,ɾ e k o ç ˈe ɾ,V;IND;PRS;1;SG,55,55,100.0
90L_10NL_3_1,90L_10NL,3,ɾ e k o ç ˈe ɾ,V;IND;PRS;2;PL,55,55,100.0
90L_10NL_3_2,90L_10NL,3,ɾ e k o ç ˈe ɾ,V;IND;PRS;2;PL,55,55,100.0
90L_10NL_3_3,90L_10NL,3,ɾ e k o ç ˈe ɾ,V;IND;PRS;2;PL,55,55,100.0
90L_10NL_3_4,90L_10NL,3,ɾ e k o ç ˈe ɾ,V;IND;PRS;2;PL,55,55,100.0
90L_10NL_3_1,90L_10NL,3,ɾ e k o ç ˈe ɾ,V;IND;PRS;2;SG,24,55,43.64
90L_10NL_3_2,90L_10NL,3,ɾ e k o ç ˈe ɾ,V;IND;PRS;2;SG,55,55,100.0
90L_10NL_3_3,90L_10NL,3,ɾ e k o ç ˈe ɾ,V;IND;PRS;2;SG,51,55,92.73
90L_10NL_3_4,90L_10NL,3,ɾ e k o ç ˈe ɾ,V;IND;PRS;2;SG,55,55,100.0
90L_10NL_3_1,90L_10NL,3,ɾ e k o ç ˈe ɾ,V;IND;PRS;3;PL,21,55,38.18
90L_10NL_3_2,90L_10NL,3,ɾ e k o ç ˈe ɾ,V;IND;PRS;3;PL,55,55,100.0
90L_10NL_3_3,90L_10NL,3,ɾ e k o ç ˈe ɾ,V;IND;PRS;3;PL,51,55,92.73
90L_10NL_3_4,90L_10NL,3,ɾ e k o ç ˈe ɾ,V;IND;PRS;3;PL,55,55,100.0
90L_10NL_3_1,90L_10NL,3,ɾ e k o ç ˈe ɾ,V;IND;PRS;3;SG,26,55,47.27
90L_10NL_3_2,90L_10NL,3,ɾ e k o ç ˈe ɾ,V;IND;PRS;3;SG,55,55,100.0
90L_10NL_3_3,90L_10NL,3,ɾ e k o ç ˈe ɾ,V;IND;PRS;3;SG,54,55,98.18
90L_10NL_3_4,90L_10NL,3,ɾ e k o ç ˈe ɾ,V;IND;PRS;3;SG,55,55,100.0
90L_10NL_3_1,90L_10NL,3,ɾ e k o ç ˈe ɾ,V;SBJV;PRS;1;PL,55,55,100.0
90L_10NL_3_2,90L_10NL,3,ɾ e k o ç ˈe ɾ,V;SBJV;PRS;1;PL,55,55,100.0
90L_10NL_3_3,90L_10NL,3,ɾ e k o ç ˈe ɾ,V;SBJV;PRS;1;PL,55,55,100.0
90L_10NL_3_4,90L_10NL,3,ɾ e k o ç ˈe ɾ,V;SBJV;PRS;1;PL,55,55,100.0
90L_10NL_3_1,90L_10NL,3,ɾ e k o ç ˈe ɾ,V;SBJV;PRS;1;SG,45,55,81.82
90L_10NL_3_2,90L_10NL,3,ɾ e k o ç ˈe ɾ,V;SBJV;PRS;1;SG,55,55,100.0
90L_10NL_3_3,90L_10NL,3,ɾ e k o ç ˈe ɾ,V;SBJV;PRS;1;SG,42,55,76.36
90L_10NL_3_4,90L_10NL,3,ɾ e k o ç ˈe ɾ,V;SBJV;PRS;1;SG,55,55,100.0
90L_10NL_3_1,90L_10NL,3,ɾ e k o ç ˈe ɾ,V;SBJV;PRS;2;PL,55,55,100.0
90L_10NL_3_2,90L_10NL,3,ɾ e k o ç ˈe ɾ,V;SBJV;PRS;2;PL,55,55,100.0
90L_10NL_3_3,90L_10NL,3,ɾ e k o ç ˈe ɾ,V;SBJV;PRS;2;PL,55,55,100.0
90L_10NL_3_4,90L_10NL,3,ɾ e k o ç ˈe ɾ,V;SBJV;PRS;2;PL,55,55,100.0
90L_10NL_3_1,90L_10NL,3,ɾ e k o ç ˈe ɾ,V;SBJV;PRS;2;SG,45,55,81.82
90L_10NL_3_2,90L_10NL,3,ɾ e k o ç ˈe ɾ,V;SBJV;PRS;2;SG,55,55,100.0
90L_10NL_3_3,90L_10NL,3,ɾ e k o ç ˈe ɾ,V;SBJV;PRS;2;SG,32,55,58.18
90L_10NL_3_4,90L_10NL,3,ɾ e k o ç ˈe ɾ,V;SBJV;PRS;2;SG,55,55,100.0
90L_10NL_3_1,90L_10NL,3,ɾ e k o ç ˈe ɾ,V;SBJV;PRS;3;PL,41,55,74.55
90L_10NL_3_2,90L_10NL,3,ɾ e k o ç ˈe ɾ,V;SBJV;PRS;3;PL,55,55,100.0
90L_10NL_3_3,90L_10NL,3,ɾ e k o ç ˈe ɾ,V;SBJV;PRS;3;PL,37,55,67.27
90L_10NL_3_4,90L_10NL,3,ɾ e k o ç ˈe ɾ,V;SBJV;PRS;3;PL,55,55,100.0
90L_10NL_3_1,90L_10NL,3,ɾ e k o ç ˈe ɾ,V;SBJV;PRS;3;SG,43,55,78.18
90L_10NL_3_2,90L_10NL,3,ɾ e k o ç ˈe ɾ,V;SBJV;PRS;3;SG,55,55,100.0
90L_10NL_3_3,90L_10NL,3,ɾ e k o ç ˈe ɾ,V;SBJV;PRS;3;SG,41,55,74.55
90L_10NL_3_4,90L_10NL,3,ɾ e k o ç ˈe ɾ,V;SBJV;PRS;3;SG,55,55,100.0
90L_10NL_3_1,90L_10NL,3,ɾ e k ɾ u d e s ˈe ɾ,V;IND;PRS;1;PL,55,55,100.0
90L_10NL_3_2,90L_10NL,3,ɾ e k ɾ u d e s ˈe ɾ,V;IND;PRS;1;PL,55,55,100.0
90L_10NL_3_3,90L_10NL,3,ɾ e k ɾ u d e s ˈe ɾ,V;IND;PRS;1;PL,55,55,100.0
90L_10NL_3_4,90L_10NL,3,ɾ e k ɾ u d e s ˈe ɾ,V;IND;PRS;1;PL,55,55,100.0
90L_10NL_3_1,90L_10NL,3,ɾ e k ɾ u d e s ˈe ɾ,V;IND;PRS;1;SG,55,55,100.0
90L_10NL_3_2,90L_10NL,3,ɾ e k ɾ u d e s ˈe ɾ,V;IND;PRS;1;SG,55,55,100.0
90L_10NL_3_3,90L_10NL,3,ɾ e k ɾ u d e s ˈe ɾ,V;IND;PRS;1;SG,55,55,100.0
90L_10NL_3_4,90L_10NL,3,ɾ e k ɾ u d e s ˈe ɾ,V;IND;PRS;1;SG,55,55,100.0
90L_10NL_3_1,90L_10NL,3,ɾ e k ɾ u d e s ˈe ɾ,V;IND;PRS;2;PL,55,55,100.0
90L_10NL_3_2,90L_10NL,3,ɾ e k ɾ u d e s ˈe ɾ,V;IND;PRS;2;PL,55,55,100.0
90L_10NL_3_3,90L_10NL,3,ɾ e k ɾ u d e s ˈe ɾ,V;IND;PRS;2;PL,55,55,100.0
90L_10NL_3_4,90L_10NL,3,ɾ e k ɾ u d e s ˈe ɾ,V;IND;PRS;2;PL,55,55,100.0
90L_10NL_3_1,90L_10NL,3,ɾ e k ɾ u d e s ˈe ɾ,V;IND;PRS;2;SG,55,55,100.0
90L_10NL_3_2,90L_10NL,3,ɾ e k ɾ u d e s ˈe ɾ,V;IND;PRS;2;SG,55,55,100.0
90L_10NL_3_3,90L_10NL,3,ɾ e k ɾ u d e s ˈe ɾ,V;IND;PRS;2;SG,55,55,100.0
90L_10NL_3_4,90L_10NL,3,ɾ e k ɾ u d e s ˈe ɾ,V;IND;PRS;2;SG,55,55,100.0
90L_10NL_3_1,90L_10NL,3,ɾ e k ɾ u d e s ˈe ɾ,V;IND;PRS;3;PL,55,55,100.0
90L_10NL_3_2,90L_10NL,3,ɾ e k ɾ u d e s ˈe ɾ,V;IND;PRS;3;PL,55,55,100.0
90L_10NL_3_3,90L_10NL,3,ɾ e k ɾ u d e s ˈe ɾ,V;IND;PRS;3;PL,55,55,100.0
90L_10NL_3_4,90L_10NL,3,ɾ e k ɾ u d e s ˈe ɾ,V;IND;PRS;3;PL,55,55,100.0
90L_10NL_3_1,90L_10NL,3,ɾ e k ɾ u d e s ˈe ɾ,V;IND;PRS;3;SG,55,55,100.0
90L_10NL_3_2,90L_10NL,3,ɾ e k ɾ u d e s ˈe ɾ,V;IND;PRS;3;SG,55,55,100.0
90L_10NL_3_3,90L_10NL,3,ɾ e k ɾ u d e s ˈe ɾ,V;IND;PRS;3;SG,55,55,100.0
90L_10NL_3_4,90L_10NL,3,ɾ e k ɾ u d e s ˈe ɾ,V;IND;PRS;3;SG,55,55,100.0
90L_10NL_3_1,90L_10NL,3,ɾ e k ɾ u d e s ˈe ɾ,V;SBJV;PRS;1;PL,55,55,100.0
90L_10NL_3_2,90L_10NL,3,ɾ e k ɾ u d e s ˈe ɾ,V;SBJV;PRS;1;PL,55,55,100.0
90L_10NL_3_3,90L_10NL,3,ɾ e k ɾ u d e s ˈe ɾ,V;SBJV;PRS;1;PL,55,55,100.0
90L_10NL_3_4,90L_10NL,3,ɾ e k ɾ u d e s ˈe ɾ,V;SBJV;PRS;1;PL,55,55,100.0
90L_10NL_3_1,90L_10NL,3,ɾ e k ɾ u d e s ˈe ɾ,V;SBJV;PRS;1;SG,55,55,100.0
90L_10NL_3_2,90L_10NL,3,ɾ e k ɾ u d e s ˈe ɾ,V;SBJV;PRS;1;SG,55,55,100.0
90L_10NL_3_3,90L_10NL,3,ɾ e k ɾ u d e s ˈe ɾ,V;SBJV;PRS;1;SG,55,55,100.0
90L_10NL_3_4,90L_10NL,3,ɾ e k ɾ u d e s ˈe ɾ,V;SBJV;PRS;1;SG,55,55,100.0
90L_10NL_3_1,90L_10NL,3,ɾ e k ɾ u d e s ˈe ɾ,V;SBJV;PRS;2;PL,55,55,100.0
90L_10NL_3_2,90L_10NL,3,ɾ e k ɾ u d e s ˈe ɾ,V;SBJV;PRS;2;PL,55,55,100.0
90L_10NL_3_3,90L_10NL,3,ɾ e k ɾ u d e s ˈe ɾ,V;SBJV;PRS;2;PL,55,55,100.0
90L_10NL_3_4,90L_10NL,3,ɾ e k ɾ u d e s ˈe ɾ,V;SBJV;PRS;2;PL,55,55,100.0
90L_10NL_3_1,90L_10NL,3,ɾ e k ɾ u d e s ˈe ɾ,V;SBJV;PRS;2;SG,55,55,100.0
90L_10NL_3_2,90L_10NL,3,ɾ e k ɾ u d e s ˈe ɾ,V;SBJV;PRS;2;SG,55,55,100.0
90L_10NL_3_3,90L_10NL,3,ɾ e k ɾ u d e s ˈe ɾ,V;SBJV;PRS;2;SG,55,55,100.0
90L_10NL_3_4,90L_10NL,3,ɾ e k ɾ u d e s ˈe ɾ,V;SBJV;PRS;2;SG,55,55,100.0
90L_10NL_3_1,90L_10NL,3,ɾ e k ɾ u d e s ˈe ɾ,V;SBJV;PRS;3;PL,55,55,100.0
90L_10NL_3_2,90L_10NL,3,ɾ e k ɾ u d e s ˈe ɾ,V;SBJV;PRS;3;PL,55,55,100.0
90L_10NL_3_3,90L_10NL,3,ɾ e k ɾ u d e s ˈe ɾ,V;SBJV;PRS;3;PL,55,55,100.0
90L_10NL_3_4,90L_10NL,3,ɾ e k ɾ u d e s ˈe ɾ,V;SBJV;PRS;3;PL,55,55,100.0
90L_10NL_3_1,90L_10NL,3,ɾ e k ɾ u d e s ˈe ɾ,V;SBJV;PRS;3;SG,55,55,100.0
90L_10NL_3_2,90L_10NL,3,ɾ e k ɾ u d e s ˈe ɾ,V;SBJV;PRS;3;SG,55,55,100.0
90L_10NL_3_3,90L_10NL,3,ɾ e k ɾ u d e s ˈe ɾ,V;SBJV;PRS;3;SG,55,55,100.0
90L_10NL_3_4,90L_10NL,3,ɾ e k ɾ u d e s ˈe ɾ,V;SBJV;PRS;3;SG,55,55,100.0
90L_10NL_3_1,90L_10NL,3,ɾ e s t ɾ i n ç ˈi ɾ,V;IND;PRS;1;PL,55,55,100.0
90L_10NL_3_2,90L_10NL,3,ɾ e s t ɾ i n ç ˈi ɾ,V;IND;PRS;1;PL,55,55,100.0
90L_10NL_3_3,90L_10NL,3,ɾ e s t ɾ i n ç ˈi ɾ,V;IND;PRS;1;PL,55,55,100.0
90L_10NL_3_4,90L_10NL,3,ɾ e s t ɾ i n ç ˈi ɾ,V;IND;PRS;1;PL,55,55,100.0
90L_10NL_3_1,90L_10NL,3,ɾ e s t ɾ i n ç ˈi ɾ,V;IND;PRS;1;SG,53,55,96.36
90L_10NL_3_2,90L_10NL,3,ɾ e s t ɾ i n ç ˈi ɾ,V;IND;PRS;1;SG,55,55,100.0
90L_10NL_3_3,90L_10NL,3,ɾ e s t ɾ i n ç ˈi ɾ,V;IND;PRS;1;SG,52,55,94.55
90L_10NL_3_4,90L_10NL,3,ɾ e s t ɾ i n ç ˈi ɾ,V;IND;PRS;1;SG,55,55,100.0
90L_10NL_3_1,90L_10NL,3,ɾ e s t ɾ i n ç ˈi ɾ,V;IND;PRS;2;PL,55,55,100.0
90L_10NL_3_2,90L_10NL,3,ɾ e s t ɾ i n ç ˈi ɾ,V;IND;PRS;2;PL,55,55,100.0
90L_10NL_3_3,90L_10NL,3,ɾ e s t ɾ i n ç ˈi ɾ,V;IND;PRS;2;PL,55,55,100.0
90L_10NL_3_4,90L_10NL,3,ɾ e s t ɾ i n ç ˈi ɾ,V;IND;PRS;2;PL,55,55,100.0
90L_10NL_3_1,90L_10NL,3,ɾ e s t ɾ i n ç ˈi ɾ,V;IND;PRS;2;SG,55,55,100.0
90L_10NL_3_2,90L_10NL,3,ɾ e s t ɾ i n ç ˈi ɾ,V;IND;PRS;2;SG,55,55,100.0
90L_10NL_3_3,90L_10NL,3,ɾ e s t ɾ i n ç ˈi ɾ,V;IND;PRS;2;SG,55,55,100.0
90L_10NL_3_4,90L_10NL,3,ɾ e s t ɾ i n ç ˈi ɾ,V;IND;PRS;2;SG,55,55,100.0
90L_10NL_3_1,90L_10NL,3,ɾ e s t ɾ i n ç ˈi ɾ,V;IND;PRS;3;PL,55,55,100.0
90L_10NL_3_2,90L_10NL,3,ɾ e s t ɾ i n ç ˈi ɾ,V;IND;PRS;3;PL,55,55,100.0
90L_10NL_3_3,90L_10NL,3,ɾ e s t ɾ i n ç ˈi ɾ,V;IND;PRS;3;PL,55,55,100.0
90L_10NL_3_4,90L_10NL,3,ɾ e s t ɾ i n ç ˈi ɾ,V;IND;PRS;3;PL,55,55,100.0
90L_10NL_3_1,90L_10NL,3,ɾ e s t ɾ i n ç ˈi ɾ,V;IND;PRS;3;SG,55,55,100.0
90L_10NL_3_2,90L_10NL,3,ɾ e s t ɾ i n ç ˈi ɾ,V;IND;PRS;3;SG,54,55,98.18
90L_10NL_3_3,90L_10NL,3,ɾ e s t ɾ i n ç ˈi ɾ,V;IND;PRS;3;SG,53,55,96.36
90L_10NL_3_4,90L_10NL,3,ɾ e s t ɾ i n ç ˈi ɾ,V;IND;PRS;3;SG,55,55,100.0
90L_10NL_3_1,90L_10NL,3,ɾ e s t ɾ i n ç ˈi ɾ,V;SBJV;PRS;1;PL,55,55,100.0
90L_10NL_3_2,90L_10NL,3,ɾ e s t ɾ i n ç ˈi ɾ,V;SBJV;PRS;1;PL,55,55,100.0
90L_10NL_3_3,90L_10NL,3,ɾ e s t ɾ i n ç ˈi ɾ,V;SBJV;PRS;1;PL,55,55,100.0
90L_10NL_3_4,90L_10NL,3,ɾ e s t ɾ i n ç ˈi ɾ,V;SBJV;PRS;1;PL,55,55,100.0
90L_10NL_3_1,90L_10NL,3,ɾ e s t ɾ i n ç ˈi ɾ,V;SBJV;PRS;1;SG,55,55,100.0
90L_10NL_3_2,90L_10NL,3,ɾ e s t ɾ i n ç ˈi ɾ,V;SBJV;PRS;1;SG,55,55,100.0
90L_10NL_3_3,90L_10NL,3,ɾ e s t ɾ i n ç ˈi ɾ,V;SBJV;PRS;1;SG,55,55,100.0
90L_10NL_3_4,90L_10NL,3,ɾ e s t ɾ i n ç ˈi ɾ,V;SBJV;PRS;1;SG,55,55,100.0
90L_10NL_3_1,90L_10NL,3,ɾ e s t ɾ i n ç ˈi ɾ,V;SBJV;PRS;2;PL,55,55,100.0
90L_10NL_3_2,90L_10NL,3,ɾ e s t ɾ i n ç ˈi ɾ,V;SBJV;PRS;2;PL,55,55,100.0
90L_10NL_3_3,90L_10NL,3,ɾ e s t ɾ i n ç ˈi ɾ,V;SBJV;PRS;2;PL,55,55,100.0
90L_10NL_3_4,90L_10NL,3,ɾ e s t ɾ i n ç ˈi ɾ,V;SBJV;PRS;2;PL,55,55,100.0
90L_10NL_3_1,90L_10NL,3,ɾ e s t ɾ i n ç ˈi ɾ,V;SBJV;PRS;2;SG,55,55,100.0
90L_10NL_3_2,90L_10NL,3,ɾ e s t ɾ i n ç ˈi ɾ,V;SBJV;PRS;2;SG,55,55,100.0
90L_10NL_3_3,90L_10NL,3,ɾ e s t ɾ i n ç ˈi ɾ,V;SBJV;PRS;2;SG,55,55,100.0
90L_10NL_3_4,90L_10NL,3,ɾ e s t ɾ i n ç ˈi ɾ,V;SBJV;PRS;2;SG,55,55,100.0
90L_10NL_3_1,90L_10NL,3,ɾ e s t ɾ i n ç ˈi ɾ,V;SBJV;PRS;3;PL,55,55,100.0
90L_10NL_3_2,90L_10NL,3,ɾ e s t ɾ i n ç ˈi ɾ,V;SBJV;PRS;3;PL,55,55,100.0
90L_10NL_3_3,90L_10NL,3,ɾ e s t ɾ i n ç ˈi ɾ,V;SBJV;PRS;3;PL,55,55,100.0
90L_10NL_3_4,90L_10NL,3,ɾ e s t ɾ i n ç ˈi ɾ,V;SBJV;PRS;3;PL,55,55,100.0
90L_10NL_3_1,90L_10NL,3,ɾ e s t ɾ i n ç ˈi ɾ,V;SBJV;PRS;3;SG,55,55,100.0
90L_10NL_3_2,90L_10NL,3,ɾ e s t ɾ i n ç ˈi ɾ,V;SBJV;PRS;3;SG,55,55,100.0
90L_10NL_3_3,90L_10NL,3,ɾ e s t ɾ i n ç ˈi ɾ,V;SBJV;PRS;3;SG,55,55,100.0
90L_10NL_3_4,90L_10NL,3,ɾ e s t ɾ i n ç ˈi ɾ,V;SBJV;PRS;3;SG,55,55,100.0
90L_10NL_3_1,90L_10NL,3,ɾ e t e n ˈe ɾ,V;IND;PRS;1;PL,55,55,100.0
90L_10NL_3_2,90L_10NL,3,ɾ e t e n ˈe ɾ,V;IND;PRS;1;PL,55,55,100.0
90L_10NL_3_3,90L_10NL,3,ɾ e t e n ˈe ɾ,V;IND;PRS;1;PL,55,55,100.0
90L_10NL_3_4,90L_10NL,3,ɾ e t e n ˈe ɾ,V;IND;PRS;1;PL,55,55,100.0
90L_10NL_3_1,90L_10NL,3,ɾ e t e n ˈe ɾ,V;IND;PRS;1;SG,55,55,100.0
90L_10NL_3_2,90L_10NL,3,ɾ e t e n ˈe ɾ,V;IND;PRS;1;SG,55,55,100.0
90L_10NL_3_3,90L_10NL,3,ɾ e t e n ˈe ɾ,V;IND;PRS;1;SG,55,55,100.0
90L_10NL_3_4,90L_10NL,3,ɾ e t e n ˈe ɾ,V;IND;PRS;1;SG,55,55,100.0
90L_10NL_3_1,90L_10NL,3,ɾ e t e n ˈe ɾ,V;IND;PRS;2;PL,55,55,100.0
90L_10NL_3_2,90L_10NL,3,ɾ e t e n ˈe ɾ,V;IND;PRS;2;PL,55,55,100.0
90L_10NL_3_3,90L_10NL,3,ɾ e t e n ˈe ɾ,V;IND;PRS;2;PL,55,55,100.0
90L_10NL_3_4,90L_10NL,3,ɾ e t e n ˈe ɾ,V;IND;PRS;2;PL,55,55,100.0
90L_10NL_3_1,90L_10NL,3,ɾ e t e n ˈe ɾ,V;IND;PRS;2;SG,55,55,100.0
90L_10NL_3_2,90L_10NL,3,ɾ e t e n ˈe ɾ,V;IND;PRS;2;SG,55,55,100.0
90L_10NL_3_3,90L_10NL,3,ɾ e t e n ˈe ɾ,V;IND;PRS;2;SG,55,55,100.0
90L_10NL_3_4,90L_10NL,3,ɾ e t e n ˈe ɾ,V;IND;PRS;2;SG,55,55,100.0
90L_10NL_3_1,90L_10NL,3,ɾ e t e n ˈe ɾ,V;IND;PRS;3;PL,55,55,100.0
90L_10NL_3_2,90L_10NL,3,ɾ e t e n ˈe ɾ,V;IND;PRS;3;PL,55,55,100.0
90L_10NL_3_3,90L_10NL,3,ɾ e t e n ˈe ɾ,V;IND;PRS;3;PL,55,55,100.0
90L_10NL_3_4,90L_10NL,3,ɾ e t e n ˈe ɾ,V;IND;PRS;3;PL,55,55,100.0
90L_10NL_3_1,90L_10NL,3,ɾ e t e n ˈe ɾ,V;IND;PRS;3;SG,55,55,100.0
90L_10NL_3_2,90L_10NL,3,ɾ e t e n ˈe ɾ,V;IND;PRS;3;SG,55,55,100.0
90L_10NL_3_3,90L_10NL,3,ɾ e t e n ˈe ɾ,V;IND;PRS;3;SG,55,55,100.0
90L_10NL_3_4,90L_10NL,3,ɾ e t e n ˈe ɾ,V;IND;PRS;3;SG,55,55,100.0
90L_10NL_3_1,90L_10NL,3,ɾ e t e n ˈe ɾ,V;SBJV;PRS;1;PL,55,55,100.0
90L_10NL_3_2,90L_10NL,3,ɾ e t e n ˈe ɾ,V;SBJV;PRS;1;PL,55,55,100.0
90L_10NL_3_3,90L_10NL,3,ɾ e t e n ˈe ɾ,V;SBJV;PRS;1;PL,55,55,100.0
90L_10NL_3_4,90L_10NL,3,ɾ e t e n ˈe ɾ,V;SBJV;PRS;1;PL,55,55,100.0
90L_10NL_3_1,90L_10NL,3,ɾ e t e n ˈe ɾ,V;SBJV;PRS;1;SG,55,55,100.0
90L_10NL_3_2,90L_10NL,3,ɾ e t e n ˈe ɾ,V;SBJV;PRS;1;SG,55,55,100.0
90L_10NL_3_3,90L_10NL,3,ɾ e t e n ˈe ɾ,V;SBJV;PRS;1;SG,55,55,100.0
90L_10NL_3_4,90L_10NL,3,ɾ e t e n ˈe ɾ,V;SBJV;PRS;1;SG,55,55,100.0
90L_10NL_3_1,90L_10NL,3,ɾ e t e n ˈe ɾ,V;SBJV;PRS;2;PL,55,55,100.0
90L_10NL_3_2,90L_10NL,3,ɾ e t e n ˈe ɾ,V;SBJV;PRS;2;PL,55,55,100.0
90L_10NL_3_3,90L_10NL,3,ɾ e t e n ˈe ɾ,V;SBJV;PRS;2;PL,55,55,100.0
90L_10NL_3_4,90L_10NL,3,ɾ e t e n ˈe ɾ,V;SBJV;PRS;2;PL,55,55,100.0
90L_10NL_3_1,90L_10NL,3,ɾ e t e n ˈe ɾ,V;SBJV;PRS;2;SG,55,55,100.0
90L_10NL_3_2,90L_10NL,3,ɾ e t e n ˈe ɾ,V;SBJV;PRS;2;SG,55,55,100.0
90L_10NL_3_3,90L_10NL,3,ɾ e t e n ˈe ɾ,V;SBJV;PRS;2;SG,55,55,100.0
90L_10NL_3_4,90L_10NL,3,ɾ e t e n ˈe ɾ,V;SBJV;PRS;2;SG,55,55,100.0
90L_10NL_3_1,90L_10NL,3,ɾ e t e n ˈe ɾ,V;SBJV;PRS;3;PL,55,55,100.0
90L_10NL_3_2,90L_10NL,3,ɾ e t e n ˈe ɾ,V;SBJV;PRS;3;PL,55,55,100.0
90L_10NL_3_3,90L_10NL,3,ɾ e t e n ˈe ɾ,V;SBJV;PRS;3;PL,55,55,100.0
90L_10NL_3_4,90L_10NL,3,ɾ e t e n ˈe ɾ,V;SBJV;PRS;3;PL,55,55,100.0
90L_10NL_3_1,90L_10NL,3,ɾ e t e n ˈe ɾ,V;SBJV;PRS;3;SG,55,55,100.0
90L_10NL_3_2,90L_10NL,3,ɾ e t e n ˈe ɾ,V;SBJV;PRS;3;SG,55,55,100.0
90L_10NL_3_3,90L_10NL,3,ɾ e t e n ˈe ɾ,V;SBJV;PRS;3;SG,55,55,100.0
90L_10NL_3_4,90L_10NL,3,ɾ e t e n ˈe ɾ,V;SBJV;PRS;3;SG,55,55,100.0
