lemma,target_tag,correct,total,overall_accuracy
a b e n ˈi ɾ,V;IND;PRS;1;PL,177,220,80.45
a b e n ˈi ɾ,V;IND;PRS;1;SG,153,220,69.55
a b e n ˈi ɾ,V;IND;PRS;2;PL,179,220,81.36
a b e n ˈi ɾ,V;IND;PRS;2;SG,155,220,70.45
a b e n ˈi ɾ,V;IND;PRS;3;PL,151,220,68.64
a b e n ˈi ɾ,V;IND;PRS;3;SG,163,220,74.09
a b e n ˈi ɾ,V;SBJV;PRS;1;PL,175,220,79.55
a b e n ˈi ɾ,V;SBJV;PRS;1;SG,157,220,71.36
a b e n ˈi ɾ,V;SBJV;PRS;2;PL,157,220,71.36
a b e n ˈi ɾ,V;SBJV;PRS;2;SG,154,220,70.0
a b e n ˈi ɾ,V;SBJV;PRS;3;PL,153,220,69.55
a b e n ˈi ɾ,V;SBJV;PRS;3;SG,155,220,70.45
a b o r e s ˈe ɾ,V;IND;PRS;1;PL,440,440,100.0
a b o r e s ˈe ɾ,V;IND;PRS;1;SG,440,440,100.0
a b o r e s ˈe ɾ,V;IND;PRS;2;PL,440,440,100.0
a b o r e s ˈe ɾ,V;IND;PRS;2;SG,440,440,100.0
a b o r e s ˈe ɾ,V;IND;PRS;3;PL,440,440,100.0
a b o r e s ˈe ɾ,V;IND;PRS;3;SG,440,440,100.0
a b o r e s ˈe ɾ,V;SBJV;PRS;1;PL,440,440,100.0
a b o r e s ˈe ɾ,V;SBJV;PRS;1;SG,440,440,100.0
a b o r e s ˈe ɾ,V;SBJV;PRS;2;PL,440,440,100.0
a b o r e s ˈe ɾ,V;SBJV;PRS;2;SG,440,440,100.0
a b o r e s ˈe ɾ,V;SBJV;PRS;3;PL,440,440,100.0
a b o r e s ˈe ɾ,V;SBJV;PRS;3;SG,440,440,100.0
a b s t ɾ a ˈe ɾ,V;IND;PRS;1;PL,440,440,100.0
a b s t ɾ a ˈe ɾ,V;IND;PRS;1;SG,429,440,97.5
a b s t ɾ a ˈe ɾ,V;IND;PRS;2;PL,440,440,100.0
a b s t ɾ a ˈe ɾ,V;IND;PRS;2;SG,434,440,98.64
a b s t ɾ a ˈe ɾ,V;IND;PRS;3;PL,434,440,98.64
a b s t ɾ a ˈe ɾ,V;IND;PRS;3;SG,435,440,98.86
a b s t ɾ a ˈe ɾ,V;SBJV;PRS;1;PL,440,440,100.0
a b s t ɾ a ˈe ɾ,V;SBJV;PRS;1;SG,425,440,96.59
a b s t ɾ a ˈe ɾ,V;SBJV;PRS;2;PL,439,440,99.77
a b s t ɾ a ˈe ɾ,V;SBJV;PRS;2;SG,431,440,97.95
a b s t ɾ a ˈe ɾ,V;SBJV;PRS;3;PL,430,440,97.73
a b s t ɾ a ˈe ɾ,V;SBJV;PRS;3;SG,426,440,96.82
a d o l e s ˈe ɾ,V;IND;PRS;1;PL,220,220,100.0
a d o l e s ˈe ɾ,V;IND;PRS;1;SG,220,220,100.0
a d o l e s ˈe ɾ,V;IND;PRS;2;PL,220,220,100.0
a d o l e s ˈe ɾ,V;IND;PRS;2;SG,220,220,100.0
a d o l e s ˈe ɾ,V;IND;PRS;3;PL,220,220,100.0
a d o l e s ˈe ɾ,V;IND;PRS;3;SG,220,220,100.0
a d o l e s ˈe ɾ,V;SBJV;PRS;1;PL,220,220,100.0
a d o l e s ˈe ɾ,V;SBJV;PRS;1;SG,220,220,100.0
a d o l e s ˈe ɾ,V;SBJV;PRS;2;PL,220,220,100.0
a d o l e s ˈe ɾ,V;SBJV;PRS;2;SG,220,220,100.0
a d o l e s ˈe ɾ,V;SBJV;PRS;3;PL,220,220,100.0
a d o l e s ˈe ɾ,V;SBJV;PRS;3;SG,220,220,100.0
a d o ɾ m e s ˈe ɾ,V;IND;PRS;1;PL,220,220,100.0
a d o ɾ m e s ˈe ɾ,V;IND;PRS;1;SG,220,220,100.0
a d o ɾ m e s ˈe ɾ,V;IND;PRS;2;PL,220,220,100.0
a d o ɾ m e s ˈe ɾ,V;IND;PRS;2;SG,220,220,100.0
a d o ɾ m e s ˈe ɾ,V;IND;PRS;3;PL,220,220,100.0
a d o ɾ m e s ˈe ɾ,V;IND;PRS;3;SG,220,220,100.0
a d o ɾ m e s ˈe ɾ,V;SBJV;PRS;1;PL,220,220,100.0
a d o ɾ m e s ˈe ɾ,V;SBJV;PRS;1;SG,220,220,100.0
a d o ɾ m e s ˈe ɾ,V;SBJV;PRS;2;PL,220,220,100.0
a d o ɾ m e s ˈe ɾ,V;SBJV;PRS;2;SG,220,220,100.0
a d o ɾ m e s ˈe ɾ,V;SBJV;PRS;3;PL,220,220,100.0
a d o ɾ m e s ˈe ɾ,V;SBJV;PRS;3;SG,220,220,100.0
a d u s ˈi ɾ,V;IND;PRS;1;PL,219,220,99.55
a d u s ˈi ɾ,V;IND;PRS;1;SG,174,220,79.09
a d u s ˈi ɾ,V;IND;PRS;2;PL,220,220,100.0
a d u s ˈi ɾ,V;IND;PRS;2;SG,220,220,100.0
a d u s ˈi ɾ,V;IND;PRS;3;PL,220,220,100.0
a d u s ˈi ɾ,V;IND;PRS;3;SG,220,220,100.0
a d u s ˈi ɾ,V;SBJV;PRS;1;PL,213,220,96.82
a d u s ˈi ɾ,V;SBJV;PRS;1;SG,168,220,76.36
a d u s ˈi ɾ,V;SBJV;PRS;2;PL,215,220,97.73
a d u s ˈi ɾ,V;SBJV;PRS;2;SG,161,220,73.18
a d u s ˈi ɾ,V;SBJV;PRS;3;PL,164,220,74.55
a d u s ˈi ɾ,V;SBJV;PRS;3;SG,167,220,75.91
a d ʃ a s ˈe ɾ,V;IND;PRS;1;PL,368,440,83.64
a d ʃ a s ˈe ɾ,V;IND;PRS;1;SG,385,440,87.5
a d ʃ a s ˈe ɾ,V;IND;PRS;2;PL,363,440,82.5
a d ʃ a s ˈe ɾ,V;IND;PRS;2;SG,385,440,87.5
a d ʃ a s ˈe ɾ,V;IND;PRS;3;PL,385,440,87.5
a d ʃ a s ˈe ɾ,V;IND;PRS;3;SG,385,440,87.5
a d ʃ a s ˈe ɾ,V;SBJV;PRS;1;PL,414,440,94.09
a d ʃ a s ˈe ɾ,V;SBJV;PRS;1;SG,385,440,87.5
a d ʃ a s ˈe ɾ,V;SBJV;PRS;2;PL,419,440,95.23
a d ʃ a s ˈe ɾ,V;SBJV;PRS;2;SG,385,440,87.5
a d ʃ a s ˈe ɾ,V;SBJV;PRS;3;PL,385,440,87.5
a d ʃ a s ˈe ɾ,V;SBJV;PRS;3;SG,385,440,87.5
a f l i ç ˈi ɾ,V;IND;PRS;1;PL,171,220,77.73
a f l i ç ˈi ɾ,V;IND;PRS;1;SG,220,220,100.0
a f l i ç ˈi ɾ,V;IND;PRS;2;PL,165,220,75.0
a f l i ç ˈi ɾ,V;IND;PRS;2;SG,220,220,100.0
a f l i ç ˈi ɾ,V;IND;PRS;3;PL,220,220,100.0
a f l i ç ˈi ɾ,V;IND;PRS;3;SG,220,220,100.0
a f l i ç ˈi ɾ,V;SBJV;PRS;1;PL,220,220,100.0
a f l i ç ˈi ɾ,V;SBJV;PRS;1;SG,220,220,100.0
a f l i ç ˈi ɾ,V;SBJV;PRS;2;PL,220,220,100.0
a f l i ç ˈi ɾ,V;SBJV;PRS;2;SG,220,220,100.0
a f l i ç ˈi ɾ,V;SBJV;PRS;3;PL,220,220,100.0
a f l i ç ˈi ɾ,V;SBJV;PRS;3;SG,220,220,100.0
a k a e s ˈe ɾ,V;IND;PRS;1;PL,106,220,48.18
a k a e s ˈe ɾ,V;IND;PRS;1;SG,59,220,26.82
a k a e s ˈe ɾ,V;IND;PRS;2;PL,123,220,55.91
a k a e s ˈe ɾ,V;IND;PRS;2;SG,151,220,68.64
a k a e s ˈe ɾ,V;IND;PRS;3;PL,161,220,73.18
a k a e s ˈe ɾ,V;IND;PRS;3;SG,145,220,65.91
a k a e s ˈe ɾ,V;SBJV;PRS;1;PL,68,220,30.91
a k a e s ˈe ɾ,V;SBJV;PRS;1;SG,70,220,31.82
a k a e s ˈe ɾ,V;SBJV;PRS;2;PL,86,220,39.09
a k a e s ˈe ɾ,V;SBJV;PRS;2;SG,73,220,33.18
a k a e s ˈe ɾ,V;SBJV;PRS;3;PL,75,220,34.09
a k a e s ˈe ɾ,V;SBJV;PRS;3;SG,68,220,30.91
a k o n t e s ˈe ɾ,V;IND;PRS;1;PL,220,220,100.0
a k o n t e s ˈe ɾ,V;IND;PRS;1;SG,220,220,100.0
a k o n t e s ˈe ɾ,V;IND;PRS;2;PL,220,220,100.0
a k o n t e s ˈe ɾ,V;IND;PRS;2;SG,220,220,100.0
a k o n t e s ˈe ɾ,V;IND;PRS;3;PL,220,220,100.0
a k o n t e s ˈe ɾ,V;IND;PRS;3;SG,220,220,100.0
a k o n t e s ˈe ɾ,V;SBJV;PRS;1;PL,220,220,100.0
a k o n t e s ˈe ɾ,V;SBJV;PRS;1;SG,220,220,100.0
a k o n t e s ˈe ɾ,V;SBJV;PRS;2;PL,220,220,100.0
a k o n t e s ˈe ɾ,V;SBJV;PRS;2;SG,220,220,100.0
a k o n t e s ˈe ɾ,V;SBJV;PRS;3;PL,220,220,100.0
a k o n t e s ˈe ɾ,V;SBJV;PRS;3;SG,220,220,100.0
a m a n e s ˈe ɾ,V;IND;PRS;1;PL,880,880,100.0
a m a n e s ˈe ɾ,V;IND;PRS;1;SG,860,880,97.73
a m a n e s ˈe ɾ,V;IND;PRS;2;PL,880,880,100.0
a m a n e s ˈe ɾ,V;IND;PRS;2;SG,880,880,100.0
a m a n e s ˈe ɾ,V;IND;PRS;3;PL,880,880,100.0
a m a n e s ˈe ɾ,V;IND;PRS;3;SG,880,880,100.0
a m a n e s ˈe ɾ,V;SBJV;PRS;1;PL,872,880,99.09
a m a n e s ˈe ɾ,V;SBJV;PRS;1;SG,873,880,99.2
a m a n e s ˈe ɾ,V;SBJV;PRS;2;PL,862,880,97.95
a m a n e s ˈe ɾ,V;SBJV;PRS;2;SG,876,880,99.55
a m a n e s ˈe ɾ,V;SBJV;PRS;3;PL,874,880,99.32
a m a n e s ˈe ɾ,V;SBJV;PRS;3;SG,871,880,98.98
a n o ʧ e s ˈe ɾ,V;IND;PRS;1;PL,220,220,100.0
a n o ʧ e s ˈe ɾ,V;IND;PRS;1;SG,220,220,100.0
a n o ʧ e s ˈe ɾ,V;IND;PRS;2;PL,220,220,100.0
a n o ʧ e s ˈe ɾ,V;IND;PRS;2;SG,220,220,100.0
a n o ʧ e s ˈe ɾ,V;IND;PRS;3;PL,220,220,100.0
a n o ʧ e s ˈe ɾ,V;IND;PRS;3;SG,220,220,100.0
a n o ʧ e s ˈe ɾ,V;SBJV;PRS;1;PL,220,220,100.0
a n o ʧ e s ˈe ɾ,V;SBJV;PRS;1;SG,215,220,97.73
a n o ʧ e s ˈe ɾ,V;SBJV;PRS;2;PL,219,220,99.55
a n o ʧ e s ˈe ɾ,V;SBJV;PRS;2;SG,219,220,99.55
a n o ʧ e s ˈe ɾ,V;SBJV;PRS;3;PL,218,220,99.09
a n o ʧ e s ˈe ɾ,V;SBJV;PRS;3;SG,215,220,97.73
a n t e d e s ˈi ɾ,V;IND;PRS;1;PL,477,660,72.27
a n t e d e s ˈi ɾ,V;IND;PRS;1;SG,500,660,75.76
a n t e d e s ˈi ɾ,V;IND;PRS;2;PL,468,660,70.91
a n t e d e s ˈi ɾ,V;IND;PRS;2;SG,548,660,83.03
a n t e d e s ˈi ɾ,V;IND;PRS;3;PL,551,660,83.48
a n t e d e s ˈi ɾ,V;IND;PRS;3;SG,541,660,81.97
a n t e d e s ˈi ɾ,V;SBJV;PRS;1;PL,500,660,75.76
a n t e d e s ˈi ɾ,V;SBJV;PRS;1;SG,500,660,75.76
a n t e d e s ˈi ɾ,V;SBJV;PRS;2;PL,465,660,70.45
a n t e d e s ˈi ɾ,V;SBJV;PRS;2;SG,500,660,75.76
a n t e d e s ˈi ɾ,V;SBJV;PRS;3;PL,500,660,75.76
a n t e d e s ˈi ɾ,V;SBJV;PRS;3;SG,500,660,75.76
a p a ɾ e s ˈe ɾ,V;IND;PRS;1;PL,440,440,100.0
a p a ɾ e s ˈe ɾ,V;IND;PRS;1;SG,430,440,97.73
a p a ɾ e s ˈe ɾ,V;IND;PRS;2;PL,440,440,100.0
a p a ɾ e s ˈe ɾ,V;IND;PRS;2;SG,440,440,100.0
a p a ɾ e s ˈe ɾ,V;IND;PRS;3;PL,440,440,100.0
a p a ɾ e s ˈe ɾ,V;IND;PRS;3;SG,440,440,100.0
a p a ɾ e s ˈe ɾ,V;SBJV;PRS;1;PL,437,440,99.32
a p a ɾ e s ˈe ɾ,V;SBJV;PRS;1;SG,432,440,98.18
a p a ɾ e s ˈe ɾ,V;SBJV;PRS;2;PL,440,440,100.0
a p a ɾ e s ˈe ɾ,V;SBJV;PRS;2;SG,436,440,99.09
a p a ɾ e s ˈe ɾ,V;SBJV;PRS;3;PL,437,440,99.32
a p a ɾ e s ˈe ɾ,V;SBJV;PRS;3;SG,434,440,98.64
a p e t e s ˈe ɾ,V;IND;PRS;1;PL,220,220,100.0
a p e t e s ˈe ɾ,V;IND;PRS;1;SG,209,220,95.0
a p e t e s ˈe ɾ,V;IND;PRS;2;PL,220,220,100.0
a p e t e s ˈe ɾ,V;IND;PRS;2;SG,218,220,99.09
a p e t e s ˈe ɾ,V;IND;PRS;3;PL,217,220,98.64
a p e t e s ˈe ɾ,V;IND;PRS;3;SG,209,220,95.0
a p e t e s ˈe ɾ,V;SBJV;PRS;1;PL,209,220,95.0
a p e t e s ˈe ɾ,V;SBJV;PRS;1;SG,205,220,93.18
a p e t e s ˈe ɾ,V;SBJV;PRS;2;PL,201,220,91.36
a p e t e s ˈe ɾ,V;SBJV;PRS;2;SG,208,220,94.55
a p e t e s ˈe ɾ,V;SBJV;PRS;3;PL,208,220,94.55
a p e t e s ˈe ɾ,V;SBJV;PRS;3;SG,205,220,93.18
a p o n ˈe ɾ,V;IND;PRS;1;PL,220,220,100.0
a p o n ˈe ɾ,V;IND;PRS;1;SG,220,220,100.0
a p o n ˈe ɾ,V;IND;PRS;2;PL,220,220,100.0
a p o n ˈe ɾ,V;IND;PRS;2;SG,220,220,100.0
a p o n ˈe ɾ,V;IND;PRS;3;PL,220,220,100.0
a p o n ˈe ɾ,V;IND;PRS;3;SG,220,220,100.0
a p o n ˈe ɾ,V;SBJV;PRS;1;PL,220,220,100.0
a p o n ˈe ɾ,V;SBJV;PRS;1;SG,219,220,99.55
a p o n ˈe ɾ,V;SBJV;PRS;2;PL,220,220,100.0
a p o n ˈe ɾ,V;SBJV;PRS;2;SG,218,220,99.09
a p o n ˈe ɾ,V;SBJV;PRS;3;PL,220,220,100.0
a p o n ˈe ɾ,V;SBJV;PRS;3;SG,219,220,99.55
a r e s ˈi ɾ,V;IND;PRS;1;PL,217,220,98.64
a r e s ˈi ɾ,V;IND;PRS;1;SG,217,220,98.64
a r e s ˈi ɾ,V;IND;PRS;2;PL,218,220,99.09
a r e s ˈi ɾ,V;IND;PRS;2;SG,219,220,99.55
a r e s ˈi ɾ,V;IND;PRS;3;PL,220,220,100.0
a r e s ˈi ɾ,V;IND;PRS;3;SG,219,220,99.55
a r e s ˈi ɾ,V;SBJV;PRS;1;PL,216,220,98.18
a r e s ˈi ɾ,V;SBJV;PRS;1;SG,211,220,95.91
a r e s ˈi ɾ,V;SBJV;PRS;2;PL,215,220,97.73
a r e s ˈi ɾ,V;SBJV;PRS;2;SG,210,220,95.45
a r e s ˈi ɾ,V;SBJV;PRS;3;PL,214,220,97.27
a r e s ˈi ɾ,V;SBJV;PRS;3;SG,210,220,95.45
a s t ɾ i n ç ˈi ɾ,V;IND;PRS;1;PL,440,440,100.0
a s t ɾ i n ç ˈi ɾ,V;IND;PRS;1;SG,434,440,98.64
a s t ɾ i n ç ˈi ɾ,V;IND;PRS;2;PL,440,440,100.0
a s t ɾ i n ç ˈi ɾ,V;IND;PRS;2;SG,440,440,100.0
a s t ɾ i n ç ˈi ɾ,V;IND;PRS;3;PL,438,440,99.55
a s t ɾ i n ç ˈi ɾ,V;IND;PRS;3;SG,438,440,99.55
a s t ɾ i n ç ˈi ɾ,V;SBJV;PRS;1;PL,440,440,100.0
a s t ɾ i n ç ˈi ɾ,V;SBJV;PRS;1;SG,440,440,100.0
a s t ɾ i n ç ˈi ɾ,V;SBJV;PRS;2;PL,440,440,100.0
a s t ɾ i n ç ˈi ɾ,V;SBJV;PRS;2;SG,440,440,100.0
a s t ɾ i n ç ˈi ɾ,V;SBJV;PRS;3;PL,440,440,100.0
a s t ɾ i n ç ˈi ɾ,V;SBJV;PRS;3;SG,440,440,100.0
a t a ɾ d e s ˈe ɾ,V;IND;PRS;1;PL,330,440,75.0
a t a ɾ d e s ˈe ɾ,V;IND;PRS;1;SG,330,440,75.0
a t a ɾ d e s ˈe ɾ,V;IND;PRS;2;PL,330,440,75.0
a t a ɾ d e s ˈe ɾ,V;IND;PRS;2;SG,330,440,75.0
a t a ɾ d e s ˈe ɾ,V;IND;PRS;3;PL,330,440,75.0
a t a ɾ d e s ˈe ɾ,V;IND;PRS;3;SG,330,440,75.0
a t a ɾ d e s ˈe ɾ,V;SBJV;PRS;1;PL,330,440,75.0
a t a ɾ d e s ˈe ɾ,V;SBJV;PRS;1;SG,330,440,75.0
a t a ɾ d e s ˈe ɾ,V;SBJV;PRS;2;PL,330,440,75.0
a t a ɾ d e s ˈe ɾ,V;SBJV;PRS;2;SG,330,440,75.0
a t a ɾ d e s ˈe ɾ,V;SBJV;PRS;3;PL,330,440,75.0
a t a ɾ d e s ˈe ɾ,V;SBJV;PRS;3;SG,330,440,75.0
a t e n ˈe ɾ,V;IND;PRS;1;PL,220,220,100.0
a t e n ˈe ɾ,V;IND;PRS;1;SG,220,220,100.0
a t e n ˈe ɾ,V;IND;PRS;2;PL,220,220,100.0
a t e n ˈe ɾ,V;IND;PRS;2;SG,220,220,100.0
a t e n ˈe ɾ,V;IND;PRS;3;PL,220,220,100.0
a t e n ˈe ɾ,V;IND;PRS;3;SG,220,220,100.0
a t e n ˈe ɾ,V;SBJV;PRS;1;PL,220,220,100.0
a t e n ˈe ɾ,V;SBJV;PRS;1;SG,220,220,100.0
a t e n ˈe ɾ,V;SBJV;PRS;2;PL,220,220,100.0
a t e n ˈe ɾ,V;SBJV;PRS;2;SG,220,220,100.0
a t e n ˈe ɾ,V;SBJV;PRS;3;PL,220,220,100.0
a t e n ˈe ɾ,V;SBJV;PRS;3;SG,220,220,100.0
a t ɾ a ˈe ɾ,V;IND;PRS;1;PL,220,220,100.0
a t ɾ a ˈe ɾ,V;IND;PRS;1;SG,220,220,100.0
a t ɾ a ˈe ɾ,V;IND;PRS;2;PL,220,220,100.0
a t ɾ a ˈe ɾ,V;IND;PRS;2;SG,220,220,100.0
a t ɾ a ˈe ɾ,V;IND;PRS;3;PL,220,220,100.0
a t ɾ a ˈe ɾ,V;IND;PRS;3;SG,219,220,99.55
a t ɾ a ˈe ɾ,V;SBJV;PRS;1;PL,211,220,95.91
a t ɾ a ˈe ɾ,V;SBJV;PRS;1;SG,220,220,100.0
a t ɾ a ˈe ɾ,V;SBJV;PRS;2;PL,210,220,95.45
a t ɾ a ˈe ɾ,V;SBJV;PRS;2;SG,220,220,100.0
a t ɾ a ˈe ɾ,V;SBJV;PRS;3;PL,220,220,100.0
a t ɾ a ˈe ɾ,V;SBJV;PRS;3;SG,220,220,100.0
b a l b u s ˈi ɾ,V;IND;PRS;1;PL,220,220,100.0
b a l b u s ˈi ɾ,V;IND;PRS;1;SG,218,220,99.09
b a l b u s ˈi ɾ,V;IND;PRS;2;PL,220,220,100.0
b a l b u s ˈi ɾ,V;IND;PRS;2;SG,220,220,100.0
b a l b u s ˈi ɾ,V;IND;PRS;3;PL,220,220,100.0
b a l b u s ˈi ɾ,V;IND;PRS;3;SG,220,220,100.0
b a l b u s ˈi ɾ,V;SBJV;PRS;1;PL,211,220,95.91
b a l b u s ˈi ɾ,V;SBJV;PRS;1;SG,213,220,96.82
b a l b u s ˈi ɾ,V;SBJV;PRS;2;PL,215,220,97.73
b a l b u s ˈi ɾ,V;SBJV;PRS;2;SG,213,220,96.82
b a l b u s ˈi ɾ,V;SBJV;PRS;3;PL,211,220,95.91
b a l b u s ˈi ɾ,V;SBJV;PRS;3;SG,213,220,96.82
b a l ˈe ɾ,V;IND;PRS;1;PL,209,220,95.0
b a l ˈe ɾ,V;IND;PRS;1;SG,219,220,99.55
b a l ˈe ɾ,V;IND;PRS;2;PL,200,220,90.91
b a l ˈe ɾ,V;IND;PRS;2;SG,184,220,83.64
b a l ˈe ɾ,V;IND;PRS;3;PL,186,220,84.55
b a l ˈe ɾ,V;IND;PRS;3;SG,183,220,83.18
b a l ˈe ɾ,V;SBJV;PRS;1;PL,219,220,99.55
b a l ˈe ɾ,V;SBJV;PRS;1;SG,218,220,99.09
b a l ˈe ɾ,V;SBJV;PRS;2;PL,218,220,99.09
b a l ˈe ɾ,V;SBJV;PRS;2;SG,219,220,99.55
b a l ˈe ɾ,V;SBJV;PRS;3;PL,219,220,99.55
b a l ˈe ɾ,V;SBJV;PRS;3;SG,217,220,98.64
b e n d e s ˈi ɾ,V;IND;PRS;1;PL,40,220,18.18
b e n d e s ˈi ɾ,V;IND;PRS;1;SG,60,220,27.27
b e n d e s ˈi ɾ,V;IND;PRS;2;PL,38,220,17.27
b e n d e s ˈi ɾ,V;IND;PRS;2;SG,61,220,27.73
b e n d e s ˈi ɾ,V;IND;PRS;3;PL,63,220,28.64
b e n d e s ˈi ɾ,V;IND;PRS;3;SG,62,220,28.18
b e n d e s ˈi ɾ,V;SBJV;PRS;1;PL,60,220,27.27
b e n d e s ˈi ɾ,V;SBJV;PRS;1;SG,60,220,27.27
b e n d e s ˈi ɾ,V;SBJV;PRS;2;PL,0,220,0.0
b e n d e s ˈi ɾ,V;SBJV;PRS;2;SG,60,220,27.27
b e n d e s ˈi ɾ,V;SBJV;PRS;3;PL,60,220,27.27
b e n d e s ˈi ɾ,V;SBJV;PRS;3;SG,60,220,27.27
d e b e n ˈi ɾ,V;IND;PRS;1;PL,513,660,77.73
d e b e n ˈi ɾ,V;IND;PRS;1;SG,648,660,98.18
d e b e n ˈi ɾ,V;IND;PRS;2;PL,517,660,78.33
d e b e n ˈi ɾ,V;IND;PRS;2;SG,441,660,66.82
d e b e n ˈi ɾ,V;IND;PRS;3;PL,441,660,66.82
d e b e n ˈi ɾ,V;IND;PRS;3;SG,442,660,66.97
d e b e n ˈi ɾ,V;SBJV;PRS;1;PL,645,660,97.73
d e b e n ˈi ɾ,V;SBJV;PRS;1;SG,652,660,98.79
d e b e n ˈi ɾ,V;SBJV;PRS;2;PL,586,660,88.79
d e b e n ˈi ɾ,V;SBJV;PRS;2;SG,653,660,98.94
d e b e n ˈi ɾ,V;SBJV;PRS;3;PL,653,660,98.94
d e b e n ˈi ɾ,V;SBJV;PRS;3;SG,652,660,98.79
d e d u s ˈi ɾ,V;IND;PRS;1;PL,880,880,100.0
d e d u s ˈi ɾ,V;IND;PRS;1;SG,823,880,93.52
d e d u s ˈi ɾ,V;IND;PRS;2;PL,880,880,100.0
d e d u s ˈi ɾ,V;IND;PRS;2;SG,880,880,100.0
d e d u s ˈi ɾ,V;IND;PRS;3;PL,880,880,100.0
d e d u s ˈi ɾ,V;IND;PRS;3;SG,880,880,100.0
d e d u s ˈi ɾ,V;SBJV;PRS;1;PL,871,880,98.98
d e d u s ˈi ɾ,V;SBJV;PRS;1;SG,826,880,93.86
d e d u s ˈi ɾ,V;SBJV;PRS;2;PL,868,880,98.64
d e d u s ˈi ɾ,V;SBJV;PRS;2;SG,824,880,93.64
d e d u s ˈi ɾ,V;SBJV;PRS;3;PL,828,880,94.09
d e d u s ˈi ɾ,V;SBJV;PRS;3;SG,823,880,93.52
d e p o n ˈe ɾ,V;IND;PRS;1;PL,220,220,100.0
d e p o n ˈe ɾ,V;IND;PRS;1;SG,220,220,100.0
d e p o n ˈe ɾ,V;IND;PRS;2;PL,220,220,100.0
d e p o n ˈe ɾ,V;IND;PRS;2;SG,220,220,100.0
d e p o n ˈe ɾ,V;IND;PRS;3;PL,220,220,100.0
d e p o n ˈe ɾ,V;IND;PRS;3;SG,220,220,100.0
d e p o n ˈe ɾ,V;SBJV;PRS;1;PL,220,220,100.0
d e p o n ˈe ɾ,V;SBJV;PRS;1;SG,220,220,100.0
d e p o n ˈe ɾ,V;SBJV;PRS;2;PL,220,220,100.0
d e p o n ˈe ɾ,V;SBJV;PRS;2;SG,220,220,100.0
d e p o n ˈe ɾ,V;SBJV;PRS;3;PL,220,220,100.0
d e p o n ˈe ɾ,V;SBJV;PRS;3;SG,220,220,100.0
d e s a p a ɾ e s ˈe ɾ,V;IND;PRS;1;PL,385,440,87.5
d e s a p a ɾ e s ˈe ɾ,V;IND;PRS;1;SG,382,440,86.82
d e s a p a ɾ e s ˈe ɾ,V;IND;PRS;2;PL,385,440,87.5
d e s a p a ɾ e s ˈe ɾ,V;IND;PRS;2;SG,384,440,87.27
d e s a p a ɾ e s ˈe ɾ,V;IND;PRS;3;PL,379,440,86.14
d e s a p a ɾ e s ˈe ɾ,V;IND;PRS;3;SG,385,440,87.5
d e s a p a ɾ e s ˈe ɾ,V;SBJV;PRS;1;PL,385,440,87.5
d e s a p a ɾ e s ˈe ɾ,V;SBJV;PRS;1;SG,381,440,86.59
d e s a p a ɾ e s ˈe ɾ,V;SBJV;PRS;2;PL,385,440,87.5
d e s a p a ɾ e s ˈe ɾ,V;SBJV;PRS;2;SG,381,440,86.59
d e s a p a ɾ e s ˈe ɾ,V;SBJV;PRS;3;PL,377,440,85.68
d e s a p a ɾ e s ˈe ɾ,V;SBJV;PRS;3;SG,380,440,86.36
d e s a s ˈe ɾ,V;IND;PRS;1;PL,260,440,59.09
d e s a s ˈe ɾ,V;IND;PRS;1;SG,101,440,22.95
d e s a s ˈe ɾ,V;IND;PRS;2;PL,704,880,80.0
d e s a s ˈe ɾ,V;IND;PRS;2;SG,721,880,81.93
d e s a s ˈe ɾ,V;IND;PRS;3;PL,714,880,81.14
d e s a s ˈe ɾ,V;IND;PRS;3;SG,714,880,81.14
d e s a s ˈe ɾ,V;SBJV;PRS;1;PL,89,440,20.23
d e s a s ˈe ɾ,V;SBJV;PRS;1;SG,103,440,23.41
d e s a s ˈe ɾ,V;SBJV;PRS;2;PL,19,440,4.32
d e s a s ˈe ɾ,V;SBJV;PRS;2;SG,102,440,23.18
d e s a s ˈe ɾ,V;SBJV;PRS;3;PL,99,440,22.5
d e s a s ˈe ɾ,V;SBJV;PRS;3;SG,103,440,23.41
d e s a s ˈi ɾ,V;IND;PRS;1;PL,440,440,100.0
d e s a s ˈi ɾ,V;IND;PRS;1;SG,210,440,47.73
d e s a s ˈi ɾ,V;SBJV;PRS;1;PL,219,440,49.77
d e s a s ˈi ɾ,V;SBJV;PRS;1;SG,220,440,50.0
d e s a s ˈi ɾ,V;SBJV;PRS;2;PL,212,440,48.18
d e s a s ˈi ɾ,V;SBJV;PRS;2;SG,220,440,50.0
d e s a s ˈi ɾ,V;SBJV;PRS;3;PL,218,440,49.55
d e s a s ˈi ɾ,V;SBJV;PRS;3;SG,220,440,50.0
d e s a ɡ ɾ a d e s ˈe ɾ,V;IND;PRS;1;PL,385,440,87.5
d e s a ɡ ɾ a d e s ˈe ɾ,V;IND;PRS;1;SG,372,440,84.55
d e s a ɡ ɾ a d e s ˈe ɾ,V;IND;PRS;2;PL,381,440,86.59
d e s a ɡ ɾ a d e s ˈe ɾ,V;IND;PRS;2;SG,385,440,87.5
d e s a ɡ ɾ a d e s ˈe ɾ,V;IND;PRS;3;PL,385,440,87.5
d e s a ɡ ɾ a d e s ˈe ɾ,V;IND;PRS;3;SG,385,440,87.5
d e s a ɡ ɾ a d e s ˈe ɾ,V;SBJV;PRS;1;PL,385,440,87.5
d e s a ɡ ɾ a d e s ˈe ɾ,V;SBJV;PRS;1;SG,385,440,87.5
d e s a ɡ ɾ a d e s ˈe ɾ,V;SBJV;PRS;2;PL,385,440,87.5
d e s a ɡ ɾ a d e s ˈe ɾ,V;SBJV;PRS;2;SG,385,440,87.5
d e s a ɡ ɾ a d e s ˈe ɾ,V;SBJV;PRS;3;PL,385,440,87.5
d e s a ɡ ɾ a d e s ˈe ɾ,V;SBJV;PRS;3;SG,385,440,87.5
d e s b a n e s ˈe ɾ,V;IND;PRS;1;PL,660,660,100.0
d e s b a n e s ˈe ɾ,V;IND;PRS;1;SG,660,660,100.0
d e s b a n e s ˈe ɾ,V;IND;PRS;2;PL,660,660,100.0
d e s b a n e s ˈe ɾ,V;IND;PRS;2;SG,660,660,100.0
d e s b a n e s ˈe ɾ,V;IND;PRS;3;PL,660,660,100.0
d e s b a n e s ˈe ɾ,V;IND;PRS;3;SG,660,660,100.0
d e s b a n e s ˈe ɾ,V;SBJV;PRS;1;PL,660,660,100.0
d e s b a n e s ˈe ɾ,V;SBJV;PRS;1;SG,660,660,100.0
d e s b a n e s ˈe ɾ,V;SBJV;PRS;2;PL,660,660,100.0
d e s b a n e s ˈe ɾ,V;SBJV;PRS;2;SG,660,660,100.0
d e s b a n e s ˈe ɾ,V;SBJV;PRS;3;PL,660,660,100.0
d e s b a n e s ˈe ɾ,V;SBJV;PRS;3;SG,660,660,100.0
d e s f a b o ɾ e s ˈe ɾ,V;IND;PRS;1;PL,110,220,50.0
d e s f a b o ɾ e s ˈe ɾ,V;IND;PRS;1;SG,103,220,46.82
d e s f a b o ɾ e s ˈe ɾ,V;IND;PRS;2;PL,110,220,50.0
d e s f a b o ɾ e s ˈe ɾ,V;IND;PRS;2;SG,104,220,47.27
d e s f a b o ɾ e s ˈe ɾ,V;IND;PRS;3;PL,104,220,47.27
d e s f a b o ɾ e s ˈe ɾ,V;IND;PRS;3;SG,104,220,47.27
d e s f a b o ɾ e s ˈe ɾ,V;SBJV;PRS;1;PL,110,220,50.0
d e s f a b o ɾ e s ˈe ɾ,V;SBJV;PRS;1;SG,103,220,46.82
d e s f a b o ɾ e s ˈe ɾ,V;SBJV;PRS;2;PL,108,220,49.09
d e s f a b o ɾ e s ˈe ɾ,V;SBJV;PRS;2;SG,104,220,47.27
d e s f a b o ɾ e s ˈe ɾ,V;SBJV;PRS;3;PL,106,220,48.18
d e s f a b o ɾ e s ˈe ɾ,V;SBJV;PRS;3;SG,102,220,46.36
d e s k o m p o n ˈe ɾ,V;IND;PRS;1;PL,440,440,100.0
d e s k o m p o n ˈe ɾ,V;IND;PRS;1;SG,430,440,97.73
d e s k o m p o n ˈe ɾ,V;IND;PRS;2;PL,440,440,100.0
d e s k o m p o n ˈe ɾ,V;IND;PRS;2;SG,440,440,100.0
d e s k o m p o n ˈe ɾ,V;IND;PRS;3;PL,440,440,100.0
d e s k o m p o n ˈe ɾ,V;IND;PRS;3;SG,440,440,100.0
d e s k o m p o n ˈe ɾ,V;SBJV;PRS;1;PL,440,440,100.0
d e s k o m p o n ˈe ɾ,V;SBJV;PRS;1;SG,435,440,98.86
d e s k o m p o n ˈe ɾ,V;SBJV;PRS;2;PL,440,440,100.0
d e s k o m p o n ˈe ɾ,V;SBJV;PRS;2;SG,435,440,98.86
d e s k o m p o n ˈe ɾ,V;SBJV;PRS;3;PL,432,440,98.18
d e s k o m p o n ˈe ɾ,V;SBJV;PRS;3;SG,435,440,98.86
d e s k o s ˈe ɾ,V;IND;PRS;1;PL,220,220,100.0
d e s k o s ˈe ɾ,V;IND;PRS;2;PL,220,220,100.0
d e s k o s ˈe ɾ,V;SBJV;PRS;1;PL,220,220,100.0
d e s k o s ˈe ɾ,V;SBJV;PRS;2;PL,220,220,100.0
d e s k o s ˈe ɾ,V;SBJV;PRS;3;PL,220,220,100.0
d e s l u s ˈi ɾ,V;IND;PRS;1;PL,199,220,90.45
d e s l u s ˈi ɾ,V;IND;PRS;1;SG,210,220,95.45
d e s l u s ˈi ɾ,V;IND;PRS;2;PL,192,220,87.27
d e s l u s ˈi ɾ,V;IND;PRS;2;SG,195,220,88.64
d e s l u s ˈi ɾ,V;IND;PRS;3;PL,194,220,88.18
d e s l u s ˈi ɾ,V;IND;PRS;3;SG,193,220,87.73
d e s l u s ˈi ɾ,V;SBJV;PRS;1;PL,213,220,96.82
d e s l u s ˈi ɾ,V;SBJV;PRS;1;SG,196,220,89.09
d e s l u s ˈi ɾ,V;SBJV;PRS;2;PL,217,220,98.64
d e s l u s ˈi ɾ,V;SBJV;PRS;2;SG,196,220,89.09
d e s l u s ˈi ɾ,V;SBJV;PRS;3;PL,194,220,88.18
d e s l u s ˈi ɾ,V;SBJV;PRS;3;SG,196,220,89.09
d e s o b e d e s ˈe ɾ,V;IND;PRS;1;PL,384,440,87.27
d e s o b e d e s ˈe ɾ,V;IND;PRS;1;SG,385,440,87.5
d e s o b e d e s ˈe ɾ,V;IND;PRS;2;PL,384,440,87.27
d e s o b e d e s ˈe ɾ,V;IND;PRS;2;SG,384,440,87.27
d e s o b e d e s ˈe ɾ,V;IND;PRS;3;PL,385,440,87.5
d e s o b e d e s ˈe ɾ,V;IND;PRS;3;SG,384,440,87.27
d e s o b e d e s ˈe ɾ,V;SBJV;PRS;1;PL,385,440,87.5
d e s o b e d e s ˈe ɾ,V;SBJV;PRS;1;SG,385,440,87.5
d e s o b e d e s ˈe ɾ,V;SBJV;PRS;2;PL,385,440,87.5
d e s o b e d e s ˈe ɾ,V;SBJV;PRS;2;SG,385,440,87.5
d e s o b e d e s ˈe ɾ,V;SBJV;PRS;3;PL,385,440,87.5
d e s o b e d e s ˈe ɾ,V;SBJV;PRS;3;SG,385,440,87.5
d e s p a ɾ e s ˈe ɾ,V;IND;PRS;1;PL,880,880,100.0
d e s p a ɾ e s ˈe ɾ,V;IND;PRS;1;SG,880,880,100.0
d e s p a ɾ e s ˈe ɾ,V;IND;PRS;2;PL,880,880,100.0
d e s p a ɾ e s ˈe ɾ,V;IND;PRS;2;SG,880,880,100.0
d e s p a ɾ e s ˈe ɾ,V;IND;PRS;3;PL,880,880,100.0
d e s p a ɾ e s ˈe ɾ,V;IND;PRS;3;SG,880,880,100.0
d e s p a ɾ e s ˈe ɾ,V;SBJV;PRS;1;PL,880,880,100.0
d e s p a ɾ e s ˈe ɾ,V;SBJV;PRS;1;SG,880,880,100.0
d e s p a ɾ e s ˈe ɾ,V;SBJV;PRS;2;PL,880,880,100.0
d e s p a ɾ e s ˈe ɾ,V;SBJV;PRS;2;SG,880,880,100.0
d e s p a ɾ e s ˈe ɾ,V;SBJV;PRS;3;PL,880,880,100.0
d e s p a ɾ e s ˈe ɾ,V;SBJV;PRS;3;SG,880,880,100.0
d e s t o ɾ s ˈe ɾ,V;IND;PRS;1;PL,380,440,86.36
d e s t o ɾ s ˈe ɾ,V;IND;PRS;1;SG,350,440,79.55
d e s t o ɾ s ˈe ɾ,V;IND;PRS;2;PL,373,440,84.77
d e s t o ɾ s ˈe ɾ,V;IND;PRS;2;SG,373,440,84.77
d e s t o ɾ s ˈe ɾ,V;IND;PRS;3;PL,375,440,85.23
d e s t o ɾ s ˈe ɾ,V;IND;PRS;3;SG,366,440,83.18
d e s t o ɾ s ˈe ɾ,V;SBJV;PRS;1;PL,369,440,83.86
d e s t o ɾ s ˈe ɾ,V;SBJV;PRS;1;SG,358,440,81.36
d e s t o ɾ s ˈe ɾ,V;SBJV;PRS;2;PL,368,440,83.64
d e s t o ɾ s ˈe ɾ,V;SBJV;PRS;2;SG,357,440,81.14
d e s t o ɾ s ˈe ɾ,V;SBJV;PRS;3;PL,360,440,81.82
d e s t o ɾ s ˈe ɾ,V;SBJV;PRS;3;SG,356,440,80.91
d e t ɾ a ˈe ɾ,V;IND;PRS;1;PL,440,440,100.0
d e t ɾ a ˈe ɾ,V;IND;PRS;1;SG,440,440,100.0
d e t ɾ a ˈe ɾ,V;IND;PRS;2;PL,440,440,100.0
d e t ɾ a ˈe ɾ,V;IND;PRS;2;SG,440,440,100.0
d e t ɾ a ˈe ɾ,V;IND;PRS;3;PL,440,440,100.0
d e t ɾ a ˈe ɾ,V;IND;PRS;3;SG,440,440,100.0
d e t ɾ a ˈe ɾ,V;SBJV;PRS;1;PL,440,440,100.0
d e t ɾ a ˈe ɾ,V;SBJV;PRS;1;SG,440,440,100.0
d e t ɾ a ˈe ɾ,V;SBJV;PRS;2;PL,440,440,100.0
d e t ɾ a ˈe ɾ,V;SBJV;PRS;2;SG,440,440,100.0
d e t ɾ a ˈe ɾ,V;SBJV;PRS;3;PL,440,440,100.0
d e t ɾ a ˈe ɾ,V;SBJV;PRS;3;SG,440,440,100.0
d e ɾ e l i n k ˈi ɾ,V;IND;PRS;1;PL,220,220,100.0
d e ɾ e l i n k ˈi ɾ,V;IND;PRS;1;SG,220,220,100.0
d e ɾ e l i n k ˈi ɾ,V;IND;PRS;2;PL,220,220,100.0
d e ɾ e l i n k ˈi ɾ,V;IND;PRS;2;SG,220,220,100.0
d e ɾ e l i n k ˈi ɾ,V;IND;PRS;3;PL,220,220,100.0
d e ɾ e l i n k ˈi ɾ,V;IND;PRS;3;SG,220,220,100.0
d e ɾ e l i n k ˈi ɾ,V;SBJV;PRS;1;PL,220,220,100.0
d e ɾ e l i n k ˈi ɾ,V;SBJV;PRS;1;SG,220,220,100.0
d e ɾ e l i n k ˈi ɾ,V;SBJV;PRS;2;PL,220,220,100.0
d e ɾ e l i n k ˈi ɾ,V;SBJV;PRS;2;SG,220,220,100.0
d e ɾ e l i n k ˈi ɾ,V;SBJV;PRS;3;PL,220,220,100.0
d e ɾ e l i n k ˈi ɾ,V;SBJV;PRS;3;SG,220,220,100.0
d i b e ɾ ç ˈi ɾ,V;IND;PRS;1;PL,219,220,99.55
d i b e ɾ ç ˈi ɾ,V;IND;PRS;1;SG,220,220,100.0
d i b e ɾ ç ˈi ɾ,V;IND;PRS;2;PL,217,220,98.64
d i b e ɾ ç ˈi ɾ,V;IND;PRS;2;SG,219,220,99.55
d i b e ɾ ç ˈi ɾ,V;IND;PRS;3;PL,218,220,99.09
d i b e ɾ ç ˈi ɾ,V;IND;PRS;3;SG,218,220,99.09
d i b e ɾ ç ˈi ɾ,V;SBJV;PRS;1;PL,220,220,100.0
d i b e ɾ ç ˈi ɾ,V;SBJV;PRS;1;SG,220,220,100.0
d i b e ɾ ç ˈi ɾ,V;SBJV;PRS;2;PL,220,220,100.0
d i b e ɾ ç ˈi ɾ,V;SBJV;PRS;2;SG,220,220,100.0
d i b e ɾ ç ˈi ɾ,V;SBJV;PRS;3;PL,220,220,100.0
d i b e ɾ ç ˈi ɾ,V;SBJV;PRS;3;SG,220,220,100.0
d i s t ɾ a ˈe ɾ,V;IND;PRS;1;PL,216,220,98.18
d i s t ɾ a ˈe ɾ,V;IND;PRS;1;SG,219,220,99.55
d i s t ɾ a ˈe ɾ,V;IND;PRS;2;PL,213,220,96.82
d i s t ɾ a ˈe ɾ,V;IND;PRS;2;SG,220,220,100.0
d i s t ɾ a ˈe ɾ,V;IND;PRS;3;PL,220,220,100.0
d i s t ɾ a ˈe ɾ,V;IND;PRS;3;SG,219,220,99.55
d i s t ɾ a ˈe ɾ,V;SBJV;PRS;1;PL,211,220,95.91
d i s t ɾ a ˈe ɾ,V;SBJV;PRS;1;SG,219,220,99.55
d i s t ɾ a ˈe ɾ,V;SBJV;PRS;2;PL,218,220,99.09
d i s t ɾ a ˈe ɾ,V;SBJV;PRS;2;SG,220,220,100.0
d i s t ɾ a ˈe ɾ,V;SBJV;PRS;3;PL,218,220,99.09
d i s t ɾ a ˈe ɾ,V;SBJV;PRS;3;SG,216,220,98.18
d i ɾ i ç ˈi ɾ,V;IND;PRS;1;PL,220,220,100.0
d i ɾ i ç ˈi ɾ,V;IND;PRS;1;SG,220,220,100.0
d i ɾ i ç ˈi ɾ,V;IND;PRS;2;PL,220,220,100.0
d i ɾ i ç ˈi ɾ,V;IND;PRS;2;SG,220,220,100.0
d i ɾ i ç ˈi ɾ,V;IND;PRS;3;PL,220,220,100.0
d i ɾ i ç ˈi ɾ,V;IND;PRS;3;SG,220,220,100.0
d i ɾ i ç ˈi ɾ,V;SBJV;PRS;1;PL,220,220,100.0
d i ɾ i ç ˈi ɾ,V;SBJV;PRS;1;SG,220,220,100.0
d i ɾ i ç ˈi ɾ,V;SBJV;PRS;2;PL,220,220,100.0
d i ɾ i ç ˈi ɾ,V;SBJV;PRS;2;SG,220,220,100.0
d i ɾ i ç ˈi ɾ,V;SBJV;PRS;3;PL,220,220,100.0
d i ɾ i ç ˈi ɾ,V;SBJV;PRS;3;SG,220,220,100.0
e d u s ˈi ɾ,V;IND;PRS;1;PL,220,220,100.0
e d u s ˈi ɾ,V;IND;PRS;1;SG,220,220,100.0
e d u s ˈi ɾ,V;IND;PRS;2;PL,220,220,100.0
e d u s ˈi ɾ,V;IND;PRS;2;SG,220,220,100.0
e d u s ˈi ɾ,V;IND;PRS;3;PL,220,220,100.0
e d u s ˈi ɾ,V;IND;PRS;3;SG,220,220,100.0
e d u s ˈi ɾ,V;SBJV;PRS;1;PL,220,220,100.0
e d u s ˈi ɾ,V;SBJV;PRS;1;SG,220,220,100.0
e d u s ˈi ɾ,V;SBJV;PRS;2;PL,220,220,100.0
e d u s ˈi ɾ,V;SBJV;PRS;2;SG,220,220,100.0
e d u s ˈi ɾ,V;SBJV;PRS;3;PL,220,220,100.0
e d u s ˈi ɾ,V;SBJV;PRS;3;SG,220,220,100.0
e k i b a l ˈe ɾ,V;IND;PRS;1;PL,579,660,87.73
e k i b a l ˈe ɾ,V;IND;PRS;1;SG,590,660,89.39
e k i b a l ˈe ɾ,V;IND;PRS;2;PL,579,660,87.73
e k i b a l ˈe ɾ,V;IND;PRS;2;SG,579,660,87.73
e k i b a l ˈe ɾ,V;IND;PRS;3;PL,580,660,87.88
e k i b a l ˈe ɾ,V;IND;PRS;3;SG,553,660,83.79
e k i b a l ˈe ɾ,V;SBJV;PRS;1;PL,601,660,91.06
e k i b a l ˈe ɾ,V;SBJV;PRS;1;SG,605,660,91.67
e k i b a l ˈe ɾ,V;SBJV;PRS;2;PL,482,660,73.03
e k i b a l ˈe ɾ,V;SBJV;PRS;2;SG,608,660,92.12
e k i b a l ˈe ɾ,V;SBJV;PRS;3;PL,607,660,91.97
e k i b a l ˈe ɾ,V;SBJV;PRS;3;SG,606,660,91.82
e k s t ɾ a ˈe ɾ,V;IND;PRS;1;PL,440,440,100.0
e k s t ɾ a ˈe ɾ,V;IND;PRS;1;SG,440,440,100.0
e k s t ɾ a ˈe ɾ,V;IND;PRS;2;PL,439,440,99.77
e k s t ɾ a ˈe ɾ,V;IND;PRS;2;SG,434,440,98.64
e k s t ɾ a ˈe ɾ,V;IND;PRS;3;PL,433,440,98.41
e k s t ɾ a ˈe ɾ,V;IND;PRS;3;SG,433,440,98.41
e k s t ɾ a ˈe ɾ,V;SBJV;PRS;1;PL,440,440,100.0
e k s t ɾ a ˈe ɾ,V;SBJV;PRS;1;SG,440,440,100.0
e k s t ɾ a ˈe ɾ,V;SBJV;PRS;2;PL,440,440,100.0
e k s t ɾ a ˈe ɾ,V;SBJV;PRS;2;SG,440,440,100.0
e k s t ɾ a ˈe ɾ,V;SBJV;PRS;3;PL,440,440,100.0
e k s t ɾ a ˈe ɾ,V;SBJV;PRS;3;SG,440,440,100.0
e l i ç ˈi ɾ,V;IND;PRS;1;PL,220,660,33.33
e l i ç ˈi ɾ,V;IND;PRS;1;SG,660,660,100.0
e l i ç ˈi ɾ,V;IND;PRS;2;PL,220,660,33.33
e l i ç ˈi ɾ,V;IND;PRS;2;SG,660,660,100.0
e l i ç ˈi ɾ,V;IND;PRS;3;PL,660,660,100.0
e l i ç ˈi ɾ,V;IND;PRS;3;SG,660,660,100.0
e l i ç ˈi ɾ,V;SBJV;PRS;1;PL,658,660,99.7
e l i ç ˈi ɾ,V;SBJV;PRS;1;SG,660,660,100.0
e l i ç ˈi ɾ,V;SBJV;PRS;2;PL,657,660,99.55
e l i ç ˈi ɾ,V;SBJV;PRS;2;SG,660,660,100.0
e l i ç ˈi ɾ,V;SBJV;PRS;3;PL,660,660,100.0
e l i ç ˈi ɾ,V;SBJV;PRS;3;SG,660,660,100.0
e m b e ʃ e s ˈe ɾ,V;IND;PRS;1;PL,440,440,100.0
e m b e ʃ e s ˈe ɾ,V;IND;PRS;1;SG,440,440,100.0
e m b e ʃ e s ˈe ɾ,V;IND;PRS;2;PL,440,440,100.0
e m b e ʃ e s ˈe ɾ,V;IND;PRS;2;SG,440,440,100.0
e m b e ʃ e s ˈe ɾ,V;IND;PRS;3;PL,440,440,100.0
e m b e ʃ e s ˈe ɾ,V;IND;PRS;3;SG,440,440,100.0
e m b e ʃ e s ˈe ɾ,V;SBJV;PRS;1;PL,440,440,100.0
e m b e ʃ e s ˈe ɾ,V;SBJV;PRS;1;SG,440,440,100.0
e m b e ʃ e s ˈe ɾ,V;SBJV;PRS;2;PL,440,440,100.0
e m b e ʃ e s ˈe ɾ,V;SBJV;PRS;2;SG,440,440,100.0
e m b e ʃ e s ˈe ɾ,V;SBJV;PRS;3;PL,440,440,100.0
e m b e ʃ e s ˈe ɾ,V;SBJV;PRS;3;SG,440,440,100.0
e m e ɾ ç ˈe ɾ,V;IND;PRS;1;PL,220,220,100.0
e m e ɾ ç ˈe ɾ,V;IND;PRS;1;SG,220,220,100.0
e m e ɾ ç ˈe ɾ,V;IND;PRS;2;PL,220,220,100.0
e m e ɾ ç ˈe ɾ,V;IND;PRS;2;SG,220,220,100.0
e m e ɾ ç ˈe ɾ,V;IND;PRS;3;PL,220,220,100.0
e m e ɾ ç ˈe ɾ,V;IND;PRS;3;SG,220,220,100.0
e m e ɾ ç ˈe ɾ,V;SBJV;PRS;1;PL,220,220,100.0
e m e ɾ ç ˈe ɾ,V;SBJV;PRS;1;SG,220,220,100.0
e m e ɾ ç ˈe ɾ,V;SBJV;PRS;2;PL,220,220,100.0
e m e ɾ ç ˈe ɾ,V;SBJV;PRS;2;SG,220,220,100.0
e m e ɾ ç ˈe ɾ,V;SBJV;PRS;3;PL,220,220,100.0
e m e ɾ ç ˈe ɾ,V;SBJV;PRS;3;SG,220,220,100.0
e m p o b ɾ e s ˈe ɾ,V;IND;PRS;1;PL,135,220,61.36
e m p o b ɾ e s ˈe ɾ,V;IND;PRS;1;SG,162,220,73.64
e m p o b ɾ e s ˈe ɾ,V;IND;PRS;2;PL,132,220,60.0
e m p o b ɾ e s ˈe ɾ,V;IND;PRS;2;SG,161,220,73.18
e m p o b ɾ e s ˈe ɾ,V;IND;PRS;3;PL,161,220,73.18
e m p o b ɾ e s ˈe ɾ,V;IND;PRS;3;SG,160,220,72.73
e m p o b ɾ e s ˈe ɾ,V;SBJV;PRS;1;PL,131,220,59.55
e m p o b ɾ e s ˈe ɾ,V;SBJV;PRS;1;SG,162,220,73.64
e m p o b ɾ e s ˈe ɾ,V;SBJV;PRS;2;PL,117,220,53.18
e m p o b ɾ e s ˈe ɾ,V;SBJV;PRS;2;SG,161,220,73.18
e m p o b ɾ e s ˈe ɾ,V;SBJV;PRS;3;PL,162,220,73.64
e m p o b ɾ e s ˈe ɾ,V;SBJV;PRS;3;SG,162,220,73.64
e m p o d ɾ e s ˈe ɾ,V;IND;PRS;1;PL,39,220,17.73
e m p o d ɾ e s ˈe ɾ,V;IND;PRS;1;SG,31,220,14.09
e m p o d ɾ e s ˈe ɾ,V;IND;PRS;2;PL,42,220,19.09
e m p o d ɾ e s ˈe ɾ,V;IND;PRS;2;SG,30,220,13.64
e m p o d ɾ e s ˈe ɾ,V;IND;PRS;3;PL,30,220,13.64
e m p o d ɾ e s ˈe ɾ,V;IND;PRS;3;SG,37,220,16.82
e m p o d ɾ e s ˈe ɾ,V;SBJV;PRS;1;PL,12,220,5.45
e m p o d ɾ e s ˈe ɾ,V;SBJV;PRS;1;SG,31,220,14.09
e m p o d ɾ e s ˈe ɾ,V;SBJV;PRS;2;PL,4,220,1.82
e m p o d ɾ e s ˈe ɾ,V;SBJV;PRS;2;SG,27,220,12.27
e m p o d ɾ e s ˈe ɾ,V;SBJV;PRS;3;PL,21,220,9.55
e m p o d ɾ e s ˈe ɾ,V;SBJV;PRS;3;SG,30,220,13.64
e m u l ç ˈe ɾ,V;IND;PRS;1;PL,220,220,100.0
e m u l ç ˈe ɾ,V;IND;PRS;1;SG,220,220,100.0
e m u l ç ˈe ɾ,V;IND;PRS;2;PL,220,220,100.0
e m u l ç ˈe ɾ,V;IND;PRS;2;SG,220,220,100.0
e m u l ç ˈe ɾ,V;IND;PRS;3;PL,220,220,100.0
e m u l ç ˈe ɾ,V;IND;PRS;3;SG,220,220,100.0
e m u l ç ˈe ɾ,V;SBJV;PRS;1;PL,220,220,100.0
e m u l ç ˈe ɾ,V;SBJV;PRS;1;SG,220,220,100.0
e m u l ç ˈe ɾ,V;SBJV;PRS;2;PL,220,220,100.0
e m u l ç ˈe ɾ,V;SBJV;PRS;2;SG,220,220,100.0
e m u l ç ˈe ɾ,V;SBJV;PRS;3;PL,220,220,100.0
e m u l ç ˈe ɾ,V;SBJV;PRS;3;SG,220,220,100.0
e m u n ç ˈe ɾ,V;IND;PRS;1;PL,403,440,91.59
e m u n ç ˈe ɾ,V;IND;PRS;1;SG,440,440,100.0
e m u n ç ˈe ɾ,V;IND;PRS;2;PL,424,440,96.36
e m u n ç ˈe ɾ,V;IND;PRS;2;SG,439,440,99.77
e m u n ç ˈe ɾ,V;IND;PRS;3;PL,438,440,99.55
e m u n ç ˈe ɾ,V;IND;PRS;3;SG,440,440,100.0
e m u n ç ˈe ɾ,V;SBJV;PRS;1;PL,440,440,100.0
e m u n ç ˈe ɾ,V;SBJV;PRS;1;SG,440,440,100.0
e m u n ç ˈe ɾ,V;SBJV;PRS;2;PL,440,440,100.0
e m u n ç ˈe ɾ,V;SBJV;PRS;2;SG,440,440,100.0
e m u n ç ˈe ɾ,V;SBJV;PRS;3;PL,440,440,100.0
e m u n ç ˈe ɾ,V;SBJV;PRS;3;SG,440,440,100.0
e n a l t e s ˈe ɾ,V;IND;PRS;1;PL,220,220,100.0
e n a l t e s ˈe ɾ,V;IND;PRS;1;SG,220,220,100.0
e n a l t e s ˈe ɾ,V;IND;PRS;2;PL,220,220,100.0
e n a l t e s ˈe ɾ,V;IND;PRS;2;SG,220,220,100.0
e n a l t e s ˈe ɾ,V;IND;PRS;3;PL,220,220,100.0
e n a l t e s ˈe ɾ,V;IND;PRS;3;SG,220,220,100.0
e n a l t e s ˈe ɾ,V;SBJV;PRS;1;PL,207,220,94.09
e n a l t e s ˈe ɾ,V;SBJV;PRS;1;SG,214,220,97.27
e n a l t e s ˈe ɾ,V;SBJV;PRS;2;PL,209,220,95.0
e n a l t e s ˈe ɾ,V;SBJV;PRS;2;SG,214,220,97.27
e n a l t e s ˈe ɾ,V;SBJV;PRS;3;PL,212,220,96.36
e n a l t e s ˈe ɾ,V;SBJV;PRS;3;SG,215,220,97.73
e n a ɾ d e s ˈe ɾ,V;IND;PRS;1;PL,440,440,100.0
e n a ɾ d e s ˈe ɾ,V;IND;PRS;1;SG,440,440,100.0
e n a ɾ d e s ˈe ɾ,V;IND;PRS;2;PL,440,440,100.0
e n a ɾ d e s ˈe ɾ,V;IND;PRS;2;SG,440,440,100.0
e n a ɾ d e s ˈe ɾ,V;IND;PRS;3;PL,440,440,100.0
e n a ɾ d e s ˈe ɾ,V;IND;PRS;3;SG,440,440,100.0
e n a ɾ d e s ˈe ɾ,V;SBJV;PRS;1;PL,440,440,100.0
e n a ɾ d e s ˈe ɾ,V;SBJV;PRS;1;SG,440,440,100.0
e n a ɾ d e s ˈe ɾ,V;SBJV;PRS;2;PL,440,440,100.0
e n a ɾ d e s ˈe ɾ,V;SBJV;PRS;2;SG,440,440,100.0
e n a ɾ d e s ˈe ɾ,V;SBJV;PRS;3;PL,440,440,100.0
e n a ɾ d e s ˈe ɾ,V;SBJV;PRS;3;SG,440,440,100.0
e n b a n e s ˈe ɾ,V;IND;PRS;1;PL,220,220,100.0
e n b a n e s ˈe ɾ,V;IND;PRS;1;SG,220,220,100.0
e n b a n e s ˈe ɾ,V;IND;PRS;2;PL,220,220,100.0
e n b a n e s ˈe ɾ,V;IND;PRS;2;SG,220,220,100.0
e n b a n e s ˈe ɾ,V;IND;PRS;3;PL,220,220,100.0
e n b a n e s ˈe ɾ,V;IND;PRS;3;SG,220,220,100.0
e n b a n e s ˈe ɾ,V;SBJV;PRS;1;PL,220,220,100.0
e n b a n e s ˈe ɾ,V;SBJV;PRS;1;SG,220,220,100.0
e n b a n e s ˈe ɾ,V;SBJV;PRS;2;PL,220,220,100.0
e n b a n e s ˈe ɾ,V;SBJV;PRS;2;SG,220,220,100.0
e n b a n e s ˈe ɾ,V;SBJV;PRS;3;PL,220,220,100.0
e n b a n e s ˈe ɾ,V;SBJV;PRS;3;SG,220,220,100.0
e n b e x e s ˈe ɾ,V;IND;PRS;1;PL,440,440,100.0
e n b e x e s ˈe ɾ,V;IND;PRS;1;SG,430,440,97.73
e n b e x e s ˈe ɾ,V;IND;PRS;2;PL,440,440,100.0
e n b e x e s ˈe ɾ,V;IND;PRS;2;SG,440,440,100.0
e n b e x e s ˈe ɾ,V;IND;PRS;3;PL,440,440,100.0
e n b e x e s ˈe ɾ,V;IND;PRS;3;SG,440,440,100.0
e n b e x e s ˈe ɾ,V;SBJV;PRS;1;PL,430,440,97.73
e n b e x e s ˈe ɾ,V;SBJV;PRS;1;SG,435,440,98.86
e n b e x e s ˈe ɾ,V;SBJV;PRS;2;PL,430,440,97.73
e n b e x e s ˈe ɾ,V;SBJV;PRS;2;SG,434,440,98.64
e n b e x e s ˈe ɾ,V;SBJV;PRS;3;PL,435,440,98.86
e n b e x e s ˈe ɾ,V;SBJV;PRS;3;SG,434,440,98.64
e n b i l e s ˈe ɾ,V;IND;PRS;1;PL,385,440,87.5
e n b i l e s ˈe ɾ,V;IND;PRS;1;SG,385,440,87.5
e n b i l e s ˈe ɾ,V;IND;PRS;2;PL,385,440,87.5
e n b i l e s ˈe ɾ,V;IND;PRS;2;SG,387,440,87.95
e n b i l e s ˈe ɾ,V;IND;PRS;3;PL,387,440,87.95
e n b i l e s ˈe ɾ,V;IND;PRS;3;SG,386,440,87.73
e n b i l e s ˈe ɾ,V;SBJV;PRS;1;PL,385,440,87.5
e n b i l e s ˈe ɾ,V;SBJV;PRS;1;SG,384,440,87.27
e n b i l e s ˈe ɾ,V;SBJV;PRS;2;PL,385,440,87.5
e n b i l e s ˈe ɾ,V;SBJV;PRS;2;SG,385,440,87.5
e n b i l e s ˈe ɾ,V;SBJV;PRS;3;PL,385,440,87.5
e n b i l e s ˈe ɾ,V;SBJV;PRS;3;SG,384,440,87.27
e n f e b ɾ e s ˈe ɾ,V;IND;PRS;1;PL,220,220,100.0
e n f e b ɾ e s ˈe ɾ,V;IND;PRS;1;SG,220,220,100.0
e n f e b ɾ e s ˈe ɾ,V;IND;PRS;2;PL,220,220,100.0
e n f e b ɾ e s ˈe ɾ,V;IND;PRS;2;SG,220,220,100.0
e n f e b ɾ e s ˈe ɾ,V;IND;PRS;3;PL,220,220,100.0
e n f e b ɾ e s ˈe ɾ,V;IND;PRS;3;SG,220,220,100.0
e n f e b ɾ e s ˈe ɾ,V;SBJV;PRS;1;PL,220,220,100.0
e n f e b ɾ e s ˈe ɾ,V;SBJV;PRS;1;SG,220,220,100.0
e n f e b ɾ e s ˈe ɾ,V;SBJV;PRS;2;PL,220,220,100.0
e n f e b ɾ e s ˈe ɾ,V;SBJV;PRS;2;SG,220,220,100.0
e n f e b ɾ e s ˈe ɾ,V;SBJV;PRS;3;PL,220,220,100.0
e n f e b ɾ e s ˈe ɾ,V;SBJV;PRS;3;SG,220,220,100.0
e n f l a k e s ˈe ɾ,V;IND;PRS;1;PL,367,440,83.41
e n f l a k e s ˈe ɾ,V;IND;PRS;1;SG,372,440,84.55
e n f l a k e s ˈe ɾ,V;IND;PRS;2;PL,361,440,82.05
e n f l a k e s ˈe ɾ,V;IND;PRS;2;SG,364,440,82.73
e n f l a k e s ˈe ɾ,V;IND;PRS;3;PL,361,440,82.05
e n f l a k e s ˈe ɾ,V;IND;PRS;3;SG,371,440,84.32
e n f l a k e s ˈe ɾ,V;SBJV;PRS;1;PL,373,440,84.77
e n f l a k e s ˈe ɾ,V;SBJV;PRS;1;SG,369,440,83.86
e n f l a k e s ˈe ɾ,V;SBJV;PRS;2;PL,374,440,85.0
e n f l a k e s ˈe ɾ,V;SBJV;PRS;2;SG,368,440,83.64
e n f l a k e s ˈe ɾ,V;SBJV;PRS;3;PL,366,440,83.18
e n f l a k e s ˈe ɾ,V;SBJV;PRS;3;SG,369,440,83.86
e n f u ɾ e s ˈe ɾ,V;IND;PRS;1;PL,220,220,100.0
e n f u ɾ e s ˈe ɾ,V;IND;PRS;1;SG,220,220,100.0
e n f u ɾ e s ˈe ɾ,V;IND;PRS;2;PL,220,220,100.0
e n f u ɾ e s ˈe ɾ,V;IND;PRS;2;SG,220,220,100.0
e n f u ɾ e s ˈe ɾ,V;IND;PRS;3;PL,220,220,100.0
e n f u ɾ e s ˈe ɾ,V;IND;PRS;3;SG,220,220,100.0
e n f u ɾ e s ˈe ɾ,V;SBJV;PRS;1;PL,220,220,100.0
e n f u ɾ e s ˈe ɾ,V;SBJV;PRS;1;SG,220,220,100.0
e n f u ɾ e s ˈe ɾ,V;SBJV;PRS;2;PL,220,220,100.0
e n f u ɾ e s ˈe ɾ,V;SBJV;PRS;2;SG,220,220,100.0
e n f u ɾ e s ˈe ɾ,V;SBJV;PRS;3;PL,220,220,100.0
e n f u ɾ e s ˈe ɾ,V;SBJV;PRS;3;SG,220,220,100.0
e n k a n e s ˈe ɾ,V;IND;PRS;1;PL,220,220,100.0
e n k a n e s ˈe ɾ,V;IND;PRS;1;SG,220,220,100.0
e n k a n e s ˈe ɾ,V;IND;PRS;2;PL,220,220,100.0
e n k a n e s ˈe ɾ,V;IND;PRS;2;SG,203,220,92.27
e n k a n e s ˈe ɾ,V;IND;PRS;3;PL,205,220,93.18
e n k a n e s ˈe ɾ,V;IND;PRS;3;SG,213,220,96.82
e n k a n e s ˈe ɾ,V;SBJV;PRS;1;PL,220,220,100.0
e n k a n e s ˈe ɾ,V;SBJV;PRS;1;SG,220,220,100.0
e n k a n e s ˈe ɾ,V;SBJV;PRS;2;PL,220,220,100.0
e n k a n e s ˈe ɾ,V;SBJV;PRS;2;SG,217,220,98.64
e n k a n e s ˈe ɾ,V;SBJV;PRS;3;PL,217,220,98.64
e n k a n e s ˈe ɾ,V;SBJV;PRS;3;SG,220,220,100.0
e n k a ɾ e s ˈe ɾ,V;IND;PRS;1;PL,440,440,100.0
e n k a ɾ e s ˈe ɾ,V;IND;PRS;1;SG,430,440,97.73
e n k a ɾ e s ˈe ɾ,V;IND;PRS;2;PL,440,440,100.0
e n k a ɾ e s ˈe ɾ,V;IND;PRS;2;SG,440,440,100.0
e n k a ɾ e s ˈe ɾ,V;IND;PRS;3;PL,440,440,100.0
e n k a ɾ e s ˈe ɾ,V;IND;PRS;3;SG,440,440,100.0
e n k a ɾ e s ˈe ɾ,V;SBJV;PRS;1;PL,431,440,97.95
e n k a ɾ e s ˈe ɾ,V;SBJV;PRS;1;SG,435,440,98.86
e n k a ɾ e s ˈe ɾ,V;SBJV;PRS;2;PL,433,440,98.41
e n k a ɾ e s ˈe ɾ,V;SBJV;PRS;2;SG,436,440,99.09
e n k a ɾ e s ˈe ɾ,V;SBJV;PRS;3;PL,437,440,99.32
e n k a ɾ e s ˈe ɾ,V;SBJV;PRS;3;SG,435,440,98.86
e n k a ʃ e s ˈe ɾ,V;IND;PRS;1;PL,440,440,100.0
e n k a ʃ e s ˈe ɾ,V;IND;PRS;1;SG,440,440,100.0
e n k a ʃ e s ˈe ɾ,V;IND;PRS;2;PL,440,440,100.0
e n k a ʃ e s ˈe ɾ,V;IND;PRS;2;SG,440,440,100.0
e n k a ʃ e s ˈe ɾ,V;IND;PRS;3;PL,440,440,100.0
e n k a ʃ e s ˈe ɾ,V;IND;PRS;3;SG,440,440,100.0
e n k a ʃ e s ˈe ɾ,V;SBJV;PRS;1;PL,440,440,100.0
e n k a ʃ e s ˈe ɾ,V;SBJV;PRS;1;SG,440,440,100.0
e n k a ʃ e s ˈe ɾ,V;SBJV;PRS;2;PL,440,440,100.0
e n k a ʃ e s ˈe ɾ,V;SBJV;PRS;2;SG,440,440,100.0
e n k a ʃ e s ˈe ɾ,V;SBJV;PRS;3;PL,440,440,100.0
e n k a ʃ e s ˈe ɾ,V;SBJV;PRS;3;SG,440,440,100.0
e n k o ç ˈe ɾ,V;IND;PRS;1;PL,211,220,95.91
e n k o ç ˈe ɾ,V;IND;PRS;1;SG,220,220,100.0
e n k o ç ˈe ɾ,V;IND;PRS;2;PL,205,220,93.18
e n k o ç ˈe ɾ,V;IND;PRS;2;SG,218,220,99.09
e n k o ç ˈe ɾ,V;IND;PRS;3;PL,218,220,99.09
e n k o ç ˈe ɾ,V;IND;PRS;3;SG,218,220,99.09
e n k o ç ˈe ɾ,V;SBJV;PRS;1;PL,220,220,100.0
e n k o ç ˈe ɾ,V;SBJV;PRS;1;SG,220,220,100.0
e n k o ç ˈe ɾ,V;SBJV;PRS;2;PL,220,220,100.0
e n k o ç ˈe ɾ,V;SBJV;PRS;2;SG,220,220,100.0
e n k o ç ˈe ɾ,V;SBJV;PRS;3;PL,220,220,100.0
e n k o ç ˈe ɾ,V;SBJV;PRS;3;SG,220,220,100.0
e n l o k e s ˈe ɾ,V;IND;PRS;1;PL,216,220,98.18
e n l o k e s ˈe ɾ,V;IND;PRS;1;SG,220,220,100.0
e n l o k e s ˈe ɾ,V;IND;PRS;2;PL,219,220,99.55
e n l o k e s ˈe ɾ,V;IND;PRS;2;SG,220,220,100.0
e n l o k e s ˈe ɾ,V;IND;PRS;3;PL,220,220,100.0
e n l o k e s ˈe ɾ,V;IND;PRS;3;SG,220,220,100.0
e n l o k e s ˈe ɾ,V;SBJV;PRS;1;PL,214,220,97.27
e n l o k e s ˈe ɾ,V;SBJV;PRS;1;SG,220,220,100.0
e n l o k e s ˈe ɾ,V;SBJV;PRS;2;PL,220,220,100.0
e n l o k e s ˈe ɾ,V;SBJV;PRS;2;SG,220,220,100.0
e n l o k e s ˈe ɾ,V;SBJV;PRS;3;PL,220,220,100.0
e n l o k e s ˈe ɾ,V;SBJV;PRS;3;SG,220,220,100.0
e n l u s ˈi ɾ,V;IND;PRS;1;PL,440,440,100.0
e n l u s ˈi ɾ,V;IND;PRS;1;SG,440,440,100.0
e n l u s ˈi ɾ,V;IND;PRS;2;PL,440,440,100.0
e n l u s ˈi ɾ,V;IND;PRS;2;SG,440,440,100.0
e n l u s ˈi ɾ,V;IND;PRS;3;PL,440,440,100.0
e n l u s ˈi ɾ,V;IND;PRS;3;SG,440,440,100.0
e n l u s ˈi ɾ,V;SBJV;PRS;1;PL,440,440,100.0
e n l u s ˈi ɾ,V;SBJV;PRS;1;SG,440,440,100.0
e n l u s ˈi ɾ,V;SBJV;PRS;2;PL,440,440,100.0
e n l u s ˈi ɾ,V;SBJV;PRS;2;SG,440,440,100.0
e n l u s ˈi ɾ,V;SBJV;PRS;3;PL,440,440,100.0
e n l u s ˈi ɾ,V;SBJV;PRS;3;SG,440,440,100.0
e n m o e s ˈe ɾ,V;IND;PRS;1;PL,114,440,25.91
e n m o e s ˈe ɾ,V;IND;PRS;1;SG,141,440,32.05
e n m o e s ˈe ɾ,V;IND;PRS;2;PL,110,440,25.0
e n m o e s ˈe ɾ,V;IND;PRS;2;SG,132,440,30.0
e n m o e s ˈe ɾ,V;IND;PRS;3;PL,141,440,32.05
e n m o e s ˈe ɾ,V;IND;PRS;3;SG,141,440,32.05
e n m o e s ˈe ɾ,V;SBJV;PRS;1;PL,107,440,24.32
e n m o e s ˈe ɾ,V;SBJV;PRS;1;SG,139,440,31.59
e n m o e s ˈe ɾ,V;SBJV;PRS;2;PL,107,440,24.32
e n m o e s ˈe ɾ,V;SBJV;PRS;2;SG,135,440,30.68
e n m o e s ˈe ɾ,V;SBJV;PRS;3;PL,143,440,32.5
e n m o e s ˈe ɾ,V;SBJV;PRS;3;SG,140,440,31.82
e n m u d e s ˈe ɾ,V;IND;PRS;1;PL,220,220,100.0
e n m u d e s ˈe ɾ,V;IND;PRS;1;SG,211,220,95.91
e n m u d e s ˈe ɾ,V;IND;PRS;2;PL,220,220,100.0
e n m u d e s ˈe ɾ,V;IND;PRS;2;SG,220,220,100.0
e n m u d e s ˈe ɾ,V;IND;PRS;3;PL,220,220,100.0
e n m u d e s ˈe ɾ,V;IND;PRS;3;SG,220,220,100.0
e n m u d e s ˈe ɾ,V;SBJV;PRS;1;PL,220,220,100.0
e n m u d e s ˈe ɾ,V;SBJV;PRS;1;SG,217,220,98.64
e n m u d e s ˈe ɾ,V;SBJV;PRS;2;PL,220,220,100.0
e n m u d e s ˈe ɾ,V;SBJV;PRS;2;SG,218,220,99.09
e n m u d e s ˈe ɾ,V;SBJV;PRS;3;PL,218,220,99.09
e n m u d e s ˈe ɾ,V;SBJV;PRS;3;SG,218,220,99.09
e n n e ɡ ɾ e s ˈe ɾ,V;IND;PRS;1;PL,220,220,100.0
e n n e ɡ ɾ e s ˈe ɾ,V;IND;PRS;1;SG,220,220,100.0
e n n e ɡ ɾ e s ˈe ɾ,V;IND;PRS;2;PL,220,220,100.0
e n n e ɡ ɾ e s ˈe ɾ,V;IND;PRS;2;SG,220,220,100.0
e n n e ɡ ɾ e s ˈe ɾ,V;IND;PRS;3;PL,220,220,100.0
e n n e ɡ ɾ e s ˈe ɾ,V;IND;PRS;3;SG,220,220,100.0
e n n e ɡ ɾ e s ˈe ɾ,V;SBJV;PRS;1;PL,220,220,100.0
e n n e ɡ ɾ e s ˈe ɾ,V;SBJV;PRS;1;SG,220,220,100.0
e n n e ɡ ɾ e s ˈe ɾ,V;SBJV;PRS;2;PL,220,220,100.0
e n n e ɡ ɾ e s ˈe ɾ,V;SBJV;PRS;2;SG,220,220,100.0
e n n e ɡ ɾ e s ˈe ɾ,V;SBJV;PRS;3;PL,220,220,100.0
e n n e ɡ ɾ e s ˈe ɾ,V;SBJV;PRS;3;SG,220,220,100.0
e n n o b l e s ˈe ɾ,V;IND;PRS;1;PL,220,220,100.0
e n n o b l e s ˈe ɾ,V;IND;PRS;1;SG,220,220,100.0
e n n o b l e s ˈe ɾ,V;IND;PRS;2;PL,220,220,100.0
e n n o b l e s ˈe ɾ,V;IND;PRS;2;SG,220,220,100.0
e n n o b l e s ˈe ɾ,V;IND;PRS;3;PL,220,220,100.0
e n n o b l e s ˈe ɾ,V;IND;PRS;3;SG,220,220,100.0
e n n o b l e s ˈe ɾ,V;SBJV;PRS;1;PL,220,220,100.0
e n n o b l e s ˈe ɾ,V;SBJV;PRS;1;SG,220,220,100.0
e n n o b l e s ˈe ɾ,V;SBJV;PRS;2;PL,220,220,100.0
e n n o b l e s ˈe ɾ,V;SBJV;PRS;2;SG,220,220,100.0
e n n o b l e s ˈe ɾ,V;SBJV;PRS;3;PL,220,220,100.0
e n n o b l e s ˈe ɾ,V;SBJV;PRS;3;SG,220,220,100.0
e n o ɾ ɡ u ʃ e s ˈe ɾ,V;IND;PRS;1;PL,317,440,72.05
e n o ɾ ɡ u ʃ e s ˈe ɾ,V;IND;PRS;1;SG,312,440,70.91
e n o ɾ ɡ u ʃ e s ˈe ɾ,V;IND;PRS;2;PL,317,440,72.05
e n o ɾ ɡ u ʃ e s ˈe ɾ,V;IND;PRS;2;SG,315,440,71.59
e n o ɾ ɡ u ʃ e s ˈe ɾ,V;IND;PRS;3;PL,292,440,66.36
e n o ɾ ɡ u ʃ e s ˈe ɾ,V;IND;PRS;3;SG,303,440,68.86
e n o ɾ ɡ u ʃ e s ˈe ɾ,V;SBJV;PRS;1;PL,361,440,82.05
e n o ɾ ɡ u ʃ e s ˈe ɾ,V;SBJV;PRS;1;SG,301,440,68.41
e n o ɾ ɡ u ʃ e s ˈe ɾ,V;SBJV;PRS;2;PL,327,440,74.32
e n o ɾ ɡ u ʃ e s ˈe ɾ,V;SBJV;PRS;2;SG,299,440,67.95
e n o ɾ ɡ u ʃ e s ˈe ɾ,V;SBJV;PRS;3;PL,307,440,69.77
e n o ɾ ɡ u ʃ e s ˈe ɾ,V;SBJV;PRS;3;SG,304,440,69.09
e n s e ɡ e s ˈe ɾ,V;IND;PRS;1;PL,353,440,80.23
e n s e ɡ e s ˈe ɾ,V;IND;PRS;1;SG,377,440,85.68
e n s e ɡ e s ˈe ɾ,V;IND;PRS;2;PL,364,440,82.73
e n s e ɡ e s ˈe ɾ,V;IND;PRS;2;SG,408,440,92.73
e n s e ɡ e s ˈe ɾ,V;IND;PRS;3;PL,414,440,94.09
e n s e ɡ e s ˈe ɾ,V;IND;PRS;3;SG,406,440,92.27
e n s e ɡ e s ˈe ɾ,V;SBJV;PRS;1;PL,325,440,73.86
e n s e ɡ e s ˈe ɾ,V;SBJV;PRS;1;SG,416,440,94.55
e n s e ɡ e s ˈe ɾ,V;SBJV;PRS;2;PL,331,440,75.23
e n s e ɡ e s ˈe ɾ,V;SBJV;PRS;2;SG,422,440,95.91
e n s e ɡ e s ˈe ɾ,V;SBJV;PRS;3;PL,420,440,95.45
e n s e ɡ e s ˈe ɾ,V;SBJV;PRS;3;SG,417,440,94.77
e n s o m b ɾ e s ˈe ɾ,V;IND;PRS;1;PL,660,660,100.0
e n s o m b ɾ e s ˈe ɾ,V;IND;PRS;1;SG,625,660,94.7
e n s o m b ɾ e s ˈe ɾ,V;IND;PRS;2;PL,660,660,100.0
e n s o m b ɾ e s ˈe ɾ,V;IND;PRS;2;SG,660,660,100.0
e n s o m b ɾ e s ˈe ɾ,V;IND;PRS;3;PL,660,660,100.0
e n s o m b ɾ e s ˈe ɾ,V;IND;PRS;3;SG,660,660,100.0
e n s o m b ɾ e s ˈe ɾ,V;SBJV;PRS;1;PL,660,660,100.0
e n s o m b ɾ e s ˈe ɾ,V;SBJV;PRS;1;SG,656,660,99.39
e n s o m b ɾ e s ˈe ɾ,V;SBJV;PRS;2;PL,660,660,100.0
e n s o m b ɾ e s ˈe ɾ,V;SBJV;PRS;2;SG,658,660,99.7
e n s o m b ɾ e s ˈe ɾ,V;SBJV;PRS;3;PL,659,660,99.85
e n s o m b ɾ e s ˈe ɾ,V;SBJV;PRS;3;SG,656,660,99.39
e n s o ɾ d e s ˈe ɾ,V;IND;PRS;1;PL,218,220,99.09
e n s o ɾ d e s ˈe ɾ,V;IND;PRS;1;SG,220,220,100.0
e n s o ɾ d e s ˈe ɾ,V;IND;PRS;2;PL,217,220,98.64
e n s o ɾ d e s ˈe ɾ,V;IND;PRS;2;SG,220,220,100.0
e n s o ɾ d e s ˈe ɾ,V;IND;PRS;3;PL,220,220,100.0
e n s o ɾ d e s ˈe ɾ,V;IND;PRS;3;SG,220,220,100.0
e n s o ɾ d e s ˈe ɾ,V;SBJV;PRS;1;PL,205,220,93.18
e n s o ɾ d e s ˈe ɾ,V;SBJV;PRS;1;SG,218,220,99.09
e n s o ɾ d e s ˈe ɾ,V;SBJV;PRS;2;PL,203,220,92.27
e n s o ɾ d e s ˈe ɾ,V;SBJV;PRS;2;SG,218,220,99.09
e n s o ɾ d e s ˈe ɾ,V;SBJV;PRS;3;PL,214,220,97.27
e n s o ɾ d e s ˈe ɾ,V;SBJV;PRS;3;SG,218,220,99.09
e n t e ɾ n e s ˈe ɾ,V;IND;PRS;1;PL,660,660,100.0
e n t e ɾ n e s ˈe ɾ,V;IND;PRS;1;SG,660,660,100.0
e n t e ɾ n e s ˈe ɾ,V;IND;PRS;2;PL,660,660,100.0
e n t e ɾ n e s ˈe ɾ,V;IND;PRS;2;SG,660,660,100.0
e n t e ɾ n e s ˈe ɾ,V;IND;PRS;3;PL,660,660,100.0
e n t e ɾ n e s ˈe ɾ,V;IND;PRS;3;SG,660,660,100.0
e n t e ɾ n e s ˈe ɾ,V;SBJV;PRS;1;PL,660,660,100.0
e n t e ɾ n e s ˈe ɾ,V;SBJV;PRS;1;SG,660,660,100.0
e n t e ɾ n e s ˈe ɾ,V;SBJV;PRS;2;PL,660,660,100.0
e n t e ɾ n e s ˈe ɾ,V;SBJV;PRS;2;SG,660,660,100.0
e n t e ɾ n e s ˈe ɾ,V;SBJV;PRS;3;PL,660,660,100.0
e n t e ɾ n e s ˈe ɾ,V;SBJV;PRS;3;SG,660,660,100.0
e n ɡ ɾ a n d e s ˈe ɾ,V;IND;PRS;1;PL,220,220,100.0
e n ɡ ɾ a n d e s ˈe ɾ,V;IND;PRS;1;SG,220,220,100.0
e n ɡ ɾ a n d e s ˈe ɾ,V;IND;PRS;2;PL,220,220,100.0
e n ɡ ɾ a n d e s ˈe ɾ,V;IND;PRS;2;SG,220,220,100.0
e n ɡ ɾ a n d e s ˈe ɾ,V;IND;PRS;3;PL,220,220,100.0
e n ɡ ɾ a n d e s ˈe ɾ,V;IND;PRS;3;SG,220,220,100.0
e n ɡ ɾ a n d e s ˈe ɾ,V;SBJV;PRS;1;PL,220,220,100.0
e n ɡ ɾ a n d e s ˈe ɾ,V;SBJV;PRS;1;SG,220,220,100.0
e n ɡ ɾ a n d e s ˈe ɾ,V;SBJV;PRS;2;PL,220,220,100.0
e n ɡ ɾ a n d e s ˈe ɾ,V;SBJV;PRS;2;SG,220,220,100.0
e n ɡ ɾ a n d e s ˈe ɾ,V;SBJV;PRS;3;PL,220,220,100.0
e n ɡ ɾ a n d e s ˈe ɾ,V;SBJV;PRS;3;SG,220,220,100.0
e n ɾ i k e s ˈe ɾ,V;IND;PRS;1;PL,440,440,100.0
e n ɾ i k e s ˈe ɾ,V;IND;PRS;1;SG,440,440,100.0
e n ɾ i k e s ˈe ɾ,V;IND;PRS;2;PL,440,440,100.0
e n ɾ i k e s ˈe ɾ,V;IND;PRS;2;SG,440,440,100.0
e n ɾ i k e s ˈe ɾ,V;IND;PRS;3;PL,440,440,100.0
e n ɾ i k e s ˈe ɾ,V;IND;PRS;3;SG,440,440,100.0
e n ɾ i k e s ˈe ɾ,V;SBJV;PRS;1;PL,437,440,99.32
e n ɾ i k e s ˈe ɾ,V;SBJV;PRS;1;SG,440,440,100.0
e n ɾ i k e s ˈe ɾ,V;SBJV;PRS;2;PL,439,440,99.77
e n ɾ i k e s ˈe ɾ,V;SBJV;PRS;2;SG,440,440,100.0
e n ɾ i k e s ˈe ɾ,V;SBJV;PRS;3;PL,440,440,100.0
e n ɾ i k e s ˈe ɾ,V;SBJV;PRS;3;SG,440,440,100.0
e n ɾ o x e s ˈe ɾ,V;IND;PRS;1;PL,220,220,100.0
e n ɾ o x e s ˈe ɾ,V;IND;PRS;1;SG,220,220,100.0
e n ɾ o x e s ˈe ɾ,V;IND;PRS;2;PL,220,220,100.0
e n ɾ o x e s ˈe ɾ,V;IND;PRS;2;SG,220,220,100.0
e n ɾ o x e s ˈe ɾ,V;IND;PRS;3;PL,220,220,100.0
e n ɾ o x e s ˈe ɾ,V;IND;PRS;3;SG,220,220,100.0
e n ɾ o x e s ˈe ɾ,V;SBJV;PRS;1;PL,220,220,100.0
e n ɾ o x e s ˈe ɾ,V;SBJV;PRS;1;SG,220,220,100.0
e n ɾ o x e s ˈe ɾ,V;SBJV;PRS;2;PL,220,220,100.0
e n ɾ o x e s ˈe ɾ,V;SBJV;PRS;2;SG,220,220,100.0
e n ɾ o x e s ˈe ɾ,V;SBJV;PRS;3;PL,220,220,100.0
e n ɾ o x e s ˈe ɾ,V;SBJV;PRS;3;SG,220,220,100.0
e s k a ɾ n e s ˈe ɾ,V;IND;PRS;1;PL,204,220,92.73
e s k a ɾ n e s ˈe ɾ,V;IND;PRS;1;SG,198,220,90.0
e s k a ɾ n e s ˈe ɾ,V;IND;PRS;2;PL,213,220,96.82
e s k a ɾ n e s ˈe ɾ,V;IND;PRS;2;SG,198,220,90.0
e s k a ɾ n e s ˈe ɾ,V;IND;PRS;3;PL,196,220,89.09
e s k a ɾ n e s ˈe ɾ,V;IND;PRS;3;SG,202,220,91.82
e s k a ɾ n e s ˈe ɾ,V;SBJV;PRS;1;PL,191,220,86.82
e s k a ɾ n e s ˈe ɾ,V;SBJV;PRS;1;SG,202,220,91.82
e s k a ɾ n e s ˈe ɾ,V;SBJV;PRS;2;PL,208,220,94.55
e s k a ɾ n e s ˈe ɾ,V;SBJV;PRS;2;SG,200,220,90.91
e s k a ɾ n e s ˈe ɾ,V;SBJV;PRS;3;PL,195,220,88.64
e s k a ɾ n e s ˈe ɾ,V;SBJV;PRS;3;SG,201,220,91.36
e s k l a ɾ e s ˈe ɾ,V;IND;PRS;1;PL,220,220,100.0
e s k l a ɾ e s ˈe ɾ,V;IND;PRS;1;SG,220,220,100.0
e s k l a ɾ e s ˈe ɾ,V;IND;PRS;2;PL,220,220,100.0
e s k l a ɾ e s ˈe ɾ,V;IND;PRS;2;SG,220,220,100.0
e s k l a ɾ e s ˈe ɾ,V;IND;PRS;3;PL,220,220,100.0
e s k l a ɾ e s ˈe ɾ,V;IND;PRS;3;SG,220,220,100.0
e s k l a ɾ e s ˈe ɾ,V;SBJV;PRS;1;PL,220,220,100.0
e s k l a ɾ e s ˈe ɾ,V;SBJV;PRS;1;SG,220,220,100.0
e s k l a ɾ e s ˈe ɾ,V;SBJV;PRS;2;PL,220,220,100.0
e s k l a ɾ e s ˈe ɾ,V;SBJV;PRS;2;SG,220,220,100.0
e s k l a ɾ e s ˈe ɾ,V;SBJV;PRS;3;PL,220,220,100.0
e s k l a ɾ e s ˈe ɾ,V;SBJV;PRS;3;SG,220,220,100.0
e s k o s ˈe ɾ,V;IND;PRS;1;PL,219,220,99.55
e s k o s ˈe ɾ,V;IND;PRS;1;SG,115,220,52.27
e s k o s ˈe ɾ,V;IND;PRS;2;PL,216,220,98.18
e s k o s ˈe ɾ,V;IND;PRS;2;SG,91,220,41.36
e s k o s ˈe ɾ,V;IND;PRS;3;PL,85,220,38.64
e s k o s ˈe ɾ,V;IND;PRS;3;SG,93,220,42.27
e s k o s ˈe ɾ,V;SBJV;PRS;1;PL,220,220,100.0
e s k o s ˈe ɾ,V;SBJV;PRS;1;SG,111,220,50.45
e s k o s ˈe ɾ,V;SBJV;PRS;2;PL,217,220,98.64
e s k o s ˈe ɾ,V;SBJV;PRS;2;SG,106,220,48.18
e s k o s ˈe ɾ,V;SBJV;PRS;3;PL,109,220,49.55
e s k o s ˈe ɾ,V;SBJV;PRS;3;SG,111,220,50.45
e s p a ɾ s ˈi ɾ,V;IND;PRS;1;PL,220,220,100.0
e s p a ɾ s ˈi ɾ,V;IND;PRS;1;SG,219,220,99.55
e s p a ɾ s ˈi ɾ,V;IND;PRS;2;PL,220,220,100.0
e s p a ɾ s ˈi ɾ,V;IND;PRS;2;SG,220,220,100.0
e s p a ɾ s ˈi ɾ,V;IND;PRS;3;PL,220,220,100.0
e s p a ɾ s ˈi ɾ,V;IND;PRS;3;SG,220,220,100.0
e s p a ɾ s ˈi ɾ,V;SBJV;PRS;1;PL,220,220,100.0
e s p a ɾ s ˈi ɾ,V;SBJV;PRS;1;SG,220,220,100.0
e s p a ɾ s ˈi ɾ,V;SBJV;PRS;2;PL,220,220,100.0
e s p a ɾ s ˈi ɾ,V;SBJV;PRS;2;SG,220,220,100.0
e s p a ɾ s ˈi ɾ,V;SBJV;PRS;3;PL,220,220,100.0
e s p a ɾ s ˈi ɾ,V;SBJV;PRS;3;SG,220,220,100.0
e s t a b l e s ˈe ɾ,V;IND;PRS;1;PL,121,220,55.0
e s t a b l e s ˈe ɾ,V;IND;PRS;1;SG,177,220,80.45
e s t a b l e s ˈe ɾ,V;IND;PRS;2;PL,119,220,54.09
e s t a b l e s ˈe ɾ,V;IND;PRS;2;SG,186,220,84.55
e s t a b l e s ˈe ɾ,V;IND;PRS;3;PL,187,220,85.0
e s t a b l e s ˈe ɾ,V;IND;PRS;3;SG,188,220,85.45
e s t a b l e s ˈe ɾ,V;SBJV;PRS;1;PL,95,220,43.18
e s t a b l e s ˈe ɾ,V;SBJV;PRS;1;SG,179,220,81.36
e s t a b l e s ˈe ɾ,V;SBJV;PRS;2;PL,92,220,41.82
e s t a b l e s ˈe ɾ,V;SBJV;PRS;2;SG,180,220,81.82
e s t a b l e s ˈe ɾ,V;SBJV;PRS;3;PL,180,220,81.82
e s t a b l e s ˈe ɾ,V;SBJV;PRS;3;SG,180,220,81.82
e x e ɾ s ˈe ɾ,V;IND;PRS;1;PL,406,660,61.52
e x e ɾ s ˈe ɾ,V;IND;PRS;1;SG,574,660,86.97
e x e ɾ s ˈe ɾ,V;IND;PRS;2;PL,399,660,60.45
e x e ɾ s ˈe ɾ,V;IND;PRS;2;SG,571,660,86.52
e x e ɾ s ˈe ɾ,V;IND;PRS;3;PL,560,660,84.85
e x e ɾ s ˈe ɾ,V;IND;PRS;3;SG,578,660,87.58
e x e ɾ s ˈe ɾ,V;SBJV;PRS;1;PL,369,660,55.91
e x e ɾ s ˈe ɾ,V;SBJV;PRS;1;SG,576,660,87.27
e x e ɾ s ˈe ɾ,V;SBJV;PRS;2;PL,366,660,55.45
e x e ɾ s ˈe ɾ,V;SBJV;PRS;2;SG,569,660,86.21
e x e ɾ s ˈe ɾ,V;SBJV;PRS;3;PL,558,660,84.55
e x e ɾ s ˈe ɾ,V;SBJV;PRS;3;SG,574,660,86.97
e ɾ i ç ˈi ɾ,V;IND;PRS;1;PL,40,220,18.18
e ɾ i ç ˈi ɾ,V;IND;PRS;1;SG,220,220,100.0
e ɾ i ç ˈi ɾ,V;IND;PRS;2;PL,64,220,29.09
e ɾ i ç ˈi ɾ,V;IND;PRS;2;SG,220,220,100.0
e ɾ i ç ˈi ɾ,V;IND;PRS;3;PL,220,220,100.0
e ɾ i ç ˈi ɾ,V;IND;PRS;3;SG,220,220,100.0
e ɾ i ç ˈi ɾ,V;SBJV;PRS;1;PL,202,220,91.82
e ɾ i ç ˈi ɾ,V;SBJV;PRS;1;SG,220,220,100.0
e ɾ i ç ˈi ɾ,V;SBJV;PRS;2;PL,200,220,90.91
e ɾ i ç ˈi ɾ,V;SBJV;PRS;2;SG,220,220,100.0
e ɾ i ç ˈi ɾ,V;SBJV;PRS;3;PL,220,220,100.0
e ɾ i ç ˈi ɾ,V;SBJV;PRS;3;SG,220,220,100.0
f a b o ɾ e s ˈe ɾ,V;IND;PRS;1;PL,220,220,100.0
f a b o ɾ e s ˈe ɾ,V;IND;PRS;1;SG,220,220,100.0
f a b o ɾ e s ˈe ɾ,V;IND;PRS;2;PL,220,220,100.0
f a b o ɾ e s ˈe ɾ,V;IND;PRS;2;SG,220,220,100.0
f a b o ɾ e s ˈe ɾ,V;IND;PRS;3;PL,220,220,100.0
f a b o ɾ e s ˈe ɾ,V;IND;PRS;3;SG,220,220,100.0
f a b o ɾ e s ˈe ɾ,V;SBJV;PRS;1;PL,220,220,100.0
f a b o ɾ e s ˈe ɾ,V;SBJV;PRS;1;SG,220,220,100.0
f a b o ɾ e s ˈe ɾ,V;SBJV;PRS;2;PL,220,220,100.0
f a b o ɾ e s ˈe ɾ,V;SBJV;PRS;2;SG,220,220,100.0
f a b o ɾ e s ˈe ɾ,V;SBJV;PRS;3;PL,220,220,100.0
f a b o ɾ e s ˈe ɾ,V;SBJV;PRS;3;SG,220,220,100.0
f a ʃ e s ˈe ɾ,V;IND;PRS;1;PL,220,220,100.0
f a ʃ e s ˈe ɾ,V;IND;PRS;1;SG,206,220,93.64
f a ʃ e s ˈe ɾ,V;IND;PRS;2;PL,220,220,100.0
f a ʃ e s ˈe ɾ,V;IND;PRS;2;SG,220,220,100.0
f a ʃ e s ˈe ɾ,V;IND;PRS;3;PL,220,220,100.0
f a ʃ e s ˈe ɾ,V;IND;PRS;3;SG,220,220,100.0
f a ʃ e s ˈe ɾ,V;SBJV;PRS;1;PL,220,220,100.0
f a ʃ e s ˈe ɾ,V;SBJV;PRS;1;SG,220,220,100.0
f a ʃ e s ˈe ɾ,V;SBJV;PRS;2;PL,220,220,100.0
f a ʃ e s ˈe ɾ,V;SBJV;PRS;2;SG,220,220,100.0
f a ʃ e s ˈe ɾ,V;SBJV;PRS;3;PL,220,220,100.0
f a ʃ e s ˈe ɾ,V;SBJV;PRS;3;SG,220,220,100.0
f e n e s ˈe ɾ,V;IND;PRS;1;PL,220,220,100.0
f e n e s ˈe ɾ,V;IND;PRS;1;SG,220,220,100.0
f e n e s ˈe ɾ,V;IND;PRS;2;PL,220,220,100.0
f e n e s ˈe ɾ,V;IND;PRS;2;SG,220,220,100.0
f e n e s ˈe ɾ,V;IND;PRS;3;PL,220,220,100.0
f e n e s ˈe ɾ,V;IND;PRS;3;SG,220,220,100.0
f e n e s ˈe ɾ,V;SBJV;PRS;1;PL,220,220,100.0
f e n e s ˈe ɾ,V;SBJV;PRS;1;SG,220,220,100.0
f e n e s ˈe ɾ,V;SBJV;PRS;2;PL,220,220,100.0
f e n e s ˈe ɾ,V;SBJV;PRS;2;SG,220,220,100.0
f e n e s ˈe ɾ,V;SBJV;PRS;3;PL,220,220,100.0
f e n e s ˈe ɾ,V;SBJV;PRS;3;SG,220,220,100.0
f l o ɾ e s ˈe ɾ,V;IND;PRS;1;PL,440,440,100.0
f l o ɾ e s ˈe ɾ,V;IND;PRS;1;SG,405,440,92.05
f l o ɾ e s ˈe ɾ,V;IND;PRS;2;PL,440,440,100.0
f l o ɾ e s ˈe ɾ,V;IND;PRS;2;SG,440,440,100.0
f l o ɾ e s ˈe ɾ,V;IND;PRS;3;PL,440,440,100.0
f l o ɾ e s ˈe ɾ,V;IND;PRS;3;SG,440,440,100.0
f l o ɾ e s ˈe ɾ,V;SBJV;PRS;1;PL,440,440,100.0
f l o ɾ e s ˈe ɾ,V;SBJV;PRS;1;SG,421,440,95.68
f l o ɾ e s ˈe ɾ,V;SBJV;PRS;2;PL,432,440,98.18
f l o ɾ e s ˈe ɾ,V;SBJV;PRS;2;SG,425,440,96.59
f l o ɾ e s ˈe ɾ,V;SBJV;PRS;3;PL,421,440,95.68
f l o ɾ e s ˈe ɾ,V;SBJV;PRS;3;SG,421,440,95.68
f o ɾ t a l e s ˈe ɾ,V;IND;PRS;1;PL,220,220,100.0
f o ɾ t a l e s ˈe ɾ,V;IND;PRS;1;SG,220,220,100.0
f o ɾ t a l e s ˈe ɾ,V;IND;PRS;2;PL,220,220,100.0
f o ɾ t a l e s ˈe ɾ,V;IND;PRS;2;SG,220,220,100.0
f o ɾ t a l e s ˈe ɾ,V;IND;PRS;3;PL,220,220,100.0
f o ɾ t a l e s ˈe ɾ,V;IND;PRS;3;SG,220,220,100.0
f o ɾ t a l e s ˈe ɾ,V;SBJV;PRS;1;PL,220,220,100.0
f o ɾ t a l e s ˈe ɾ,V;SBJV;PRS;1;SG,220,220,100.0
f o ɾ t a l e s ˈe ɾ,V;SBJV;PRS;2;PL,220,220,100.0
f o ɾ t a l e s ˈe ɾ,V;SBJV;PRS;2;SG,220,220,100.0
f o ɾ t a l e s ˈe ɾ,V;SBJV;PRS;3;PL,220,220,100.0
f o ɾ t a l e s ˈe ɾ,V;SBJV;PRS;3;SG,220,220,100.0
f u l ç ˈi ɾ,V;IND;PRS;1;PL,220,220,100.0
f u l ç ˈi ɾ,V;IND;PRS;1;SG,220,220,100.0
f u l ç ˈi ɾ,V;IND;PRS;2;PL,220,220,100.0
f u l ç ˈi ɾ,V;IND;PRS;2;SG,220,220,100.0
f u l ç ˈi ɾ,V;IND;PRS;3;PL,220,220,100.0
f u l ç ˈi ɾ,V;IND;PRS;3;SG,220,220,100.0
f u l ç ˈi ɾ,V;SBJV;PRS;1;PL,220,220,100.0
f u l ç ˈi ɾ,V;SBJV;PRS;1;SG,220,220,100.0
f u l ç ˈi ɾ,V;SBJV;PRS;2;PL,220,220,100.0
f u l ç ˈi ɾ,V;SBJV;PRS;2;SG,220,220,100.0
f u l ç ˈi ɾ,V;SBJV;PRS;3;PL,220,220,100.0
f u l ç ˈi ɾ,V;SBJV;PRS;3;SG,220,220,100.0
f u n ç ˈi ɾ,V;IND;PRS;1;PL,660,660,100.0
f u n ç ˈi ɾ,V;IND;PRS;1;SG,660,660,100.0
f u n ç ˈi ɾ,V;IND;PRS;2;PL,660,660,100.0
f u n ç ˈi ɾ,V;IND;PRS;2;SG,660,660,100.0
f u n ç ˈi ɾ,V;IND;PRS;3;PL,660,660,100.0
f u n ç ˈi ɾ,V;IND;PRS;3;SG,660,660,100.0
f u n ç ˈi ɾ,V;SBJV;PRS;1;PL,660,660,100.0
f u n ç ˈi ɾ,V;SBJV;PRS;1;SG,660,660,100.0
f u n ç ˈi ɾ,V;SBJV;PRS;2;PL,660,660,100.0
f u n ç ˈi ɾ,V;SBJV;PRS;2;SG,660,660,100.0
f u n ç ˈi ɾ,V;SBJV;PRS;3;PL,660,660,100.0
f u n ç ˈi ɾ,V;SBJV;PRS;3;SG,660,660,100.0
f ɾ a n ç ˈi ɾ,V;IND;PRS;1;PL,660,660,100.0
f ɾ a n ç ˈi ɾ,V;IND;PRS;1;SG,642,660,97.27
f ɾ a n ç ˈi ɾ,V;IND;PRS;2;PL,660,660,100.0
f ɾ a n ç ˈi ɾ,V;IND;PRS;2;SG,659,660,99.85
f ɾ a n ç ˈi ɾ,V;IND;PRS;3;PL,649,660,98.33
f ɾ a n ç ˈi ɾ,V;IND;PRS;3;SG,650,660,98.48
f ɾ a n ç ˈi ɾ,V;SBJV;PRS;1;PL,655,660,99.24
f ɾ a n ç ˈi ɾ,V;SBJV;PRS;1;SG,653,660,98.94
f ɾ a n ç ˈi ɾ,V;SBJV;PRS;2;PL,655,660,99.24
f ɾ a n ç ˈi ɾ,V;SBJV;PRS;2;SG,659,660,99.85
f ɾ a n ç ˈi ɾ,V;SBJV;PRS;3;PL,655,660,99.24
f ɾ a n ç ˈi ɾ,V;SBJV;PRS;3;SG,652,660,98.79
i n b e n ˈi ɾ,V;IND;PRS;1;PL,219,220,99.55
i n b e n ˈi ɾ,V;IND;PRS;1;SG,220,220,100.0
i n b e n ˈi ɾ,V;IND;PRS;2;PL,219,220,99.55
i n b e n ˈi ɾ,V;IND;PRS;2;SG,220,220,100.0
i n b e n ˈi ɾ,V;IND;PRS;3;PL,220,220,100.0
i n b e n ˈi ɾ,V;IND;PRS;3;SG,220,220,100.0
i n b e n ˈi ɾ,V;SBJV;PRS;1;PL,220,220,100.0
i n b e n ˈi ɾ,V;SBJV;PRS;1;SG,220,220,100.0
i n b e n ˈi ɾ,V;SBJV;PRS;2;PL,220,220,100.0
i n b e n ˈi ɾ,V;SBJV;PRS;2;SG,220,220,100.0
i n b e n ˈi ɾ,V;SBJV;PRS;3;PL,220,220,100.0
i n b e n ˈi ɾ,V;SBJV;PRS;3;SG,220,220,100.0
i n d i s p o n ˈe ɾ,V;IND;PRS;1;PL,220,220,100.0
i n d i s p o n ˈe ɾ,V;IND;PRS;1;SG,220,220,100.0
i n d i s p o n ˈe ɾ,V;IND;PRS;2;PL,220,220,100.0
i n d i s p o n ˈe ɾ,V;IND;PRS;2;SG,220,220,100.0
i n d i s p o n ˈe ɾ,V;IND;PRS;3;PL,220,220,100.0
i n d i s p o n ˈe ɾ,V;IND;PRS;3;SG,220,220,100.0
i n d i s p o n ˈe ɾ,V;SBJV;PRS;1;PL,220,220,100.0
i n d i s p o n ˈe ɾ,V;SBJV;PRS;1;SG,220,220,100.0
i n d i s p o n ˈe ɾ,V;SBJV;PRS;2;PL,220,220,100.0
i n d i s p o n ˈe ɾ,V;SBJV;PRS;2;SG,220,220,100.0
i n d i s p o n ˈe ɾ,V;SBJV;PRS;3;PL,220,220,100.0
i n d i s p o n ˈe ɾ,V;SBJV;PRS;3;SG,220,220,100.0
i n d u s ˈi ɾ,V;IND;PRS;1;PL,220,220,100.0
i n d u s ˈi ɾ,V;IND;PRS;1;SG,220,220,100.0
i n d u s ˈi ɾ,V;IND;PRS;2;PL,220,220,100.0
i n d u s ˈi ɾ,V;IND;PRS;2;SG,220,220,100.0
i n d u s ˈi ɾ,V;IND;PRS;3;PL,220,220,100.0
i n d u s ˈi ɾ,V;IND;PRS;3;SG,220,220,100.0
i n d u s ˈi ɾ,V;SBJV;PRS;1;PL,220,220,100.0
i n d u s ˈi ɾ,V;SBJV;PRS;1;SG,220,220,100.0
i n d u s ˈi ɾ,V;SBJV;PRS;2;PL,220,220,100.0
i n d u s ˈi ɾ,V;SBJV;PRS;2;SG,220,220,100.0
i n d u s ˈi ɾ,V;SBJV;PRS;3;PL,220,220,100.0
i n d u s ˈi ɾ,V;SBJV;PRS;3;SG,220,220,100.0
i n f ɾ i n ç ˈi ɾ,V;IND;PRS;1;PL,172,220,78.18
i n f ɾ i n ç ˈi ɾ,V;IND;PRS;1;SG,192,220,87.27
i n f ɾ i n ç ˈi ɾ,V;IND;PRS;2;PL,168,220,76.36
i n f ɾ i n ç ˈi ɾ,V;IND;PRS;2;SG,165,220,75.0
i n f ɾ i n ç ˈi ɾ,V;IND;PRS;3;PL,161,220,73.18
i n f ɾ i n ç ˈi ɾ,V;IND;PRS;3;SG,156,220,70.91
i n f ɾ i n ç ˈi ɾ,V;SBJV;PRS;1;PL,210,220,95.45
i n f ɾ i n ç ˈi ɾ,V;SBJV;PRS;1;SG,211,220,95.91
i n f ɾ i n ç ˈi ɾ,V;SBJV;PRS;2;PL,210,220,95.45
i n f ɾ i n ç ˈi ɾ,V;SBJV;PRS;2;SG,209,220,95.0
i n f ɾ i n ç ˈi ɾ,V;SBJV;PRS;3;PL,210,220,95.45
i n f ɾ i n ç ˈi ɾ,V;SBJV;PRS;3;SG,210,220,95.45
i n t e l i ç ˈi ɾ,V;IND;PRS;1;PL,178,440,40.45
i n t e l i ç ˈi ɾ,V;IND;PRS;1;SG,436,440,99.09
i n t e l i ç ˈi ɾ,V;IND;PRS;2;PL,173,440,39.32
i n t e l i ç ˈi ɾ,V;IND;PRS;2;SG,429,440,97.5
i n t e l i ç ˈi ɾ,V;IND;PRS;3;PL,430,440,97.73
i n t e l i ç ˈi ɾ,V;IND;PRS;3;SG,429,440,97.5
i n t e l i ç ˈi ɾ,V;SBJV;PRS;1;PL,433,440,98.41
i n t e l i ç ˈi ɾ,V;SBJV;PRS;1;SG,432,440,98.18
i n t e l i ç ˈi ɾ,V;SBJV;PRS;2;PL,437,440,99.32
i n t e l i ç ˈi ɾ,V;SBJV;PRS;2;SG,436,440,99.09
i n t e l i ç ˈi ɾ,V;SBJV;PRS;3;PL,432,440,98.18
i n t e l i ç ˈi ɾ,V;SBJV;PRS;3;SG,432,440,98.18
i n t e ɾ b e n ˈi ɾ,V;IND;PRS;1;PL,220,220,100.0
i n t e ɾ b e n ˈi ɾ,V;IND;PRS;1;SG,220,220,100.0
i n t e ɾ b e n ˈi ɾ,V;IND;PRS;2;PL,220,220,100.0
i n t e ɾ b e n ˈi ɾ,V;IND;PRS;2;SG,220,220,100.0
i n t e ɾ b e n ˈi ɾ,V;IND;PRS;3;PL,220,220,100.0
i n t e ɾ b e n ˈi ɾ,V;IND;PRS;3;SG,220,220,100.0
i n t e ɾ b e n ˈi ɾ,V;SBJV;PRS;1;PL,220,220,100.0
i n t e ɾ b e n ˈi ɾ,V;SBJV;PRS;1;SG,220,220,100.0
i n t e ɾ b e n ˈi ɾ,V;SBJV;PRS;2;PL,219,220,99.55
i n t e ɾ b e n ˈi ɾ,V;SBJV;PRS;2;SG,220,220,100.0
i n t e ɾ b e n ˈi ɾ,V;SBJV;PRS;3;PL,220,220,100.0
i n t e ɾ b e n ˈi ɾ,V;SBJV;PRS;3;SG,220,220,100.0
i n t e ɾ p o n ˈe ɾ,V;IND;PRS;1;PL,220,220,100.0
i n t e ɾ p o n ˈe ɾ,V;IND;PRS;1;SG,211,220,95.91
i n t e ɾ p o n ˈe ɾ,V;IND;PRS;2;PL,220,220,100.0
i n t e ɾ p o n ˈe ɾ,V;IND;PRS;2;SG,220,220,100.0
i n t e ɾ p o n ˈe ɾ,V;IND;PRS;3;PL,220,220,100.0
i n t e ɾ p o n ˈe ɾ,V;IND;PRS;3;SG,220,220,100.0
i n t e ɾ p o n ˈe ɾ,V;SBJV;PRS;1;PL,220,220,100.0
i n t e ɾ p o n ˈe ɾ,V;SBJV;PRS;1;SG,219,220,99.55
i n t e ɾ p o n ˈe ɾ,V;SBJV;PRS;2;PL,220,220,100.0
i n t e ɾ p o n ˈe ɾ,V;SBJV;PRS;2;SG,219,220,99.55
i n t e ɾ p o n ˈe ɾ,V;SBJV;PRS;3;PL,219,220,99.55
i n t e ɾ p o n ˈe ɾ,V;SBJV;PRS;3;SG,219,220,99.55
k a ɾ e s ˈe ɾ,V;IND;PRS;1;PL,440,440,100.0
k a ɾ e s ˈe ɾ,V;IND;PRS;1;SG,440,440,100.0
k a ɾ e s ˈe ɾ,V;IND;PRS;2;PL,440,440,100.0
k a ɾ e s ˈe ɾ,V;IND;PRS;2;SG,440,440,100.0
k a ɾ e s ˈe ɾ,V;IND;PRS;3;PL,440,440,100.0
k a ɾ e s ˈe ɾ,V;IND;PRS;3;SG,440,440,100.0
k a ɾ e s ˈe ɾ,V;SBJV;PRS;1;PL,440,440,100.0
k a ɾ e s ˈe ɾ,V;SBJV;PRS;1;SG,440,440,100.0
k a ɾ e s ˈe ɾ,V;SBJV;PRS;2;PL,440,440,100.0
k a ɾ e s ˈe ɾ,V;SBJV;PRS;2;SG,440,440,100.0
k a ɾ e s ˈe ɾ,V;SBJV;PRS;3;PL,440,440,100.0
k a ɾ e s ˈe ɾ,V;SBJV;PRS;3;SG,440,440,100.0
k a ˈe ɾ,V;IND;PRS;1;PL,220,220,100.0
k a ˈe ɾ,V;IND;PRS;1;SG,220,220,100.0
k a ˈe ɾ,V;IND;PRS;2;PL,220,220,100.0
k a ˈe ɾ,V;IND;PRS;2;SG,220,220,100.0
k a ˈe ɾ,V;IND;PRS;3;PL,220,220,100.0
k a ˈe ɾ,V;IND;PRS;3;SG,219,220,99.55
k a ˈe ɾ,V;SBJV;PRS;1;PL,219,220,99.55
k a ˈe ɾ,V;SBJV;PRS;1;SG,220,220,100.0
k a ˈe ɾ,V;SBJV;PRS;2;PL,218,220,99.09
k a ˈe ɾ,V;SBJV;PRS;2;SG,220,220,100.0
k a ˈe ɾ,V;SBJV;PRS;3;PL,220,220,100.0
k a ˈe ɾ,V;SBJV;PRS;3;SG,220,220,100.0
k o d i ɾ i ç ˈi ɾ,V;IND;PRS;1;PL,433,440,98.41
k o d i ɾ i ç ˈi ɾ,V;IND;PRS;1;SG,439,440,99.77
k o d i ɾ i ç ˈi ɾ,V;IND;PRS;2;PL,440,440,100.0
k o d i ɾ i ç ˈi ɾ,V;IND;PRS;2;SG,432,440,98.18
k o d i ɾ i ç ˈi ɾ,V;IND;PRS;3;PL,424,440,96.36
k o d i ɾ i ç ˈi ɾ,V;IND;PRS;3;SG,436,440,99.09
k o d i ɾ i ç ˈi ɾ,V;SBJV;PRS;1;PL,440,440,100.0
k o d i ɾ i ç ˈi ɾ,V;SBJV;PRS;1;SG,438,440,99.55
k o d i ɾ i ç ˈi ɾ,V;SBJV;PRS;2;PL,440,440,100.0
k o d i ɾ i ç ˈi ɾ,V;SBJV;PRS;2;SG,436,440,99.09
k o d i ɾ i ç ˈi ɾ,V;SBJV;PRS;3;PL,438,440,99.55
k o d i ɾ i ç ˈi ɾ,V;SBJV;PRS;3;SG,438,440,99.55
k o l e ç ˈi ɾ,V;IND;PRS;1;PL,427,440,97.05
k o l e ç ˈi ɾ,V;IND;PRS;1;SG,440,440,100.0
k o l e ç ˈi ɾ,V;IND;PRS;2;PL,412,440,93.64
k o l e ç ˈi ɾ,V;IND;PRS;2;SG,440,440,100.0
k o l e ç ˈi ɾ,V;IND;PRS;3;PL,440,440,100.0
k o l e ç ˈi ɾ,V;IND;PRS;3;SG,440,440,100.0
k o l e ç ˈi ɾ,V;SBJV;PRS;1;PL,440,440,100.0
k o l e ç ˈi ɾ,V;SBJV;PRS;1;SG,440,440,100.0
k o l e ç ˈi ɾ,V;SBJV;PRS;2;PL,440,440,100.0
k o l e ç ˈi ɾ,V;SBJV;PRS;2;SG,440,440,100.0
k o l e ç ˈi ɾ,V;SBJV;PRS;3;PL,440,440,100.0
k o l e ç ˈi ɾ,V;SBJV;PRS;3;SG,440,440,100.0
k o m p a d e s ˈe ɾ,V;IND;PRS;1;PL,140,220,63.64
k o m p a d e s ˈe ɾ,V;IND;PRS;1;SG,191,220,86.82
k o m p a d e s ˈe ɾ,V;IND;PRS;2;PL,144,220,65.45
k o m p a d e s ˈe ɾ,V;IND;PRS;2;SG,157,220,71.36
k o m p a d e s ˈe ɾ,V;IND;PRS;3;PL,154,220,70.0
k o m p a d e s ˈe ɾ,V;IND;PRS;3;SG,167,220,75.91
k o m p a d e s ˈe ɾ,V;SBJV;PRS;1;PL,160,220,72.73
k o m p a d e s ˈe ɾ,V;SBJV;PRS;1;SG,179,220,81.36
k o m p a d e s ˈe ɾ,V;SBJV;PRS;2;PL,151,220,68.64
k o m p a d e s ˈe ɾ,V;SBJV;PRS;2;SG,169,220,76.82
k o m p a d e s ˈe ɾ,V;SBJV;PRS;3;PL,157,220,71.36
k o m p a d e s ˈe ɾ,V;SBJV;PRS;3;SG,178,220,80.91
k o m p a ɾ e s ˈe ɾ,V;IND;PRS;1;PL,220,220,100.0
k o m p a ɾ e s ˈe ɾ,V;IND;PRS;1;SG,220,220,100.0
k o m p a ɾ e s ˈe ɾ,V;IND;PRS;2;PL,220,220,100.0
k o m p a ɾ e s ˈe ɾ,V;IND;PRS;2;SG,220,220,100.0
k o m p a ɾ e s ˈe ɾ,V;IND;PRS;3;PL,220,220,100.0
k o m p a ɾ e s ˈe ɾ,V;IND;PRS;3;SG,220,220,100.0
k o m p a ɾ e s ˈe ɾ,V;SBJV;PRS;1;PL,220,220,100.0
k o m p a ɾ e s ˈe ɾ,V;SBJV;PRS;1;SG,220,220,100.0
k o m p a ɾ e s ˈe ɾ,V;SBJV;PRS;2;PL,220,220,100.0
k o m p a ɾ e s ˈe ɾ,V;SBJV;PRS;2;SG,220,220,100.0
k o m p a ɾ e s ˈe ɾ,V;SBJV;PRS;3;PL,220,220,100.0
k o m p a ɾ e s ˈe ɾ,V;SBJV;PRS;3;SG,220,220,100.0
k o m p o n ˈe ɾ,V;IND;PRS;1;PL,220,220,100.0
k o m p o n ˈe ɾ,V;IND;PRS;1;SG,220,220,100.0
k o m p o n ˈe ɾ,V;IND;PRS;2;PL,220,220,100.0
k o m p o n ˈe ɾ,V;IND;PRS;2;SG,220,220,100.0
k o m p o n ˈe ɾ,V;IND;PRS;3;PL,220,220,100.0
k o m p o n ˈe ɾ,V;IND;PRS;3;SG,220,220,100.0
k o m p o n ˈe ɾ,V;SBJV;PRS;1;PL,220,220,100.0
k o m p o n ˈe ɾ,V;SBJV;PRS;1;SG,220,220,100.0
k o m p o n ˈe ɾ,V;SBJV;PRS;2;PL,220,220,100.0
k o m p o n ˈe ɾ,V;SBJV;PRS;2;SG,220,220,100.0
k o m p o n ˈe ɾ,V;SBJV;PRS;3;PL,220,220,100.0
k o m p o n ˈe ɾ,V;SBJV;PRS;3;SG,220,220,100.0
k o m p u n ç ˈi ɾ,V;IND;PRS;1;PL,440,440,100.0
k o m p u n ç ˈi ɾ,V;IND;PRS;1;SG,440,440,100.0
k o m p u n ç ˈi ɾ,V;IND;PRS;2;PL,440,440,100.0
k o m p u n ç ˈi ɾ,V;IND;PRS;2;SG,440,440,100.0
k o m p u n ç ˈi ɾ,V;IND;PRS;3;PL,440,440,100.0
k o m p u n ç ˈi ɾ,V;IND;PRS;3;SG,440,440,100.0
k o m p u n ç ˈi ɾ,V;SBJV;PRS;1;PL,440,440,100.0
k o m p u n ç ˈi ɾ,V;SBJV;PRS;1;SG,436,440,99.09
k o m p u n ç ˈi ɾ,V;SBJV;PRS;2;PL,440,440,100.0
k o m p u n ç ˈi ɾ,V;SBJV;PRS;2;SG,438,440,99.55
k o m p u n ç ˈi ɾ,V;SBJV;PRS;3;PL,440,440,100.0
k o m p u n ç ˈi ɾ,V;SBJV;PRS;3;SG,436,440,99.09
k o n b e n s ˈe ɾ,V;IND;PRS;1;PL,369,660,55.91
k o n b e n s ˈe ɾ,V;IND;PRS;1;SG,382,660,57.88
k o n b e n s ˈe ɾ,V;IND;PRS;2;PL,344,660,52.12
k o n b e n s ˈe ɾ,V;IND;PRS;2;SG,265,660,40.15
k o n b e n s ˈe ɾ,V;IND;PRS;3;PL,270,660,40.91
k o n b e n s ˈe ɾ,V;IND;PRS;3;SG,283,660,42.88
k o n b e n s ˈe ɾ,V;SBJV;PRS;1;PL,307,660,46.52
k o n b e n s ˈe ɾ,V;SBJV;PRS;1;SG,386,660,58.48
k o n b e n s ˈe ɾ,V;SBJV;PRS;2;PL,308,660,46.67
k o n b e n s ˈe ɾ,V;SBJV;PRS;2;SG,389,660,58.94
k o n b e n s ˈe ɾ,V;SBJV;PRS;3;PL,371,660,56.21
k o n b e n s ˈe ɾ,V;SBJV;PRS;3;SG,389,660,58.94
k o n b e ɾ ç ˈe ɾ,V;IND;PRS;2;PL,214,220,97.27
k o n b e ɾ ç ˈi ɾ,V;IND;PRS;1;PL,220,220,100.0
k o n b e ɾ ç ˈi ɾ,V;IND;PRS;1;SG,220,220,100.0
k o n b e ɾ ç ˈi ɾ,V;IND;PRS;2;SG,220,220,100.0
k o n b e ɾ ç ˈi ɾ,V;IND;PRS;3;PL,220,220,100.0
k o n b e ɾ ç ˈi ɾ,V;IND;PRS;3;SG,220,220,100.0
k o n b e ɾ ç ˈi ɾ,V;SBJV;PRS;1;PL,220,220,100.0
k o n b e ɾ ç ˈi ɾ,V;SBJV;PRS;1;SG,220,220,100.0
k o n b e ɾ ç ˈi ɾ,V;SBJV;PRS;2;PL,208,220,94.55
k o n b e ɾ ç ˈi ɾ,V;SBJV;PRS;2;SG,220,220,100.0
k o n b e ɾ ç ˈi ɾ,V;SBJV;PRS;3;PL,220,220,100.0
k o n b e ɾ ç ˈi ɾ,V;SBJV;PRS;3;SG,220,220,100.0
k o n d e s ˈi ɾ,V;IND;PRS;1;PL,219,220,99.55
k o n d e s ˈi ɾ,V;IND;PRS;1;SG,220,220,100.0
k o n d e s ˈi ɾ,V;IND;PRS;2;PL,220,220,100.0
k o n d e s ˈi ɾ,V;IND;PRS;2;SG,220,220,100.0
k o n d e s ˈi ɾ,V;IND;PRS;3;PL,220,220,100.0
k o n d e s ˈi ɾ,V;IND;PRS;3;SG,220,220,100.0
k o n d e s ˈi ɾ,V;SBJV;PRS;1;PL,217,220,98.64
k o n d e s ˈi ɾ,V;SBJV;PRS;1;SG,220,220,100.0
k o n d e s ˈi ɾ,V;SBJV;PRS;2;PL,219,220,99.55
k o n d e s ˈi ɾ,V;SBJV;PRS;2;SG,220,220,100.0
k o n d e s ˈi ɾ,V;SBJV;PRS;3;PL,220,220,100.0
k o n d e s ˈi ɾ,V;SBJV;PRS;3;SG,220,220,100.0
k o n d u s ˈi ɾ,V;IND;PRS;1;PL,220,220,100.0
k o n d u s ˈi ɾ,V;IND;PRS;1;SG,220,220,100.0
k o n d u s ˈi ɾ,V;IND;PRS;2;PL,220,220,100.0
k o n d u s ˈi ɾ,V;IND;PRS;2;SG,220,220,100.0
k o n d u s ˈi ɾ,V;IND;PRS;3;PL,220,220,100.0
k o n d u s ˈi ɾ,V;IND;PRS;3;SG,220,220,100.0
k o n d u s ˈi ɾ,V;SBJV;PRS;1;PL,220,220,100.0
k o n d u s ˈi ɾ,V;SBJV;PRS;1;SG,220,220,100.0
k o n d u s ˈi ɾ,V;SBJV;PRS;2;PL,220,220,100.0
k o n d u s ˈi ɾ,V;SBJV;PRS;2;SG,220,220,100.0
k o n d u s ˈi ɾ,V;SBJV;PRS;3;PL,220,220,100.0
k o n d u s ˈi ɾ,V;SBJV;PRS;3;SG,220,220,100.0
k o n f l i ç ˈi ɾ,V;IND;PRS;1;PL,220,220,100.0
k o n f l i ç ˈi ɾ,V;IND;PRS;1;SG,220,220,100.0
k o n f l i ç ˈi ɾ,V;IND;PRS;2;PL,220,220,100.0
k o n f l i ç ˈi ɾ,V;IND;PRS;2;SG,220,220,100.0
k o n f l i ç ˈi ɾ,V;IND;PRS;3;PL,220,220,100.0
k o n f l i ç ˈi ɾ,V;IND;PRS;3;SG,220,220,100.0
k o n f l i ç ˈi ɾ,V;SBJV;PRS;1;PL,220,220,100.0
k o n f l i ç ˈi ɾ,V;SBJV;PRS;1;SG,220,220,100.0
k o n f l i ç ˈi ɾ,V;SBJV;PRS;2;PL,220,220,100.0
k o n f l i ç ˈi ɾ,V;SBJV;PRS;2;SG,220,220,100.0
k o n f l i ç ˈi ɾ,V;SBJV;PRS;3;PL,220,220,100.0
k o n f l i ç ˈi ɾ,V;SBJV;PRS;3;SG,220,220,100.0
k o n o s ˈe ɾ,V;IND;PRS;1;PL,280,440,63.64
k o n o s ˈe ɾ,V;IND;PRS;1;SG,269,440,61.14
k o n o s ˈe ɾ,V;IND;PRS;2;PL,283,440,64.32
k o n o s ˈe ɾ,V;IND;PRS;2;SG,269,440,61.14
k o n o s ˈe ɾ,V;IND;PRS;3;PL,268,440,60.91
k o n o s ˈe ɾ,V;IND;PRS;3;SG,262,440,59.55
k o n o s ˈe ɾ,V;SBJV;PRS;1;PL,317,440,72.05
k o n o s ˈe ɾ,V;SBJV;PRS;1;SG,283,440,64.32
k o n o s ˈe ɾ,V;SBJV;PRS;2;PL,277,440,62.95
k o n o s ˈe ɾ,V;SBJV;PRS;2;SG,277,440,62.95
k o n o s ˈe ɾ,V;SBJV;PRS;3;PL,281,440,63.86
k o n o s ˈe ɾ,V;SBJV;PRS;3;SG,285,440,64.77
k o n t e n ˈe ɾ,V;IND;PRS;1;PL,220,220,100.0
k o n t e n ˈe ɾ,V;IND;PRS;1;SG,220,220,100.0
k o n t e n ˈe ɾ,V;IND;PRS;2;PL,220,220,100.0
k o n t e n ˈe ɾ,V;IND;PRS;2;SG,220,220,100.0
k o n t e n ˈe ɾ,V;IND;PRS;3;PL,220,220,100.0
k o n t e n ˈe ɾ,V;IND;PRS;3;SG,220,220,100.0
k o n t e n ˈe ɾ,V;SBJV;PRS;1;PL,220,220,100.0
k o n t e n ˈe ɾ,V;SBJV;PRS;1;SG,220,220,100.0
k o n t e n ˈe ɾ,V;SBJV;PRS;2;PL,220,220,100.0
k o n t e n ˈe ɾ,V;SBJV;PRS;2;SG,220,220,100.0
k o n t e n ˈe ɾ,V;SBJV;PRS;3;PL,220,220,100.0
k o n t e n ˈe ɾ,V;SBJV;PRS;3;SG,220,220,100.0
k o n t ɾ a a s ˈe ɾ,V;IND;PRS;1;PL,220,660,33.33
k o n t ɾ a a s ˈe ɾ,V;IND;PRS;1;SG,220,660,33.33
k o n t ɾ a a s ˈe ɾ,V;IND;PRS;2;PL,220,660,33.33
k o n t ɾ a a s ˈe ɾ,V;IND;PRS;2;SG,229,660,34.7
k o n t ɾ a a s ˈe ɾ,V;IND;PRS;3;PL,233,660,35.3
k o n t ɾ a a s ˈe ɾ,V;IND;PRS;3;SG,234,660,35.45
k o n t ɾ a a s ˈe ɾ,V;SBJV;PRS;1;PL,220,660,33.33
k o n t ɾ a a s ˈe ɾ,V;SBJV;PRS;1;SG,220,660,33.33
k o n t ɾ a a s ˈe ɾ,V;SBJV;PRS;2;PL,220,660,33.33
k o n t ɾ a a s ˈe ɾ,V;SBJV;PRS;2;SG,220,660,33.33
k o n t ɾ a a s ˈe ɾ,V;SBJV;PRS;3;PL,220,660,33.33
k o n t ɾ a a s ˈe ɾ,V;SBJV;PRS;3;SG,220,660,33.33
k o n t ɾ a d e s ˈi ɾ,V;IND;PRS;1;PL,183,220,83.18
k o n t ɾ a d e s ˈi ɾ,V;IND;PRS;1;SG,173,220,78.64
k o n t ɾ a d e s ˈi ɾ,V;IND;PRS;2;PL,186,220,84.55
k o n t ɾ a d e s ˈi ɾ,V;IND;PRS;2;SG,168,220,76.36
k o n t ɾ a d e s ˈi ɾ,V;IND;PRS;3;PL,173,220,78.64
k o n t ɾ a d e s ˈi ɾ,V;IND;PRS;3;SG,170,220,77.27
k o n t ɾ a d e s ˈi ɾ,V;SBJV;PRS;1;PL,153,220,69.55
k o n t ɾ a d e s ˈi ɾ,V;SBJV;PRS;1;SG,173,220,78.64
k o n t ɾ a d e s ˈi ɾ,V;SBJV;PRS;2;PL,154,220,70.0
k o n t ɾ a d e s ˈi ɾ,V;SBJV;PRS;2;SG,172,220,78.18
k o n t ɾ a d e s ˈi ɾ,V;SBJV;PRS;3;PL,169,220,76.82
k o n t ɾ a d e s ˈi ɾ,V;SBJV;PRS;3;SG,171,220,77.73
k o n t ɾ a ˈe ɾ,V;IND;PRS;1;PL,220,220,100.0
k o n t ɾ a ˈe ɾ,V;IND;PRS;1;SG,220,220,100.0
k o n t ɾ a ˈe ɾ,V;IND;PRS;2;PL,220,220,100.0
k o n t ɾ a ˈe ɾ,V;IND;PRS;2;SG,220,220,100.0
k o n t ɾ a ˈe ɾ,V;IND;PRS;3;PL,220,220,100.0
k o n t ɾ a ˈe ɾ,V;IND;PRS;3;SG,220,220,100.0
k o n t ɾ a ˈe ɾ,V;SBJV;PRS;1;PL,220,220,100.0
k o n t ɾ a ˈe ɾ,V;SBJV;PRS;1;SG,220,220,100.0
k o n t ɾ a ˈe ɾ,V;SBJV;PRS;2;PL,219,220,99.55
k o n t ɾ a ˈe ɾ,V;SBJV;PRS;2;SG,220,220,100.0
k o n t ɾ a ˈe ɾ,V;SBJV;PRS;3;PL,220,220,100.0
k o n t ɾ a ˈe ɾ,V;SBJV;PRS;3;SG,220,220,100.0
k o p ɾ o d u s ˈi ɾ,V;IND;PRS;1;PL,605,660,91.67
k o p ɾ o d u s ˈi ɾ,V;IND;PRS;1;SG,579,660,87.73
k o p ɾ o d u s ˈi ɾ,V;IND;PRS;2;PL,605,660,91.67
k o p ɾ o d u s ˈi ɾ,V;IND;PRS;2;SG,605,660,91.67
k o p ɾ o d u s ˈi ɾ,V;IND;PRS;3;PL,605,660,91.67
k o p ɾ o d u s ˈi ɾ,V;IND;PRS;3;SG,605,660,91.67
k o p ɾ o d u s ˈi ɾ,V;SBJV;PRS;1;PL,603,660,91.36
k o p ɾ o d u s ˈi ɾ,V;SBJV;PRS;1;SG,604,660,91.52
k o p ɾ o d u s ˈi ɾ,V;SBJV;PRS;2;PL,605,660,91.67
k o p ɾ o d u s ˈi ɾ,V;SBJV;PRS;2;SG,604,660,91.52
k o p ɾ o d u s ˈi ɾ,V;SBJV;PRS;3;PL,605,660,91.67
k o p ɾ o d u s ˈi ɾ,V;SBJV;PRS;3;SG,606,660,91.82
k o r e ç ˈi ɾ,V;IND;PRS;1;PL,85,220,38.64
k o r e ç ˈi ɾ,V;IND;PRS;1;SG,144,220,65.45
k o r e ç ˈi ɾ,V;IND;PRS;2;PL,85,220,38.64
k o r e ç ˈi ɾ,V;IND;PRS;2;SG,144,220,65.45
k o r e ç ˈi ɾ,V;IND;PRS;3;PL,144,220,65.45
k o r e ç ˈi ɾ,V;IND;PRS;3;SG,144,220,65.45
k o r e ç ˈi ɾ,V;SBJV;PRS;1;PL,155,220,70.45
k o r e ç ˈi ɾ,V;SBJV;PRS;1;SG,144,220,65.45
k o r e ç ˈi ɾ,V;SBJV;PRS;2;PL,146,220,66.36
k o r e ç ˈi ɾ,V;SBJV;PRS;2;SG,144,220,65.45
k o r e ç ˈi ɾ,V;SBJV;PRS;3;PL,144,220,65.45
k o r e ç ˈi ɾ,V;SBJV;PRS;3;SG,144,220,65.45
k o ç ˈe ɾ,V;IND;PRS;1;PL,220,220,100.0
k o ç ˈe ɾ,V;IND;PRS;1;SG,220,220,100.0
k o ç ˈe ɾ,V;IND;PRS;2;PL,220,220,100.0
k o ç ˈe ɾ,V;IND;PRS;2;SG,220,220,100.0
k o ç ˈe ɾ,V;IND;PRS;3;PL,220,220,100.0
k o ç ˈe ɾ,V;IND;PRS;3;SG,220,220,100.0
k o ç ˈe ɾ,V;SBJV;PRS;1;PL,220,220,100.0
k o ç ˈe ɾ,V;SBJV;PRS;1;SG,220,220,100.0
k o ç ˈe ɾ,V;SBJV;PRS;2;PL,220,220,100.0
k o ç ˈe ɾ,V;SBJV;PRS;2;SG,220,220,100.0
k o ç ˈe ɾ,V;SBJV;PRS;3;PL,220,220,100.0
k o ç ˈe ɾ,V;SBJV;PRS;3;SG,220,220,100.0
l a n ɡ i d e s ˈe ɾ,V;IND;PRS;1;PL,435,440,98.86
l a n ɡ i d e s ˈe ɾ,V;IND;PRS;1;SG,399,440,90.68
l a n ɡ i d e s ˈe ɾ,V;IND;PRS;2;PL,423,440,96.14
l a n ɡ i d e s ˈe ɾ,V;IND;PRS;2;SG,438,440,99.55
l a n ɡ i d e s ˈe ɾ,V;IND;PRS;3;PL,435,440,98.86
l a n ɡ i d e s ˈe ɾ,V;IND;PRS;3;SG,438,440,99.55
l a n ɡ i d e s ˈe ɾ,V;SBJV;PRS;1;PL,384,440,87.27
l a n ɡ i d e s ˈe ɾ,V;SBJV;PRS;1;SG,431,440,97.95
l a n ɡ i d e s ˈe ɾ,V;SBJV;PRS;2;PL,405,440,92.05
l a n ɡ i d e s ˈe ɾ,V;SBJV;PRS;2;SG,435,440,98.86
l a n ɡ i d e s ˈe ɾ,V;SBJV;PRS;3;PL,434,440,98.64
l a n ɡ i d e s ˈe ɾ,V;SBJV;PRS;3;SG,435,440,98.86
l u s ˈi ɾ,V;IND;PRS;1;PL,219,220,99.55
l u s ˈi ɾ,V;IND;PRS;1;SG,211,220,95.91
l u s ˈi ɾ,V;IND;PRS;2;PL,219,220,99.55
l u s ˈi ɾ,V;IND;PRS;2;SG,220,220,100.0
l u s ˈi ɾ,V;IND;PRS;3;PL,220,220,100.0
l u s ˈi ɾ,V;IND;PRS;3;SG,220,220,100.0
l u s ˈi ɾ,V;SBJV;PRS;1;PL,220,220,100.0
l u s ˈi ɾ,V;SBJV;PRS;1;SG,217,220,98.64
l u s ˈi ɾ,V;SBJV;PRS;2;PL,220,220,100.0
l u s ˈi ɾ,V;SBJV;PRS;2;SG,212,220,96.36
l u s ˈi ɾ,V;SBJV;PRS;3;PL,215,220,97.73
l u s ˈi ɾ,V;SBJV;PRS;3;SG,217,220,98.64
m a l d e s ˈi ɾ,V;IND;PRS;1;PL,234,660,35.45
m a l d e s ˈi ɾ,V;IND;PRS;1;SG,434,660,65.76
m a l d e s ˈi ɾ,V;IND;PRS;2;PL,245,660,37.12
m a l d e s ˈi ɾ,V;IND;PRS;2;SG,521,660,78.94
m a l d e s ˈi ɾ,V;IND;PRS;3;PL,538,660,81.52
m a l d e s ˈi ɾ,V;IND;PRS;3;SG,525,660,79.55
m a l d e s ˈi ɾ,V;SBJV;PRS;1;PL,426,660,64.55
m a l d e s ˈi ɾ,V;SBJV;PRS;1;SG,431,660,65.3
m a l d e s ˈi ɾ,V;SBJV;PRS;2;PL,355,660,53.79
m a l d e s ˈi ɾ,V;SBJV;PRS;2;SG,429,660,65.0
m a l d e s ˈi ɾ,V;SBJV;PRS;3;PL,435,660,65.91
m a l d e s ˈi ɾ,V;SBJV;PRS;3;SG,432,660,65.45
m a n t e n ˈe ɾ,V;IND;PRS;1;PL,220,220,100.0
m a n t e n ˈe ɾ,V;IND;PRS;1;SG,213,220,96.82
m a n t e n ˈe ɾ,V;IND;PRS;2;PL,220,220,100.0
m a n t e n ˈe ɾ,V;IND;PRS;2;SG,218,220,99.09
m a n t e n ˈe ɾ,V;IND;PRS;3;PL,216,220,98.18
m a n t e n ˈe ɾ,V;IND;PRS;3;SG,218,220,99.09
m a n t e n ˈe ɾ,V;SBJV;PRS;1;PL,219,220,99.55
m a n t e n ˈe ɾ,V;SBJV;PRS;1;SG,216,220,98.18
m a n t e n ˈe ɾ,V;SBJV;PRS;2;PL,219,220,99.55
m a n t e n ˈe ɾ,V;SBJV;PRS;2;SG,217,220,98.64
m a n t e n ˈe ɾ,V;SBJV;PRS;3;PL,217,220,98.64
m a n t e n ˈe ɾ,V;SBJV;PRS;3;SG,216,220,98.18
m e ɾ e s ˈe ɾ,V;IND;PRS;1;PL,85,220,38.64
m e ɾ e s ˈe ɾ,V;IND;PRS;1;SG,106,220,48.18
m e ɾ e s ˈe ɾ,V;IND;PRS;2;PL,79,220,35.91
m e ɾ e s ˈe ɾ,V;IND;PRS;2;SG,114,220,51.82
m e ɾ e s ˈe ɾ,V;IND;PRS;3;PL,108,220,49.09
m e ɾ e s ˈe ɾ,V;IND;PRS;3;SG,94,220,42.73
m e ɾ e s ˈe ɾ,V;SBJV;PRS;1;PL,124,220,56.36
m e ɾ e s ˈe ɾ,V;SBJV;PRS;1;SG,124,220,56.36
m e ɾ e s ˈe ɾ,V;SBJV;PRS;2;PL,129,220,58.64
m e ɾ e s ˈe ɾ,V;SBJV;PRS;2;SG,124,220,56.36
m e ɾ e s ˈe ɾ,V;SBJV;PRS;3;PL,132,220,60.0
m e ɾ e s ˈe ɾ,V;SBJV;PRS;3;SG,125,220,56.82
m u l s ˈe ɾ,V;IND;PRS;1;PL,440,440,100.0
m u l s ˈe ɾ,V;IND;PRS;1;SG,436,440,99.09
m u l s ˈe ɾ,V;IND;PRS;2;PL,440,440,100.0
m u l s ˈe ɾ,V;IND;PRS;2;SG,440,440,100.0
m u l s ˈe ɾ,V;IND;PRS;3;PL,440,440,100.0
m u l s ˈe ɾ,V;IND;PRS;3;SG,440,440,100.0
m u l s ˈe ɾ,V;SBJV;PRS;1;PL,440,440,100.0
m u l s ˈe ɾ,V;SBJV;PRS;1;SG,440,440,100.0
m u l s ˈe ɾ,V;SBJV;PRS;2;PL,440,440,100.0
m u l s ˈe ɾ,V;SBJV;PRS;2;SG,440,440,100.0
m u l s ˈe ɾ,V;SBJV;PRS;3;PL,440,440,100.0
m u l s ˈe ɾ,V;SBJV;PRS;3;SG,440,440,100.0
m u l ç ˈe ɾ,V;IND;PRS;1;PL,494,660,74.85
m u l ç ˈe ɾ,V;IND;PRS;1;SG,495,660,75.0
m u l ç ˈe ɾ,V;IND;PRS;2;PL,495,660,75.0
m u l ç ˈe ɾ,V;IND;PRS;2;SG,524,660,79.39
m u l ç ˈe ɾ,V;IND;PRS;3;PL,523,660,79.24
m u l ç ˈe ɾ,V;IND;PRS;3;SG,526,660,79.7
m u l ç ˈe ɾ,V;SBJV;PRS;1;PL,495,660,75.0
m u l ç ˈe ɾ,V;SBJV;PRS;1;SG,544,660,82.42
m u l ç ˈe ɾ,V;SBJV;PRS;2;PL,496,660,75.15
m u l ç ˈe ɾ,V;SBJV;PRS;2;SG,547,660,82.88
m u l ç ˈe ɾ,V;SBJV;PRS;3;PL,549,660,83.18
m u l ç ˈe ɾ,V;SBJV;PRS;3;SG,543,660,82.27
n a s ˈe ɾ,V;IND;PRS;1;PL,213,220,96.82
n a s ˈe ɾ,V;IND;PRS;1;SG,211,220,95.91
n a s ˈe ɾ,V;IND;PRS;2;PL,213,220,96.82
n a s ˈe ɾ,V;IND;PRS;2;SG,216,220,98.18
n a s ˈe ɾ,V;IND;PRS;3;PL,214,220,97.27
n a s ˈe ɾ,V;IND;PRS;3;SG,213,220,96.82
n a s ˈe ɾ,V;SBJV;PRS;1;PL,212,220,96.36
n a s ˈe ɾ,V;SBJV;PRS;1;SG,220,220,100.0
n a s ˈe ɾ,V;SBJV;PRS;2;PL,204,220,92.73
n a s ˈe ɾ,V;SBJV;PRS;2;SG,218,220,99.09
n a s ˈe ɾ,V;SBJV;PRS;3;PL,213,220,96.82
n a s ˈe ɾ,V;SBJV;PRS;3;SG,220,220,100.0
o b s k u ɾ e s ˈe ɾ,V;IND;PRS;1;PL,220,220,100.0
o b s k u ɾ e s ˈe ɾ,V;IND;PRS;1;SG,210,220,95.45
o b s k u ɾ e s ˈe ɾ,V;IND;PRS;2;PL,220,220,100.0
o b s k u ɾ e s ˈe ɾ,V;IND;PRS;2;SG,220,220,100.0
o b s k u ɾ e s ˈe ɾ,V;IND;PRS;3;PL,220,220,100.0
o b s k u ɾ e s ˈe ɾ,V;IND;PRS;3;SG,220,220,100.0
o b s k u ɾ e s ˈe ɾ,V;SBJV;PRS;1;PL,220,220,100.0
o b s k u ɾ e s ˈe ɾ,V;SBJV;PRS;1;SG,220,220,100.0
o b s k u ɾ e s ˈe ɾ,V;SBJV;PRS;2;PL,220,220,100.0
o b s k u ɾ e s ˈe ɾ,V;SBJV;PRS;2;SG,217,220,98.64
o b s k u ɾ e s ˈe ɾ,V;SBJV;PRS;3;PL,220,220,100.0
o b s k u ɾ e s ˈe ɾ,V;SBJV;PRS;3;SG,220,220,100.0
o b t e n ˈe ɾ,V;IND;PRS;1;PL,532,660,80.61
o b t e n ˈe ɾ,V;IND;PRS;1;SG,587,660,88.94
o b t e n ˈe ɾ,V;IND;PRS;2;PL,534,660,80.91
o b t e n ˈe ɾ,V;IND;PRS;2;SG,237,660,35.91
o b t e n ˈe ɾ,V;IND;PRS;3;PL,238,660,36.06
o b t e n ˈe ɾ,V;IND;PRS;3;SG,237,660,35.91
o b t e n ˈe ɾ,V;SBJV;PRS;1;PL,586,660,88.79
o b t e n ˈe ɾ,V;SBJV;PRS;1;SG,587,660,88.94
o b t e n ˈe ɾ,V;SBJV;PRS;2;PL,590,660,89.39
o b t e n ˈe ɾ,V;SBJV;PRS;2;SG,586,660,88.79
o b t e n ˈe ɾ,V;SBJV;PRS;3;PL,586,660,88.79
o b t e n ˈe ɾ,V;SBJV;PRS;3;SG,587,660,88.94
o f ɾ e s ˈe ɾ,V;IND;PRS;1;PL,398,440,90.45
o f ɾ e s ˈe ɾ,V;IND;PRS;1;SG,427,440,97.05
o f ɾ e s ˈe ɾ,V;IND;PRS;2;PL,397,440,90.23
o f ɾ e s ˈe ɾ,V;IND;PRS;2;SG,345,440,78.41
o f ɾ e s ˈe ɾ,V;IND;PRS;3;PL,353,440,80.23
o f ɾ e s ˈe ɾ,V;IND;PRS;3;SG,346,440,78.64
o f ɾ e s ˈe ɾ,V;SBJV;PRS;1;PL,435,440,98.86
o f ɾ e s ˈe ɾ,V;SBJV;PRS;1;SG,425,440,96.59
o f ɾ e s ˈe ɾ,V;SBJV;PRS;2;PL,410,440,93.18
o f ɾ e s ˈe ɾ,V;SBJV;PRS;2;SG,423,440,96.14
o f ɾ e s ˈe ɾ,V;SBJV;PRS;3;PL,425,440,96.59
o f ɾ e s ˈe ɾ,V;SBJV;PRS;3;SG,423,440,96.14
o p o n ˈe ɾ,V;IND;PRS;1;PL,433,440,98.41
o p o n ˈe ɾ,V;IND;PRS;1;SG,434,440,98.64
o p o n ˈe ɾ,V;IND;PRS;2;PL,425,440,96.59
o p o n ˈe ɾ,V;IND;PRS;2;SG,428,440,97.27
o p o n ˈe ɾ,V;IND;PRS;3;PL,429,440,97.5
o p o n ˈe ɾ,V;IND;PRS;3;SG,427,440,97.05
o p o n ˈe ɾ,V;SBJV;PRS;1;PL,430,440,97.73
o p o n ˈe ɾ,V;SBJV;PRS;1;SG,426,440,96.82
o p o n ˈe ɾ,V;SBJV;PRS;2;PL,429,440,97.5
o p o n ˈe ɾ,V;SBJV;PRS;2;SG,427,440,97.05
o p o n ˈe ɾ,V;SBJV;PRS;3;PL,427,440,97.05
o p o n ˈe ɾ,V;SBJV;PRS;3;SG,428,440,97.27
o s k u ɾ e s ˈe ɾ,V;IND;PRS;1;PL,220,220,100.0
o s k u ɾ e s ˈe ɾ,V;IND;PRS;1;SG,220,220,100.0
o s k u ɾ e s ˈe ɾ,V;IND;PRS;2;PL,220,220,100.0
o s k u ɾ e s ˈe ɾ,V;IND;PRS;2;SG,220,220,100.0
o s k u ɾ e s ˈe ɾ,V;IND;PRS;3;PL,220,220,100.0
o s k u ɾ e s ˈe ɾ,V;IND;PRS;3;SG,220,220,100.0
o s k u ɾ e s ˈe ɾ,V;SBJV;PRS;1;PL,220,220,100.0
o s k u ɾ e s ˈe ɾ,V;SBJV;PRS;1;SG,220,220,100.0
o s k u ɾ e s ˈe ɾ,V;SBJV;PRS;2;PL,220,220,100.0
o s k u ɾ e s ˈe ɾ,V;SBJV;PRS;2;SG,220,220,100.0
o s k u ɾ e s ˈe ɾ,V;SBJV;PRS;3;PL,220,220,100.0
o s k u ɾ e s ˈe ɾ,V;SBJV;PRS;3;SG,220,220,100.0
p a d e s ˈe ɾ,V;IND;PRS;1;PL,415,440,94.32
p a d e s ˈe ɾ,V;IND;PRS;1;SG,420,440,95.45
p a d e s ˈe ɾ,V;IND;PRS;2;PL,418,440,95.0
p a d e s ˈe ɾ,V;IND;PRS;2;SG,432,440,98.18
p a d e s ˈe ɾ,V;IND;PRS;3;PL,425,440,96.59
p a d e s ˈe ɾ,V;IND;PRS;3;SG,425,440,96.59
p a d e s ˈe ɾ,V;SBJV;PRS;1;PL,440,440,100.0
p a d e s ˈe ɾ,V;SBJV;PRS;1;SG,430,440,97.73
p a d e s ˈe ɾ,V;SBJV;PRS;2;PL,439,440,99.77
p a d e s ˈe ɾ,V;SBJV;PRS;2;SG,435,440,98.86
p a d e s ˈe ɾ,V;SBJV;PRS;3;PL,435,440,98.86
p a d e s ˈe ɾ,V;SBJV;PRS;3;SG,434,440,98.64
p a l i d e s ˈe ɾ,V;IND;PRS;1;PL,605,660,91.67
p a l i d e s ˈe ɾ,V;IND;PRS;1;SG,605,660,91.67
p a l i d e s ˈe ɾ,V;IND;PRS;2;PL,605,660,91.67
p a l i d e s ˈe ɾ,V;IND;PRS;2;SG,605,660,91.67
p a l i d e s ˈe ɾ,V;IND;PRS;3;PL,605,660,91.67
p a l i d e s ˈe ɾ,V;IND;PRS;3;SG,605,660,91.67
p a l i d e s ˈe ɾ,V;SBJV;PRS;1;PL,605,660,91.67
p a l i d e s ˈe ɾ,V;SBJV;PRS;1;SG,605,660,91.67
p a l i d e s ˈe ɾ,V;SBJV;PRS;2;PL,605,660,91.67
p a l i d e s ˈe ɾ,V;SBJV;PRS;2;SG,605,660,91.67
p a l i d e s ˈe ɾ,V;SBJV;PRS;3;PL,605,660,91.67
p a l i d e s ˈe ɾ,V;SBJV;PRS;3;SG,605,660,91.67
p e ɾ m a n e s ˈe ɾ,V;IND;PRS;1;PL,440,440,100.0
p e ɾ m a n e s ˈe ɾ,V;IND;PRS;1;SG,420,440,95.45
p e ɾ m a n e s ˈe ɾ,V;IND;PRS;2;PL,440,440,100.0
p e ɾ m a n e s ˈe ɾ,V;IND;PRS;2;SG,440,440,100.0
p e ɾ m a n e s ˈe ɾ,V;IND;PRS;3;PL,440,440,100.0
p e ɾ m a n e s ˈe ɾ,V;IND;PRS;3;SG,440,440,100.0
p e ɾ m a n e s ˈe ɾ,V;SBJV;PRS;1;PL,440,440,100.0
p e ɾ m a n e s ˈe ɾ,V;SBJV;PRS;1;SG,435,440,98.86
p e ɾ m a n e s ˈe ɾ,V;SBJV;PRS;2;PL,439,440,99.77
p e ɾ m a n e s ˈe ɾ,V;SBJV;PRS;2;SG,438,440,99.55
p e ɾ m a n e s ˈe ɾ,V;SBJV;PRS;3;PL,438,440,99.55
p e ɾ m a n e s ˈe ɾ,V;SBJV;PRS;3;SG,435,440,98.86
p u n ç ˈi ɾ,V;IND;PRS;1;PL,220,220,100.0
p u n ç ˈi ɾ,V;IND;PRS;1;SG,220,220,100.0
p u n ç ˈi ɾ,V;IND;PRS;2;PL,220,220,100.0
p u n ç ˈi ɾ,V;IND;PRS;2;SG,220,220,100.0
p u n ç ˈi ɾ,V;IND;PRS;3;PL,220,220,100.0
p u n ç ˈi ɾ,V;IND;PRS;3;SG,220,220,100.0
p u n ç ˈi ɾ,V;SBJV;PRS;1;PL,220,220,100.0
p u n ç ˈi ɾ,V;SBJV;PRS;1;SG,220,220,100.0
p u n ç ˈi ɾ,V;SBJV;PRS;2;PL,220,220,100.0
p u n ç ˈi ɾ,V;SBJV;PRS;2;SG,220,220,100.0
p u n ç ˈi ɾ,V;SBJV;PRS;3;PL,220,220,100.0
p u n ç ˈi ɾ,V;SBJV;PRS;3;SG,220,220,100.0
p ɾ e b a l e s ˈe ɾ,V;IND;PRS;1;PL,220,220,100.0
p ɾ e b a l e s ˈe ɾ,V;IND;PRS;1;SG,220,220,100.0
p ɾ e b a l e s ˈe ɾ,V;IND;PRS;2;PL,220,220,100.0
p ɾ e b a l e s ˈe ɾ,V;IND;PRS;2;SG,220,220,100.0
p ɾ e b a l e s ˈe ɾ,V;IND;PRS;3;PL,220,220,100.0
p ɾ e b a l e s ˈe ɾ,V;IND;PRS;3;SG,220,220,100.0
p ɾ e b a l e s ˈe ɾ,V;SBJV;PRS;1;PL,220,220,100.0
p ɾ e b a l e s ˈe ɾ,V;SBJV;PRS;1;SG,220,220,100.0
p ɾ e b a l e s ˈe ɾ,V;SBJV;PRS;2;PL,220,220,100.0
p ɾ e b a l e s ˈe ɾ,V;SBJV;PRS;2;SG,220,220,100.0
p ɾ e b a l e s ˈe ɾ,V;SBJV;PRS;3;PL,220,220,100.0
p ɾ e b a l e s ˈe ɾ,V;SBJV;PRS;3;SG,220,220,100.0
p ɾ e b e n ˈi ɾ,V;IND;PRS;1;PL,220,220,100.0
p ɾ e b e n ˈi ɾ,V;IND;PRS;1;SG,220,220,100.0
p ɾ e b e n ˈi ɾ,V;IND;PRS;2;PL,220,220,100.0
p ɾ e b e n ˈi ɾ,V;IND;PRS;2;SG,220,220,100.0
p ɾ e b e n ˈi ɾ,V;IND;PRS;3;PL,220,220,100.0
p ɾ e b e n ˈi ɾ,V;IND;PRS;3;SG,220,220,100.0
p ɾ e b e n ˈi ɾ,V;SBJV;PRS;1;PL,220,220,100.0
p ɾ e b e n ˈi ɾ,V;SBJV;PRS;1;SG,220,220,100.0
p ɾ e b e n ˈi ɾ,V;SBJV;PRS;2;PL,220,220,100.0
p ɾ e b e n ˈi ɾ,V;SBJV;PRS;2;SG,220,220,100.0
p ɾ e b e n ˈi ɾ,V;SBJV;PRS;3;PL,220,220,100.0
p ɾ e b e n ˈi ɾ,V;SBJV;PRS;3;SG,220,220,100.0
p ɾ e d e s ˈi ɾ,V;IND;PRS;1;PL,217,220,98.64
p ɾ e d e s ˈi ɾ,V;IND;PRS;1;SG,220,220,100.0
p ɾ e d e s ˈi ɾ,V;IND;PRS;2;PL,220,220,100.0
p ɾ e d e s ˈi ɾ,V;IND;PRS;2;SG,220,220,100.0
p ɾ e d e s ˈi ɾ,V;IND;PRS;3;PL,220,220,100.0
p ɾ e d e s ˈi ɾ,V;IND;PRS;3;SG,220,220,100.0
p ɾ e d e s ˈi ɾ,V;SBJV;PRS;1;PL,217,220,98.64
p ɾ e d e s ˈi ɾ,V;SBJV;PRS;1;SG,219,220,99.55
p ɾ e d e s ˈi ɾ,V;SBJV;PRS;2;PL,216,220,98.18
p ɾ e d e s ˈi ɾ,V;SBJV;PRS;2;SG,220,220,100.0
p ɾ e d e s ˈi ɾ,V;SBJV;PRS;3;PL,220,220,100.0
p ɾ e d e s ˈi ɾ,V;SBJV;PRS;3;SG,219,220,99.55
p ɾ e e s t a b l e s ˈe ɾ,V;IND;PRS;1;PL,43,220,19.55
p ɾ e e s t a b l e s ˈe ɾ,V;IND;PRS;1;SG,38,220,17.27
p ɾ e e s t a b l e s ˈe ɾ,V;IND;PRS;2;PL,32,220,14.55
p ɾ e e s t a b l e s ˈe ɾ,V;IND;PRS;2;SG,36,220,16.36
p ɾ e e s t a b l e s ˈe ɾ,V;IND;PRS;3;PL,36,220,16.36
p ɾ e e s t a b l e s ˈe ɾ,V;IND;PRS;3;SG,33,220,15.0
p ɾ e e s t a b l e s ˈe ɾ,V;SBJV;PRS;1;PL,40,220,18.18
p ɾ e e s t a b l e s ˈe ɾ,V;SBJV;PRS;1;SG,34,220,15.45
p ɾ e e s t a b l e s ˈe ɾ,V;SBJV;PRS;2;PL,38,220,17.27
p ɾ e e s t a b l e s ˈe ɾ,V;SBJV;PRS;2;SG,36,220,16.36
p ɾ e e s t a b l e s ˈe ɾ,V;SBJV;PRS;3;PL,39,220,17.73
p ɾ e e s t a b l e s ˈe ɾ,V;SBJV;PRS;3;SG,35,220,15.91
p ɾ e s u p o n ˈe ɾ,V;IND;PRS;1;PL,220,220,100.0
p ɾ e s u p o n ˈe ɾ,V;IND;PRS;1;SG,220,220,100.0
p ɾ e s u p o n ˈe ɾ,V;IND;PRS;2;PL,220,220,100.0
p ɾ e s u p o n ˈe ɾ,V;IND;PRS;2;SG,220,220,100.0
p ɾ e s u p o n ˈe ɾ,V;IND;PRS;3;PL,220,220,100.0
p ɾ e s u p o n ˈe ɾ,V;IND;PRS;3;SG,220,220,100.0
p ɾ e s u p o n ˈe ɾ,V;SBJV;PRS;1;PL,220,220,100.0
p ɾ e s u p o n ˈe ɾ,V;SBJV;PRS;1;SG,220,220,100.0
p ɾ e s u p o n ˈe ɾ,V;SBJV;PRS;2;PL,220,220,100.0
p ɾ e s u p o n ˈe ɾ,V;SBJV;PRS;2;SG,220,220,100.0
p ɾ e s u p o n ˈe ɾ,V;SBJV;PRS;3;PL,220,220,100.0
p ɾ e s u p o n ˈe ɾ,V;SBJV;PRS;3;SG,220,220,100.0
p ɾ o b e n ˈi ɾ,V;IND;PRS;1;PL,220,220,100.0
p ɾ o b e n ˈi ɾ,V;IND;PRS;1;SG,220,220,100.0
p ɾ o b e n ˈi ɾ,V;IND;PRS;2;PL,220,220,100.0
p ɾ o b e n ˈi ɾ,V;IND;PRS;2;SG,218,220,99.09
p ɾ o b e n ˈi ɾ,V;IND;PRS;3;PL,220,220,100.0
p ɾ o b e n ˈi ɾ,V;IND;PRS;3;SG,220,220,100.0
p ɾ o b e n ˈi ɾ,V;SBJV;PRS;1;PL,219,220,99.55
p ɾ o b e n ˈi ɾ,V;SBJV;PRS;1;SG,220,220,100.0
p ɾ o b e n ˈi ɾ,V;SBJV;PRS;2;PL,220,220,100.0
p ɾ o b e n ˈi ɾ,V;SBJV;PRS;2;SG,220,220,100.0
p ɾ o b e n ˈi ɾ,V;SBJV;PRS;3;PL,220,220,100.0
p ɾ o b e n ˈi ɾ,V;SBJV;PRS;3;SG,220,220,100.0
p ɾ o d u s ˈi ɾ,V;IND;PRS;1;PL,220,220,100.0
p ɾ o d u s ˈi ɾ,V;IND;PRS;1;SG,220,220,100.0
p ɾ o d u s ˈi ɾ,V;IND;PRS;2;PL,220,220,100.0
p ɾ o d u s ˈi ɾ,V;IND;PRS;2;SG,220,220,100.0
p ɾ o d u s ˈi ɾ,V;IND;PRS;3;PL,220,220,100.0
p ɾ o d u s ˈi ɾ,V;IND;PRS;3;SG,220,220,100.0
p ɾ o d u s ˈi ɾ,V;SBJV;PRS;1;PL,220,220,100.0
p ɾ o d u s ˈi ɾ,V;SBJV;PRS;1;SG,220,220,100.0
p ɾ o d u s ˈi ɾ,V;SBJV;PRS;2;PL,220,220,100.0
p ɾ o d u s ˈi ɾ,V;SBJV;PRS;2;SG,220,220,100.0
p ɾ o d u s ˈi ɾ,V;SBJV;PRS;3;PL,220,220,100.0
p ɾ o d u s ˈi ɾ,V;SBJV;PRS;3;SG,220,220,100.0
p ɾ o p o n ˈe ɾ,V;IND;PRS;1;PL,220,220,100.0
p ɾ o p o n ˈe ɾ,V;IND;PRS;1;SG,220,220,100.0
p ɾ o p o n ˈe ɾ,V;IND;PRS;2;PL,220,220,100.0
p ɾ o p o n ˈe ɾ,V;IND;PRS;2;SG,220,220,100.0
p ɾ o p o n ˈe ɾ,V;IND;PRS;3;PL,220,220,100.0
p ɾ o p o n ˈe ɾ,V;IND;PRS;3;SG,220,220,100.0
p ɾ o p o n ˈe ɾ,V;SBJV;PRS;1;PL,220,220,100.0
p ɾ o p o n ˈe ɾ,V;SBJV;PRS;1;SG,220,220,100.0
p ɾ o p o n ˈe ɾ,V;SBJV;PRS;2;PL,220,220,100.0
p ɾ o p o n ˈe ɾ,V;SBJV;PRS;2;SG,220,220,100.0
p ɾ o p o n ˈe ɾ,V;SBJV;PRS;3;PL,220,220,100.0
p ɾ o p o n ˈe ɾ,V;SBJV;PRS;3;SG,220,220,100.0
s a l ˈi ɾ,V;IND;PRS;1;PL,220,220,100.0
s a l ˈi ɾ,V;IND;PRS;1;SG,219,220,99.55
s a l ˈi ɾ,V;IND;PRS;2;PL,212,220,96.36
s a l ˈi ɾ,V;IND;PRS;2;SG,203,220,92.27
s a l ˈi ɾ,V;IND;PRS;3;PL,210,220,95.45
s a l ˈi ɾ,V;IND;PRS;3;SG,202,220,91.82
s a l ˈi ɾ,V;SBJV;PRS;1;PL,214,220,97.27
s a l ˈi ɾ,V;SBJV;PRS;1;SG,220,220,100.0
s a l ˈi ɾ,V;SBJV;PRS;2;PL,218,220,99.09
s a l ˈi ɾ,V;SBJV;PRS;2;SG,220,220,100.0
s a l ˈi ɾ,V;SBJV;PRS;3;PL,219,220,99.55
s a l ˈi ɾ,V;SBJV;PRS;3;SG,220,220,100.0
s i ɾ k u n b e n ˈi ɾ,V;IND;PRS;1;PL,385,440,87.5
s i ɾ k u n b e n ˈi ɾ,V;IND;PRS;1;SG,385,440,87.5
s i ɾ k u n b e n ˈi ɾ,V;IND;PRS;2;PL,385,440,87.5
s i ɾ k u n b e n ˈi ɾ,V;IND;PRS;2;SG,385,440,87.5
s i ɾ k u n b e n ˈi ɾ,V;IND;PRS;3;PL,385,440,87.5
s i ɾ k u n b e n ˈi ɾ,V;IND;PRS;3;SG,385,440,87.5
s i ɾ k u n b e n ˈi ɾ,V;SBJV;PRS;1;PL,385,440,87.5
s i ɾ k u n b e n ˈi ɾ,V;SBJV;PRS;1;SG,385,440,87.5
s i ɾ k u n b e n ˈi ɾ,V;SBJV;PRS;2;PL,384,440,87.27
s i ɾ k u n b e n ˈi ɾ,V;SBJV;PRS;2;SG,385,440,87.5
s i ɾ k u n b e n ˈi ɾ,V;SBJV;PRS;3;PL,385,440,87.5
s i ɾ k u n b e n ˈi ɾ,V;SBJV;PRS;3;SG,385,440,87.5
s o b ɾ e k o ç ˈe ɾ,V;IND;PRS;1;PL,440,440,100.0
s o b ɾ e k o ç ˈe ɾ,V;IND;PRS;1;SG,440,440,100.0
s o b ɾ e k o ç ˈe ɾ,V;IND;PRS;2;PL,440,440,100.0
s o b ɾ e k o ç ˈe ɾ,V;IND;PRS;2;SG,440,440,100.0
s o b ɾ e k o ç ˈe ɾ,V;IND;PRS;3;PL,440,440,100.0
s o b ɾ e k o ç ˈe ɾ,V;IND;PRS;3;SG,440,440,100.0
s o b ɾ e k o ç ˈe ɾ,V;SBJV;PRS;1;PL,440,440,100.0
s o b ɾ e k o ç ˈe ɾ,V;SBJV;PRS;1;SG,440,440,100.0
s o b ɾ e k o ç ˈe ɾ,V;SBJV;PRS;2;PL,440,440,100.0
s o b ɾ e k o ç ˈe ɾ,V;SBJV;PRS;2;SG,440,440,100.0
s o b ɾ e k o ç ˈe ɾ,V;SBJV;PRS;3;PL,440,440,100.0
s o b ɾ e k o ç ˈe ɾ,V;SBJV;PRS;3;SG,440,440,100.0
s o b ɾ e s a l ˈi ɾ,V;IND;PRS;1;PL,0,220,0.0
s o b ɾ e s a l ˈi ɾ,V;IND;PRS;1;SG,8,220,3.64
s o b ɾ e s a l ˈi ɾ,V;IND;PRS;2;PL,0,220,0.0
s o b ɾ e s a l ˈi ɾ,V;IND;PRS;2;SG,60,220,27.27
s o b ɾ e s a l ˈi ɾ,V;IND;PRS;3;PL,65,220,29.55
s o b ɾ e s a l ˈi ɾ,V;IND;PRS;3;SG,41,220,18.64
s o b ɾ e s a l ˈi ɾ,V;SBJV;PRS;1;PL,0,220,0.0
s o b ɾ e s a l ˈi ɾ,V;SBJV;PRS;1;SG,21,220,9.55
s o b ɾ e s a l ˈi ɾ,V;SBJV;PRS;2;PL,2,220,0.91
s o b ɾ e s a l ˈi ɾ,V;SBJV;PRS;2;SG,26,220,11.82
s o b ɾ e s a l ˈi ɾ,V;SBJV;PRS;3;PL,25,220,11.36
s o b ɾ e s a l ˈi ɾ,V;SBJV;PRS;3;SG,22,220,10.0
s o s t e n ˈe ɾ,V;IND;PRS;1;PL,220,220,100.0
s o s t e n ˈe ɾ,V;IND;PRS;1;SG,220,220,100.0
s o s t e n ˈe ɾ,V;IND;PRS;2;PL,220,220,100.0
s o s t e n ˈe ɾ,V;IND;PRS;2;SG,184,220,83.64
s o s t e n ˈe ɾ,V;IND;PRS;3;PL,182,220,82.73
s o s t e n ˈe ɾ,V;IND;PRS;3;SG,180,220,81.82
s o s t e n ˈe ɾ,V;SBJV;PRS;1;PL,220,220,100.0
s o s t e n ˈe ɾ,V;SBJV;PRS;1;SG,220,220,100.0
s o s t e n ˈe ɾ,V;SBJV;PRS;2;PL,220,220,100.0
s o s t e n ˈe ɾ,V;SBJV;PRS;2;SG,219,220,99.55
s o s t e n ˈe ɾ,V;SBJV;PRS;3;PL,220,220,100.0
s o s t e n ˈe ɾ,V;SBJV;PRS;3;SG,220,220,100.0
s u b s t ɾ a ˈe ɾ,V;IND;PRS;1;PL,431,440,97.95
s u b s t ɾ a ˈe ɾ,V;IND;PRS;1;SG,433,440,98.41
s u b s t ɾ a ˈe ɾ,V;IND;PRS;2;PL,432,440,98.18
s u b s t ɾ a ˈe ɾ,V;IND;PRS;2;SG,428,440,97.27
s u b s t ɾ a ˈe ɾ,V;IND;PRS;3;PL,423,440,96.14
s u b s t ɾ a ˈe ɾ,V;IND;PRS;3;SG,427,440,97.05
s u b s t ɾ a ˈe ɾ,V;SBJV;PRS;1;PL,433,440,98.41
s u b s t ɾ a ˈe ɾ,V;SBJV;PRS;1;SG,438,440,99.55
s u b s t ɾ a ˈe ɾ,V;SBJV;PRS;2;PL,434,440,98.64
s u b s t ɾ a ˈe ɾ,V;SBJV;PRS;2;SG,439,440,99.77
s u b s t ɾ a ˈe ɾ,V;SBJV;PRS;3;PL,439,440,99.77
s u b s t ɾ a ˈe ɾ,V;SBJV;PRS;3;SG,437,440,99.32
s u b ʃ a s ˈe ɾ,V;IND;PRS;1;PL,220,220,100.0
s u b ʃ a s ˈe ɾ,V;IND;PRS;1;SG,194,220,88.18
s u b ʃ a s ˈe ɾ,V;IND;PRS;2;PL,220,220,100.0
s u b ʃ a s ˈe ɾ,V;IND;PRS;2;SG,166,220,75.45
s u b ʃ a s ˈe ɾ,V;IND;PRS;3;PL,171,220,77.73
s u b ʃ a s ˈe ɾ,V;IND;PRS;3;SG,186,220,84.55
s u b ʃ a s ˈe ɾ,V;SBJV;PRS;1;PL,219,220,99.55
s u b ʃ a s ˈe ɾ,V;SBJV;PRS;1;SG,170,220,77.27
s u b ʃ a s ˈe ɾ,V;SBJV;PRS;2;PL,216,220,98.18
s u b ʃ a s ˈe ɾ,V;SBJV;PRS;2;SG,167,220,75.91
s u b ʃ a s ˈe ɾ,V;SBJV;PRS;3;PL,169,220,76.82
s u b ʃ a s ˈe ɾ,V;SBJV;PRS;3;SG,168,220,76.36
s u p e ɾ b e n ˈi ɾ,V;IND;PRS;1;PL,125,220,56.82
s u p e ɾ b e n ˈi ɾ,V;IND;PRS;1;SG,172,220,78.18
s u p e ɾ b e n ˈi ɾ,V;IND;PRS;2;PL,125,220,56.82
s u p e ɾ b e n ˈi ɾ,V;IND;PRS;2;SG,11,220,5.0
s u p e ɾ b e n ˈi ɾ,V;IND;PRS;3;PL,8,220,3.64
s u p e ɾ b e n ˈi ɾ,V;IND;PRS;3;SG,9,220,4.09
s u p e ɾ b e n ˈi ɾ,V;SBJV;PRS;1;PL,134,220,60.91
s u p e ɾ b e n ˈi ɾ,V;SBJV;PRS;1;SG,153,220,69.55
s u p e ɾ b e n ˈi ɾ,V;SBJV;PRS;2;PL,138,220,62.73
s u p e ɾ b e n ˈi ɾ,V;SBJV;PRS;2;SG,150,220,68.18
s u p e ɾ b e n ˈi ɾ,V;SBJV;PRS;3;PL,157,220,71.36
s u p e ɾ b e n ˈi ɾ,V;SBJV;PRS;3;SG,153,220,69.55
s u p o n ˈe ɾ,V;IND;PRS;1;PL,220,220,100.0
s u p o n ˈe ɾ,V;IND;PRS;1;SG,220,220,100.0
s u p o n ˈe ɾ,V;IND;PRS;2;PL,220,220,100.0
s u p o n ˈe ɾ,V;IND;PRS;2;SG,219,220,99.55
s u p o n ˈe ɾ,V;IND;PRS;3;PL,219,220,99.55
s u p o n ˈe ɾ,V;IND;PRS;3;SG,220,220,100.0
s u p o n ˈe ɾ,V;SBJV;PRS;1;PL,220,220,100.0
s u p o n ˈe ɾ,V;SBJV;PRS;1;SG,220,220,100.0
s u p o n ˈe ɾ,V;SBJV;PRS;2;PL,220,220,100.0
s u p o n ˈe ɾ,V;SBJV;PRS;2;SG,220,220,100.0
s u p o n ˈe ɾ,V;SBJV;PRS;3;PL,220,220,100.0
s u p o n ˈe ɾ,V;SBJV;PRS;3;SG,220,220,100.0
s u ɾ s ˈi ɾ,V;IND;PRS;1;PL,440,440,100.0
s u ɾ s ˈi ɾ,V;IND;PRS;1;SG,440,440,100.0
s u ɾ s ˈi ɾ,V;IND;PRS;2;PL,440,440,100.0
s u ɾ s ˈi ɾ,V;IND;PRS;2;SG,440,440,100.0
s u ɾ s ˈi ɾ,V;IND;PRS;3;PL,440,440,100.0
s u ɾ s ˈi ɾ,V;IND;PRS;3;SG,440,440,100.0
s u ɾ s ˈi ɾ,V;SBJV;PRS;1;PL,438,440,99.55
s u ɾ s ˈi ɾ,V;SBJV;PRS;1;SG,438,440,99.55
s u ɾ s ˈi ɾ,V;SBJV;PRS;2;PL,436,440,99.09
s u ɾ s ˈi ɾ,V;SBJV;PRS;2;SG,439,440,99.77
s u ɾ s ˈi ɾ,V;SBJV;PRS;3;PL,439,440,99.77
s u ɾ s ˈi ɾ,V;SBJV;PRS;3;SG,438,440,99.55
t ɾ a n s i ç ˈi ɾ,V;IND;PRS;1;PL,146,220,66.36
t ɾ a n s i ç ˈi ɾ,V;IND;PRS;1;SG,147,220,66.82
t ɾ a n s i ç ˈi ɾ,V;IND;PRS;2;PL,159,220,72.27
t ɾ a n s i ç ˈi ɾ,V;IND;PRS;2;SG,157,220,71.36
t ɾ a n s i ç ˈi ɾ,V;IND;PRS;3;PL,150,220,68.18
t ɾ a n s i ç ˈi ɾ,V;IND;PRS;3;SG,155,220,70.45
t ɾ a n s i ç ˈi ɾ,V;SBJV;PRS;1;PL,211,220,95.91
t ɾ a n s i ç ˈi ɾ,V;SBJV;PRS;1;SG,144,220,65.45
t ɾ a n s i ç ˈi ɾ,V;SBJV;PRS;2;PL,207,220,94.09
t ɾ a n s i ç ˈi ɾ,V;SBJV;PRS;2;SG,143,220,65.0
t ɾ a n s i ç ˈi ɾ,V;SBJV;PRS;3;PL,144,220,65.45
t ɾ a n s i ç ˈi ɾ,V;SBJV;PRS;3;SG,143,220,65.0
t ɾ a s p o n ˈe ɾ,V;IND;PRS;1;PL,440,440,100.0
t ɾ a s p o n ˈe ɾ,V;IND;PRS;1;SG,440,440,100.0
t ɾ a s p o n ˈe ɾ,V;IND;PRS;2;PL,440,440,100.0
t ɾ a s p o n ˈe ɾ,V;IND;PRS;2;SG,440,440,100.0
t ɾ a s p o n ˈe ɾ,V;IND;PRS;3;PL,440,440,100.0
t ɾ a s p o n ˈe ɾ,V;IND;PRS;3;SG,440,440,100.0
t ɾ a s p o n ˈe ɾ,V;SBJV;PRS;1;PL,440,440,100.0
t ɾ a s p o n ˈe ɾ,V;SBJV;PRS;1;SG,440,440,100.0
t ɾ a s p o n ˈe ɾ,V;SBJV;PRS;2;PL,440,440,100.0
t ɾ a s p o n ˈe ɾ,V;SBJV;PRS;2;SG,440,440,100.0
t ɾ a s p o n ˈe ɾ,V;SBJV;PRS;3;PL,440,440,100.0
t ɾ a s p o n ˈe ɾ,V;SBJV;PRS;3;SG,440,440,100.0
t ɾ a ˈe ɾ,V;IND;PRS;1;PL,440,440,100.0
t ɾ a ˈe ɾ,V;IND;PRS;1;SG,438,440,99.55
t ɾ a ˈe ɾ,V;IND;PRS;2;PL,440,440,100.0
t ɾ a ˈe ɾ,V;IND;PRS;2;SG,435,440,98.86
t ɾ a ˈe ɾ,V;IND;PRS;3;PL,434,440,98.64
t ɾ a ˈe ɾ,V;IND;PRS;3;SG,435,440,98.86
t ɾ a ˈe ɾ,V;SBJV;PRS;1;PL,440,440,100.0
t ɾ a ˈe ɾ,V;SBJV;PRS;1;SG,437,440,99.32
t ɾ a ˈe ɾ,V;SBJV;PRS;2;PL,440,440,100.0
t ɾ a ˈe ɾ,V;SBJV;PRS;2;SG,439,440,99.77
t ɾ a ˈe ɾ,V;SBJV;PRS;3;PL,437,440,99.32
t ɾ a ˈe ɾ,V;SBJV;PRS;3;SG,437,440,99.32
u n s ˈi ɾ,V;IND;PRS;1;PL,439,440,99.77
u n s ˈi ɾ,V;IND;PRS;1;SG,364,440,82.73
u n s ˈi ɾ,V;IND;PRS;2;PL,432,440,98.18
u n s ˈi ɾ,V;IND;PRS;2;SG,440,440,100.0
u n s ˈi ɾ,V;IND;PRS;3;PL,437,440,99.32
u n s ˈi ɾ,V;IND;PRS;3;SG,440,440,100.0
u n s ˈi ɾ,V;SBJV;PRS;1;PL,376,440,85.45
u n s ˈi ɾ,V;SBJV;PRS;1;SG,367,440,83.41
u n s ˈi ɾ,V;SBJV;PRS;2;PL,385,440,87.5
u n s ˈi ɾ,V;SBJV;PRS;2;SG,362,440,82.27
u n s ˈi ɾ,V;SBJV;PRS;3;PL,378,440,85.91
u n s ˈi ɾ,V;SBJV;PRS;3;SG,366,440,83.18
u n ç ˈi ɾ,V;IND;PRS;1;PL,220,220,100.0
u n ç ˈi ɾ,V;IND;PRS;1;SG,220,220,100.0
u n ç ˈi ɾ,V;IND;PRS;2;PL,220,220,100.0
u n ç ˈi ɾ,V;IND;PRS;2;SG,220,220,100.0
u n ç ˈi ɾ,V;IND;PRS;3;PL,220,220,100.0
u n ç ˈi ɾ,V;IND;PRS;3;SG,220,220,100.0
u n ç ˈi ɾ,V;SBJV;PRS;1;PL,220,220,100.0
u n ç ˈi ɾ,V;SBJV;PRS;1;SG,220,220,100.0
u n ç ˈi ɾ,V;SBJV;PRS;2;PL,220,220,100.0
u n ç ˈi ɾ,V;SBJV;PRS;2;SG,220,220,100.0
u n ç ˈi ɾ,V;SBJV;PRS;3;PL,220,220,100.0
u n ç ˈi ɾ,V;SBJV;PRS;3;SG,220,220,100.0
u ɾ ç ˈi ɾ,V;IND;PRS;1;PL,390,440,88.64
u ɾ ç ˈi ɾ,V;IND;PRS;1;SG,396,440,90.0
u ɾ ç ˈi ɾ,V;IND;PRS;2;PL,389,440,88.41
u ɾ ç ˈi ɾ,V;IND;PRS;2;SG,401,440,91.14
u ɾ ç ˈi ɾ,V;IND;PRS;3;PL,397,440,90.23
u ɾ ç ˈi ɾ,V;IND;PRS;3;SG,393,440,89.32
u ɾ ç ˈi ɾ,V;SBJV;PRS;1;PL,400,440,90.91
u ɾ ç ˈi ɾ,V;SBJV;PRS;1;SG,402,440,91.36
u ɾ ç ˈi ɾ,V;SBJV;PRS;2;PL,400,440,90.91
u ɾ ç ˈi ɾ,V;SBJV;PRS;2;SG,403,440,91.59
u ɾ ç ˈi ɾ,V;SBJV;PRS;3;PL,405,440,92.05
u ɾ ç ˈi ɾ,V;SBJV;PRS;3;SG,403,440,91.59
x a k ˈi ɾ,V;IND;PRS;1;PL,34,220,15.45
x a k ˈi ɾ,V;IND;PRS;1;SG,162,220,73.64
x a k ˈi ɾ,V;IND;PRS;2;PL,37,220,16.82
x a k ˈi ɾ,V;IND;PRS;2;SG,42,220,19.09
x a k ˈi ɾ,V;IND;PRS;3;PL,63,220,28.64
x a k ˈi ɾ,V;IND;PRS;3;SG,55,220,25.0
x a k ˈi ɾ,V;SBJV;PRS;1;PL,127,220,57.73
x a k ˈi ɾ,V;SBJV;PRS;1;SG,141,220,64.09
x a k ˈi ɾ,V;SBJV;PRS;2;PL,153,220,69.55
x a k ˈi ɾ,V;SBJV;PRS;2;SG,117,220,53.18
x a k ˈi ɾ,V;SBJV;PRS;3;PL,134,220,60.91
x a k ˈi ɾ,V;SBJV;PRS;3;SG,144,220,65.45
ɡ w a ɾ e s ˈe ɾ,V;IND;PRS;1;PL,397,660,60.15
ɡ w a ɾ e s ˈe ɾ,V;IND;PRS;1;SG,357,660,54.09
ɡ w a ɾ e s ˈe ɾ,V;IND;PRS;2;PL,387,660,58.64
ɡ w a ɾ e s ˈe ɾ,V;IND;PRS;2;SG,406,660,61.52
ɡ w a ɾ e s ˈe ɾ,V;IND;PRS;3;PL,397,660,60.15
ɡ w a ɾ e s ˈe ɾ,V;IND;PRS;3;SG,411,660,62.27
ɡ w a ɾ e s ˈe ɾ,V;SBJV;PRS;1;PL,362,660,54.85
ɡ w a ɾ e s ˈe ɾ,V;SBJV;PRS;1;SG,365,660,55.3
ɡ w a ɾ e s ˈe ɾ,V;SBJV;PRS;2;PL,357,660,54.09
ɡ w a ɾ e s ˈe ɾ,V;SBJV;PRS;2;SG,370,660,56.06
ɡ w a ɾ e s ˈe ɾ,V;SBJV;PRS;3;PL,367,660,55.61
ɡ w a ɾ e s ˈe ɾ,V;SBJV;PRS;3;SG,363,660,55.0
ɡ w a ɾ n e s ˈe ɾ,V;IND;PRS;1;PL,0,220,0.0
ɡ w a ɾ n e s ˈe ɾ,V;IND;PRS;1;SG,0,220,0.0
ɡ w a ɾ n e s ˈe ɾ,V;IND;PRS;2;PL,0,220,0.0
ɡ w a ɾ n e s ˈe ɾ,V;IND;PRS;2;SG,0,220,0.0
ɡ w a ɾ n e s ˈe ɾ,V;IND;PRS;3;PL,0,220,0.0
ɡ w a ɾ n e s ˈe ɾ,V;IND;PRS;3;SG,0,220,0.0
ɡ w a ɾ n e s ˈe ɾ,V;SBJV;PRS;1;PL,0,220,0.0
ɡ w a ɾ n e s ˈe ɾ,V;SBJV;PRS;1;SG,0,220,0.0
ɡ w a ɾ n e s ˈe ɾ,V;SBJV;PRS;2;PL,0,220,0.0
ɡ w a ɾ n e s ˈe ɾ,V;SBJV;PRS;2;SG,0,220,0.0
ɡ w a ɾ n e s ˈe ɾ,V;SBJV;PRS;3;PL,0,220,0.0
ɡ w a ɾ n e s ˈe ɾ,V;SBJV;PRS;3;SG,0,220,0.0
ɾ e a b a s t e s ˈe ɾ,V;IND;PRS;1;PL,220,220,100.0
ɾ e a b a s t e s ˈe ɾ,V;IND;PRS;1;SG,202,220,91.82
ɾ e a b a s t e s ˈe ɾ,V;IND;PRS;2;PL,220,220,100.0
ɾ e a b a s t e s ˈe ɾ,V;IND;PRS;2;SG,210,220,95.45
ɾ e a b a s t e s ˈe ɾ,V;IND;PRS;3;PL,218,220,99.09
ɾ e a b a s t e s ˈe ɾ,V;IND;PRS;3;SG,220,220,100.0
ɾ e a b a s t e s ˈe ɾ,V;SBJV;PRS;1;PL,208,220,94.55
ɾ e a b a s t e s ˈe ɾ,V;SBJV;PRS;1;SG,201,220,91.36
ɾ e a b a s t e s ˈe ɾ,V;SBJV;PRS;2;PL,212,220,96.36
ɾ e a b a s t e s ˈe ɾ,V;SBJV;PRS;2;SG,188,220,85.45
ɾ e a b a s t e s ˈe ɾ,V;SBJV;PRS;3;PL,202,220,91.82
ɾ e a b a s t e s ˈe ɾ,V;SBJV;PRS;3;SG,199,220,90.45
ɾ e a p a ɾ e s ˈe ɾ,V;IND;PRS;1;PL,440,440,100.0
ɾ e a p a ɾ e s ˈe ɾ,V;IND;PRS;1;SG,440,440,100.0
ɾ e a p a ɾ e s ˈe ɾ,V;IND;PRS;2;PL,440,440,100.0
ɾ e a p a ɾ e s ˈe ɾ,V;IND;PRS;2;SG,440,440,100.0
ɾ e a p a ɾ e s ˈe ɾ,V;IND;PRS;3;PL,440,440,100.0
ɾ e a p a ɾ e s ˈe ɾ,V;IND;PRS;3;SG,440,440,100.0
ɾ e a p a ɾ e s ˈe ɾ,V;SBJV;PRS;1;PL,440,440,100.0
ɾ e a p a ɾ e s ˈe ɾ,V;SBJV;PRS;1;SG,440,440,100.0
ɾ e a p a ɾ e s ˈe ɾ,V;SBJV;PRS;2;PL,440,440,100.0
ɾ e a p a ɾ e s ˈe ɾ,V;SBJV;PRS;2;SG,440,440,100.0
ɾ e a p a ɾ e s ˈe ɾ,V;SBJV;PRS;3;PL,440,440,100.0
ɾ e a p a ɾ e s ˈe ɾ,V;SBJV;PRS;3;SG,440,440,100.0
ɾ e a s ˈe ɾ,V;IND;PRS;1;PL,215,220,97.73
ɾ e a s ˈe ɾ,V;IND;PRS;1;SG,219,220,99.55
ɾ e a s ˈe ɾ,V;IND;PRS;2;PL,217,220,98.64
ɾ e a s ˈe ɾ,V;IND;PRS;2;SG,220,220,100.0
ɾ e a s ˈe ɾ,V;IND;PRS;3;PL,220,220,100.0
ɾ e a s ˈe ɾ,V;IND;PRS;3;SG,220,220,100.0
ɾ e a s ˈe ɾ,V;SBJV;PRS;1;PL,207,220,94.09
ɾ e a s ˈe ɾ,V;SBJV;PRS;1;SG,213,220,96.82
ɾ e a s ˈe ɾ,V;SBJV;PRS;2;PL,214,220,97.27
ɾ e a s ˈe ɾ,V;SBJV;PRS;2;SG,207,220,94.09
ɾ e a s ˈe ɾ,V;SBJV;PRS;3;PL,211,220,95.91
ɾ e a s ˈe ɾ,V;SBJV;PRS;3;SG,213,220,96.82
ɾ e b e n ˈi ɾ,V;IND;PRS;1;PL,439,440,99.77
ɾ e b e n ˈi ɾ,V;IND;PRS;1;SG,440,440,100.0
ɾ e b e n ˈi ɾ,V;IND;PRS;2;PL,439,440,99.77
ɾ e b e n ˈi ɾ,V;IND;PRS;2;SG,440,440,100.0
ɾ e b e n ˈi ɾ,V;IND;PRS;3;PL,440,440,100.0
ɾ e b e n ˈi ɾ,V;IND;PRS;3;SG,440,440,100.0
ɾ e b e n ˈi ɾ,V;SBJV;PRS;1;PL,438,440,99.55
ɾ e b e n ˈi ɾ,V;SBJV;PRS;1;SG,440,440,100.0
ɾ e b e n ˈi ɾ,V;SBJV;PRS;2;PL,439,440,99.77
ɾ e b e n ˈi ɾ,V;SBJV;PRS;2;SG,440,440,100.0
ɾ e b e n ˈi ɾ,V;SBJV;PRS;3;PL,439,440,99.77
ɾ e b e n ˈi ɾ,V;SBJV;PRS;3;SG,440,440,100.0
ɾ e b e ɾ d e s ˈe ɾ,V;IND;PRS;1;PL,220,220,100.0
ɾ e b e ɾ d e s ˈe ɾ,V;IND;PRS;1;SG,220,220,100.0
ɾ e b e ɾ d e s ˈe ɾ,V;IND;PRS;2;PL,220,220,100.0
ɾ e b e ɾ d e s ˈe ɾ,V;IND;PRS;2;SG,220,220,100.0
ɾ e b e ɾ d e s ˈe ɾ,V;IND;PRS;3;PL,220,220,100.0
ɾ e b e ɾ d e s ˈe ɾ,V;IND;PRS;3;SG,220,220,100.0
ɾ e b e ɾ d e s ˈe ɾ,V;SBJV;PRS;1;PL,220,220,100.0
ɾ e b e ɾ d e s ˈe ɾ,V;SBJV;PRS;1;SG,220,220,100.0
ɾ e b e ɾ d e s ˈe ɾ,V;SBJV;PRS;2;PL,220,220,100.0
ɾ e b e ɾ d e s ˈe ɾ,V;SBJV;PRS;2;SG,220,220,100.0
ɾ e b e ɾ d e s ˈe ɾ,V;SBJV;PRS;3;PL,220,220,100.0
ɾ e b e ɾ d e s ˈe ɾ,V;SBJV;PRS;3;SG,220,220,100.0
ɾ e b l a n d e s ˈe ɾ,V;IND;PRS;1;PL,220,220,100.0
ɾ e b l a n d e s ˈe ɾ,V;IND;PRS;1;SG,220,220,100.0
ɾ e b l a n d e s ˈe ɾ,V;IND;PRS;2;PL,220,220,100.0
ɾ e b l a n d e s ˈe ɾ,V;IND;PRS;2;SG,220,220,100.0
ɾ e b l a n d e s ˈe ɾ,V;IND;PRS;3;PL,220,220,100.0
ɾ e b l a n d e s ˈe ɾ,V;IND;PRS;3;SG,220,220,100.0
ɾ e b l a n d e s ˈe ɾ,V;SBJV;PRS;1;PL,220,220,100.0
ɾ e b l a n d e s ˈe ɾ,V;SBJV;PRS;1;SG,220,220,100.0
ɾ e b l a n d e s ˈe ɾ,V;SBJV;PRS;2;PL,220,220,100.0
ɾ e b l a n d e s ˈe ɾ,V;SBJV;PRS;2;SG,220,220,100.0
ɾ e b l a n d e s ˈe ɾ,V;SBJV;PRS;3;PL,220,220,100.0
ɾ e b l a n d e s ˈe ɾ,V;SBJV;PRS;3;SG,220,220,100.0
ɾ e d e s ˈi ɾ,V;IND;PRS;1;PL,785,880,89.2
ɾ e d e s ˈi ɾ,V;IND;PRS;1;SG,878,880,99.77
ɾ e d e s ˈi ɾ,V;IND;PRS;2;PL,780,880,88.64
ɾ e d e s ˈi ɾ,V;IND;PRS;2;SG,879,880,99.89
ɾ e d e s ˈi ɾ,V;IND;PRS;3;PL,878,880,99.77
ɾ e d e s ˈi ɾ,V;IND;PRS;3;SG,878,880,99.77
ɾ e d e s ˈi ɾ,V;SBJV;PRS;1;PL,866,880,98.41
ɾ e d e s ˈi ɾ,V;SBJV;PRS;1;SG,878,880,99.77
ɾ e d e s ˈi ɾ,V;SBJV;PRS;2;PL,862,880,97.95
ɾ e d e s ˈi ɾ,V;SBJV;PRS;2;SG,880,880,100.0
ɾ e d e s ˈi ɾ,V;SBJV;PRS;3;PL,879,880,99.89
ɾ e d e s ˈi ɾ,V;SBJV;PRS;3;SG,878,880,99.77
ɾ e d i ɾ i ç ˈi ɾ,V;IND;PRS;1;PL,220,220,100.0
ɾ e d i ɾ i ç ˈi ɾ,V;IND;PRS;1;SG,220,220,100.0
ɾ e d i ɾ i ç ˈi ɾ,V;IND;PRS;2;PL,220,220,100.0
ɾ e d i ɾ i ç ˈi ɾ,V;IND;PRS;2;SG,220,220,100.0
ɾ e d i ɾ i ç ˈi ɾ,V;IND;PRS;3;PL,220,220,100.0
ɾ e d i ɾ i ç ˈi ɾ,V;IND;PRS;3;SG,220,220,100.0
ɾ e d i ɾ i ç ˈi ɾ,V;SBJV;PRS;1;PL,220,220,100.0
ɾ e d i ɾ i ç ˈi ɾ,V;SBJV;PRS;1;SG,220,220,100.0
ɾ e d i ɾ i ç ˈi ɾ,V;SBJV;PRS;2;PL,220,220,100.0
ɾ e d i ɾ i ç ˈi ɾ,V;SBJV;PRS;2;SG,220,220,100.0
ɾ e d i ɾ i ç ˈi ɾ,V;SBJV;PRS;3;PL,220,220,100.0
ɾ e d i ɾ i ç ˈi ɾ,V;SBJV;PRS;3;SG,220,220,100.0
ɾ e e s t a b l e s ˈe ɾ,V;IND;PRS;1;PL,165,220,75.0
ɾ e e s t a b l e s ˈe ɾ,V;IND;PRS;1;SG,165,220,75.0
ɾ e e s t a b l e s ˈe ɾ,V;IND;PRS;2;PL,165,220,75.0
ɾ e e s t a b l e s ˈe ɾ,V;IND;PRS;2;SG,165,220,75.0
ɾ e e s t a b l e s ˈe ɾ,V;IND;PRS;3;PL,165,220,75.0
ɾ e e s t a b l e s ˈe ɾ,V;IND;PRS;3;SG,165,220,75.0
ɾ e e s t a b l e s ˈe ɾ,V;SBJV;PRS;1;PL,165,220,75.0
ɾ e e s t a b l e s ˈe ɾ,V;SBJV;PRS;1;SG,165,220,75.0
ɾ e e s t a b l e s ˈe ɾ,V;SBJV;PRS;2;PL,165,220,75.0
ɾ e e s t a b l e s ˈe ɾ,V;SBJV;PRS;2;SG,165,220,75.0
ɾ e e s t a b l e s ˈe ɾ,V;SBJV;PRS;3;PL,165,220,75.0
ɾ e e s t a b l e s ˈe ɾ,V;SBJV;PRS;3;SG,165,220,75.0
ɾ e f u l ç ˈi ɾ,V;IND;PRS;1;PL,217,220,98.64
ɾ e f u l ç ˈi ɾ,V;IND;PRS;1;SG,210,220,95.45
ɾ e f u l ç ˈi ɾ,V;IND;PRS;2;PL,220,220,100.0
ɾ e f u l ç ˈi ɾ,V;IND;PRS;2;SG,211,220,95.91
ɾ e f u l ç ˈi ɾ,V;IND;PRS;3;PL,210,220,95.45
ɾ e f u l ç ˈi ɾ,V;IND;PRS;3;SG,210,220,95.45
ɾ e f u l ç ˈi ɾ,V;SBJV;PRS;1;PL,216,220,98.18
ɾ e f u l ç ˈi ɾ,V;SBJV;PRS;1;SG,210,220,95.45
ɾ e f u l ç ˈi ɾ,V;SBJV;PRS;2;PL,220,220,100.0
ɾ e f u l ç ˈi ɾ,V;SBJV;PRS;2;SG,214,220,97.27
ɾ e f u l ç ˈi ɾ,V;SBJV;PRS;3;PL,212,220,96.36
ɾ e f u l ç ˈi ɾ,V;SBJV;PRS;3;SG,208,220,94.55
ɾ e j n t ɾ o d u s ˈi ɾ,V;IND;PRS;1;PL,220,220,100.0
ɾ e j n t ɾ o d u s ˈi ɾ,V;IND;PRS;1;SG,219,220,99.55
ɾ e j n t ɾ o d u s ˈi ɾ,V;IND;PRS;2;PL,220,220,100.0
ɾ e j n t ɾ o d u s ˈi ɾ,V;IND;PRS;2;SG,210,220,95.45
ɾ e j n t ɾ o d u s ˈi ɾ,V;IND;PRS;3;PL,213,220,96.82
ɾ e j n t ɾ o d u s ˈi ɾ,V;IND;PRS;3;SG,215,220,97.73
ɾ e j n t ɾ o d u s ˈi ɾ,V;SBJV;PRS;1;PL,220,220,100.0
ɾ e j n t ɾ o d u s ˈi ɾ,V;SBJV;PRS;1;SG,216,220,98.18
ɾ e j n t ɾ o d u s ˈi ɾ,V;SBJV;PRS;2;PL,220,220,100.0
ɾ e j n t ɾ o d u s ˈi ɾ,V;SBJV;PRS;2;SG,218,220,99.09
ɾ e j n t ɾ o d u s ˈi ɾ,V;SBJV;PRS;3;PL,212,220,96.36
ɾ e j n t ɾ o d u s ˈi ɾ,V;SBJV;PRS;3;SG,219,220,99.55
ɾ e k a ˈe ɾ,V;IND;PRS;1;PL,220,220,100.0
ɾ e k a ˈe ɾ,V;IND;PRS;1;SG,214,220,97.27
ɾ e k a ˈe ɾ,V;IND;PRS;2;PL,220,220,100.0
ɾ e k a ˈe ɾ,V;IND;PRS;2;SG,219,220,99.55
ɾ e k a ˈe ɾ,V;IND;PRS;3;PL,220,220,100.0
ɾ e k a ˈe ɾ,V;IND;PRS;3;SG,220,220,100.0
ɾ e k a ˈe ɾ,V;SBJV;PRS;1;PL,218,220,99.09
ɾ e k a ˈe ɾ,V;SBJV;PRS;1;SG,210,220,95.45
ɾ e k a ˈe ɾ,V;SBJV;PRS;2;PL,220,220,100.0
ɾ e k a ˈe ɾ,V;SBJV;PRS;2;SG,218,220,99.09
ɾ e k a ˈe ɾ,V;SBJV;PRS;3;PL,209,220,95.0
ɾ e k a ˈe ɾ,V;SBJV;PRS;3;SG,210,220,95.45
ɾ e k o m p o n ˈe ɾ,V;IND;PRS;1;PL,220,220,100.0
ɾ e k o m p o n ˈe ɾ,V;IND;PRS;1;SG,220,220,100.0
ɾ e k o m p o n ˈe ɾ,V;IND;PRS;2;PL,220,220,100.0
ɾ e k o m p o n ˈe ɾ,V;IND;PRS;2;SG,220,220,100.0
ɾ e k o m p o n ˈe ɾ,V;IND;PRS;3;PL,220,220,100.0
ɾ e k o m p o n ˈe ɾ,V;IND;PRS;3;SG,220,220,100.0
ɾ e k o m p o n ˈe ɾ,V;SBJV;PRS;1;PL,220,220,100.0
ɾ e k o m p o n ˈe ɾ,V;SBJV;PRS;1;SG,220,220,100.0
ɾ e k o m p o n ˈe ɾ,V;SBJV;PRS;2;PL,220,220,100.0
ɾ e k o m p o n ˈe ɾ,V;SBJV;PRS;2;SG,220,220,100.0
ɾ e k o m p o n ˈe ɾ,V;SBJV;PRS;3;PL,220,220,100.0
ɾ e k o m p o n ˈe ɾ,V;SBJV;PRS;3;SG,220,220,100.0
ɾ e k o n d u s ˈi ɾ,V;IND;PRS;1;PL,220,220,100.0
ɾ e k o n d u s ˈi ɾ,V;IND;PRS;1;SG,220,220,100.0
ɾ e k o n d u s ˈi ɾ,V;IND;PRS;2;PL,220,220,100.0
ɾ e k o n d u s ˈi ɾ,V;IND;PRS;2;SG,220,220,100.0
ɾ e k o n d u s ˈi ɾ,V;IND;PRS;3;PL,220,220,100.0
ɾ e k o n d u s ˈi ɾ,V;IND;PRS;3;SG,220,220,100.0
ɾ e k o n d u s ˈi ɾ,V;SBJV;PRS;1;PL,220,220,100.0
ɾ e k o n d u s ˈi ɾ,V;SBJV;PRS;1;SG,220,220,100.0
ɾ e k o n d u s ˈi ɾ,V;SBJV;PRS;2;PL,220,220,100.0
ɾ e k o n d u s ˈi ɾ,V;SBJV;PRS;2;SG,220,220,100.0
ɾ e k o n d u s ˈi ɾ,V;SBJV;PRS;3;PL,220,220,100.0
ɾ e k o n d u s ˈi ɾ,V;SBJV;PRS;3;SG,220,220,100.0
ɾ e k o s ˈe ɾ,V;IND;PRS;1;PL,220,220,100.0
ɾ e k o s ˈe ɾ,V;IND;PRS;1;SG,209,220,95.0
ɾ e k o s ˈe ɾ,V;IND;PRS;2;PL,220,220,100.0
ɾ e k o s ˈe ɾ,V;IND;PRS;2;SG,203,220,92.27
ɾ e k o s ˈe ɾ,V;IND;PRS;3;PL,207,220,94.09
ɾ e k o s ˈe ɾ,V;IND;PRS;3;SG,205,220,93.18
ɾ e k o s ˈe ɾ,V;SBJV;PRS;1;PL,220,220,100.0
ɾ e k o s ˈe ɾ,V;SBJV;PRS;1;SG,205,220,93.18
ɾ e k o s ˈe ɾ,V;SBJV;PRS;2;PL,220,220,100.0
ɾ e k o s ˈe ɾ,V;SBJV;PRS;2;SG,209,220,95.0
ɾ e k o s ˈe ɾ,V;SBJV;PRS;3;PL,208,220,94.55
ɾ e k o s ˈe ɾ,V;SBJV;PRS;3;SG,204,220,92.73
ɾ e k o ç ˈe ɾ,V;IND;PRS;1;PL,220,220,100.0
ɾ e k o ç ˈe ɾ,V;IND;PRS;1;SG,195,220,88.64
ɾ e k o ç ˈe ɾ,V;IND;PRS;2;PL,220,220,100.0
ɾ e k o ç ˈe ɾ,V;IND;PRS;2;SG,185,220,84.09
ɾ e k o ç ˈe ɾ,V;IND;PRS;3;PL,182,220,82.73
ɾ e k o ç ˈe ɾ,V;IND;PRS;3;SG,190,220,86.36
ɾ e k o ç ˈe ɾ,V;SBJV;PRS;1;PL,220,220,100.0
ɾ e k o ç ˈe ɾ,V;SBJV;PRS;1;SG,197,220,89.55
ɾ e k o ç ˈe ɾ,V;SBJV;PRS;2;PL,220,220,100.0
ɾ e k o ç ˈe ɾ,V;SBJV;PRS;2;SG,187,220,85.0
ɾ e k o ç ˈe ɾ,V;SBJV;PRS;3;PL,188,220,85.45
ɾ e k o ç ˈe ɾ,V;SBJV;PRS;3;SG,194,220,88.18
ɾ e k ɾ u d e s ˈe ɾ,V;IND;PRS;1;PL,220,220,100.0
ɾ e k ɾ u d e s ˈe ɾ,V;IND;PRS;1;SG,220,220,100.0
ɾ e k ɾ u d e s ˈe ɾ,V;IND;PRS;2;PL,220,220,100.0
ɾ e k ɾ u d e s ˈe ɾ,V;IND;PRS;2;SG,220,220,100.0
ɾ e k ɾ u d e s ˈe ɾ,V;IND;PRS;3;PL,220,220,100.0
ɾ e k ɾ u d e s ˈe ɾ,V;IND;PRS;3;SG,220,220,100.0
ɾ e k ɾ u d e s ˈe ɾ,V;SBJV;PRS;1;PL,220,220,100.0
ɾ e k ɾ u d e s ˈe ɾ,V;SBJV;PRS;1;SG,220,220,100.0
ɾ e k ɾ u d e s ˈe ɾ,V;SBJV;PRS;2;PL,220,220,100.0
ɾ e k ɾ u d e s ˈe ɾ,V;SBJV;PRS;2;SG,220,220,100.0
ɾ e k ɾ u d e s ˈe ɾ,V;SBJV;PRS;3;PL,220,220,100.0
ɾ e k ɾ u d e s ˈe ɾ,V;SBJV;PRS;3;SG,220,220,100.0
ɾ e l u s ˈi ɾ,V;IND;PRS;1;PL,192,220,87.27
ɾ e l u s ˈi ɾ,V;IND;PRS;1;SG,213,220,96.82
ɾ e l u s ˈi ɾ,V;IND;PRS;2;PL,167,220,75.91
ɾ e l u s ˈi ɾ,V;IND;PRS;2;SG,217,220,98.64
ɾ e l u s ˈi ɾ,V;IND;PRS;3;PL,216,220,98.18
ɾ e l u s ˈi ɾ,V;IND;PRS;3;SG,217,220,98.64
ɾ e l u s ˈi ɾ,V;SBJV;PRS;1;PL,207,220,94.09
ɾ e l u s ˈi ɾ,V;SBJV;PRS;1;SG,206,220,93.64
ɾ e l u s ˈi ɾ,V;SBJV;PRS;2;PL,212,220,96.36
ɾ e l u s ˈi ɾ,V;SBJV;PRS;2;SG,203,220,92.27
ɾ e l u s ˈi ɾ,V;SBJV;PRS;3;PL,209,220,95.0
ɾ e l u s ˈi ɾ,V;SBJV;PRS;3;SG,208,220,94.55
ɾ e p o n ˈe ɾ,V;IND;PRS;1;PL,220,220,100.0
ɾ e p o n ˈe ɾ,V;IND;PRS;1;SG,220,220,100.0
ɾ e p o n ˈe ɾ,V;IND;PRS;2;PL,220,220,100.0
ɾ e p o n ˈe ɾ,V;IND;PRS;2;SG,220,220,100.0
ɾ e p o n ˈe ɾ,V;IND;PRS;3;PL,220,220,100.0
ɾ e p o n ˈe ɾ,V;IND;PRS;3;SG,220,220,100.0
ɾ e p o n ˈe ɾ,V;SBJV;PRS;1;PL,220,220,100.0
ɾ e p o n ˈe ɾ,V;SBJV;PRS;1;SG,220,220,100.0
ɾ e p o n ˈe ɾ,V;SBJV;PRS;2;PL,220,220,100.0
ɾ e p o n ˈe ɾ,V;SBJV;PRS;2;SG,220,220,100.0
ɾ e p o n ˈe ɾ,V;SBJV;PRS;3;PL,220,220,100.0
ɾ e p o n ˈe ɾ,V;SBJV;PRS;3;SG,220,220,100.0
ɾ e s t a b l e s ˈe ɾ,V;IND;PRS;1;PL,440,440,100.0
ɾ e s t a b l e s ˈe ɾ,V;IND;PRS;1;SG,430,440,97.73
ɾ e s t a b l e s ˈe ɾ,V;IND;PRS;2;PL,440,440,100.0
ɾ e s t a b l e s ˈe ɾ,V;IND;PRS;2;SG,440,440,100.0
ɾ e s t a b l e s ˈe ɾ,V;IND;PRS;3;PL,440,440,100.0
ɾ e s t a b l e s ˈe ɾ,V;IND;PRS;3;SG,440,440,100.0
ɾ e s t a b l e s ˈe ɾ,V;SBJV;PRS;1;PL,440,440,100.0
ɾ e s t a b l e s ˈe ɾ,V;SBJV;PRS;1;SG,440,440,100.0
ɾ e s t a b l e s ˈe ɾ,V;SBJV;PRS;2;PL,440,440,100.0
ɾ e s t a b l e s ˈe ɾ,V;SBJV;PRS;2;SG,439,440,99.77
ɾ e s t a b l e s ˈe ɾ,V;SBJV;PRS;3;PL,440,440,100.0
ɾ e s t a b l e s ˈe ɾ,V;SBJV;PRS;3;SG,440,440,100.0
ɾ e s t ɾ i n ç ˈi ɾ,V;IND;PRS;1;PL,220,220,100.0
ɾ e s t ɾ i n ç ˈi ɾ,V;IND;PRS;1;SG,215,220,97.73
ɾ e s t ɾ i n ç ˈi ɾ,V;IND;PRS;2;PL,220,220,100.0
ɾ e s t ɾ i n ç ˈi ɾ,V;IND;PRS;2;SG,220,220,100.0
ɾ e s t ɾ i n ç ˈi ɾ,V;IND;PRS;3;PL,220,220,100.0
ɾ e s t ɾ i n ç ˈi ɾ,V;IND;PRS;3;SG,217,220,98.64
ɾ e s t ɾ i n ç ˈi ɾ,V;SBJV;PRS;1;PL,220,220,100.0
ɾ e s t ɾ i n ç ˈi ɾ,V;SBJV;PRS;1;SG,220,220,100.0
ɾ e s t ɾ i n ç ˈi ɾ,V;SBJV;PRS;2;PL,220,220,100.0
ɾ e s t ɾ i n ç ˈi ɾ,V;SBJV;PRS;2;SG,220,220,100.0
ɾ e s t ɾ i n ç ˈi ɾ,V;SBJV;PRS;3;PL,220,220,100.0
ɾ e s t ɾ i n ç ˈi ɾ,V;SBJV;PRS;3;SG,220,220,100.0
ɾ e s u ɾ ç ˈi ɾ,V;IND;PRS;1;PL,220,220,100.0
ɾ e s u ɾ ç ˈi ɾ,V;IND;PRS;1;SG,220,220,100.0
ɾ e s u ɾ ç ˈi ɾ,V;IND;PRS;2;PL,220,220,100.0
ɾ e s u ɾ ç ˈi ɾ,V;IND;PRS;2;SG,220,220,100.0
ɾ e s u ɾ ç ˈi ɾ,V;IND;PRS;3;PL,220,220,100.0
ɾ e s u ɾ ç ˈi ɾ,V;IND;PRS;3;SG,220,220,100.0
ɾ e s u ɾ ç ˈi ɾ,V;SBJV;PRS;1;PL,220,220,100.0
ɾ e s u ɾ ç ˈi ɾ,V;SBJV;PRS;1;SG,220,220,100.0
ɾ e s u ɾ ç ˈi ɾ,V;SBJV;PRS;2;PL,220,220,100.0
ɾ e s u ɾ ç ˈi ɾ,V;SBJV;PRS;2;SG,220,220,100.0
ɾ e s u ɾ ç ˈi ɾ,V;SBJV;PRS;3;PL,220,220,100.0
ɾ e s u ɾ ç ˈi ɾ,V;SBJV;PRS;3;SG,220,220,100.0
ɾ e t e n ˈe ɾ,V;IND;PRS;1;PL,440,440,100.0
ɾ e t e n ˈe ɾ,V;IND;PRS;1;SG,440,440,100.0
ɾ e t e n ˈe ɾ,V;IND;PRS;2;PL,440,440,100.0
ɾ e t e n ˈe ɾ,V;IND;PRS;2;SG,440,440,100.0
ɾ e t e n ˈe ɾ,V;IND;PRS;3;PL,440,440,100.0
ɾ e t e n ˈe ɾ,V;IND;PRS;3;SG,440,440,100.0
ɾ e t e n ˈe ɾ,V;SBJV;PRS;1;PL,440,440,100.0
ɾ e t e n ˈe ɾ,V;SBJV;PRS;1;SG,440,440,100.0
ɾ e t e n ˈe ɾ,V;SBJV;PRS;2;PL,440,440,100.0
ɾ e t e n ˈe ɾ,V;SBJV;PRS;2;SG,440,440,100.0
ɾ e t e n ˈe ɾ,V;SBJV;PRS;3;PL,440,440,100.0
ɾ e t e n ˈe ɾ,V;SBJV;PRS;3;SG,440,440,100.0
ɾ e t o ɾ s ˈe ɾ,V;IND;PRS;1;PL,220,220,100.0
ɾ e t o ɾ s ˈe ɾ,V;IND;PRS;1;SG,220,220,100.0
ɾ e t o ɾ s ˈe ɾ,V;IND;PRS;2;PL,220,220,100.0
ɾ e t o ɾ s ˈe ɾ,V;IND;PRS;2;SG,220,220,100.0
ɾ e t o ɾ s ˈe ɾ,V;IND;PRS;3;PL,220,220,100.0
ɾ e t o ɾ s ˈe ɾ,V;IND;PRS;3;SG,220,220,100.0
ɾ e t o ɾ s ˈe ɾ,V;SBJV;PRS;1;PL,220,220,100.0
ɾ e t o ɾ s ˈe ɾ,V;SBJV;PRS;1;SG,220,220,100.0
ɾ e t o ɾ s ˈe ɾ,V;SBJV;PRS;2;PL,220,220,100.0
ɾ e t o ɾ s ˈe ɾ,V;SBJV;PRS;2;SG,220,220,100.0
ɾ e t o ɾ s ˈe ɾ,V;SBJV;PRS;3;PL,220,220,100.0
ɾ e t o ɾ s ˈe ɾ,V;SBJV;PRS;3;SG,220,220,100.0
ɾ e t ɾ a d u s ˈi ɾ,V;IND;PRS;1;PL,220,220,100.0
ɾ e t ɾ a d u s ˈi ɾ,V;IND;PRS;1;SG,220,220,100.0
ɾ e t ɾ a d u s ˈi ɾ,V;IND;PRS;2;PL,220,220,100.0
ɾ e t ɾ a d u s ˈi ɾ,V;IND;PRS;2;SG,220,220,100.0
ɾ e t ɾ a d u s ˈi ɾ,V;IND;PRS;3;PL,220,220,100.0
ɾ e t ɾ a d u s ˈi ɾ,V;IND;PRS;3;SG,220,220,100.0
ɾ e t ɾ a d u s ˈi ɾ,V;SBJV;PRS;1;PL,220,220,100.0
ɾ e t ɾ a d u s ˈi ɾ,V;SBJV;PRS;1;SG,220,220,100.0
ɾ e t ɾ a d u s ˈi ɾ,V;SBJV;PRS;2;PL,220,220,100.0
ɾ e t ɾ a d u s ˈi ɾ,V;SBJV;PRS;2;SG,220,220,100.0
ɾ e t ɾ a d u s ˈi ɾ,V;SBJV;PRS;3;PL,220,220,100.0
ɾ e t ɾ a d u s ˈi ɾ,V;SBJV;PRS;3;SG,220,220,100.0
ɾ e t ɾ o t ɾ a ˈe ɾ,V;IND;PRS;1;PL,98,220,44.55
ɾ e t ɾ o t ɾ a ˈe ɾ,V;IND;PRS;1;SG,111,220,50.45
ɾ e t ɾ o t ɾ a ˈe ɾ,V;IND;PRS;2;PL,102,220,46.36
ɾ e t ɾ o t ɾ a ˈe ɾ,V;IND;PRS;2;SG,150,220,68.18
ɾ e t ɾ o t ɾ a ˈe ɾ,V;IND;PRS;3;PL,148,220,67.27
ɾ e t ɾ o t ɾ a ˈe ɾ,V;IND;PRS;3;SG,152,220,69.09
ɾ e t ɾ o t ɾ a ˈe ɾ,V;SBJV;PRS;1;PL,78,220,35.45
ɾ e t ɾ o t ɾ a ˈe ɾ,V;SBJV;PRS;1;SG,129,220,58.64
ɾ e t ɾ o t ɾ a ˈe ɾ,V;SBJV;PRS;2;PL,90,220,40.91
ɾ e t ɾ o t ɾ a ˈe ɾ,V;SBJV;PRS;2;SG,120,220,54.55
ɾ e t ɾ o t ɾ a ˈe ɾ,V;SBJV;PRS;3;PL,120,220,54.55
ɾ e t ɾ o t ɾ a ˈe ɾ,V;SBJV;PRS;3;SG,126,220,57.27
ɾ o b u s t e s ˈe ɾ,V;IND;PRS;1;PL,220,220,100.0
ɾ o b u s t e s ˈe ɾ,V;IND;PRS;1;SG,205,220,93.18
ɾ o b u s t e s ˈe ɾ,V;IND;PRS;2;PL,220,220,100.0
ɾ o b u s t e s ˈe ɾ,V;IND;PRS;2;SG,220,220,100.0
ɾ o b u s t e s ˈe ɾ,V;IND;PRS;3;PL,220,220,100.0
ɾ o b u s t e s ˈe ɾ,V;IND;PRS;3;SG,220,220,100.0
ɾ o b u s t e s ˈe ɾ,V;SBJV;PRS;1;PL,220,220,100.0
ɾ o b u s t e s ˈe ɾ,V;SBJV;PRS;1;SG,209,220,95.0
ɾ o b u s t e s ˈe ɾ,V;SBJV;PRS;2;PL,219,220,99.55
ɾ o b u s t e s ˈe ɾ,V;SBJV;PRS;2;SG,210,220,95.45
ɾ o b u s t e s ˈe ɾ,V;SBJV;PRS;3;PL,210,220,95.45
ɾ o b u s t e s ˈe ɾ,V;SBJV;PRS;3;SG,210,220,95.45
ʃ a s ˈe ɾ,V;IND;PRS;1;PL,211,220,95.91
ʃ a s ˈe ɾ,V;IND;PRS;1;SG,206,220,93.64
ʃ a s ˈe ɾ,V;IND;PRS;2;PL,214,220,97.27
ʃ a s ˈe ɾ,V;IND;PRS;2;SG,214,220,97.27
ʃ a s ˈe ɾ,V;IND;PRS;3;PL,214,220,97.27
ʃ a s ˈe ɾ,V;IND;PRS;3;SG,214,220,97.27
ʃ a s ˈe ɾ,V;SBJV;PRS;1;PL,201,220,91.36
ʃ a s ˈe ɾ,V;SBJV;PRS;1;SG,208,220,94.55
ʃ a s ˈe ɾ,V;SBJV;PRS;2;PL,202,220,91.82
ʃ a s ˈe ɾ,V;SBJV;PRS;2;SG,204,220,92.73
ʃ a s ˈe ɾ,V;SBJV;PRS;3;PL,208,220,94.55
ʃ a s ˈe ɾ,V;SBJV;PRS;3;SG,207,220,94.09
ʃ u k s t a p o n ˈe ɾ,V;IND;PRS;1;PL,97,220,44.09
ʃ u k s t a p o n ˈe ɾ,V;IND;PRS;1;SG,108,220,49.09
ʃ u k s t a p o n ˈe ɾ,V;IND;PRS;2;PL,94,220,42.73
ʃ u k s t a p o n ˈe ɾ,V;IND;PRS;2;SG,96,220,43.64
ʃ u k s t a p o n ˈe ɾ,V;IND;PRS;3;PL,106,220,48.18
ʃ u k s t a p o n ˈe ɾ,V;IND;PRS;3;SG,116,220,52.73
ʃ u k s t a p o n ˈe ɾ,V;SBJV;PRS;1;PL,143,220,65.0
ʃ u k s t a p o n ˈe ɾ,V;SBJV;PRS;1;SG,113,220,51.36
ʃ u k s t a p o n ˈe ɾ,V;SBJV;PRS;2;PL,130,220,59.09
ʃ u k s t a p o n ˈe ɾ,V;SBJV;PRS;2;SG,115,220,52.27
ʃ u k s t a p o n ˈe ɾ,V;SBJV;PRS;3;PL,107,220,48.64
ʃ u k s t a p o n ˈe ɾ,V;SBJV;PRS;3;SG,105,220,47.73
