lemma,target_tag,correct,total,overall_accuracy
a b e n ˈi ɾ,V;IND;PRS;1;PL,220,220,100.0
a b e n ˈi ɾ,V;IND;PRS;1;SG,213,220,96.82
a b e n ˈi ɾ,V;IND;PRS;2;PL,220,220,100.0
a b e n ˈi ɾ,V;IND;PRS;2;SG,218,220,99.09
a b e n ˈi ɾ,V;IND;PRS;3;PL,217,220,98.64
a b e n ˈi ɾ,V;IND;PRS;3;SG,218,220,99.09
a b e n ˈi ɾ,V;SBJV;PRS;1;PL,217,220,98.64
a b e n ˈi ɾ,V;SBJV;PRS;1;SG,217,220,98.64
a b e n ˈi ɾ,V;SBJV;PRS;2;PL,219,220,99.55
a b e n ˈi ɾ,V;SBJV;PRS;2;SG,217,220,98.64
a b e n ˈi ɾ,V;SBJV;PRS;3;PL,217,220,98.64
a b e n ˈi ɾ,V;SBJV;PRS;3;SG,216,220,98.18
a b o r e s ˈe ɾ,V;IND;PRS;1;PL,370,440,84.09
a b o r e s ˈe ɾ,V;IND;PRS;1;SG,430,440,97.73
a b o r e s ˈe ɾ,V;IND;PRS;2;PL,390,440,88.64
a b o r e s ˈe ɾ,V;IND;PRS;2;SG,370,440,84.09
a b o r e s ˈe ɾ,V;IND;PRS;3;PL,412,440,93.64
a b o r e s ˈe ɾ,V;IND;PRS;3;SG,384,440,87.27
a b o r e s ˈe ɾ,V;SBJV;PRS;1;PL,440,440,100.0
a b o r e s ˈe ɾ,V;SBJV;PRS;1;SG,432,440,98.18
a b o r e s ˈe ɾ,V;SBJV;PRS;2;PL,434,440,98.64
a b o r e s ˈe ɾ,V;SBJV;PRS;2;SG,432,440,98.18
a b o r e s ˈe ɾ,V;SBJV;PRS;3;PL,432,440,98.18
a b o r e s ˈe ɾ,V;SBJV;PRS;3;SG,423,440,96.14
a b s t ɾ a ˈe ɾ,V;IND;PRS;1;PL,434,440,98.64
a b s t ɾ a ˈe ɾ,V;IND;PRS;1;SG,424,440,96.36
a b s t ɾ a ˈe ɾ,V;IND;PRS;2;PL,436,440,99.09
a b s t ɾ a ˈe ɾ,V;IND;PRS;2;SG,431,440,97.95
a b s t ɾ a ˈe ɾ,V;IND;PRS;3;PL,427,440,97.05
a b s t ɾ a ˈe ɾ,V;IND;PRS;3;SG,428,440,97.27
a b s t ɾ a ˈe ɾ,V;SBJV;PRS;1;PL,418,440,95.0
a b s t ɾ a ˈe ɾ,V;SBJV;PRS;1;SG,422,440,95.91
a b s t ɾ a ˈe ɾ,V;SBJV;PRS;2;PL,425,440,96.59
a b s t ɾ a ˈe ɾ,V;SBJV;PRS;2;SG,426,440,96.82
a b s t ɾ a ˈe ɾ,V;SBJV;PRS;3;PL,425,440,96.59
a b s t ɾ a ˈe ɾ,V;SBJV;PRS;3;SG,418,440,95.0
a d o l e s ˈe ɾ,V;IND;PRS;1;PL,220,220,100.0
a d o l e s ˈe ɾ,V;IND;PRS;1;SG,220,220,100.0
a d o l e s ˈe ɾ,V;IND;PRS;2;PL,220,220,100.0
a d o l e s ˈe ɾ,V;IND;PRS;2;SG,220,220,100.0
a d o l e s ˈe ɾ,V;IND;PRS;3;PL,220,220,100.0
a d o l e s ˈe ɾ,V;IND;PRS;3;SG,220,220,100.0
a d o l e s ˈe ɾ,V;SBJV;PRS;1;PL,220,220,100.0
a d o l e s ˈe ɾ,V;SBJV;PRS;1;SG,220,220,100.0
a d o l e s ˈe ɾ,V;SBJV;PRS;2;PL,220,220,100.0
a d o l e s ˈe ɾ,V;SBJV;PRS;2;SG,220,220,100.0
a d o l e s ˈe ɾ,V;SBJV;PRS;3;PL,220,220,100.0
a d o l e s ˈe ɾ,V;SBJV;PRS;3;SG,220,220,100.0
a d o ɾ m e s ˈe ɾ,V;IND;PRS;1;PL,220,220,100.0
a d o ɾ m e s ˈe ɾ,V;IND;PRS;1;SG,218,220,99.09
a d o ɾ m e s ˈe ɾ,V;IND;PRS;2;PL,220,220,100.0
a d o ɾ m e s ˈe ɾ,V;IND;PRS;2;SG,219,220,99.55
a d o ɾ m e s ˈe ɾ,V;IND;PRS;3;PL,220,220,100.0
a d o ɾ m e s ˈe ɾ,V;IND;PRS;3;SG,220,220,100.0
a d o ɾ m e s ˈe ɾ,V;SBJV;PRS;1;PL,220,220,100.0
a d o ɾ m e s ˈe ɾ,V;SBJV;PRS;1;SG,220,220,100.0
a d o ɾ m e s ˈe ɾ,V;SBJV;PRS;2;PL,219,220,99.55
a d o ɾ m e s ˈe ɾ,V;SBJV;PRS;2;SG,220,220,100.0
a d o ɾ m e s ˈe ɾ,V;SBJV;PRS;3;PL,220,220,100.0
a d o ɾ m e s ˈe ɾ,V;SBJV;PRS;3;SG,220,220,100.0
a d u s ˈi ɾ,V;IND;PRS;1;PL,156,220,70.91
a d u s ˈi ɾ,V;IND;PRS;1;SG,213,220,96.82
a d u s ˈi ɾ,V;IND;PRS;2;PL,164,220,74.55
a d u s ˈi ɾ,V;IND;PRS;2;SG,220,220,100.0
a d u s ˈi ɾ,V;IND;PRS;3;PL,219,220,99.55
a d u s ˈi ɾ,V;IND;PRS;3;SG,219,220,99.55
a d u s ˈi ɾ,V;SBJV;PRS;1;PL,177,220,80.45
a d u s ˈi ɾ,V;SBJV;PRS;1;SG,206,220,93.64
a d u s ˈi ɾ,V;SBJV;PRS;2;PL,168,220,76.36
a d u s ˈi ɾ,V;SBJV;PRS;2;SG,184,220,83.64
a d u s ˈi ɾ,V;SBJV;PRS;3;PL,161,220,73.18
a d u s ˈi ɾ,V;SBJV;PRS;3;SG,171,220,77.73
a d ʃ a s ˈe ɾ,V;IND;PRS;1;PL,255,440,57.95
a d ʃ a s ˈe ɾ,V;IND;PRS;1;SG,216,440,49.09
a d ʃ a s ˈe ɾ,V;IND;PRS;2;PL,278,440,63.18
a d ʃ a s ˈe ɾ,V;IND;PRS;2;SG,241,440,54.77
a d ʃ a s ˈe ɾ,V;IND;PRS;3;PL,254,440,57.73
a d ʃ a s ˈe ɾ,V;IND;PRS;3;SG,262,440,59.55
a d ʃ a s ˈe ɾ,V;SBJV;PRS;1;PL,280,440,63.64
a d ʃ a s ˈe ɾ,V;SBJV;PRS;1;SG,242,440,55.0
a d ʃ a s ˈe ɾ,V;SBJV;PRS;2;PL,280,440,63.64
a d ʃ a s ˈe ɾ,V;SBJV;PRS;2;SG,235,440,53.41
a d ʃ a s ˈe ɾ,V;SBJV;PRS;3;PL,243,440,55.23
a d ʃ a s ˈe ɾ,V;SBJV;PRS;3;SG,245,440,55.68
a f l i ç ˈi ɾ,V;IND;PRS;1;PL,165,220,75.0
a f l i ç ˈi ɾ,V;IND;PRS;1;SG,220,220,100.0
a f l i ç ˈi ɾ,V;IND;PRS;2;PL,164,220,74.55
a f l i ç ˈi ɾ,V;IND;PRS;2;SG,220,220,100.0
a f l i ç ˈi ɾ,V;IND;PRS;3;PL,220,220,100.0
a f l i ç ˈi ɾ,V;IND;PRS;3;SG,220,220,100.0
a f l i ç ˈi ɾ,V;SBJV;PRS;1;PL,220,220,100.0
a f l i ç ˈi ɾ,V;SBJV;PRS;1;SG,220,220,100.0
a f l i ç ˈi ɾ,V;SBJV;PRS;2;PL,220,220,100.0
a f l i ç ˈi ɾ,V;SBJV;PRS;2;SG,220,220,100.0
a f l i ç ˈi ɾ,V;SBJV;PRS;3;PL,220,220,100.0
a f l i ç ˈi ɾ,V;SBJV;PRS;3;SG,220,220,100.0
a k a e s ˈe ɾ,V;IND;PRS;1;PL,142,220,64.55
a k a e s ˈe ɾ,V;IND;PRS;1;SG,62,220,28.18
a k a e s ˈe ɾ,V;IND;PRS;2;PL,157,220,71.36
a k a e s ˈe ɾ,V;IND;PRS;2;SG,28,220,12.73
a k a e s ˈe ɾ,V;IND;PRS;3;PL,32,220,14.55
a k a e s ˈe ɾ,V;IND;PRS;3;SG,39,220,17.73
a k a e s ˈe ɾ,V;SBJV;PRS;1;PL,68,220,30.91
a k a e s ˈe ɾ,V;SBJV;PRS;1;SG,73,220,33.18
a k a e s ˈe ɾ,V;SBJV;PRS;2;PL,72,220,32.73
a k a e s ˈe ɾ,V;SBJV;PRS;2;SG,64,220,29.09
a k a e s ˈe ɾ,V;SBJV;PRS;3;PL,56,220,25.45
a k a e s ˈe ɾ,V;SBJV;PRS;3;SG,68,220,30.91
a k o n t e s ˈe ɾ,V;IND;PRS;1;PL,220,220,100.0
a k o n t e s ˈe ɾ,V;IND;PRS;1;SG,218,220,99.09
a k o n t e s ˈe ɾ,V;IND;PRS;2;PL,220,220,100.0
a k o n t e s ˈe ɾ,V;IND;PRS;2;SG,220,220,100.0
a k o n t e s ˈe ɾ,V;IND;PRS;3;PL,220,220,100.0
a k o n t e s ˈe ɾ,V;IND;PRS;3;SG,220,220,100.0
a k o n t e s ˈe ɾ,V;SBJV;PRS;1;PL,220,220,100.0
a k o n t e s ˈe ɾ,V;SBJV;PRS;1;SG,220,220,100.0
a k o n t e s ˈe ɾ,V;SBJV;PRS;2;PL,220,220,100.0
a k o n t e s ˈe ɾ,V;SBJV;PRS;2;SG,220,220,100.0
a k o n t e s ˈe ɾ,V;SBJV;PRS;3;PL,220,220,100.0
a k o n t e s ˈe ɾ,V;SBJV;PRS;3;SG,220,220,100.0
a m a n e s ˈe ɾ,V;IND;PRS;1;PL,836,880,95.0
a m a n e s ˈe ɾ,V;IND;PRS;1;SG,830,880,94.32
a m a n e s ˈe ɾ,V;IND;PRS;2;PL,845,880,96.02
a m a n e s ˈe ɾ,V;IND;PRS;2;SG,865,880,98.3
a m a n e s ˈe ɾ,V;IND;PRS;3;PL,852,880,96.82
a m a n e s ˈe ɾ,V;IND;PRS;3;SG,855,880,97.16
a m a n e s ˈe ɾ,V;SBJV;PRS;1;PL,874,880,99.32
a m a n e s ˈe ɾ,V;SBJV;PRS;1;SG,878,880,99.77
a m a n e s ˈe ɾ,V;SBJV;PRS;2;PL,877,880,99.66
a m a n e s ˈe ɾ,V;SBJV;PRS;2;SG,878,880,99.77
a m a n e s ˈe ɾ,V;SBJV;PRS;3;PL,867,880,98.52
a m a n e s ˈe ɾ,V;SBJV;PRS;3;SG,876,880,99.55
a n o ʧ e s ˈe ɾ,V;IND;PRS;1;PL,124,220,56.36
a n o ʧ e s ˈe ɾ,V;IND;PRS;1;SG,218,220,99.09
a n o ʧ e s ˈe ɾ,V;IND;PRS;2;PL,172,220,78.18
a n o ʧ e s ˈe ɾ,V;IND;PRS;2;SG,179,220,81.36
a n o ʧ e s ˈe ɾ,V;IND;PRS;3;PL,203,220,92.27
a n o ʧ e s ˈe ɾ,V;IND;PRS;3;SG,170,220,77.27
a n o ʧ e s ˈe ɾ,V;SBJV;PRS;1;PL,220,220,100.0
a n o ʧ e s ˈe ɾ,V;SBJV;PRS;1;SG,220,220,100.0
a n o ʧ e s ˈe ɾ,V;SBJV;PRS;2;PL,219,220,99.55
a n o ʧ e s ˈe ɾ,V;SBJV;PRS;2;SG,220,220,100.0
a n o ʧ e s ˈe ɾ,V;SBJV;PRS;3;PL,220,220,100.0
a n o ʧ e s ˈe ɾ,V;SBJV;PRS;3;SG,220,220,100.0
a n t e d e s ˈi ɾ,V;IND;PRS;1;PL,290,660,43.94
a n t e d e s ˈi ɾ,V;IND;PRS;1;SG,384,660,58.18
a n t e d e s ˈi ɾ,V;IND;PRS;2;PL,290,660,43.94
a n t e d e s ˈi ɾ,V;IND;PRS;2;SG,467,660,70.76
a n t e d e s ˈi ɾ,V;IND;PRS;3;PL,467,660,70.76
a n t e d e s ˈi ɾ,V;IND;PRS;3;SG,438,660,66.36
a n t e d e s ˈi ɾ,V;SBJV;PRS;1;PL,412,660,62.42
a n t e d e s ˈi ɾ,V;SBJV;PRS;1;SG,392,660,59.39
a n t e d e s ˈi ɾ,V;SBJV;PRS;2;PL,392,660,59.39
a n t e d e s ˈi ɾ,V;SBJV;PRS;2;SG,400,660,60.61
a n t e d e s ˈi ɾ,V;SBJV;PRS;3;PL,388,660,58.79
a n t e d e s ˈi ɾ,V;SBJV;PRS;3;SG,369,660,55.91
a p a ɾ e s ˈe ɾ,V;IND;PRS;1;PL,373,440,84.77
a p a ɾ e s ˈe ɾ,V;IND;PRS;1;SG,427,440,97.05
a p a ɾ e s ˈe ɾ,V;IND;PRS;2;PL,392,440,89.09
a p a ɾ e s ˈe ɾ,V;IND;PRS;2;SG,356,440,80.91
a p a ɾ e s ˈe ɾ,V;IND;PRS;3;PL,391,440,88.86
a p a ɾ e s ˈe ɾ,V;IND;PRS;3;SG,358,440,81.36
a p a ɾ e s ˈe ɾ,V;SBJV;PRS;1;PL,431,440,97.95
a p a ɾ e s ˈe ɾ,V;SBJV;PRS;1;SG,435,440,98.86
a p a ɾ e s ˈe ɾ,V;SBJV;PRS;2;PL,432,440,98.18
a p a ɾ e s ˈe ɾ,V;SBJV;PRS;2;SG,435,440,98.86
a p a ɾ e s ˈe ɾ,V;SBJV;PRS;3;PL,430,440,97.73
a p a ɾ e s ˈe ɾ,V;SBJV;PRS;3;SG,431,440,97.95
a p e t e s ˈe ɾ,V;IND;PRS;1;PL,220,220,100.0
a p e t e s ˈe ɾ,V;IND;PRS;1;SG,220,220,100.0
a p e t e s ˈe ɾ,V;IND;PRS;2;PL,220,220,100.0
a p e t e s ˈe ɾ,V;IND;PRS;2;SG,219,220,99.55
a p e t e s ˈe ɾ,V;IND;PRS;3;PL,219,220,99.55
a p e t e s ˈe ɾ,V;IND;PRS;3;SG,215,220,97.73
a p e t e s ˈe ɾ,V;SBJV;PRS;1;PL,220,220,100.0
a p e t e s ˈe ɾ,V;SBJV;PRS;1;SG,219,220,99.55
a p e t e s ˈe ɾ,V;SBJV;PRS;2;PL,220,220,100.0
a p e t e s ˈe ɾ,V;SBJV;PRS;2;SG,215,220,97.73
a p e t e s ˈe ɾ,V;SBJV;PRS;3;PL,220,220,100.0
a p e t e s ˈe ɾ,V;SBJV;PRS;3;SG,217,220,98.64
a p o n ˈe ɾ,V;IND;PRS;1;PL,220,220,100.0
a p o n ˈe ɾ,V;IND;PRS;1;SG,220,220,100.0
a p o n ˈe ɾ,V;IND;PRS;2;PL,220,220,100.0
a p o n ˈe ɾ,V;IND;PRS;2;SG,220,220,100.0
a p o n ˈe ɾ,V;IND;PRS;3;PL,220,220,100.0
a p o n ˈe ɾ,V;IND;PRS;3;SG,220,220,100.0
a p o n ˈe ɾ,V;SBJV;PRS;1;PL,220,220,100.0
a p o n ˈe ɾ,V;SBJV;PRS;1;SG,219,220,99.55
a p o n ˈe ɾ,V;SBJV;PRS;2;PL,220,220,100.0
a p o n ˈe ɾ,V;SBJV;PRS;2;SG,220,220,100.0
a p o n ˈe ɾ,V;SBJV;PRS;3;PL,220,220,100.0
a p o n ˈe ɾ,V;SBJV;PRS;3;SG,220,220,100.0
a r e s ˈi ɾ,V;IND;PRS;1;PL,178,220,80.91
a r e s ˈi ɾ,V;IND;PRS;1;SG,218,220,99.09
a r e s ˈi ɾ,V;IND;PRS;2;PL,175,220,79.55
a r e s ˈi ɾ,V;IND;PRS;2;SG,189,220,85.91
a r e s ˈi ɾ,V;IND;PRS;3;PL,211,220,95.91
a r e s ˈi ɾ,V;IND;PRS;3;SG,188,220,85.45
a r e s ˈi ɾ,V;SBJV;PRS;1;PL,163,220,74.09
a r e s ˈi ɾ,V;SBJV;PRS;1;SG,218,220,99.09
a r e s ˈi ɾ,V;SBJV;PRS;2;PL,155,220,70.45
a r e s ˈi ɾ,V;SBJV;PRS;2;SG,210,220,95.45
a r e s ˈi ɾ,V;SBJV;PRS;3;PL,202,220,91.82
a r e s ˈi ɾ,V;SBJV;PRS;3;SG,206,220,93.64
a s t ɾ i n ç ˈi ɾ,V;IND;PRS;1;PL,306,440,69.55
a s t ɾ i n ç ˈi ɾ,V;IND;PRS;1;SG,437,440,99.32
a s t ɾ i n ç ˈi ɾ,V;IND;PRS;2;PL,281,440,63.86
a s t ɾ i n ç ˈi ɾ,V;IND;PRS;2;SG,299,440,67.95
a s t ɾ i n ç ˈi ɾ,V;IND;PRS;3;PL,283,440,64.32
a s t ɾ i n ç ˈi ɾ,V;IND;PRS;3;SG,290,440,65.91
a s t ɾ i n ç ˈi ɾ,V;SBJV;PRS;1;PL,440,440,100.0
a s t ɾ i n ç ˈi ɾ,V;SBJV;PRS;1;SG,440,440,100.0
a s t ɾ i n ç ˈi ɾ,V;SBJV;PRS;2;PL,440,440,100.0
a s t ɾ i n ç ˈi ɾ,V;SBJV;PRS;2;SG,437,440,99.32
a s t ɾ i n ç ˈi ɾ,V;SBJV;PRS;3;PL,438,440,99.55
a s t ɾ i n ç ˈi ɾ,V;SBJV;PRS;3;SG,440,440,100.0
a t a ɾ d e s ˈe ɾ,V;IND;PRS;1;PL,325,440,73.86
a t a ɾ d e s ˈe ɾ,V;IND;PRS;1;SG,334,440,75.91
a t a ɾ d e s ˈe ɾ,V;IND;PRS;2;PL,324,440,73.64
a t a ɾ d e s ˈe ɾ,V;IND;PRS;2;SG,326,440,74.09
a t a ɾ d e s ˈe ɾ,V;IND;PRS;3;PL,323,440,73.41
a t a ɾ d e s ˈe ɾ,V;IND;PRS;3;SG,328,440,74.55
a t a ɾ d e s ˈe ɾ,V;SBJV;PRS;1;PL,341,440,77.5
a t a ɾ d e s ˈe ɾ,V;SBJV;PRS;1;SG,345,440,78.41
a t a ɾ d e s ˈe ɾ,V;SBJV;PRS;2;PL,326,440,74.09
a t a ɾ d e s ˈe ɾ,V;SBJV;PRS;2;SG,341,440,77.5
a t a ɾ d e s ˈe ɾ,V;SBJV;PRS;3;PL,338,440,76.82
a t a ɾ d e s ˈe ɾ,V;SBJV;PRS;3;SG,342,440,77.73
a t e n ˈe ɾ,V;IND;PRS;1;PL,220,220,100.0
a t e n ˈe ɾ,V;IND;PRS;1;SG,220,220,100.0
a t e n ˈe ɾ,V;IND;PRS;2;PL,220,220,100.0
a t e n ˈe ɾ,V;IND;PRS;2;SG,220,220,100.0
a t e n ˈe ɾ,V;IND;PRS;3;PL,220,220,100.0
a t e n ˈe ɾ,V;IND;PRS;3;SG,220,220,100.0
a t e n ˈe ɾ,V;SBJV;PRS;1;PL,220,220,100.0
a t e n ˈe ɾ,V;SBJV;PRS;1;SG,220,220,100.0
a t e n ˈe ɾ,V;SBJV;PRS;2;PL,220,220,100.0
a t e n ˈe ɾ,V;SBJV;PRS;2;SG,220,220,100.0
a t e n ˈe ɾ,V;SBJV;PRS;3;PL,220,220,100.0
a t e n ˈe ɾ,V;SBJV;PRS;3;SG,220,220,100.0
a t ɾ a ˈe ɾ,V;IND;PRS;1;PL,139,220,63.18
a t ɾ a ˈe ɾ,V;IND;PRS;1;SG,144,220,65.45
a t ɾ a ˈe ɾ,V;IND;PRS;2;PL,123,220,55.91
a t ɾ a ˈe ɾ,V;IND;PRS;2;SG,146,220,66.36
a t ɾ a ˈe ɾ,V;IND;PRS;3;PL,198,220,90.0
a t ɾ a ˈe ɾ,V;IND;PRS;3;SG,218,220,99.09
a t ɾ a ˈe ɾ,V;SBJV;PRS;1;PL,207,220,94.09
a t ɾ a ˈe ɾ,V;SBJV;PRS;1;SG,170,220,77.27
a t ɾ a ˈe ɾ,V;SBJV;PRS;2;PL,217,220,98.64
a t ɾ a ˈe ɾ,V;SBJV;PRS;2;SG,188,220,85.45
a t ɾ a ˈe ɾ,V;SBJV;PRS;3;PL,158,220,71.82
a t ɾ a ˈe ɾ,V;SBJV;PRS;3;SG,150,220,68.18
b a l b u s ˈi ɾ,V;IND;PRS;1;PL,170,220,77.27
b a l b u s ˈi ɾ,V;IND;PRS;1;SG,186,220,84.55
b a l b u s ˈi ɾ,V;IND;PRS;2;PL,178,220,80.91
b a l b u s ˈi ɾ,V;IND;PRS;2;SG,201,220,91.36
b a l b u s ˈi ɾ,V;IND;PRS;3;PL,210,220,95.45
b a l b u s ˈi ɾ,V;IND;PRS;3;SG,202,220,91.82
b a l b u s ˈi ɾ,V;SBJV;PRS;1;PL,210,220,95.45
b a l b u s ˈi ɾ,V;SBJV;PRS;1;SG,219,220,99.55
b a l b u s ˈi ɾ,V;SBJV;PRS;2;PL,195,220,88.64
b a l b u s ˈi ɾ,V;SBJV;PRS;2;SG,219,220,99.55
b a l b u s ˈi ɾ,V;SBJV;PRS;3;PL,216,220,98.18
b a l b u s ˈi ɾ,V;SBJV;PRS;3;SG,210,220,95.45
b a l ˈe ɾ,V;IND;PRS;1;PL,210,220,95.45
b a l ˈe ɾ,V;IND;PRS;1;SG,203,220,92.27
b a l ˈe ɾ,V;IND;PRS;2;PL,220,220,100.0
b a l ˈe ɾ,V;IND;PRS;2;SG,204,220,92.73
b a l ˈe ɾ,V;IND;PRS;3;PL,209,220,95.0
b a l ˈe ɾ,V;IND;PRS;3;SG,208,220,94.55
b a l ˈe ɾ,V;SBJV;PRS;1;PL,206,220,93.64
b a l ˈe ɾ,V;SBJV;PRS;1;SG,205,220,93.18
b a l ˈe ɾ,V;SBJV;PRS;2;PL,213,220,96.82
b a l ˈe ɾ,V;SBJV;PRS;2;SG,208,220,94.55
b a l ˈe ɾ,V;SBJV;PRS;3;PL,209,220,95.0
b a l ˈe ɾ,V;SBJV;PRS;3;SG,204,220,92.73
b e n d e s ˈi ɾ,V;IND;PRS;1;PL,20,220,9.09
b e n d e s ˈi ɾ,V;IND;PRS;1;SG,60,220,27.27
b e n d e s ˈi ɾ,V;IND;PRS;2;PL,0,220,0.0
b e n d e s ˈi ɾ,V;IND;PRS;2;SG,60,220,27.27
b e n d e s ˈi ɾ,V;IND;PRS;3;PL,46,220,20.91
b e n d e s ˈi ɾ,V;IND;PRS;3;SG,56,220,25.45
b e n d e s ˈi ɾ,V;SBJV;PRS;1;PL,60,220,27.27
b e n d e s ˈi ɾ,V;SBJV;PRS;1;SG,60,220,27.27
b e n d e s ˈi ɾ,V;SBJV;PRS;2;PL,60,220,27.27
b e n d e s ˈi ɾ,V;SBJV;PRS;2;SG,60,220,27.27
b e n d e s ˈi ɾ,V;SBJV;PRS;3;PL,60,220,27.27
b e n d e s ˈi ɾ,V;SBJV;PRS;3;SG,60,220,27.27
d e b e n ˈi ɾ,V;IND;PRS;1;PL,452,660,68.48
d e b e n ˈi ɾ,V;IND;PRS;1;SG,609,660,92.27
d e b e n ˈi ɾ,V;IND;PRS;2;PL,449,660,68.03
d e b e n ˈi ɾ,V;IND;PRS;2;SG,443,660,67.12
d e b e n ˈi ɾ,V;IND;PRS;3;PL,442,660,66.97
d e b e n ˈi ɾ,V;IND;PRS;3;SG,443,660,67.12
d e b e n ˈi ɾ,V;SBJV;PRS;1;PL,613,660,92.88
d e b e n ˈi ɾ,V;SBJV;PRS;1;SG,606,660,91.82
d e b e n ˈi ɾ,V;SBJV;PRS;2;PL,612,660,92.73
d e b e n ˈi ɾ,V;SBJV;PRS;2;SG,612,660,92.73
d e b e n ˈi ɾ,V;SBJV;PRS;3;PL,594,660,90.0
d e b e n ˈi ɾ,V;SBJV;PRS;3;SG,614,660,93.03
d e d u s ˈi ɾ,V;IND;PRS;1;PL,818,880,92.95
d e d u s ˈi ɾ,V;IND;PRS;1;SG,876,880,99.55
d e d u s ˈi ɾ,V;IND;PRS;2;PL,820,880,93.18
d e d u s ˈi ɾ,V;IND;PRS;2;SG,873,880,99.2
d e d u s ˈi ɾ,V;IND;PRS;3;PL,872,880,99.09
d e d u s ˈi ɾ,V;IND;PRS;3;SG,874,880,99.32
d e d u s ˈi ɾ,V;SBJV;PRS;1;PL,839,880,95.34
d e d u s ˈi ɾ,V;SBJV;PRS;1;SG,877,880,99.66
d e d u s ˈi ɾ,V;SBJV;PRS;2;PL,849,880,96.48
d e d u s ˈi ɾ,V;SBJV;PRS;2;SG,872,880,99.09
d e d u s ˈi ɾ,V;SBJV;PRS;3;PL,871,880,98.98
d e d u s ˈi ɾ,V;SBJV;PRS;3;SG,874,880,99.32
d e p o n ˈe ɾ,V;IND;PRS;1;PL,75,220,34.09
d e p o n ˈe ɾ,V;IND;PRS;1;SG,209,220,95.0
d e p o n ˈe ɾ,V;IND;PRS;2;PL,101,220,45.91
d e p o n ˈe ɾ,V;IND;PRS;2;SG,77,220,35.0
d e p o n ˈe ɾ,V;IND;PRS;3;PL,97,220,44.09
d e p o n ˈe ɾ,V;IND;PRS;3;SG,89,220,40.45
d e p o n ˈe ɾ,V;SBJV;PRS;1;PL,211,220,95.91
d e p o n ˈe ɾ,V;SBJV;PRS;1;SG,220,220,100.0
d e p o n ˈe ɾ,V;SBJV;PRS;2;PL,208,220,94.55
d e p o n ˈe ɾ,V;SBJV;PRS;2;SG,220,220,100.0
d e p o n ˈe ɾ,V;SBJV;PRS;3;PL,216,220,98.18
d e p o n ˈe ɾ,V;SBJV;PRS;3;SG,220,220,100.0
d e s a p a ɾ e s ˈe ɾ,V;IND;PRS;1;PL,384,440,87.27
d e s a p a ɾ e s ˈe ɾ,V;IND;PRS;1;SG,385,440,87.5
d e s a p a ɾ e s ˈe ɾ,V;IND;PRS;2;PL,378,440,85.91
d e s a p a ɾ e s ˈe ɾ,V;IND;PRS;2;SG,385,440,87.5
d e s a p a ɾ e s ˈe ɾ,V;IND;PRS;3;PL,385,440,87.5
d e s a p a ɾ e s ˈe ɾ,V;IND;PRS;3;SG,385,440,87.5
d e s a p a ɾ e s ˈe ɾ,V;SBJV;PRS;1;PL,383,440,87.05
d e s a p a ɾ e s ˈe ɾ,V;SBJV;PRS;1;SG,385,440,87.5
d e s a p a ɾ e s ˈe ɾ,V;SBJV;PRS;2;PL,384,440,87.27
d e s a p a ɾ e s ˈe ɾ,V;SBJV;PRS;2;SG,385,440,87.5
d e s a p a ɾ e s ˈe ɾ,V;SBJV;PRS;3;PL,385,440,87.5
d e s a p a ɾ e s ˈe ɾ,V;SBJV;PRS;3;SG,385,440,87.5
d e s a s ˈe ɾ,V;IND;PRS;1;PL,187,440,42.5
d e s a s ˈe ɾ,V;IND;PRS;1;SG,84,440,19.09
d e s a s ˈe ɾ,V;IND;PRS;2;PL,613,880,69.66
d e s a s ˈe ɾ,V;IND;PRS;2;SG,690,880,78.41
d e s a s ˈe ɾ,V;IND;PRS;3;PL,665,880,75.57
d e s a s ˈe ɾ,V;IND;PRS;3;SG,693,880,78.75
d e s a s ˈe ɾ,V;SBJV;PRS;1;PL,95,440,21.59
d e s a s ˈe ɾ,V;SBJV;PRS;1;SG,100,440,22.73
d e s a s ˈe ɾ,V;SBJV;PRS;2;PL,83,440,18.86
d e s a s ˈe ɾ,V;SBJV;PRS;2;SG,91,440,20.68
d e s a s ˈe ɾ,V;SBJV;PRS;3;PL,80,440,18.18
d e s a s ˈe ɾ,V;SBJV;PRS;3;SG,89,440,20.23
d e s a s ˈi ɾ,V;IND;PRS;1;PL,401,440,91.14
d e s a s ˈi ɾ,V;IND;PRS;1;SG,160,440,36.36
d e s a s ˈi ɾ,V;SBJV;PRS;1;PL,189,440,42.95
d e s a s ˈi ɾ,V;SBJV;PRS;1;SG,181,440,41.14
d e s a s ˈi ɾ,V;SBJV;PRS;2;PL,189,440,42.95
d e s a s ˈi ɾ,V;SBJV;PRS;2;SG,188,440,42.73
d e s a s ˈi ɾ,V;SBJV;PRS;3;PL,185,440,42.05
d e s a s ˈi ɾ,V;SBJV;PRS;3;SG,189,440,42.95
d e s a ɡ ɾ a d e s ˈe ɾ,V;IND;PRS;1;PL,400,440,90.91
d e s a ɡ ɾ a d e s ˈe ɾ,V;IND;PRS;1;SG,332,440,75.45
d e s a ɡ ɾ a d e s ˈe ɾ,V;IND;PRS;2;PL,400,440,90.91
d e s a ɡ ɾ a d e s ˈe ɾ,V;IND;PRS;2;SG,398,440,90.45
d e s a ɡ ɾ a d e s ˈe ɾ,V;IND;PRS;3;PL,387,440,87.95
d e s a ɡ ɾ a d e s ˈe ɾ,V;IND;PRS;3;SG,383,440,87.05
d e s a ɡ ɾ a d e s ˈe ɾ,V;SBJV;PRS;1;PL,422,440,95.91
d e s a ɡ ɾ a d e s ˈe ɾ,V;SBJV;PRS;1;SG,423,440,96.14
d e s a ɡ ɾ a d e s ˈe ɾ,V;SBJV;PRS;2;PL,421,440,95.68
d e s a ɡ ɾ a d e s ˈe ɾ,V;SBJV;PRS;2;SG,420,440,95.45
d e s a ɡ ɾ a d e s ˈe ɾ,V;SBJV;PRS;3;PL,417,440,94.77
d e s a ɡ ɾ a d e s ˈe ɾ,V;SBJV;PRS;3;SG,421,440,95.68
d e s b a n e s ˈe ɾ,V;IND;PRS;1;PL,603,660,91.36
d e s b a n e s ˈe ɾ,V;IND;PRS;1;SG,605,660,91.67
d e s b a n e s ˈe ɾ,V;IND;PRS;2;PL,603,660,91.36
d e s b a n e s ˈe ɾ,V;IND;PRS;2;SG,605,660,91.67
d e s b a n e s ˈe ɾ,V;IND;PRS;3;PL,605,660,91.67
d e s b a n e s ˈe ɾ,V;IND;PRS;3;SG,605,660,91.67
d e s b a n e s ˈe ɾ,V;SBJV;PRS;1;PL,605,660,91.67
d e s b a n e s ˈe ɾ,V;SBJV;PRS;1;SG,605,660,91.67
d e s b a n e s ˈe ɾ,V;SBJV;PRS;2;PL,605,660,91.67
d e s b a n e s ˈe ɾ,V;SBJV;PRS;2;SG,605,660,91.67
d e s b a n e s ˈe ɾ,V;SBJV;PRS;3;PL,605,660,91.67
d e s b a n e s ˈe ɾ,V;SBJV;PRS;3;SG,605,660,91.67
d e s f a b o ɾ e s ˈe ɾ,V;IND;PRS;1;PL,120,220,54.55
d e s f a b o ɾ e s ˈe ɾ,V;IND;PRS;1;SG,78,220,35.45
d e s f a b o ɾ e s ˈe ɾ,V;IND;PRS;2;PL,97,220,44.09
d e s f a b o ɾ e s ˈe ɾ,V;IND;PRS;2;SG,78,220,35.45
d e s f a b o ɾ e s ˈe ɾ,V;IND;PRS;3;PL,78,220,35.45
d e s f a b o ɾ e s ˈe ɾ,V;IND;PRS;3;SG,81,220,36.82
d e s f a b o ɾ e s ˈe ɾ,V;SBJV;PRS;1;PL,135,220,61.36
d e s f a b o ɾ e s ˈe ɾ,V;SBJV;PRS;1;SG,84,220,38.18
d e s f a b o ɾ e s ˈe ɾ,V;SBJV;PRS;2;PL,135,220,61.36
d e s f a b o ɾ e s ˈe ɾ,V;SBJV;PRS;2;SG,72,220,32.73
d e s f a b o ɾ e s ˈe ɾ,V;SBJV;PRS;3;PL,85,220,38.64
d e s f a b o ɾ e s ˈe ɾ,V;SBJV;PRS;3;SG,82,220,37.27
d e s k o m p o n ˈe ɾ,V;IND;PRS;1;PL,282,440,64.09
d e s k o m p o n ˈe ɾ,V;IND;PRS;1;SG,342,440,77.73
d e s k o m p o n ˈe ɾ,V;IND;PRS;2;PL,297,440,67.5
d e s k o m p o n ˈe ɾ,V;IND;PRS;2;SG,270,440,61.36
d e s k o m p o n ˈe ɾ,V;IND;PRS;3;PL,268,440,60.91
d e s k o m p o n ˈe ɾ,V;IND;PRS;3;SG,252,440,57.27
d e s k o m p o n ˈe ɾ,V;SBJV;PRS;1;PL,408,440,92.73
d e s k o m p o n ˈe ɾ,V;SBJV;PRS;1;SG,333,440,75.68
d e s k o m p o n ˈe ɾ,V;SBJV;PRS;2;PL,409,440,92.95
d e s k o m p o n ˈe ɾ,V;SBJV;PRS;2;SG,350,440,79.55
d e s k o m p o n ˈe ɾ,V;SBJV;PRS;3;PL,386,440,87.73
d e s k o m p o n ˈe ɾ,V;SBJV;PRS;3;SG,306,440,69.55
d e s k o s ˈe ɾ,V;IND;PRS;1;PL,218,220,99.09
d e s k o s ˈe ɾ,V;IND;PRS;2;PL,216,220,98.18
d e s k o s ˈe ɾ,V;SBJV;PRS;1;PL,216,220,98.18
d e s k o s ˈe ɾ,V;SBJV;PRS;2;PL,214,220,97.27
d e s k o s ˈe ɾ,V;SBJV;PRS;3;PL,118,220,53.64
d e s l u s ˈi ɾ,V;IND;PRS;1;PL,220,220,100.0
d e s l u s ˈi ɾ,V;IND;PRS;1;SG,220,220,100.0
d e s l u s ˈi ɾ,V;IND;PRS;2;PL,220,220,100.0
d e s l u s ˈi ɾ,V;IND;PRS;2;SG,220,220,100.0
d e s l u s ˈi ɾ,V;IND;PRS;3;PL,220,220,100.0
d e s l u s ˈi ɾ,V;IND;PRS;3;SG,220,220,100.0
d e s l u s ˈi ɾ,V;SBJV;PRS;1;PL,220,220,100.0
d e s l u s ˈi ɾ,V;SBJV;PRS;1;SG,220,220,100.0
d e s l u s ˈi ɾ,V;SBJV;PRS;2;PL,220,220,100.0
d e s l u s ˈi ɾ,V;SBJV;PRS;2;SG,220,220,100.0
d e s l u s ˈi ɾ,V;SBJV;PRS;3;PL,220,220,100.0
d e s l u s ˈi ɾ,V;SBJV;PRS;3;SG,220,220,100.0
d e s o b e d e s ˈe ɾ,V;IND;PRS;1;PL,440,440,100.0
d e s o b e d e s ˈe ɾ,V;IND;PRS;1;SG,440,440,100.0
d e s o b e d e s ˈe ɾ,V;IND;PRS;2;PL,431,440,97.95
d e s o b e d e s ˈe ɾ,V;IND;PRS;2;SG,440,440,100.0
d e s o b e d e s ˈe ɾ,V;IND;PRS;3;PL,440,440,100.0
d e s o b e d e s ˈe ɾ,V;IND;PRS;3;SG,440,440,100.0
d e s o b e d e s ˈe ɾ,V;SBJV;PRS;1;PL,440,440,100.0
d e s o b e d e s ˈe ɾ,V;SBJV;PRS;1;SG,439,440,99.77
d e s o b e d e s ˈe ɾ,V;SBJV;PRS;2;PL,440,440,100.0
d e s o b e d e s ˈe ɾ,V;SBJV;PRS;2;SG,440,440,100.0
d e s o b e d e s ˈe ɾ,V;SBJV;PRS;3;PL,440,440,100.0
d e s o b e d e s ˈe ɾ,V;SBJV;PRS;3;SG,439,440,99.77
d e s p a ɾ e s ˈe ɾ,V;IND;PRS;1;PL,809,880,91.93
d e s p a ɾ e s ˈe ɾ,V;IND;PRS;1;SG,842,880,95.68
d e s p a ɾ e s ˈe ɾ,V;IND;PRS;2;PL,820,880,93.18
d e s p a ɾ e s ˈe ɾ,V;IND;PRS;2;SG,820,880,93.18
d e s p a ɾ e s ˈe ɾ,V;IND;PRS;3;PL,823,880,93.52
d e s p a ɾ e s ˈe ɾ,V;IND;PRS;3;SG,806,880,91.59
d e s p a ɾ e s ˈe ɾ,V;SBJV;PRS;1;PL,860,880,97.73
d e s p a ɾ e s ˈe ɾ,V;SBJV;PRS;1;SG,872,880,99.09
d e s p a ɾ e s ˈe ɾ,V;SBJV;PRS;2;PL,860,880,97.73
d e s p a ɾ e s ˈe ɾ,V;SBJV;PRS;2;SG,873,880,99.2
d e s p a ɾ e s ˈe ɾ,V;SBJV;PRS;3;PL,871,880,98.98
d e s p a ɾ e s ˈe ɾ,V;SBJV;PRS;3;SG,871,880,98.98
d e s t o ɾ s ˈe ɾ,V;IND;PRS;1;PL,435,440,98.86
d e s t o ɾ s ˈe ɾ,V;IND;PRS;1;SG,394,440,89.55
d e s t o ɾ s ˈe ɾ,V;IND;PRS;2;PL,436,440,99.09
d e s t o ɾ s ˈe ɾ,V;IND;PRS;2;SG,402,440,91.36
d e s t o ɾ s ˈe ɾ,V;IND;PRS;3;PL,398,440,90.45
d e s t o ɾ s ˈe ɾ,V;IND;PRS;3;SG,399,440,90.68
d e s t o ɾ s ˈe ɾ,V;SBJV;PRS;1;PL,435,440,98.86
d e s t o ɾ s ˈe ɾ,V;SBJV;PRS;1;SG,392,440,89.09
d e s t o ɾ s ˈe ɾ,V;SBJV;PRS;2;PL,434,440,98.64
d e s t o ɾ s ˈe ɾ,V;SBJV;PRS;2;SG,397,440,90.23
d e s t o ɾ s ˈe ɾ,V;SBJV;PRS;3;PL,396,440,90.0
d e s t o ɾ s ˈe ɾ,V;SBJV;PRS;3;SG,390,440,88.64
d e t ɾ a ˈe ɾ,V;IND;PRS;1;PL,353,440,80.23
d e t ɾ a ˈe ɾ,V;IND;PRS;1;SG,376,440,85.45
d e t ɾ a ˈe ɾ,V;IND;PRS;2;PL,342,440,77.73
d e t ɾ a ˈe ɾ,V;IND;PRS;2;SG,338,440,76.82
d e t ɾ a ˈe ɾ,V;IND;PRS;3;PL,397,440,90.23
d e t ɾ a ˈe ɾ,V;IND;PRS;3;SG,412,440,93.64
d e t ɾ a ˈe ɾ,V;SBJV;PRS;1;PL,436,440,99.09
d e t ɾ a ˈe ɾ,V;SBJV;PRS;1;SG,420,440,95.45
d e t ɾ a ˈe ɾ,V;SBJV;PRS;2;PL,440,440,100.0
d e t ɾ a ˈe ɾ,V;SBJV;PRS;2;SG,428,440,97.27
d e t ɾ a ˈe ɾ,V;SBJV;PRS;3;PL,421,440,95.68
d e t ɾ a ˈe ɾ,V;SBJV;PRS;3;SG,415,440,94.32
d e ɾ e l i n k ˈi ɾ,V;IND;PRS;1;PL,220,220,100.0
d e ɾ e l i n k ˈi ɾ,V;IND;PRS;1;SG,208,220,94.55
d e ɾ e l i n k ˈi ɾ,V;IND;PRS;2;PL,220,220,100.0
d e ɾ e l i n k ˈi ɾ,V;IND;PRS;2;SG,220,220,100.0
d e ɾ e l i n k ˈi ɾ,V;IND;PRS;3;PL,211,220,95.91
d e ɾ e l i n k ˈi ɾ,V;IND;PRS;3;SG,219,220,99.55
d e ɾ e l i n k ˈi ɾ,V;SBJV;PRS;1;PL,220,220,100.0
d e ɾ e l i n k ˈi ɾ,V;SBJV;PRS;1;SG,209,220,95.0
d e ɾ e l i n k ˈi ɾ,V;SBJV;PRS;2;PL,218,220,99.09
d e ɾ e l i n k ˈi ɾ,V;SBJV;PRS;2;SG,201,220,91.36
d e ɾ e l i n k ˈi ɾ,V;SBJV;PRS;3;PL,207,220,94.09
d e ɾ e l i n k ˈi ɾ,V;SBJV;PRS;3;SG,205,220,93.18
d i b e ɾ ç ˈi ɾ,V;IND;PRS;1;PL,220,220,100.0
d i b e ɾ ç ˈi ɾ,V;IND;PRS;1;SG,220,220,100.0
d i b e ɾ ç ˈi ɾ,V;IND;PRS;2;PL,220,220,100.0
d i b e ɾ ç ˈi ɾ,V;IND;PRS;2;SG,220,220,100.0
d i b e ɾ ç ˈi ɾ,V;IND;PRS;3;PL,219,220,99.55
d i b e ɾ ç ˈi ɾ,V;IND;PRS;3;SG,220,220,100.0
d i b e ɾ ç ˈi ɾ,V;SBJV;PRS;1;PL,220,220,100.0
d i b e ɾ ç ˈi ɾ,V;SBJV;PRS;1;SG,220,220,100.0
d i b e ɾ ç ˈi ɾ,V;SBJV;PRS;2;PL,220,220,100.0
d i b e ɾ ç ˈi ɾ,V;SBJV;PRS;2;SG,220,220,100.0
d i b e ɾ ç ˈi ɾ,V;SBJV;PRS;3;PL,220,220,100.0
d i b e ɾ ç ˈi ɾ,V;SBJV;PRS;3;SG,220,220,100.0
d i s t ɾ a ˈe ɾ,V;IND;PRS;1;PL,60,220,27.27
d i s t ɾ a ˈe ɾ,V;IND;PRS;1;SG,91,220,41.36
d i s t ɾ a ˈe ɾ,V;IND;PRS;2;PL,59,220,26.82
d i s t ɾ a ˈe ɾ,V;IND;PRS;2;SG,70,220,31.82
d i s t ɾ a ˈe ɾ,V;IND;PRS;3;PL,75,220,34.09
d i s t ɾ a ˈe ɾ,V;IND;PRS;3;SG,97,220,44.09
d i s t ɾ a ˈe ɾ,V;SBJV;PRS;1;PL,94,220,42.73
d i s t ɾ a ˈe ɾ,V;SBJV;PRS;1;SG,100,220,45.45
d i s t ɾ a ˈe ɾ,V;SBJV;PRS;2;PL,89,220,40.45
d i s t ɾ a ˈe ɾ,V;SBJV;PRS;2;SG,126,220,57.27
d i s t ɾ a ˈe ɾ,V;SBJV;PRS;3;PL,109,220,49.55
d i s t ɾ a ˈe ɾ,V;SBJV;PRS;3;SG,81,220,36.82
d i ɾ i ç ˈi ɾ,V;IND;PRS;1;PL,220,220,100.0
d i ɾ i ç ˈi ɾ,V;IND;PRS;1;SG,220,220,100.0
d i ɾ i ç ˈi ɾ,V;IND;PRS;2;PL,220,220,100.0
d i ɾ i ç ˈi ɾ,V;IND;PRS;2;SG,220,220,100.0
d i ɾ i ç ˈi ɾ,V;IND;PRS;3;PL,220,220,100.0
d i ɾ i ç ˈi ɾ,V;IND;PRS;3;SG,220,220,100.0
d i ɾ i ç ˈi ɾ,V;SBJV;PRS;1;PL,220,220,100.0
d i ɾ i ç ˈi ɾ,V;SBJV;PRS;1;SG,220,220,100.0
d i ɾ i ç ˈi ɾ,V;SBJV;PRS;2;PL,220,220,100.0
d i ɾ i ç ˈi ɾ,V;SBJV;PRS;2;SG,220,220,100.0
d i ɾ i ç ˈi ɾ,V;SBJV;PRS;3;PL,220,220,100.0
d i ɾ i ç ˈi ɾ,V;SBJV;PRS;3;SG,220,220,100.0
e d u s ˈi ɾ,V;IND;PRS;1;PL,220,220,100.0
e d u s ˈi ɾ,V;IND;PRS;1;SG,220,220,100.0
e d u s ˈi ɾ,V;IND;PRS;2;PL,220,220,100.0
e d u s ˈi ɾ,V;IND;PRS;2;SG,220,220,100.0
e d u s ˈi ɾ,V;IND;PRS;3;PL,220,220,100.0
e d u s ˈi ɾ,V;IND;PRS;3;SG,220,220,100.0
e d u s ˈi ɾ,V;SBJV;PRS;1;PL,220,220,100.0
e d u s ˈi ɾ,V;SBJV;PRS;1;SG,220,220,100.0
e d u s ˈi ɾ,V;SBJV;PRS;2;PL,220,220,100.0
e d u s ˈi ɾ,V;SBJV;PRS;2;SG,220,220,100.0
e d u s ˈi ɾ,V;SBJV;PRS;3;PL,220,220,100.0
e d u s ˈi ɾ,V;SBJV;PRS;3;SG,220,220,100.0
e k i b a l ˈe ɾ,V;IND;PRS;1;PL,446,660,67.58
e k i b a l ˈe ɾ,V;IND;PRS;1;SG,428,660,64.85
e k i b a l ˈe ɾ,V;IND;PRS;2;PL,458,660,69.39
e k i b a l ˈe ɾ,V;IND;PRS;2;SG,439,660,66.52
e k i b a l ˈe ɾ,V;IND;PRS;3;PL,458,660,69.39
e k i b a l ˈe ɾ,V;IND;PRS;3;SG,453,660,68.64
e k i b a l ˈe ɾ,V;SBJV;PRS;1;PL,561,660,85.0
e k i b a l ˈe ɾ,V;SBJV;PRS;1;SG,470,660,71.21
e k i b a l ˈe ɾ,V;SBJV;PRS;2;PL,557,660,84.39
e k i b a l ˈe ɾ,V;SBJV;PRS;2;SG,479,660,72.58
e k i b a l ˈe ɾ,V;SBJV;PRS;3;PL,480,660,72.73
e k i b a l ˈe ɾ,V;SBJV;PRS;3;SG,455,660,68.94
e k s t ɾ a ˈe ɾ,V;IND;PRS;1;PL,398,440,90.45
e k s t ɾ a ˈe ɾ,V;IND;PRS;1;SG,360,440,81.82
e k s t ɾ a ˈe ɾ,V;IND;PRS;2;PL,385,440,87.5
e k s t ɾ a ˈe ɾ,V;IND;PRS;2;SG,381,440,86.59
e k s t ɾ a ˈe ɾ,V;IND;PRS;3;PL,400,440,90.91
e k s t ɾ a ˈe ɾ,V;IND;PRS;3;SG,412,440,93.64
e k s t ɾ a ˈe ɾ,V;SBJV;PRS;1;PL,421,440,95.68
e k s t ɾ a ˈe ɾ,V;SBJV;PRS;1;SG,408,440,92.73
e k s t ɾ a ˈe ɾ,V;SBJV;PRS;2;PL,425,440,96.59
e k s t ɾ a ˈe ɾ,V;SBJV;PRS;2;SG,425,440,96.59
e k s t ɾ a ˈe ɾ,V;SBJV;PRS;3;PL,410,440,93.18
e k s t ɾ a ˈe ɾ,V;SBJV;PRS;3;SG,410,440,93.18
e l i ç ˈi ɾ,V;IND;PRS;1;PL,110,660,16.67
e l i ç ˈi ɾ,V;IND;PRS;1;SG,660,660,100.0
e l i ç ˈi ɾ,V;IND;PRS;2;PL,110,660,16.67
e l i ç ˈi ɾ,V;IND;PRS;2;SG,550,660,83.33
e l i ç ˈi ɾ,V;IND;PRS;3;PL,550,660,83.33
e l i ç ˈi ɾ,V;IND;PRS;3;SG,550,660,83.33
e l i ç ˈi ɾ,V;SBJV;PRS;1;PL,660,660,100.0
e l i ç ˈi ɾ,V;SBJV;PRS;1;SG,660,660,100.0
e l i ç ˈi ɾ,V;SBJV;PRS;2;PL,660,660,100.0
e l i ç ˈi ɾ,V;SBJV;PRS;2;SG,660,660,100.0
e l i ç ˈi ɾ,V;SBJV;PRS;3;PL,660,660,100.0
e l i ç ˈi ɾ,V;SBJV;PRS;3;SG,660,660,100.0
e m b e ʃ e s ˈe ɾ,V;IND;PRS;1;PL,307,440,69.77
e m b e ʃ e s ˈe ɾ,V;IND;PRS;1;SG,407,440,92.5
e m b e ʃ e s ˈe ɾ,V;IND;PRS;2;PL,353,440,80.23
e m b e ʃ e s ˈe ɾ,V;IND;PRS;2;SG,351,440,79.77
e m b e ʃ e s ˈe ɾ,V;IND;PRS;3;PL,366,440,83.18
e m b e ʃ e s ˈe ɾ,V;IND;PRS;3;SG,333,440,75.68
e m b e ʃ e s ˈe ɾ,V;SBJV;PRS;1;PL,438,440,99.55
e m b e ʃ e s ˈe ɾ,V;SBJV;PRS;1;SG,413,440,93.86
e m b e ʃ e s ˈe ɾ,V;SBJV;PRS;2;PL,433,440,98.41
e m b e ʃ e s ˈe ɾ,V;SBJV;PRS;2;SG,436,440,99.09
e m b e ʃ e s ˈe ɾ,V;SBJV;PRS;3;PL,439,440,99.77
e m b e ʃ e s ˈe ɾ,V;SBJV;PRS;3;SG,380,440,86.36
e m e ɾ ç ˈe ɾ,V;IND;PRS;1;PL,220,220,100.0
e m e ɾ ç ˈe ɾ,V;IND;PRS;1;SG,220,220,100.0
e m e ɾ ç ˈe ɾ,V;IND;PRS;2;PL,220,220,100.0
e m e ɾ ç ˈe ɾ,V;IND;PRS;2;SG,220,220,100.0
e m e ɾ ç ˈe ɾ,V;IND;PRS;3;PL,220,220,100.0
e m e ɾ ç ˈe ɾ,V;IND;PRS;3;SG,220,220,100.0
e m e ɾ ç ˈe ɾ,V;SBJV;PRS;1;PL,220,220,100.0
e m e ɾ ç ˈe ɾ,V;SBJV;PRS;1;SG,220,220,100.0
e m e ɾ ç ˈe ɾ,V;SBJV;PRS;2;PL,220,220,100.0
e m e ɾ ç ˈe ɾ,V;SBJV;PRS;2;SG,220,220,100.0
e m e ɾ ç ˈe ɾ,V;SBJV;PRS;3;PL,220,220,100.0
e m e ɾ ç ˈe ɾ,V;SBJV;PRS;3;SG,220,220,100.0
e m p o b ɾ e s ˈe ɾ,V;IND;PRS;1;PL,220,220,100.0
e m p o b ɾ e s ˈe ɾ,V;IND;PRS;1;SG,220,220,100.0
e m p o b ɾ e s ˈe ɾ,V;IND;PRS;2;PL,220,220,100.0
e m p o b ɾ e s ˈe ɾ,V;IND;PRS;2;SG,220,220,100.0
e m p o b ɾ e s ˈe ɾ,V;IND;PRS;3;PL,220,220,100.0
e m p o b ɾ e s ˈe ɾ,V;IND;PRS;3;SG,220,220,100.0
e m p o b ɾ e s ˈe ɾ,V;SBJV;PRS;1;PL,220,220,100.0
e m p o b ɾ e s ˈe ɾ,V;SBJV;PRS;1;SG,220,220,100.0
e m p o b ɾ e s ˈe ɾ,V;SBJV;PRS;2;PL,220,220,100.0
e m p o b ɾ e s ˈe ɾ,V;SBJV;PRS;2;SG,220,220,100.0
e m p o b ɾ e s ˈe ɾ,V;SBJV;PRS;3;PL,217,220,98.64
e m p o b ɾ e s ˈe ɾ,V;SBJV;PRS;3;SG,220,220,100.0
e m p o d ɾ e s ˈe ɾ,V;IND;PRS;1;PL,6,220,2.73
e m p o d ɾ e s ˈe ɾ,V;IND;PRS;1;SG,0,220,0.0
e m p o d ɾ e s ˈe ɾ,V;IND;PRS;2;PL,5,220,2.27
e m p o d ɾ e s ˈe ɾ,V;IND;PRS;2;SG,0,220,0.0
e m p o d ɾ e s ˈe ɾ,V;IND;PRS;3;PL,0,220,0.0
e m p o d ɾ e s ˈe ɾ,V;IND;PRS;3;SG,0,220,0.0
e m p o d ɾ e s ˈe ɾ,V;SBJV;PRS;1;PL,24,220,10.91
e m p o d ɾ e s ˈe ɾ,V;SBJV;PRS;1;SG,0,220,0.0
e m p o d ɾ e s ˈe ɾ,V;SBJV;PRS;2;PL,30,220,13.64
e m p o d ɾ e s ˈe ɾ,V;SBJV;PRS;2;SG,0,220,0.0
e m p o d ɾ e s ˈe ɾ,V;SBJV;PRS;3;PL,0,220,0.0
e m p o d ɾ e s ˈe ɾ,V;SBJV;PRS;3;SG,0,220,0.0
e m u l ç ˈe ɾ,V;IND;PRS;1;PL,220,220,100.0
e m u l ç ˈe ɾ,V;IND;PRS;1;SG,220,220,100.0
e m u l ç ˈe ɾ,V;IND;PRS;2;PL,220,220,100.0
e m u l ç ˈe ɾ,V;IND;PRS;2;SG,220,220,100.0
e m u l ç ˈe ɾ,V;IND;PRS;3;PL,220,220,100.0
e m u l ç ˈe ɾ,V;IND;PRS;3;SG,220,220,100.0
e m u l ç ˈe ɾ,V;SBJV;PRS;1;PL,220,220,100.0
e m u l ç ˈe ɾ,V;SBJV;PRS;1;SG,220,220,100.0
e m u l ç ˈe ɾ,V;SBJV;PRS;2;PL,220,220,100.0
e m u l ç ˈe ɾ,V;SBJV;PRS;2;SG,220,220,100.0
e m u l ç ˈe ɾ,V;SBJV;PRS;3;PL,220,220,100.0
e m u l ç ˈe ɾ,V;SBJV;PRS;3;SG,220,220,100.0
e m u n ç ˈe ɾ,V;IND;PRS;1;PL,231,440,52.5
e m u n ç ˈe ɾ,V;IND;PRS;1;SG,401,440,91.14
e m u n ç ˈe ɾ,V;IND;PRS;2;PL,228,440,51.82
e m u n ç ˈe ɾ,V;IND;PRS;2;SG,226,440,51.36
e m u n ç ˈe ɾ,V;IND;PRS;3;PL,221,440,50.23
e m u n ç ˈe ɾ,V;IND;PRS;3;SG,225,440,51.14
e m u n ç ˈe ɾ,V;SBJV;PRS;1;PL,421,440,95.68
e m u n ç ˈe ɾ,V;SBJV;PRS;1;SG,421,440,95.68
e m u n ç ˈe ɾ,V;SBJV;PRS;2;PL,424,440,96.36
e m u n ç ˈe ɾ,V;SBJV;PRS;2;SG,424,440,96.36
e m u n ç ˈe ɾ,V;SBJV;PRS;3;PL,415,440,94.32
e m u n ç ˈe ɾ,V;SBJV;PRS;3;SG,414,440,94.09
e n a l t e s ˈe ɾ,V;IND;PRS;1;PL,121,220,55.0
e n a l t e s ˈe ɾ,V;IND;PRS;1;SG,157,220,71.36
e n a l t e s ˈe ɾ,V;IND;PRS;2;PL,125,220,56.82
e n a l t e s ˈe ɾ,V;IND;PRS;2;SG,70,220,31.82
e n a l t e s ˈe ɾ,V;IND;PRS;3;PL,93,220,42.27
e n a l t e s ˈe ɾ,V;IND;PRS;3;SG,90,220,40.91
e n a l t e s ˈe ɾ,V;SBJV;PRS;1;PL,71,220,32.27
e n a l t e s ˈe ɾ,V;SBJV;PRS;1;SG,123,220,55.91
e n a l t e s ˈe ɾ,V;SBJV;PRS;2;PL,71,220,32.27
e n a l t e s ˈe ɾ,V;SBJV;PRS;2;SG,116,220,52.73
e n a l t e s ˈe ɾ,V;SBJV;PRS;3;PL,107,220,48.64
e n a l t e s ˈe ɾ,V;SBJV;PRS;3;SG,95,220,43.18
e n a ɾ d e s ˈe ɾ,V;IND;PRS;1;PL,440,440,100.0
e n a ɾ d e s ˈe ɾ,V;IND;PRS;1;SG,440,440,100.0
e n a ɾ d e s ˈe ɾ,V;IND;PRS;2;PL,440,440,100.0
e n a ɾ d e s ˈe ɾ,V;IND;PRS;2;SG,440,440,100.0
e n a ɾ d e s ˈe ɾ,V;IND;PRS;3;PL,440,440,100.0
e n a ɾ d e s ˈe ɾ,V;IND;PRS;3;SG,440,440,100.0
e n a ɾ d e s ˈe ɾ,V;SBJV;PRS;1;PL,440,440,100.0
e n a ɾ d e s ˈe ɾ,V;SBJV;PRS;1;SG,440,440,100.0
e n a ɾ d e s ˈe ɾ,V;SBJV;PRS;2;PL,440,440,100.0
e n a ɾ d e s ˈe ɾ,V;SBJV;PRS;2;SG,440,440,100.0
e n a ɾ d e s ˈe ɾ,V;SBJV;PRS;3;PL,440,440,100.0
e n a ɾ d e s ˈe ɾ,V;SBJV;PRS;3;SG,440,440,100.0
e n b a n e s ˈe ɾ,V;IND;PRS;1;PL,220,220,100.0
e n b a n e s ˈe ɾ,V;IND;PRS;1;SG,220,220,100.0
e n b a n e s ˈe ɾ,V;IND;PRS;2;PL,220,220,100.0
e n b a n e s ˈe ɾ,V;IND;PRS;2;SG,220,220,100.0
e n b a n e s ˈe ɾ,V;IND;PRS;3;PL,220,220,100.0
e n b a n e s ˈe ɾ,V;IND;PRS;3;SG,220,220,100.0
e n b a n e s ˈe ɾ,V;SBJV;PRS;1;PL,220,220,100.0
e n b a n e s ˈe ɾ,V;SBJV;PRS;1;SG,220,220,100.0
e n b a n e s ˈe ɾ,V;SBJV;PRS;2;PL,220,220,100.0
e n b a n e s ˈe ɾ,V;SBJV;PRS;2;SG,220,220,100.0
e n b a n e s ˈe ɾ,V;SBJV;PRS;3;PL,220,220,100.0
e n b a n e s ˈe ɾ,V;SBJV;PRS;3;SG,220,220,100.0
e n b e x e s ˈe ɾ,V;IND;PRS;1;PL,352,440,80.0
e n b e x e s ˈe ɾ,V;IND;PRS;1;SG,399,440,90.68
e n b e x e s ˈe ɾ,V;IND;PRS;2;PL,392,440,89.09
e n b e x e s ˈe ɾ,V;IND;PRS;2;SG,407,440,92.5
e n b e x e s ˈe ɾ,V;IND;PRS;3;PL,436,440,99.09
e n b e x e s ˈe ɾ,V;IND;PRS;3;SG,379,440,86.14
e n b e x e s ˈe ɾ,V;SBJV;PRS;1;PL,439,440,99.77
e n b e x e s ˈe ɾ,V;SBJV;PRS;1;SG,434,440,98.64
e n b e x e s ˈe ɾ,V;SBJV;PRS;2;PL,429,440,97.5
e n b e x e s ˈe ɾ,V;SBJV;PRS;2;SG,439,440,99.77
e n b e x e s ˈe ɾ,V;SBJV;PRS;3;PL,440,440,100.0
e n b e x e s ˈe ɾ,V;SBJV;PRS;3;SG,403,440,91.59
e n b i l e s ˈe ɾ,V;IND;PRS;1;PL,402,440,91.36
e n b i l e s ˈe ɾ,V;IND;PRS;1;SG,437,440,99.32
e n b i l e s ˈe ɾ,V;IND;PRS;2;PL,424,440,96.36
e n b i l e s ˈe ɾ,V;IND;PRS;2;SG,416,440,94.55
e n b i l e s ˈe ɾ,V;IND;PRS;3;PL,416,440,94.55
e n b i l e s ˈe ɾ,V;IND;PRS;3;SG,398,440,90.45
e n b i l e s ˈe ɾ,V;SBJV;PRS;1;PL,440,440,100.0
e n b i l e s ˈe ɾ,V;SBJV;PRS;1;SG,440,440,100.0
e n b i l e s ˈe ɾ,V;SBJV;PRS;2;PL,440,440,100.0
e n b i l e s ˈe ɾ,V;SBJV;PRS;2;SG,440,440,100.0
e n b i l e s ˈe ɾ,V;SBJV;PRS;3;PL,440,440,100.0
e n b i l e s ˈe ɾ,V;SBJV;PRS;3;SG,440,440,100.0
e n f e b ɾ e s ˈe ɾ,V;IND;PRS;1;PL,219,220,99.55
e n f e b ɾ e s ˈe ɾ,V;IND;PRS;1;SG,220,220,100.0
e n f e b ɾ e s ˈe ɾ,V;IND;PRS;2;PL,220,220,100.0
e n f e b ɾ e s ˈe ɾ,V;IND;PRS;2;SG,220,220,100.0
e n f e b ɾ e s ˈe ɾ,V;IND;PRS;3;PL,220,220,100.0
e n f e b ɾ e s ˈe ɾ,V;IND;PRS;3;SG,220,220,100.0
e n f e b ɾ e s ˈe ɾ,V;SBJV;PRS;1;PL,212,220,96.36
e n f e b ɾ e s ˈe ɾ,V;SBJV;PRS;1;SG,220,220,100.0
e n f e b ɾ e s ˈe ɾ,V;SBJV;PRS;2;PL,216,220,98.18
e n f e b ɾ e s ˈe ɾ,V;SBJV;PRS;2;SG,220,220,100.0
e n f e b ɾ e s ˈe ɾ,V;SBJV;PRS;3;PL,220,220,100.0
e n f e b ɾ e s ˈe ɾ,V;SBJV;PRS;3;SG,220,220,100.0
e n f l a k e s ˈe ɾ,V;IND;PRS;1;PL,258,440,58.64
e n f l a k e s ˈe ɾ,V;IND;PRS;1;SG,369,440,83.86
e n f l a k e s ˈe ɾ,V;IND;PRS;2;PL,330,440,75.0
e n f l a k e s ˈe ɾ,V;IND;PRS;2;SG,353,440,80.23
e n f l a k e s ˈe ɾ,V;IND;PRS;3;PL,347,440,78.86
e n f l a k e s ˈe ɾ,V;IND;PRS;3;SG,340,440,77.27
e n f l a k e s ˈe ɾ,V;SBJV;PRS;1;PL,389,440,88.41
e n f l a k e s ˈe ɾ,V;SBJV;PRS;1;SG,425,440,96.59
e n f l a k e s ˈe ɾ,V;SBJV;PRS;2;PL,388,440,88.18
e n f l a k e s ˈe ɾ,V;SBJV;PRS;2;SG,438,440,99.55
e n f l a k e s ˈe ɾ,V;SBJV;PRS;3;PL,436,440,99.09
e n f l a k e s ˈe ɾ,V;SBJV;PRS;3;SG,413,440,93.86
e n f u ɾ e s ˈe ɾ,V;IND;PRS;1;PL,220,220,100.0
e n f u ɾ e s ˈe ɾ,V;IND;PRS;1;SG,220,220,100.0
e n f u ɾ e s ˈe ɾ,V;IND;PRS;2;PL,220,220,100.0
e n f u ɾ e s ˈe ɾ,V;IND;PRS;2;SG,220,220,100.0
e n f u ɾ e s ˈe ɾ,V;IND;PRS;3;PL,220,220,100.0
e n f u ɾ e s ˈe ɾ,V;IND;PRS;3;SG,220,220,100.0
e n f u ɾ e s ˈe ɾ,V;SBJV;PRS;1;PL,220,220,100.0
e n f u ɾ e s ˈe ɾ,V;SBJV;PRS;1;SG,220,220,100.0
e n f u ɾ e s ˈe ɾ,V;SBJV;PRS;2;PL,220,220,100.0
e n f u ɾ e s ˈe ɾ,V;SBJV;PRS;2;SG,220,220,100.0
e n f u ɾ e s ˈe ɾ,V;SBJV;PRS;3;PL,220,220,100.0
e n f u ɾ e s ˈe ɾ,V;SBJV;PRS;3;SG,219,220,99.55
e n k a n e s ˈe ɾ,V;IND;PRS;1;PL,144,220,65.45
e n k a n e s ˈe ɾ,V;IND;PRS;1;SG,165,220,75.0
e n k a n e s ˈe ɾ,V;IND;PRS;2;PL,131,220,59.55
e n k a n e s ˈe ɾ,V;IND;PRS;2;SG,70,220,31.82
e n k a n e s ˈe ɾ,V;IND;PRS;3;PL,67,220,30.45
e n k a n e s ˈe ɾ,V;IND;PRS;3;SG,71,220,32.27
e n k a n e s ˈe ɾ,V;SBJV;PRS;1;PL,62,220,28.18
e n k a n e s ˈe ɾ,V;SBJV;PRS;1;SG,136,220,61.82
e n k a n e s ˈe ɾ,V;SBJV;PRS;2;PL,73,220,33.18
e n k a n e s ˈe ɾ,V;SBJV;PRS;2;SG,134,220,60.91
e n k a n e s ˈe ɾ,V;SBJV;PRS;3;PL,97,220,44.09
e n k a n e s ˈe ɾ,V;SBJV;PRS;3;SG,116,220,52.73
e n k a ɾ e s ˈe ɾ,V;IND;PRS;1;PL,340,440,77.27
e n k a ɾ e s ˈe ɾ,V;IND;PRS;1;SG,418,440,95.0
e n k a ɾ e s ˈe ɾ,V;IND;PRS;2;PL,381,440,86.59
e n k a ɾ e s ˈe ɾ,V;IND;PRS;2;SG,336,440,76.36
e n k a ɾ e s ˈe ɾ,V;IND;PRS;3;PL,378,440,85.91
e n k a ɾ e s ˈe ɾ,V;IND;PRS;3;SG,341,440,77.5
e n k a ɾ e s ˈe ɾ,V;SBJV;PRS;1;PL,440,440,100.0
e n k a ɾ e s ˈe ɾ,V;SBJV;PRS;1;SG,427,440,97.05
e n k a ɾ e s ˈe ɾ,V;SBJV;PRS;2;PL,440,440,100.0
e n k a ɾ e s ˈe ɾ,V;SBJV;PRS;2;SG,430,440,97.73
e n k a ɾ e s ˈe ɾ,V;SBJV;PRS;3;PL,435,440,98.86
e n k a ɾ e s ˈe ɾ,V;SBJV;PRS;3;SG,410,440,93.18
e n k a ʃ e s ˈe ɾ,V;IND;PRS;1;PL,440,440,100.0
e n k a ʃ e s ˈe ɾ,V;IND;PRS;1;SG,440,440,100.0
e n k a ʃ e s ˈe ɾ,V;IND;PRS;2;PL,440,440,100.0
e n k a ʃ e s ˈe ɾ,V;IND;PRS;2;SG,440,440,100.0
e n k a ʃ e s ˈe ɾ,V;IND;PRS;3;PL,440,440,100.0
e n k a ʃ e s ˈe ɾ,V;IND;PRS;3;SG,440,440,100.0
e n k a ʃ e s ˈe ɾ,V;SBJV;PRS;1;PL,440,440,100.0
e n k a ʃ e s ˈe ɾ,V;SBJV;PRS;1;SG,440,440,100.0
e n k a ʃ e s ˈe ɾ,V;SBJV;PRS;2;PL,440,440,100.0
e n k a ʃ e s ˈe ɾ,V;SBJV;PRS;2;SG,440,440,100.0
e n k a ʃ e s ˈe ɾ,V;SBJV;PRS;3;PL,440,440,100.0
e n k a ʃ e s ˈe ɾ,V;SBJV;PRS;3;SG,440,440,100.0
e n k o ç ˈe ɾ,V;IND;PRS;1;PL,220,220,100.0
e n k o ç ˈe ɾ,V;IND;PRS;1;SG,220,220,100.0
e n k o ç ˈe ɾ,V;IND;PRS;2;PL,220,220,100.0
e n k o ç ˈe ɾ,V;IND;PRS;2;SG,220,220,100.0
e n k o ç ˈe ɾ,V;IND;PRS;3;PL,220,220,100.0
e n k o ç ˈe ɾ,V;IND;PRS;3;SG,220,220,100.0
e n k o ç ˈe ɾ,V;SBJV;PRS;1;PL,220,220,100.0
e n k o ç ˈe ɾ,V;SBJV;PRS;1;SG,220,220,100.0
e n k o ç ˈe ɾ,V;SBJV;PRS;2;PL,220,220,100.0
e n k o ç ˈe ɾ,V;SBJV;PRS;2;SG,220,220,100.0
e n k o ç ˈe ɾ,V;SBJV;PRS;3;PL,220,220,100.0
e n k o ç ˈe ɾ,V;SBJV;PRS;3;SG,220,220,100.0
e n l o k e s ˈe ɾ,V;IND;PRS;1;PL,220,220,100.0
e n l o k e s ˈe ɾ,V;IND;PRS;1;SG,220,220,100.0
e n l o k e s ˈe ɾ,V;IND;PRS;2;PL,220,220,100.0
e n l o k e s ˈe ɾ,V;IND;PRS;2;SG,220,220,100.0
e n l o k e s ˈe ɾ,V;IND;PRS;3;PL,220,220,100.0
e n l o k e s ˈe ɾ,V;IND;PRS;3;SG,220,220,100.0
e n l o k e s ˈe ɾ,V;SBJV;PRS;1;PL,220,220,100.0
e n l o k e s ˈe ɾ,V;SBJV;PRS;1;SG,220,220,100.0
e n l o k e s ˈe ɾ,V;SBJV;PRS;2;PL,220,220,100.0
e n l o k e s ˈe ɾ,V;SBJV;PRS;2;SG,220,220,100.0
e n l o k e s ˈe ɾ,V;SBJV;PRS;3;PL,220,220,100.0
e n l o k e s ˈe ɾ,V;SBJV;PRS;3;SG,220,220,100.0
e n l u s ˈi ɾ,V;IND;PRS;1;PL,440,440,100.0
e n l u s ˈi ɾ,V;IND;PRS;1;SG,440,440,100.0
e n l u s ˈi ɾ,V;IND;PRS;2;PL,440,440,100.0
e n l u s ˈi ɾ,V;IND;PRS;2;SG,440,440,100.0
e n l u s ˈi ɾ,V;IND;PRS;3;PL,440,440,100.0
e n l u s ˈi ɾ,V;IND;PRS;3;SG,440,440,100.0
e n l u s ˈi ɾ,V;SBJV;PRS;1;PL,440,440,100.0
e n l u s ˈi ɾ,V;SBJV;PRS;1;SG,440,440,100.0
e n l u s ˈi ɾ,V;SBJV;PRS;2;PL,440,440,100.0
e n l u s ˈi ɾ,V;SBJV;PRS;2;SG,440,440,100.0
e n l u s ˈi ɾ,V;SBJV;PRS;3;PL,440,440,100.0
e n l u s ˈi ɾ,V;SBJV;PRS;3;SG,440,440,100.0
e n m o e s ˈe ɾ,V;IND;PRS;1;PL,95,440,21.59
e n m o e s ˈe ɾ,V;IND;PRS;1;SG,126,440,28.64
e n m o e s ˈe ɾ,V;IND;PRS;2;PL,86,440,19.55
e n m o e s ˈe ɾ,V;IND;PRS;2;SG,117,440,26.59
e n m o e s ˈe ɾ,V;IND;PRS;3;PL,126,440,28.64
e n m o e s ˈe ɾ,V;IND;PRS;3;SG,125,440,28.41
e n m o e s ˈe ɾ,V;SBJV;PRS;1;PL,84,440,19.09
e n m o e s ˈe ɾ,V;SBJV;PRS;1;SG,118,440,26.82
e n m o e s ˈe ɾ,V;SBJV;PRS;2;PL,80,440,18.18
e n m o e s ˈe ɾ,V;SBJV;PRS;2;SG,101,440,22.95
e n m o e s ˈe ɾ,V;SBJV;PRS;3;PL,82,440,18.64
e n m o e s ˈe ɾ,V;SBJV;PRS;3;SG,108,440,24.55
e n m u d e s ˈe ɾ,V;IND;PRS;1;PL,192,220,87.27
e n m u d e s ˈe ɾ,V;IND;PRS;1;SG,210,220,95.45
e n m u d e s ˈe ɾ,V;IND;PRS;2;PL,189,220,85.91
e n m u d e s ˈe ɾ,V;IND;PRS;2;SG,212,220,96.36
e n m u d e s ˈe ɾ,V;IND;PRS;3;PL,219,220,99.55
e n m u d e s ˈe ɾ,V;IND;PRS;3;SG,217,220,98.64
e n m u d e s ˈe ɾ,V;SBJV;PRS;1;PL,220,220,100.0
e n m u d e s ˈe ɾ,V;SBJV;PRS;1;SG,220,220,100.0
e n m u d e s ˈe ɾ,V;SBJV;PRS;2;PL,220,220,100.0
e n m u d e s ˈe ɾ,V;SBJV;PRS;2;SG,220,220,100.0
e n m u d e s ˈe ɾ,V;SBJV;PRS;3;PL,218,220,99.09
e n m u d e s ˈe ɾ,V;SBJV;PRS;3;SG,220,220,100.0
e n n e ɡ ɾ e s ˈe ɾ,V;IND;PRS;1;PL,109,220,49.55
e n n e ɡ ɾ e s ˈe ɾ,V;IND;PRS;1;SG,110,220,50.0
e n n e ɡ ɾ e s ˈe ɾ,V;IND;PRS;2;PL,107,220,48.64
e n n e ɡ ɾ e s ˈe ɾ,V;IND;PRS;2;SG,110,220,50.0
e n n e ɡ ɾ e s ˈe ɾ,V;IND;PRS;3;PL,111,220,50.45
e n n e ɡ ɾ e s ˈe ɾ,V;IND;PRS;3;SG,110,220,50.0
e n n e ɡ ɾ e s ˈe ɾ,V;SBJV;PRS;1;PL,110,220,50.0
e n n e ɡ ɾ e s ˈe ɾ,V;SBJV;PRS;1;SG,110,220,50.0
e n n e ɡ ɾ e s ˈe ɾ,V;SBJV;PRS;2;PL,105,220,47.73
e n n e ɡ ɾ e s ˈe ɾ,V;SBJV;PRS;2;SG,110,220,50.0
e n n e ɡ ɾ e s ˈe ɾ,V;SBJV;PRS;3;PL,110,220,50.0
e n n e ɡ ɾ e s ˈe ɾ,V;SBJV;PRS;3;SG,108,220,49.09
e n n o b l e s ˈe ɾ,V;IND;PRS;1;PL,60,220,27.27
e n n o b l e s ˈe ɾ,V;IND;PRS;1;SG,58,220,26.36
e n n o b l e s ˈe ɾ,V;IND;PRS;2;PL,56,220,25.45
e n n o b l e s ˈe ɾ,V;IND;PRS;2;SG,62,220,28.18
e n n o b l e s ˈe ɾ,V;IND;PRS;3;PL,62,220,28.18
e n n o b l e s ˈe ɾ,V;IND;PRS;3;SG,69,220,31.36
e n n o b l e s ˈe ɾ,V;SBJV;PRS;1;PL,55,220,25.0
e n n o b l e s ˈe ɾ,V;SBJV;PRS;1;SG,58,220,26.36
e n n o b l e s ˈe ɾ,V;SBJV;PRS;2;PL,50,220,22.73
e n n o b l e s ˈe ɾ,V;SBJV;PRS;2;SG,57,220,25.91
e n n o b l e s ˈe ɾ,V;SBJV;PRS;3;PL,56,220,25.45
e n n o b l e s ˈe ɾ,V;SBJV;PRS;3;SG,57,220,25.91
e n o ɾ ɡ u ʃ e s ˈe ɾ,V;IND;PRS;1;PL,167,440,37.95
e n o ɾ ɡ u ʃ e s ˈe ɾ,V;IND;PRS;1;SG,397,440,90.23
e n o ɾ ɡ u ʃ e s ˈe ɾ,V;IND;PRS;2;PL,255,440,57.95
e n o ɾ ɡ u ʃ e s ˈe ɾ,V;IND;PRS;2;SG,311,440,70.68
e n o ɾ ɡ u ʃ e s ˈe ɾ,V;IND;PRS;3;PL,336,440,76.36
e n o ɾ ɡ u ʃ e s ˈe ɾ,V;IND;PRS;3;SG,301,440,68.41
e n o ɾ ɡ u ʃ e s ˈe ɾ,V;SBJV;PRS;1;PL,433,440,98.41
e n o ɾ ɡ u ʃ e s ˈe ɾ,V;SBJV;PRS;1;SG,415,440,94.32
e n o ɾ ɡ u ʃ e s ˈe ɾ,V;SBJV;PRS;2;PL,429,440,97.5
e n o ɾ ɡ u ʃ e s ˈe ɾ,V;SBJV;PRS;2;SG,428,440,97.27
e n o ɾ ɡ u ʃ e s ˈe ɾ,V;SBJV;PRS;3;PL,436,440,99.09
e n o ɾ ɡ u ʃ e s ˈe ɾ,V;SBJV;PRS;3;SG,403,440,91.59
e n s e ɡ e s ˈe ɾ,V;IND;PRS;1;PL,404,440,91.82
e n s e ɡ e s ˈe ɾ,V;IND;PRS;1;SG,439,440,99.77
e n s e ɡ e s ˈe ɾ,V;IND;PRS;2;PL,424,440,96.36
e n s e ɡ e s ˈe ɾ,V;IND;PRS;2;SG,433,440,98.41
e n s e ɡ e s ˈe ɾ,V;IND;PRS;3;PL,433,440,98.41
e n s e ɡ e s ˈe ɾ,V;IND;PRS;3;SG,432,440,98.18
e n s e ɡ e s ˈe ɾ,V;SBJV;PRS;1;PL,385,440,87.5
e n s e ɡ e s ˈe ɾ,V;SBJV;PRS;1;SG,440,440,100.0
e n s e ɡ e s ˈe ɾ,V;SBJV;PRS;2;PL,388,440,88.18
e n s e ɡ e s ˈe ɾ,V;SBJV;PRS;2;SG,440,440,100.0
e n s e ɡ e s ˈe ɾ,V;SBJV;PRS;3;PL,440,440,100.0
e n s e ɡ e s ˈe ɾ,V;SBJV;PRS;3;SG,440,440,100.0
e n s o m b ɾ e s ˈe ɾ,V;IND;PRS;1;PL,588,660,89.09
e n s o m b ɾ e s ˈe ɾ,V;IND;PRS;1;SG,588,660,89.09
e n s o m b ɾ e s ˈe ɾ,V;IND;PRS;2;PL,591,660,89.55
e n s o m b ɾ e s ˈe ɾ,V;IND;PRS;2;SG,581,660,88.03
e n s o m b ɾ e s ˈe ɾ,V;IND;PRS;3;PL,591,660,89.55
e n s o m b ɾ e s ˈe ɾ,V;IND;PRS;3;SG,548,660,83.03
e n s o m b ɾ e s ˈe ɾ,V;SBJV;PRS;1;PL,659,660,99.85
e n s o m b ɾ e s ˈe ɾ,V;SBJV;PRS;1;SG,651,660,98.64
e n s o m b ɾ e s ˈe ɾ,V;SBJV;PRS;2;PL,660,660,100.0
e n s o m b ɾ e s ˈe ɾ,V;SBJV;PRS;2;SG,659,660,99.85
e n s o m b ɾ e s ˈe ɾ,V;SBJV;PRS;3;PL,660,660,100.0
e n s o m b ɾ e s ˈe ɾ,V;SBJV;PRS;3;SG,640,660,96.97
e n s o ɾ d e s ˈe ɾ,V;IND;PRS;1;PL,132,220,60.0
e n s o ɾ d e s ˈe ɾ,V;IND;PRS;1;SG,171,220,77.73
e n s o ɾ d e s ˈe ɾ,V;IND;PRS;2;PL,118,220,53.64
e n s o ɾ d e s ˈe ɾ,V;IND;PRS;2;SG,54,220,24.55
e n s o ɾ d e s ˈe ɾ,V;IND;PRS;3;PL,82,220,37.27
e n s o ɾ d e s ˈe ɾ,V;IND;PRS;3;SG,106,220,48.18
e n s o ɾ d e s ˈe ɾ,V;SBJV;PRS;1;PL,89,220,40.45
e n s o ɾ d e s ˈe ɾ,V;SBJV;PRS;1;SG,169,220,76.82
e n s o ɾ d e s ˈe ɾ,V;SBJV;PRS;2;PL,84,220,38.18
e n s o ɾ d e s ˈe ɾ,V;SBJV;PRS;2;SG,151,220,68.64
e n s o ɾ d e s ˈe ɾ,V;SBJV;PRS;3;PL,119,220,54.09
e n s o ɾ d e s ˈe ɾ,V;SBJV;PRS;3;SG,107,220,48.64
e n t e ɾ n e s ˈe ɾ,V;IND;PRS;1;PL,424,660,64.24
e n t e ɾ n e s ˈe ɾ,V;IND;PRS;1;SG,593,660,89.85
e n t e ɾ n e s ˈe ɾ,V;IND;PRS;2;PL,501,660,75.91
e n t e ɾ n e s ˈe ɾ,V;IND;PRS;2;SG,485,660,73.48
e n t e ɾ n e s ˈe ɾ,V;IND;PRS;3;PL,521,660,78.94
e n t e ɾ n e s ˈe ɾ,V;IND;PRS;3;SG,449,660,68.03
e n t e ɾ n e s ˈe ɾ,V;SBJV;PRS;1;PL,571,660,86.52
e n t e ɾ n e s ˈe ɾ,V;SBJV;PRS;1;SG,593,660,89.85
e n t e ɾ n e s ˈe ɾ,V;SBJV;PRS;2;PL,584,660,88.48
e n t e ɾ n e s ˈe ɾ,V;SBJV;PRS;2;SG,611,660,92.58
e n t e ɾ n e s ˈe ɾ,V;SBJV;PRS;3;PL,593,660,89.85
e n t e ɾ n e s ˈe ɾ,V;SBJV;PRS;3;SG,590,660,89.39
e n ɡ ɾ a n d e s ˈe ɾ,V;IND;PRS;1;PL,220,220,100.0
e n ɡ ɾ a n d e s ˈe ɾ,V;IND;PRS;1;SG,220,220,100.0
e n ɡ ɾ a n d e s ˈe ɾ,V;IND;PRS;2;PL,220,220,100.0
e n ɡ ɾ a n d e s ˈe ɾ,V;IND;PRS;2;SG,220,220,100.0
e n ɡ ɾ a n d e s ˈe ɾ,V;IND;PRS;3;PL,220,220,100.0
e n ɡ ɾ a n d e s ˈe ɾ,V;IND;PRS;3;SG,220,220,100.0
e n ɡ ɾ a n d e s ˈe ɾ,V;SBJV;PRS;1;PL,220,220,100.0
e n ɡ ɾ a n d e s ˈe ɾ,V;SBJV;PRS;1;SG,220,220,100.0
e n ɡ ɾ a n d e s ˈe ɾ,V;SBJV;PRS;2;PL,220,220,100.0
e n ɡ ɾ a n d e s ˈe ɾ,V;SBJV;PRS;2;SG,220,220,100.0
e n ɡ ɾ a n d e s ˈe ɾ,V;SBJV;PRS;3;PL,220,220,100.0
e n ɡ ɾ a n d e s ˈe ɾ,V;SBJV;PRS;3;SG,220,220,100.0
e n ɾ i k e s ˈe ɾ,V;IND;PRS;1;PL,333,440,75.68
e n ɾ i k e s ˈe ɾ,V;IND;PRS;1;SG,314,440,71.36
e n ɾ i k e s ˈe ɾ,V;IND;PRS;2;PL,349,440,79.32
e n ɾ i k e s ˈe ɾ,V;IND;PRS;2;SG,326,440,74.09
e n ɾ i k e s ˈe ɾ,V;IND;PRS;3;PL,343,440,77.95
e n ɾ i k e s ˈe ɾ,V;IND;PRS;3;SG,344,440,78.18
e n ɾ i k e s ˈe ɾ,V;SBJV;PRS;1;PL,275,440,62.5
e n ɾ i k e s ˈe ɾ,V;SBJV;PRS;1;SG,312,440,70.91
e n ɾ i k e s ˈe ɾ,V;SBJV;PRS;2;PL,286,440,65.0
e n ɾ i k e s ˈe ɾ,V;SBJV;PRS;2;SG,318,440,72.27
e n ɾ i k e s ˈe ɾ,V;SBJV;PRS;3;PL,296,440,67.27
e n ɾ i k e s ˈe ɾ,V;SBJV;PRS;3;SG,291,440,66.14
e n ɾ o x e s ˈe ɾ,V;IND;PRS;1;PL,198,220,90.0
e n ɾ o x e s ˈe ɾ,V;IND;PRS;1;SG,216,220,98.18
e n ɾ o x e s ˈe ɾ,V;IND;PRS;2;PL,207,220,94.09
e n ɾ o x e s ˈe ɾ,V;IND;PRS;2;SG,190,220,86.36
e n ɾ o x e s ˈe ɾ,V;IND;PRS;3;PL,212,220,96.36
e n ɾ o x e s ˈe ɾ,V;IND;PRS;3;SG,191,220,86.82
e n ɾ o x e s ˈe ɾ,V;SBJV;PRS;1;PL,220,220,100.0
e n ɾ o x e s ˈe ɾ,V;SBJV;PRS;1;SG,218,220,99.09
e n ɾ o x e s ˈe ɾ,V;SBJV;PRS;2;PL,213,220,96.82
e n ɾ o x e s ˈe ɾ,V;SBJV;PRS;2;SG,220,220,100.0
e n ɾ o x e s ˈe ɾ,V;SBJV;PRS;3;PL,220,220,100.0
e n ɾ o x e s ˈe ɾ,V;SBJV;PRS;3;SG,217,220,98.64
e s k a ɾ n e s ˈe ɾ,V;IND;PRS;1;PL,149,220,67.73
e s k a ɾ n e s ˈe ɾ,V;IND;PRS;1;SG,176,220,80.0
e s k a ɾ n e s ˈe ɾ,V;IND;PRS;2;PL,184,220,83.64
e s k a ɾ n e s ˈe ɾ,V;IND;PRS;2;SG,184,220,83.64
e s k a ɾ n e s ˈe ɾ,V;IND;PRS;3;PL,179,220,81.36
e s k a ɾ n e s ˈe ɾ,V;IND;PRS;3;SG,181,220,82.27
e s k a ɾ n e s ˈe ɾ,V;SBJV;PRS;1;PL,197,220,89.55
e s k a ɾ n e s ˈe ɾ,V;SBJV;PRS;1;SG,206,220,93.64
e s k a ɾ n e s ˈe ɾ,V;SBJV;PRS;2;PL,211,220,95.91
e s k a ɾ n e s ˈe ɾ,V;SBJV;PRS;2;SG,219,220,99.55
e s k a ɾ n e s ˈe ɾ,V;SBJV;PRS;3;PL,200,220,90.91
e s k a ɾ n e s ˈe ɾ,V;SBJV;PRS;3;SG,198,220,90.0
e s k l a ɾ e s ˈe ɾ,V;IND;PRS;1;PL,220,220,100.0
e s k l a ɾ e s ˈe ɾ,V;IND;PRS;1;SG,220,220,100.0
e s k l a ɾ e s ˈe ɾ,V;IND;PRS;2;PL,219,220,99.55
e s k l a ɾ e s ˈe ɾ,V;IND;PRS;2;SG,220,220,100.0
e s k l a ɾ e s ˈe ɾ,V;IND;PRS;3;PL,220,220,100.0
e s k l a ɾ e s ˈe ɾ,V;IND;PRS;3;SG,220,220,100.0
e s k l a ɾ e s ˈe ɾ,V;SBJV;PRS;1;PL,220,220,100.0
e s k l a ɾ e s ˈe ɾ,V;SBJV;PRS;1;SG,220,220,100.0
e s k l a ɾ e s ˈe ɾ,V;SBJV;PRS;2;PL,218,220,99.09
e s k l a ɾ e s ˈe ɾ,V;SBJV;PRS;2;SG,220,220,100.0
e s k l a ɾ e s ˈe ɾ,V;SBJV;PRS;3;PL,220,220,100.0
e s k l a ɾ e s ˈe ɾ,V;SBJV;PRS;3;SG,220,220,100.0
e s k o s ˈe ɾ,V;IND;PRS;1;PL,220,220,100.0
e s k o s ˈe ɾ,V;IND;PRS;1;SG,196,220,89.09
e s k o s ˈe ɾ,V;IND;PRS;2;PL,218,220,99.09
e s k o s ˈe ɾ,V;IND;PRS;2;SG,196,220,89.09
e s k o s ˈe ɾ,V;IND;PRS;3;PL,196,220,89.09
e s k o s ˈe ɾ,V;IND;PRS;3;SG,196,220,89.09
e s k o s ˈe ɾ,V;SBJV;PRS;1;PL,220,220,100.0
e s k o s ˈe ɾ,V;SBJV;PRS;1;SG,196,220,89.09
e s k o s ˈe ɾ,V;SBJV;PRS;2;PL,220,220,100.0
e s k o s ˈe ɾ,V;SBJV;PRS;2;SG,196,220,89.09
e s k o s ˈe ɾ,V;SBJV;PRS;3;PL,196,220,89.09
e s k o s ˈe ɾ,V;SBJV;PRS;3;SG,196,220,89.09
e s p a ɾ s ˈi ɾ,V;IND;PRS;1;PL,220,220,100.0
e s p a ɾ s ˈi ɾ,V;IND;PRS;1;SG,195,220,88.64
e s p a ɾ s ˈi ɾ,V;IND;PRS;2;PL,220,220,100.0
e s p a ɾ s ˈi ɾ,V;IND;PRS;2;SG,211,220,95.91
e s p a ɾ s ˈi ɾ,V;IND;PRS;3;PL,188,220,85.45
e s p a ɾ s ˈi ɾ,V;IND;PRS;3;SG,213,220,96.82
e s p a ɾ s ˈi ɾ,V;SBJV;PRS;1;PL,124,220,56.36
e s p a ɾ s ˈi ɾ,V;SBJV;PRS;1;SG,111,220,50.45
e s p a ɾ s ˈi ɾ,V;SBJV;PRS;2;PL,113,220,51.36
e s p a ɾ s ˈi ɾ,V;SBJV;PRS;2;SG,125,220,56.82
e s p a ɾ s ˈi ɾ,V;SBJV;PRS;3;PL,123,220,55.91
e s p a ɾ s ˈi ɾ,V;SBJV;PRS;3;SG,119,220,54.09
e s t a b l e s ˈe ɾ,V;IND;PRS;1;PL,42,220,19.09
e s t a b l e s ˈe ɾ,V;IND;PRS;1;SG,150,220,68.18
e s t a b l e s ˈe ɾ,V;IND;PRS;2;PL,74,220,33.64
e s t a b l e s ˈe ɾ,V;IND;PRS;2;SG,58,220,26.36
e s t a b l e s ˈe ɾ,V;IND;PRS;3;PL,68,220,30.91
e s t a b l e s ˈe ɾ,V;IND;PRS;3;SG,44,220,20.0
e s t a b l e s ˈe ɾ,V;SBJV;PRS;1;PL,164,220,74.55
e s t a b l e s ˈe ɾ,V;SBJV;PRS;1;SG,131,220,59.55
e s t a b l e s ˈe ɾ,V;SBJV;PRS;2;PL,168,220,76.36
e s t a b l e s ˈe ɾ,V;SBJV;PRS;2;SG,129,220,58.64
e s t a b l e s ˈe ɾ,V;SBJV;PRS;3;PL,152,220,69.09
e s t a b l e s ˈe ɾ,V;SBJV;PRS;3;SG,138,220,62.73
e x e ɾ s ˈe ɾ,V;IND;PRS;1;PL,433,660,65.61
e x e ɾ s ˈe ɾ,V;IND;PRS;1;SG,471,660,71.36
e x e ɾ s ˈe ɾ,V;IND;PRS;2;PL,408,660,61.82
e x e ɾ s ˈe ɾ,V;IND;PRS;2;SG,504,660,76.36
e x e ɾ s ˈe ɾ,V;IND;PRS;3;PL,496,660,75.15
e x e ɾ s ˈe ɾ,V;IND;PRS;3;SG,514,660,77.88
e x e ɾ s ˈe ɾ,V;SBJV;PRS;1;PL,295,660,44.7
e x e ɾ s ˈe ɾ,V;SBJV;PRS;1;SG,396,660,60.0
e x e ɾ s ˈe ɾ,V;SBJV;PRS;2;PL,307,660,46.52
e x e ɾ s ˈe ɾ,V;SBJV;PRS;2;SG,392,660,59.39
e x e ɾ s ˈe ɾ,V;SBJV;PRS;3;PL,415,660,62.88
e x e ɾ s ˈe ɾ,V;SBJV;PRS;3;SG,403,660,61.06
e ɾ i ç ˈi ɾ,V;IND;PRS;1;PL,68,220,30.91
e ɾ i ç ˈi ɾ,V;IND;PRS;1;SG,220,220,100.0
e ɾ i ç ˈi ɾ,V;IND;PRS;2;PL,70,220,31.82
e ɾ i ç ˈi ɾ,V;IND;PRS;2;SG,220,220,100.0
e ɾ i ç ˈi ɾ,V;IND;PRS;3;PL,220,220,100.0
e ɾ i ç ˈi ɾ,V;IND;PRS;3;SG,220,220,100.0
e ɾ i ç ˈi ɾ,V;SBJV;PRS;1;PL,220,220,100.0
e ɾ i ç ˈi ɾ,V;SBJV;PRS;1;SG,220,220,100.0
e ɾ i ç ˈi ɾ,V;SBJV;PRS;2;PL,220,220,100.0
e ɾ i ç ˈi ɾ,V;SBJV;PRS;2;SG,220,220,100.0
e ɾ i ç ˈi ɾ,V;SBJV;PRS;3;PL,220,220,100.0
e ɾ i ç ˈi ɾ,V;SBJV;PRS;3;SG,220,220,100.0
f a b o ɾ e s ˈe ɾ,V;IND;PRS;1;PL,135,220,61.36
f a b o ɾ e s ˈe ɾ,V;IND;PRS;1;SG,213,220,96.82
f a b o ɾ e s ˈe ɾ,V;IND;PRS;2;PL,187,220,85.0
f a b o ɾ e s ˈe ɾ,V;IND;PRS;2;SG,176,220,80.0
f a b o ɾ e s ˈe ɾ,V;IND;PRS;3;PL,196,220,89.09
f a b o ɾ e s ˈe ɾ,V;IND;PRS;3;SG,165,220,75.0
f a b o ɾ e s ˈe ɾ,V;SBJV;PRS;1;PL,220,220,100.0
f a b o ɾ e s ˈe ɾ,V;SBJV;PRS;1;SG,220,220,100.0
f a b o ɾ e s ˈe ɾ,V;SBJV;PRS;2;PL,220,220,100.0
f a b o ɾ e s ˈe ɾ,V;SBJV;PRS;2;SG,220,220,100.0
f a b o ɾ e s ˈe ɾ,V;SBJV;PRS;3;PL,220,220,100.0
f a b o ɾ e s ˈe ɾ,V;SBJV;PRS;3;SG,220,220,100.0
f a ʃ e s ˈe ɾ,V;IND;PRS;1;PL,198,220,90.0
f a ʃ e s ˈe ɾ,V;IND;PRS;1;SG,218,220,99.09
f a ʃ e s ˈe ɾ,V;IND;PRS;2;PL,198,220,90.0
f a ʃ e s ˈe ɾ,V;IND;PRS;2;SG,220,220,100.0
f a ʃ e s ˈe ɾ,V;IND;PRS;3;PL,220,220,100.0
f a ʃ e s ˈe ɾ,V;IND;PRS;3;SG,219,220,99.55
f a ʃ e s ˈe ɾ,V;SBJV;PRS;1;PL,206,220,93.64
f a ʃ e s ˈe ɾ,V;SBJV;PRS;1;SG,220,220,100.0
f a ʃ e s ˈe ɾ,V;SBJV;PRS;2;PL,207,220,94.09
f a ʃ e s ˈe ɾ,V;SBJV;PRS;2;SG,220,220,100.0
f a ʃ e s ˈe ɾ,V;SBJV;PRS;3;PL,220,220,100.0
f a ʃ e s ˈe ɾ,V;SBJV;PRS;3;SG,220,220,100.0
f e n e s ˈe ɾ,V;IND;PRS;1;PL,166,220,75.45
f e n e s ˈe ɾ,V;IND;PRS;1;SG,210,220,95.45
f e n e s ˈe ɾ,V;IND;PRS;2;PL,171,220,77.73
f e n e s ˈe ɾ,V;IND;PRS;2;SG,187,220,85.0
f e n e s ˈe ɾ,V;IND;PRS;3;PL,183,220,83.18
f e n e s ˈe ɾ,V;IND;PRS;3;SG,182,220,82.73
f e n e s ˈe ɾ,V;SBJV;PRS;1;PL,220,220,100.0
f e n e s ˈe ɾ,V;SBJV;PRS;1;SG,220,220,100.0
f e n e s ˈe ɾ,V;SBJV;PRS;2;PL,220,220,100.0
f e n e s ˈe ɾ,V;SBJV;PRS;2;SG,220,220,100.0
f e n e s ˈe ɾ,V;SBJV;PRS;3;PL,220,220,100.0
f e n e s ˈe ɾ,V;SBJV;PRS;3;SG,220,220,100.0
f l o ɾ e s ˈe ɾ,V;IND;PRS;1;PL,385,440,87.5
f l o ɾ e s ˈe ɾ,V;IND;PRS;1;SG,385,440,87.5
f l o ɾ e s ˈe ɾ,V;IND;PRS;2;PL,385,440,87.5
f l o ɾ e s ˈe ɾ,V;IND;PRS;2;SG,383,440,87.05
f l o ɾ e s ˈe ɾ,V;IND;PRS;3;PL,382,440,86.82
f l o ɾ e s ˈe ɾ,V;IND;PRS;3;SG,384,440,87.27
f l o ɾ e s ˈe ɾ,V;SBJV;PRS;1;PL,364,440,82.73
f l o ɾ e s ˈe ɾ,V;SBJV;PRS;1;SG,385,440,87.5
f l o ɾ e s ˈe ɾ,V;SBJV;PRS;2;PL,365,440,82.95
f l o ɾ e s ˈe ɾ,V;SBJV;PRS;2;SG,384,440,87.27
f l o ɾ e s ˈe ɾ,V;SBJV;PRS;3;PL,383,440,87.05
f l o ɾ e s ˈe ɾ,V;SBJV;PRS;3;SG,385,440,87.5
f o ɾ t a l e s ˈe ɾ,V;IND;PRS;1;PL,220,220,100.0
f o ɾ t a l e s ˈe ɾ,V;IND;PRS;1;SG,220,220,100.0
f o ɾ t a l e s ˈe ɾ,V;IND;PRS;2;PL,220,220,100.0
f o ɾ t a l e s ˈe ɾ,V;IND;PRS;2;SG,220,220,100.0
f o ɾ t a l e s ˈe ɾ,V;IND;PRS;3;PL,220,220,100.0
f o ɾ t a l e s ˈe ɾ,V;IND;PRS;3;SG,220,220,100.0
f o ɾ t a l e s ˈe ɾ,V;SBJV;PRS;1;PL,220,220,100.0
f o ɾ t a l e s ˈe ɾ,V;SBJV;PRS;1;SG,220,220,100.0
f o ɾ t a l e s ˈe ɾ,V;SBJV;PRS;2;PL,220,220,100.0
f o ɾ t a l e s ˈe ɾ,V;SBJV;PRS;2;SG,220,220,100.0
f o ɾ t a l e s ˈe ɾ,V;SBJV;PRS;3;PL,220,220,100.0
f o ɾ t a l e s ˈe ɾ,V;SBJV;PRS;3;SG,220,220,100.0
f u l ç ˈi ɾ,V;IND;PRS;1;PL,99,220,45.0
f u l ç ˈi ɾ,V;IND;PRS;1;SG,219,220,99.55
f u l ç ˈi ɾ,V;IND;PRS;2;PL,76,220,34.55
f u l ç ˈi ɾ,V;IND;PRS;2;SG,93,220,42.27
f u l ç ˈi ɾ,V;IND;PRS;3;PL,56,220,25.45
f u l ç ˈi ɾ,V;IND;PRS;3;SG,76,220,34.55
f u l ç ˈi ɾ,V;SBJV;PRS;1;PL,197,220,89.55
f u l ç ˈi ɾ,V;SBJV;PRS;1;SG,216,220,98.18
f u l ç ˈi ɾ,V;SBJV;PRS;2;PL,204,220,92.73
f u l ç ˈi ɾ,V;SBJV;PRS;2;SG,214,220,97.27
f u l ç ˈi ɾ,V;SBJV;PRS;3;PL,213,220,96.82
f u l ç ˈi ɾ,V;SBJV;PRS;3;SG,220,220,100.0
f u n ç ˈi ɾ,V;IND;PRS;1;PL,560,660,84.85
f u n ç ˈi ɾ,V;IND;PRS;1;SG,659,660,99.85
f u n ç ˈi ɾ,V;IND;PRS;2;PL,556,660,84.24
f u n ç ˈi ɾ,V;IND;PRS;2;SG,564,660,85.45
f u n ç ˈi ɾ,V;IND;PRS;3;PL,550,660,83.33
f u n ç ˈi ɾ,V;IND;PRS;3;SG,550,660,83.33
f u n ç ˈi ɾ,V;SBJV;PRS;1;PL,660,660,100.0
f u n ç ˈi ɾ,V;SBJV;PRS;1;SG,655,660,99.24
f u n ç ˈi ɾ,V;SBJV;PRS;2;PL,660,660,100.0
f u n ç ˈi ɾ,V;SBJV;PRS;2;SG,659,660,99.85
f u n ç ˈi ɾ,V;SBJV;PRS;3;PL,652,660,98.79
f u n ç ˈi ɾ,V;SBJV;PRS;3;SG,659,660,99.85
f ɾ a n ç ˈi ɾ,V;IND;PRS;1;PL,469,660,71.06
f ɾ a n ç ˈi ɾ,V;IND;PRS;1;SG,596,660,90.3
f ɾ a n ç ˈi ɾ,V;IND;PRS;2;PL,422,660,63.94
f ɾ a n ç ˈi ɾ,V;IND;PRS;2;SG,471,660,71.36
f ɾ a n ç ˈi ɾ,V;IND;PRS;3;PL,405,660,61.36
f ɾ a n ç ˈi ɾ,V;IND;PRS;3;SG,401,660,60.76
f ɾ a n ç ˈi ɾ,V;SBJV;PRS;1;PL,658,660,99.7
f ɾ a n ç ˈi ɾ,V;SBJV;PRS;1;SG,610,660,92.42
f ɾ a n ç ˈi ɾ,V;SBJV;PRS;2;PL,655,660,99.24
f ɾ a n ç ˈi ɾ,V;SBJV;PRS;2;SG,631,660,95.61
f ɾ a n ç ˈi ɾ,V;SBJV;PRS;3;PL,584,660,88.48
f ɾ a n ç ˈi ɾ,V;SBJV;PRS;3;SG,605,660,91.67
i n b e n ˈi ɾ,V;IND;PRS;1;PL,220,220,100.0
i n b e n ˈi ɾ,V;IND;PRS;1;SG,220,220,100.0
i n b e n ˈi ɾ,V;IND;PRS;2;PL,220,220,100.0
i n b e n ˈi ɾ,V;IND;PRS;2;SG,220,220,100.0
i n b e n ˈi ɾ,V;IND;PRS;3;PL,220,220,100.0
i n b e n ˈi ɾ,V;IND;PRS;3;SG,220,220,100.0
i n b e n ˈi ɾ,V;SBJV;PRS;1;PL,220,220,100.0
i n b e n ˈi ɾ,V;SBJV;PRS;1;SG,220,220,100.0
i n b e n ˈi ɾ,V;SBJV;PRS;2;PL,220,220,100.0
i n b e n ˈi ɾ,V;SBJV;PRS;2;SG,220,220,100.0
i n b e n ˈi ɾ,V;SBJV;PRS;3;PL,220,220,100.0
i n b e n ˈi ɾ,V;SBJV;PRS;3;SG,220,220,100.0
i n d i s p o n ˈe ɾ,V;IND;PRS;1;PL,220,220,100.0
i n d i s p o n ˈe ɾ,V;IND;PRS;1;SG,220,220,100.0
i n d i s p o n ˈe ɾ,V;IND;PRS;2;PL,220,220,100.0
i n d i s p o n ˈe ɾ,V;IND;PRS;2;SG,220,220,100.0
i n d i s p o n ˈe ɾ,V;IND;PRS;3;PL,220,220,100.0
i n d i s p o n ˈe ɾ,V;IND;PRS;3;SG,220,220,100.0
i n d i s p o n ˈe ɾ,V;SBJV;PRS;1;PL,220,220,100.0
i n d i s p o n ˈe ɾ,V;SBJV;PRS;1;SG,220,220,100.0
i n d i s p o n ˈe ɾ,V;SBJV;PRS;2;PL,220,220,100.0
i n d i s p o n ˈe ɾ,V;SBJV;PRS;2;SG,220,220,100.0
i n d i s p o n ˈe ɾ,V;SBJV;PRS;3;PL,220,220,100.0
i n d i s p o n ˈe ɾ,V;SBJV;PRS;3;SG,220,220,100.0
i n d u s ˈi ɾ,V;IND;PRS;1;PL,220,220,100.0
i n d u s ˈi ɾ,V;IND;PRS;1;SG,220,220,100.0
i n d u s ˈi ɾ,V;IND;PRS;2;PL,220,220,100.0
i n d u s ˈi ɾ,V;IND;PRS;2;SG,220,220,100.0
i n d u s ˈi ɾ,V;IND;PRS;3;PL,220,220,100.0
i n d u s ˈi ɾ,V;IND;PRS;3;SG,220,220,100.0
i n d u s ˈi ɾ,V;SBJV;PRS;1;PL,220,220,100.0
i n d u s ˈi ɾ,V;SBJV;PRS;1;SG,220,220,100.0
i n d u s ˈi ɾ,V;SBJV;PRS;2;PL,220,220,100.0
i n d u s ˈi ɾ,V;SBJV;PRS;2;SG,220,220,100.0
i n d u s ˈi ɾ,V;SBJV;PRS;3;PL,220,220,100.0
i n d u s ˈi ɾ,V;SBJV;PRS;3;SG,220,220,100.0
i n f ɾ i n ç ˈi ɾ,V;IND;PRS;1;PL,22,220,10.0
i n f ɾ i n ç ˈi ɾ,V;IND;PRS;1;SG,205,220,93.18
i n f ɾ i n ç ˈi ɾ,V;IND;PRS;2;PL,24,220,10.91
i n f ɾ i n ç ˈi ɾ,V;IND;PRS;2;SG,5,220,2.27
i n f ɾ i n ç ˈi ɾ,V;IND;PRS;3;PL,5,220,2.27
i n f ɾ i n ç ˈi ɾ,V;IND;PRS;3;SG,0,220,0.0
i n f ɾ i n ç ˈi ɾ,V;SBJV;PRS;1;PL,181,220,82.27
i n f ɾ i n ç ˈi ɾ,V;SBJV;PRS;1;SG,193,220,87.73
i n f ɾ i n ç ˈi ɾ,V;SBJV;PRS;2;PL,181,220,82.27
i n f ɾ i n ç ˈi ɾ,V;SBJV;PRS;2;SG,175,220,79.55
i n f ɾ i n ç ˈi ɾ,V;SBJV;PRS;3;PL,174,220,79.09
i n f ɾ i n ç ˈi ɾ,V;SBJV;PRS;3;SG,166,220,75.45
i n t e l i ç ˈi ɾ,V;IND;PRS;1;PL,143,440,32.5
i n t e l i ç ˈi ɾ,V;IND;PRS;1;SG,436,440,99.09
i n t e l i ç ˈi ɾ,V;IND;PRS;2;PL,141,440,32.05
i n t e l i ç ˈi ɾ,V;IND;PRS;2;SG,435,440,98.86
i n t e l i ç ˈi ɾ,V;IND;PRS;3;PL,431,440,97.95
i n t e l i ç ˈi ɾ,V;IND;PRS;3;SG,431,440,97.95
i n t e l i ç ˈi ɾ,V;SBJV;PRS;1;PL,437,440,99.32
i n t e l i ç ˈi ɾ,V;SBJV;PRS;1;SG,435,440,98.86
i n t e l i ç ˈi ɾ,V;SBJV;PRS;2;PL,437,440,99.32
i n t e l i ç ˈi ɾ,V;SBJV;PRS;2;SG,435,440,98.86
i n t e l i ç ˈi ɾ,V;SBJV;PRS;3;PL,434,440,98.64
i n t e l i ç ˈi ɾ,V;SBJV;PRS;3;SG,435,440,98.86
i n t e ɾ b e n ˈi ɾ,V;IND;PRS;1;PL,220,220,100.0
i n t e ɾ b e n ˈi ɾ,V;IND;PRS;1;SG,220,220,100.0
i n t e ɾ b e n ˈi ɾ,V;IND;PRS;2;PL,220,220,100.0
i n t e ɾ b e n ˈi ɾ,V;IND;PRS;2;SG,220,220,100.0
i n t e ɾ b e n ˈi ɾ,V;IND;PRS;3;PL,220,220,100.0
i n t e ɾ b e n ˈi ɾ,V;IND;PRS;3;SG,220,220,100.0
i n t e ɾ b e n ˈi ɾ,V;SBJV;PRS;1;PL,220,220,100.0
i n t e ɾ b e n ˈi ɾ,V;SBJV;PRS;1;SG,220,220,100.0
i n t e ɾ b e n ˈi ɾ,V;SBJV;PRS;2;PL,220,220,100.0
i n t e ɾ b e n ˈi ɾ,V;SBJV;PRS;2;SG,220,220,100.0
i n t e ɾ b e n ˈi ɾ,V;SBJV;PRS;3;PL,220,220,100.0
i n t e ɾ b e n ˈi ɾ,V;SBJV;PRS;3;SG,220,220,100.0
i n t e ɾ p o n ˈe ɾ,V;IND;PRS;1;PL,202,220,91.82
i n t e ɾ p o n ˈe ɾ,V;IND;PRS;1;SG,161,220,73.18
i n t e ɾ p o n ˈe ɾ,V;IND;PRS;2;PL,201,220,91.36
i n t e ɾ p o n ˈe ɾ,V;IND;PRS;2;SG,115,220,52.27
i n t e ɾ p o n ˈe ɾ,V;IND;PRS;3;PL,133,220,60.45
i n t e ɾ p o n ˈe ɾ,V;IND;PRS;3;SG,115,220,52.27
i n t e ɾ p o n ˈe ɾ,V;SBJV;PRS;1;PL,194,220,88.18
i n t e ɾ p o n ˈe ɾ,V;SBJV;PRS;1;SG,178,220,80.91
i n t e ɾ p o n ˈe ɾ,V;SBJV;PRS;2;PL,199,220,90.45
i n t e ɾ p o n ˈe ɾ,V;SBJV;PRS;2;SG,173,220,78.64
i n t e ɾ p o n ˈe ɾ,V;SBJV;PRS;3;PL,172,220,78.18
i n t e ɾ p o n ˈe ɾ,V;SBJV;PRS;3;SG,183,220,83.18
k a ɾ e s ˈe ɾ,V;IND;PRS;1;PL,405,440,92.05
k a ɾ e s ˈe ɾ,V;IND;PRS;1;SG,360,440,81.82
k a ɾ e s ˈe ɾ,V;IND;PRS;2;PL,405,440,92.05
k a ɾ e s ˈe ɾ,V;IND;PRS;2;SG,424,440,96.36
k a ɾ e s ˈe ɾ,V;IND;PRS;3;PL,416,440,94.55
k a ɾ e s ˈe ɾ,V;IND;PRS;3;SG,417,440,94.77
k a ɾ e s ˈe ɾ,V;SBJV;PRS;1;PL,432,440,98.18
k a ɾ e s ˈe ɾ,V;SBJV;PRS;1;SG,440,440,100.0
k a ɾ e s ˈe ɾ,V;SBJV;PRS;2;PL,430,440,97.73
k a ɾ e s ˈe ɾ,V;SBJV;PRS;2;SG,438,440,99.55
k a ɾ e s ˈe ɾ,V;SBJV;PRS;3;PL,412,440,93.64
k a ɾ e s ˈe ɾ,V;SBJV;PRS;3;SG,440,440,100.0
k a ˈe ɾ,V;IND;PRS;1;PL,86,220,39.09
k a ˈe ɾ,V;IND;PRS;1;SG,128,220,58.18
k a ˈe ɾ,V;IND;PRS;2;PL,71,220,32.27
k a ˈe ɾ,V;IND;PRS;2;SG,72,220,32.73
k a ˈe ɾ,V;IND;PRS;3;PL,68,220,30.91
k a ˈe ɾ,V;IND;PRS;3;SG,87,220,39.55
k a ˈe ɾ,V;SBJV;PRS;1;PL,129,220,58.64
k a ˈe ɾ,V;SBJV;PRS;1;SG,125,220,56.82
k a ˈe ɾ,V;SBJV;PRS;2;PL,116,220,52.73
k a ˈe ɾ,V;SBJV;PRS;2;SG,124,220,56.36
k a ˈe ɾ,V;SBJV;PRS;3;PL,153,220,69.55
k a ˈe ɾ,V;SBJV;PRS;3;SG,119,220,54.09
k o d i ɾ i ç ˈi ɾ,V;IND;PRS;1;PL,320,440,72.73
k o d i ɾ i ç ˈi ɾ,V;IND;PRS;1;SG,323,440,73.41
k o d i ɾ i ç ˈi ɾ,V;IND;PRS;2;PL,289,440,65.68
k o d i ɾ i ç ˈi ɾ,V;IND;PRS;2;SG,384,440,87.27
k o d i ɾ i ç ˈi ɾ,V;IND;PRS;3;PL,387,440,87.95
k o d i ɾ i ç ˈi ɾ,V;IND;PRS;3;SG,386,440,87.73
k o d i ɾ i ç ˈi ɾ,V;SBJV;PRS;1;PL,421,440,95.68
k o d i ɾ i ç ˈi ɾ,V;SBJV;PRS;1;SG,405,440,92.05
k o d i ɾ i ç ˈi ɾ,V;SBJV;PRS;2;PL,422,440,95.91
k o d i ɾ i ç ˈi ɾ,V;SBJV;PRS;2;SG,405,440,92.05
k o d i ɾ i ç ˈi ɾ,V;SBJV;PRS;3;PL,404,440,91.82
k o d i ɾ i ç ˈi ɾ,V;SBJV;PRS;3;SG,407,440,92.5
k o l e ç ˈi ɾ,V;IND;PRS;1;PL,301,440,68.41
k o l e ç ˈi ɾ,V;IND;PRS;1;SG,407,440,92.5
k o l e ç ˈi ɾ,V;IND;PRS;2;PL,300,440,68.18
k o l e ç ˈi ɾ,V;IND;PRS;2;SG,377,440,85.68
k o l e ç ˈi ɾ,V;IND;PRS;3;PL,348,440,79.09
k o l e ç ˈi ɾ,V;IND;PRS;3;SG,345,440,78.41
k o l e ç ˈi ɾ,V;SBJV;PRS;1;PL,402,440,91.36
k o l e ç ˈi ɾ,V;SBJV;PRS;1;SG,421,440,95.68
k o l e ç ˈi ɾ,V;SBJV;PRS;2;PL,402,440,91.36
k o l e ç ˈi ɾ,V;SBJV;PRS;2;SG,420,440,95.45
k o l e ç ˈi ɾ,V;SBJV;PRS;3;PL,427,440,97.05
k o l e ç ˈi ɾ,V;SBJV;PRS;3;SG,417,440,94.77
k o m p a d e s ˈe ɾ,V;IND;PRS;1;PL,159,220,72.27
k o m p a d e s ˈe ɾ,V;IND;PRS;1;SG,79,220,35.91
k o m p a d e s ˈe ɾ,V;IND;PRS;2;PL,162,220,73.64
k o m p a d e s ˈe ɾ,V;IND;PRS;2;SG,100,220,45.45
k o m p a d e s ˈe ɾ,V;IND;PRS;3;PL,108,220,49.09
k o m p a d e s ˈe ɾ,V;IND;PRS;3;SG,148,220,67.27
k o m p a d e s ˈe ɾ,V;SBJV;PRS;1;PL,69,220,31.36
k o m p a d e s ˈe ɾ,V;SBJV;PRS;1;SG,90,220,40.91
k o m p a d e s ˈe ɾ,V;SBJV;PRS;2;PL,50,220,22.73
k o m p a d e s ˈe ɾ,V;SBJV;PRS;2;SG,74,220,33.64
k o m p a d e s ˈe ɾ,V;SBJV;PRS;3;PL,100,220,45.45
k o m p a d e s ˈe ɾ,V;SBJV;PRS;3;SG,70,220,31.82
k o m p a ɾ e s ˈe ɾ,V;IND;PRS;1;PL,133,220,60.45
k o m p a ɾ e s ˈe ɾ,V;IND;PRS;1;SG,205,220,93.18
k o m p a ɾ e s ˈe ɾ,V;IND;PRS;2;PL,164,220,74.55
k o m p a ɾ e s ˈe ɾ,V;IND;PRS;2;SG,136,220,61.82
k o m p a ɾ e s ˈe ɾ,V;IND;PRS;3;PL,184,220,83.64
k o m p a ɾ e s ˈe ɾ,V;IND;PRS;3;SG,108,220,49.09
k o m p a ɾ e s ˈe ɾ,V;SBJV;PRS;1;PL,218,220,99.09
k o m p a ɾ e s ˈe ɾ,V;SBJV;PRS;1;SG,215,220,97.73
k o m p a ɾ e s ˈe ɾ,V;SBJV;PRS;2;PL,219,220,99.55
k o m p a ɾ e s ˈe ɾ,V;SBJV;PRS;2;SG,218,220,99.09
k o m p a ɾ e s ˈe ɾ,V;SBJV;PRS;3;PL,215,220,97.73
k o m p a ɾ e s ˈe ɾ,V;SBJV;PRS;3;SG,186,220,84.55
k o m p o n ˈe ɾ,V;IND;PRS;1;PL,220,220,100.0
k o m p o n ˈe ɾ,V;IND;PRS;1;SG,220,220,100.0
k o m p o n ˈe ɾ,V;IND;PRS;2;PL,220,220,100.0
k o m p o n ˈe ɾ,V;IND;PRS;2;SG,220,220,100.0
k o m p o n ˈe ɾ,V;IND;PRS;3;PL,220,220,100.0
k o m p o n ˈe ɾ,V;IND;PRS;3;SG,220,220,100.0
k o m p o n ˈe ɾ,V;SBJV;PRS;1;PL,220,220,100.0
k o m p o n ˈe ɾ,V;SBJV;PRS;1;SG,220,220,100.0
k o m p o n ˈe ɾ,V;SBJV;PRS;2;PL,220,220,100.0
k o m p o n ˈe ɾ,V;SBJV;PRS;2;SG,220,220,100.0
k o m p o n ˈe ɾ,V;SBJV;PRS;3;PL,220,220,100.0
k o m p o n ˈe ɾ,V;SBJV;PRS;3;SG,220,220,100.0
k o m p u n ç ˈi ɾ,V;IND;PRS;1;PL,339,440,77.05
k o m p u n ç ˈi ɾ,V;IND;PRS;1;SG,440,440,100.0
k o m p u n ç ˈi ɾ,V;IND;PRS;2;PL,343,440,77.95
k o m p u n ç ˈi ɾ,V;IND;PRS;2;SG,330,440,75.0
k o m p u n ç ˈi ɾ,V;IND;PRS;3;PL,331,440,75.23
k o m p u n ç ˈi ɾ,V;IND;PRS;3;SG,330,440,75.0
k o m p u n ç ˈi ɾ,V;SBJV;PRS;1;PL,440,440,100.0
k o m p u n ç ˈi ɾ,V;SBJV;PRS;1;SG,440,440,100.0
k o m p u n ç ˈi ɾ,V;SBJV;PRS;2;PL,440,440,100.0
k o m p u n ç ˈi ɾ,V;SBJV;PRS;2;SG,440,440,100.0
k o m p u n ç ˈi ɾ,V;SBJV;PRS;3;PL,440,440,100.0
k o m p u n ç ˈi ɾ,V;SBJV;PRS;3;SG,440,440,100.0
k o n b e n s ˈe ɾ,V;IND;PRS;1;PL,276,660,41.82
k o n b e n s ˈe ɾ,V;IND;PRS;1;SG,210,660,31.82
k o n b e n s ˈe ɾ,V;IND;PRS;2;PL,281,660,42.58
k o n b e n s ˈe ɾ,V;IND;PRS;2;SG,321,660,48.64
k o n b e n s ˈe ɾ,V;IND;PRS;3;PL,215,660,32.58
k o n b e n s ˈe ɾ,V;IND;PRS;3;SG,362,660,54.85
k o n b e n s ˈe ɾ,V;SBJV;PRS;1;PL,174,660,26.36
k o n b e n s ˈe ɾ,V;SBJV;PRS;1;SG,252,660,38.18
k o n b e n s ˈe ɾ,V;SBJV;PRS;2;PL,175,660,26.52
k o n b e n s ˈe ɾ,V;SBJV;PRS;2;SG,197,660,29.85
k o n b e n s ˈe ɾ,V;SBJV;PRS;3;PL,170,660,25.76
k o n b e n s ˈe ɾ,V;SBJV;PRS;3;SG,268,660,40.61
k o n b e ɾ ç ˈe ɾ,V;IND;PRS;2;PL,220,220,100.0
k o n b e ɾ ç ˈi ɾ,V;IND;PRS;1;PL,220,220,100.0
k o n b e ɾ ç ˈi ɾ,V;IND;PRS;1;SG,220,220,100.0
k o n b e ɾ ç ˈi ɾ,V;IND;PRS;2;SG,220,220,100.0
k o n b e ɾ ç ˈi ɾ,V;IND;PRS;3;PL,220,220,100.0
k o n b e ɾ ç ˈi ɾ,V;IND;PRS;3;SG,220,220,100.0
k o n b e ɾ ç ˈi ɾ,V;SBJV;PRS;1;PL,220,220,100.0
k o n b e ɾ ç ˈi ɾ,V;SBJV;PRS;1;SG,220,220,100.0
k o n b e ɾ ç ˈi ɾ,V;SBJV;PRS;2;PL,220,220,100.0
k o n b e ɾ ç ˈi ɾ,V;SBJV;PRS;2;SG,220,220,100.0
k o n b e ɾ ç ˈi ɾ,V;SBJV;PRS;3;PL,220,220,100.0
k o n b e ɾ ç ˈi ɾ,V;SBJV;PRS;3;SG,220,220,100.0
k o n d e s ˈi ɾ,V;IND;PRS;1;PL,116,220,52.73
k o n d e s ˈi ɾ,V;IND;PRS;1;SG,144,220,65.45
k o n d e s ˈi ɾ,V;IND;PRS;2;PL,121,220,55.0
k o n d e s ˈi ɾ,V;IND;PRS;2;SG,209,220,95.0
k o n d e s ˈi ɾ,V;IND;PRS;3;PL,175,220,79.55
k o n d e s ˈi ɾ,V;IND;PRS;3;SG,176,220,80.0
k o n d e s ˈi ɾ,V;SBJV;PRS;1;PL,181,220,82.27
k o n d e s ˈi ɾ,V;SBJV;PRS;1;SG,198,220,90.0
k o n d e s ˈi ɾ,V;SBJV;PRS;2;PL,175,220,79.55
k o n d e s ˈi ɾ,V;SBJV;PRS;2;SG,199,220,90.45
k o n d e s ˈi ɾ,V;SBJV;PRS;3;PL,190,220,86.36
k o n d e s ˈi ɾ,V;SBJV;PRS;3;SG,195,220,88.64
k o n d u s ˈi ɾ,V;IND;PRS;1;PL,220,220,100.0
k o n d u s ˈi ɾ,V;IND;PRS;1;SG,220,220,100.0
k o n d u s ˈi ɾ,V;IND;PRS;2;PL,220,220,100.0
k o n d u s ˈi ɾ,V;IND;PRS;2;SG,220,220,100.0
k o n d u s ˈi ɾ,V;IND;PRS;3;PL,220,220,100.0
k o n d u s ˈi ɾ,V;IND;PRS;3;SG,220,220,100.0
k o n d u s ˈi ɾ,V;SBJV;PRS;1;PL,220,220,100.0
k o n d u s ˈi ɾ,V;SBJV;PRS;1;SG,220,220,100.0
k o n d u s ˈi ɾ,V;SBJV;PRS;2;PL,220,220,100.0
k o n d u s ˈi ɾ,V;SBJV;PRS;2;SG,220,220,100.0
k o n d u s ˈi ɾ,V;SBJV;PRS;3;PL,220,220,100.0
k o n d u s ˈi ɾ,V;SBJV;PRS;3;SG,220,220,100.0
k o n f l i ç ˈi ɾ,V;IND;PRS;1;PL,111,220,50.45
k o n f l i ç ˈi ɾ,V;IND;PRS;1;SG,210,220,95.45
k o n f l i ç ˈi ɾ,V;IND;PRS;2;PL,110,220,50.0
k o n f l i ç ˈi ɾ,V;IND;PRS;2;SG,112,220,50.91
k o n f l i ç ˈi ɾ,V;IND;PRS;3;PL,120,220,54.55
k o n f l i ç ˈi ɾ,V;IND;PRS;3;SG,113,220,51.36
k o n f l i ç ˈi ɾ,V;SBJV;PRS;1;PL,220,220,100.0
k o n f l i ç ˈi ɾ,V;SBJV;PRS;1;SG,211,220,95.91
k o n f l i ç ˈi ɾ,V;SBJV;PRS;2;PL,220,220,100.0
k o n f l i ç ˈi ɾ,V;SBJV;PRS;2;SG,209,220,95.0
k o n f l i ç ˈi ɾ,V;SBJV;PRS;3;PL,208,220,94.55
k o n f l i ç ˈi ɾ,V;SBJV;PRS;3;SG,210,220,95.45
k o n o s ˈe ɾ,V;IND;PRS;1;PL,318,440,72.27
k o n o s ˈe ɾ,V;IND;PRS;1;SG,263,440,59.77
k o n o s ˈe ɾ,V;IND;PRS;2;PL,303,440,68.86
k o n o s ˈe ɾ,V;IND;PRS;2;SG,294,440,66.82
k o n o s ˈe ɾ,V;IND;PRS;3;PL,280,440,63.64
k o n o s ˈe ɾ,V;IND;PRS;3;SG,303,440,68.86
k o n o s ˈe ɾ,V;SBJV;PRS;1;PL,269,440,61.14
k o n o s ˈe ɾ,V;SBJV;PRS;1;SG,266,440,60.45
k o n o s ˈe ɾ,V;SBJV;PRS;2;PL,279,440,63.41
k o n o s ˈe ɾ,V;SBJV;PRS;2;SG,264,440,60.0
k o n o s ˈe ɾ,V;SBJV;PRS;3;PL,258,440,58.64
k o n o s ˈe ɾ,V;SBJV;PRS;3;SG,259,440,58.86
k o n t e n ˈe ɾ,V;IND;PRS;1;PL,220,220,100.0
k o n t e n ˈe ɾ,V;IND;PRS;1;SG,220,220,100.0
k o n t e n ˈe ɾ,V;IND;PRS;2;PL,220,220,100.0
k o n t e n ˈe ɾ,V;IND;PRS;2;SG,220,220,100.0
k o n t e n ˈe ɾ,V;IND;PRS;3;PL,220,220,100.0
k o n t e n ˈe ɾ,V;IND;PRS;3;SG,220,220,100.0
k o n t e n ˈe ɾ,V;SBJV;PRS;1;PL,204,220,92.73
k o n t e n ˈe ɾ,V;SBJV;PRS;1;SG,220,220,100.0
k o n t e n ˈe ɾ,V;SBJV;PRS;2;PL,219,220,99.55
k o n t e n ˈe ɾ,V;SBJV;PRS;2;SG,220,220,100.0
k o n t e n ˈe ɾ,V;SBJV;PRS;3;PL,220,220,100.0
k o n t e n ˈe ɾ,V;SBJV;PRS;3;SG,220,220,100.0
k o n t ɾ a a s ˈe ɾ,V;IND;PRS;1;PL,60,660,9.09
k o n t ɾ a a s ˈe ɾ,V;IND;PRS;1;SG,71,660,10.76
k o n t ɾ a a s ˈe ɾ,V;IND;PRS;2;PL,72,660,10.91
k o n t ɾ a a s ˈe ɾ,V;IND;PRS;2;SG,82,660,12.42
k o n t ɾ a a s ˈe ɾ,V;IND;PRS;3;PL,84,660,12.73
k o n t ɾ a a s ˈe ɾ,V;IND;PRS;3;SG,59,660,8.94
k o n t ɾ a a s ˈe ɾ,V;SBJV;PRS;1;PL,62,660,9.39
k o n t ɾ a a s ˈe ɾ,V;SBJV;PRS;1;SG,68,660,10.3
k o n t ɾ a a s ˈe ɾ,V;SBJV;PRS;2;PL,59,660,8.94
k o n t ɾ a a s ˈe ɾ,V;SBJV;PRS;2;SG,71,660,10.76
k o n t ɾ a a s ˈe ɾ,V;SBJV;PRS;3;PL,83,660,12.58
k o n t ɾ a a s ˈe ɾ,V;SBJV;PRS;3;SG,66,660,10.0
k o n t ɾ a d e s ˈi ɾ,V;IND;PRS;1;PL,219,220,99.55
k o n t ɾ a d e s ˈi ɾ,V;IND;PRS;1;SG,145,220,65.91
k o n t ɾ a d e s ˈi ɾ,V;IND;PRS;2;PL,220,220,100.0
k o n t ɾ a d e s ˈi ɾ,V;IND;PRS;2;SG,146,220,66.36
k o n t ɾ a d e s ˈi ɾ,V;IND;PRS;3;PL,144,220,65.45
k o n t ɾ a d e s ˈi ɾ,V;IND;PRS;3;SG,148,220,67.27
k o n t ɾ a d e s ˈi ɾ,V;SBJV;PRS;1;PL,148,220,67.27
k o n t ɾ a d e s ˈi ɾ,V;SBJV;PRS;1;SG,153,220,69.55
k o n t ɾ a d e s ˈi ɾ,V;SBJV;PRS;2;PL,146,220,66.36
k o n t ɾ a d e s ˈi ɾ,V;SBJV;PRS;2;SG,148,220,67.27
k o n t ɾ a d e s ˈi ɾ,V;SBJV;PRS;3;PL,149,220,67.73
k o n t ɾ a d e s ˈi ɾ,V;SBJV;PRS;3;SG,149,220,67.73
k o n t ɾ a ˈe ɾ,V;IND;PRS;1;PL,220,220,100.0
k o n t ɾ a ˈe ɾ,V;IND;PRS;1;SG,220,220,100.0
k o n t ɾ a ˈe ɾ,V;IND;PRS;2;PL,220,220,100.0
k o n t ɾ a ˈe ɾ,V;IND;PRS;2;SG,220,220,100.0
k o n t ɾ a ˈe ɾ,V;IND;PRS;3;PL,220,220,100.0
k o n t ɾ a ˈe ɾ,V;IND;PRS;3;SG,220,220,100.0
k o n t ɾ a ˈe ɾ,V;SBJV;PRS;1;PL,220,220,100.0
k o n t ɾ a ˈe ɾ,V;SBJV;PRS;1;SG,220,220,100.0
k o n t ɾ a ˈe ɾ,V;SBJV;PRS;2;PL,220,220,100.0
k o n t ɾ a ˈe ɾ,V;SBJV;PRS;2;SG,220,220,100.0
k o n t ɾ a ˈe ɾ,V;SBJV;PRS;3;PL,220,220,100.0
k o n t ɾ a ˈe ɾ,V;SBJV;PRS;3;SG,220,220,100.0
k o p ɾ o d u s ˈi ɾ,V;IND;PRS;1;PL,596,660,90.3
k o p ɾ o d u s ˈi ɾ,V;IND;PRS;1;SG,658,660,99.7
k o p ɾ o d u s ˈi ɾ,V;IND;PRS;2;PL,590,660,89.39
k o p ɾ o d u s ˈi ɾ,V;IND;PRS;2;SG,619,660,93.79
k o p ɾ o d u s ˈi ɾ,V;IND;PRS;3;PL,642,660,97.27
k o p ɾ o d u s ˈi ɾ,V;IND;PRS;3;SG,624,660,94.55
k o p ɾ o d u s ˈi ɾ,V;SBJV;PRS;1;PL,631,660,95.61
k o p ɾ o d u s ˈi ɾ,V;SBJV;PRS;1;SG,659,660,99.85
k o p ɾ o d u s ˈi ɾ,V;SBJV;PRS;2;PL,635,660,96.21
k o p ɾ o d u s ˈi ɾ,V;SBJV;PRS;2;SG,659,660,99.85
k o p ɾ o d u s ˈi ɾ,V;SBJV;PRS;3;PL,660,660,100.0
k o p ɾ o d u s ˈi ɾ,V;SBJV;PRS;3;SG,659,660,99.85
k o r e ç ˈi ɾ,V;IND;PRS;1;PL,136,220,61.82
k o r e ç ˈi ɾ,V;IND;PRS;1;SG,144,220,65.45
k o r e ç ˈi ɾ,V;IND;PRS;2;PL,156,220,70.91
k o r e ç ˈi ɾ,V;IND;PRS;2;SG,147,220,66.82
k o r e ç ˈi ɾ,V;IND;PRS;3;PL,150,220,68.18
k o r e ç ˈi ɾ,V;IND;PRS;3;SG,146,220,66.36
k o r e ç ˈi ɾ,V;SBJV;PRS;1;PL,160,220,72.73
k o r e ç ˈi ɾ,V;SBJV;PRS;1;SG,151,220,68.64
k o r e ç ˈi ɾ,V;SBJV;PRS;2;PL,156,220,70.91
k o r e ç ˈi ɾ,V;SBJV;PRS;2;SG,150,220,68.18
k o r e ç ˈi ɾ,V;SBJV;PRS;3;PL,158,220,71.82
k o r e ç ˈi ɾ,V;SBJV;PRS;3;SG,153,220,69.55
k o ç ˈe ɾ,V;IND;PRS;1;PL,220,220,100.0
k o ç ˈe ɾ,V;IND;PRS;1;SG,220,220,100.0
k o ç ˈe ɾ,V;IND;PRS;2;PL,220,220,100.0
k o ç ˈe ɾ,V;IND;PRS;2;SG,220,220,100.0
k o ç ˈe ɾ,V;IND;PRS;3;PL,220,220,100.0
k o ç ˈe ɾ,V;IND;PRS;3;SG,220,220,100.0
k o ç ˈe ɾ,V;SBJV;PRS;1;PL,220,220,100.0
k o ç ˈe ɾ,V;SBJV;PRS;1;SG,220,220,100.0
k o ç ˈe ɾ,V;SBJV;PRS;2;PL,220,220,100.0
k o ç ˈe ɾ,V;SBJV;PRS;2;SG,220,220,100.0
k o ç ˈe ɾ,V;SBJV;PRS;3;PL,220,220,100.0
k o ç ˈe ɾ,V;SBJV;PRS;3;SG,220,220,100.0
l a n ɡ i d e s ˈe ɾ,V;IND;PRS;1;PL,279,440,63.41
l a n ɡ i d e s ˈe ɾ,V;IND;PRS;1;SG,341,440,77.5
l a n ɡ i d e s ˈe ɾ,V;IND;PRS;2;PL,313,440,71.14
l a n ɡ i d e s ˈe ɾ,V;IND;PRS;2;SG,367,440,83.41
l a n ɡ i d e s ˈe ɾ,V;IND;PRS;3;PL,375,440,85.23
l a n ɡ i d e s ˈe ɾ,V;IND;PRS;3;SG,380,440,86.36
l a n ɡ i d e s ˈe ɾ,V;SBJV;PRS;1;PL,301,440,68.41
l a n ɡ i d e s ˈe ɾ,V;SBJV;PRS;1;SG,344,440,78.18
l a n ɡ i d e s ˈe ɾ,V;SBJV;PRS;2;PL,301,440,68.41
l a n ɡ i d e s ˈe ɾ,V;SBJV;PRS;2;SG,352,440,80.0
l a n ɡ i d e s ˈe ɾ,V;SBJV;PRS;3;PL,357,440,81.14
l a n ɡ i d e s ˈe ɾ,V;SBJV;PRS;3;SG,349,440,79.32
l u s ˈi ɾ,V;IND;PRS;1;PL,220,220,100.0
l u s ˈi ɾ,V;IND;PRS;1;SG,214,220,97.27
l u s ˈi ɾ,V;IND;PRS;2;PL,220,220,100.0
l u s ˈi ɾ,V;IND;PRS;2;SG,220,220,100.0
l u s ˈi ɾ,V;IND;PRS;3;PL,220,220,100.0
l u s ˈi ɾ,V;IND;PRS;3;SG,220,220,100.0
l u s ˈi ɾ,V;SBJV;PRS;1;PL,204,220,92.73
l u s ˈi ɾ,V;SBJV;PRS;1;SG,214,220,97.27
l u s ˈi ɾ,V;SBJV;PRS;2;PL,201,220,91.36
l u s ˈi ɾ,V;SBJV;PRS;2;SG,208,220,94.55
l u s ˈi ɾ,V;SBJV;PRS;3;PL,213,220,96.82
l u s ˈi ɾ,V;SBJV;PRS;3;SG,215,220,97.73
m a l d e s ˈi ɾ,V;IND;PRS;1;PL,256,660,38.79
m a l d e s ˈi ɾ,V;IND;PRS;1;SG,382,660,57.88
m a l d e s ˈi ɾ,V;IND;PRS;2;PL,275,660,41.67
m a l d e s ˈi ɾ,V;IND;PRS;2;SG,457,660,69.24
m a l d e s ˈi ɾ,V;IND;PRS;3;PL,445,660,67.42
m a l d e s ˈi ɾ,V;IND;PRS;3;SG,441,660,66.82
m a l d e s ˈi ɾ,V;SBJV;PRS;1;PL,366,660,55.45
m a l d e s ˈi ɾ,V;SBJV;PRS;1;SG,384,660,58.18
m a l d e s ˈi ɾ,V;SBJV;PRS;2;PL,377,660,57.12
m a l d e s ˈi ɾ,V;SBJV;PRS;2;SG,387,660,58.64
m a l d e s ˈi ɾ,V;SBJV;PRS;3;PL,385,660,58.33
m a l d e s ˈi ɾ,V;SBJV;PRS;3;SG,387,660,58.64
m a n t e n ˈe ɾ,V;IND;PRS;1;PL,206,220,93.64
m a n t e n ˈe ɾ,V;IND;PRS;1;SG,202,220,91.82
m a n t e n ˈe ɾ,V;IND;PRS;2;PL,208,220,94.55
m a n t e n ˈe ɾ,V;IND;PRS;2;SG,117,220,53.18
m a n t e n ˈe ɾ,V;IND;PRS;3;PL,121,220,55.0
m a n t e n ˈe ɾ,V;IND;PRS;3;SG,115,220,52.27
m a n t e n ˈe ɾ,V;SBJV;PRS;1;PL,199,220,90.45
m a n t e n ˈe ɾ,V;SBJV;PRS;1;SG,201,220,91.36
m a n t e n ˈe ɾ,V;SBJV;PRS;2;PL,198,220,90.0
m a n t e n ˈe ɾ,V;SBJV;PRS;2;SG,202,220,91.82
m a n t e n ˈe ɾ,V;SBJV;PRS;3;PL,189,220,85.91
m a n t e n ˈe ɾ,V;SBJV;PRS;3;SG,203,220,92.27
m e ɾ e s ˈe ɾ,V;IND;PRS;1;PL,1,220,0.45
m e ɾ e s ˈe ɾ,V;IND;PRS;1;SG,72,220,32.73
m e ɾ e s ˈe ɾ,V;IND;PRS;2;PL,3,220,1.36
m e ɾ e s ˈe ɾ,V;IND;PRS;2;SG,36,220,16.36
m e ɾ e s ˈe ɾ,V;IND;PRS;3;PL,30,220,13.64
m e ɾ e s ˈe ɾ,V;IND;PRS;3;SG,20,220,9.09
m e ɾ e s ˈe ɾ,V;SBJV;PRS;1;PL,81,220,36.82
m e ɾ e s ˈe ɾ,V;SBJV;PRS;1;SG,77,220,35.0
m e ɾ e s ˈe ɾ,V;SBJV;PRS;2;PL,88,220,40.0
m e ɾ e s ˈe ɾ,V;SBJV;PRS;2;SG,79,220,35.91
m e ɾ e s ˈe ɾ,V;SBJV;PRS;3;PL,45,220,20.45
m e ɾ e s ˈe ɾ,V;SBJV;PRS;3;SG,62,220,28.18
m u l s ˈe ɾ,V;IND;PRS;1;PL,393,440,89.32
m u l s ˈe ɾ,V;IND;PRS;1;SG,407,440,92.5
m u l s ˈe ɾ,V;IND;PRS;2;PL,439,440,99.77
m u l s ˈe ɾ,V;IND;PRS;2;SG,439,440,99.77
m u l s ˈe ɾ,V;IND;PRS;3;PL,389,440,88.41
m u l s ˈe ɾ,V;IND;PRS;3;SG,391,440,88.86
m u l s ˈe ɾ,V;SBJV;PRS;1;PL,417,440,94.77
m u l s ˈe ɾ,V;SBJV;PRS;1;SG,425,440,96.59
m u l s ˈe ɾ,V;SBJV;PRS;2;PL,422,440,95.91
m u l s ˈe ɾ,V;SBJV;PRS;2;SG,438,440,99.55
m u l s ˈe ɾ,V;SBJV;PRS;3;PL,401,440,91.14
m u l s ˈe ɾ,V;SBJV;PRS;3;SG,418,440,95.0
m u l ç ˈe ɾ,V;IND;PRS;1;PL,361,660,54.7
m u l ç ˈe ɾ,V;IND;PRS;1;SG,492,660,74.55
m u l ç ˈe ɾ,V;IND;PRS;2;PL,370,660,56.06
m u l ç ˈe ɾ,V;IND;PRS;2;SG,368,660,55.76
m u l ç ˈe ɾ,V;IND;PRS;3;PL,382,660,57.88
m u l ç ˈe ɾ,V;IND;PRS;3;SG,399,660,60.45
m u l ç ˈe ɾ,V;SBJV;PRS;1;PL,475,660,71.97
m u l ç ˈe ɾ,V;SBJV;PRS;1;SG,504,660,76.36
m u l ç ˈe ɾ,V;SBJV;PRS;2;PL,475,660,71.97
m u l ç ˈe ɾ,V;SBJV;PRS;2;SG,464,660,70.3
m u l ç ˈe ɾ,V;SBJV;PRS;3;PL,454,660,68.79
m u l ç ˈe ɾ,V;SBJV;PRS;3;SG,483,660,73.18
n a s ˈe ɾ,V;IND;PRS;1;PL,220,220,100.0
n a s ˈe ɾ,V;IND;PRS;1;SG,190,220,86.36
n a s ˈe ɾ,V;IND;PRS;2;PL,220,220,100.0
n a s ˈe ɾ,V;IND;PRS;2;SG,220,220,100.0
n a s ˈe ɾ,V;IND;PRS;3;PL,219,220,99.55
n a s ˈe ɾ,V;IND;PRS;3;SG,219,220,99.55
n a s ˈe ɾ,V;SBJV;PRS;1;PL,209,220,95.0
n a s ˈe ɾ,V;SBJV;PRS;1;SG,197,220,89.55
n a s ˈe ɾ,V;SBJV;PRS;2;PL,209,220,95.0
n a s ˈe ɾ,V;SBJV;PRS;2;SG,202,220,91.82
n a s ˈe ɾ,V;SBJV;PRS;3;PL,202,220,91.82
n a s ˈe ɾ,V;SBJV;PRS;3;SG,197,220,89.55
o b s k u ɾ e s ˈe ɾ,V;IND;PRS;1;PL,200,220,90.91
o b s k u ɾ e s ˈe ɾ,V;IND;PRS;1;SG,213,220,96.82
o b s k u ɾ e s ˈe ɾ,V;IND;PRS;2;PL,207,220,94.09
o b s k u ɾ e s ˈe ɾ,V;IND;PRS;2;SG,215,220,97.73
o b s k u ɾ e s ˈe ɾ,V;IND;PRS;3;PL,218,220,99.09
o b s k u ɾ e s ˈe ɾ,V;IND;PRS;3;SG,210,220,95.45
o b s k u ɾ e s ˈe ɾ,V;SBJV;PRS;1;PL,220,220,100.0
o b s k u ɾ e s ˈe ɾ,V;SBJV;PRS;1;SG,220,220,100.0
o b s k u ɾ e s ˈe ɾ,V;SBJV;PRS;2;PL,220,220,100.0
o b s k u ɾ e s ˈe ɾ,V;SBJV;PRS;2;SG,220,220,100.0
o b s k u ɾ e s ˈe ɾ,V;SBJV;PRS;3;PL,220,220,100.0
o b s k u ɾ e s ˈe ɾ,V;SBJV;PRS;3;SG,220,220,100.0
o b t e n ˈe ɾ,V;IND;PRS;1;PL,207,660,31.36
o b t e n ˈe ɾ,V;IND;PRS;1;SG,289,660,43.79
o b t e n ˈe ɾ,V;IND;PRS;2;PL,195,660,29.55
o b t e n ˈe ɾ,V;IND;PRS;2;SG,198,660,30.0
o b t e n ˈe ɾ,V;IND;PRS;3;PL,178,660,26.97
o b t e n ˈe ɾ,V;IND;PRS;3;SG,168,660,25.45
o b t e n ˈe ɾ,V;SBJV;PRS;1;PL,289,660,43.79
o b t e n ˈe ɾ,V;SBJV;PRS;1;SG,287,660,43.48
o b t e n ˈe ɾ,V;SBJV;PRS;2;PL,290,660,43.94
o b t e n ˈe ɾ,V;SBJV;PRS;2;SG,285,660,43.18
o b t e n ˈe ɾ,V;SBJV;PRS;3;PL,296,660,44.85
o b t e n ˈe ɾ,V;SBJV;PRS;3;SG,288,660,43.64
o f ɾ e s ˈe ɾ,V;IND;PRS;1;PL,307,440,69.77
o f ɾ e s ˈe ɾ,V;IND;PRS;1;SG,323,440,73.41
o f ɾ e s ˈe ɾ,V;IND;PRS;2;PL,290,440,65.91
o f ɾ e s ˈe ɾ,V;IND;PRS;2;SG,262,440,59.55
o f ɾ e s ˈe ɾ,V;IND;PRS;3;PL,230,440,52.27
o f ɾ e s ˈe ɾ,V;IND;PRS;3;SG,254,440,57.73
o f ɾ e s ˈe ɾ,V;SBJV;PRS;1;PL,359,440,81.59
o f ɾ e s ˈe ɾ,V;SBJV;PRS;1;SG,361,440,82.05
o f ɾ e s ˈe ɾ,V;SBJV;PRS;2;PL,370,440,84.09
o f ɾ e s ˈe ɾ,V;SBJV;PRS;2;SG,340,440,77.27
o f ɾ e s ˈe ɾ,V;SBJV;PRS;3;PL,294,440,66.82
o f ɾ e s ˈe ɾ,V;SBJV;PRS;3;SG,356,440,80.91
o p o n ˈe ɾ,V;IND;PRS;1;PL,440,440,100.0
o p o n ˈe ɾ,V;IND;PRS;1;SG,440,440,100.0
o p o n ˈe ɾ,V;IND;PRS;2;PL,440,440,100.0
o p o n ˈe ɾ,V;IND;PRS;2;SG,440,440,100.0
o p o n ˈe ɾ,V;IND;PRS;3;PL,440,440,100.0
o p o n ˈe ɾ,V;IND;PRS;3;SG,440,440,100.0
o p o n ˈe ɾ,V;SBJV;PRS;1;PL,440,440,100.0
o p o n ˈe ɾ,V;SBJV;PRS;1;SG,440,440,100.0
o p o n ˈe ɾ,V;SBJV;PRS;2;PL,440,440,100.0
o p o n ˈe ɾ,V;SBJV;PRS;2;SG,440,440,100.0
o p o n ˈe ɾ,V;SBJV;PRS;3;PL,440,440,100.0
o p o n ˈe ɾ,V;SBJV;PRS;3;SG,440,440,100.0
o s k u ɾ e s ˈe ɾ,V;IND;PRS;1;PL,220,220,100.0
o s k u ɾ e s ˈe ɾ,V;IND;PRS;1;SG,220,220,100.0
o s k u ɾ e s ˈe ɾ,V;IND;PRS;2;PL,220,220,100.0
o s k u ɾ e s ˈe ɾ,V;IND;PRS;2;SG,220,220,100.0
o s k u ɾ e s ˈe ɾ,V;IND;PRS;3;PL,220,220,100.0
o s k u ɾ e s ˈe ɾ,V;IND;PRS;3;SG,220,220,100.0
o s k u ɾ e s ˈe ɾ,V;SBJV;PRS;1;PL,220,220,100.0
o s k u ɾ e s ˈe ɾ,V;SBJV;PRS;1;SG,220,220,100.0
o s k u ɾ e s ˈe ɾ,V;SBJV;PRS;2;PL,220,220,100.0
o s k u ɾ e s ˈe ɾ,V;SBJV;PRS;2;SG,220,220,100.0
o s k u ɾ e s ˈe ɾ,V;SBJV;PRS;3;PL,220,220,100.0
o s k u ɾ e s ˈe ɾ,V;SBJV;PRS;3;SG,220,220,100.0
p a d e s ˈe ɾ,V;IND;PRS;1;PL,384,440,87.27
p a d e s ˈe ɾ,V;IND;PRS;1;SG,396,440,90.0
p a d e s ˈe ɾ,V;IND;PRS;2;PL,388,440,88.18
p a d e s ˈe ɾ,V;IND;PRS;2;SG,405,440,92.05
p a d e s ˈe ɾ,V;IND;PRS;3;PL,406,440,92.27
p a d e s ˈe ɾ,V;IND;PRS;3;SG,399,440,90.68
p a d e s ˈe ɾ,V;SBJV;PRS;1;PL,440,440,100.0
p a d e s ˈe ɾ,V;SBJV;PRS;1;SG,440,440,100.0
p a d e s ˈe ɾ,V;SBJV;PRS;2;PL,440,440,100.0
p a d e s ˈe ɾ,V;SBJV;PRS;2;SG,440,440,100.0
p a d e s ˈe ɾ,V;SBJV;PRS;3;PL,433,440,98.41
p a d e s ˈe ɾ,V;SBJV;PRS;3;SG,440,440,100.0
p a l i d e s ˈe ɾ,V;IND;PRS;1;PL,527,660,79.85
p a l i d e s ˈe ɾ,V;IND;PRS;1;SG,542,660,82.12
p a l i d e s ˈe ɾ,V;IND;PRS;2;PL,537,660,81.36
p a l i d e s ˈe ɾ,V;IND;PRS;2;SG,485,660,73.48
p a l i d e s ˈe ɾ,V;IND;PRS;3;PL,536,660,81.21
p a l i d e s ˈe ɾ,V;IND;PRS;3;SG,518,660,78.48
p a l i d e s ˈe ɾ,V;SBJV;PRS;1;PL,499,660,75.61
p a l i d e s ˈe ɾ,V;SBJV;PRS;1;SG,561,660,85.0
p a l i d e s ˈe ɾ,V;SBJV;PRS;2;PL,536,660,81.21
p a l i d e s ˈe ɾ,V;SBJV;PRS;2;SG,558,660,84.55
p a l i d e s ˈe ɾ,V;SBJV;PRS;3;PL,542,660,82.12
p a l i d e s ˈe ɾ,V;SBJV;PRS;3;SG,540,660,81.82
p e ɾ m a n e s ˈe ɾ,V;IND;PRS;1;PL,315,440,71.59
p e ɾ m a n e s ˈe ɾ,V;IND;PRS;1;SG,326,440,74.09
p e ɾ m a n e s ˈe ɾ,V;IND;PRS;2;PL,316,440,71.82
p e ɾ m a n e s ˈe ɾ,V;IND;PRS;2;SG,324,440,73.64
p e ɾ m a n e s ˈe ɾ,V;IND;PRS;3;PL,326,440,74.09
p e ɾ m a n e s ˈe ɾ,V;IND;PRS;3;SG,326,440,74.09
p e ɾ m a n e s ˈe ɾ,V;SBJV;PRS;1;PL,330,440,75.0
p e ɾ m a n e s ˈe ɾ,V;SBJV;PRS;1;SG,330,440,75.0
p e ɾ m a n e s ˈe ɾ,V;SBJV;PRS;2;PL,330,440,75.0
p e ɾ m a n e s ˈe ɾ,V;SBJV;PRS;2;SG,330,440,75.0
p e ɾ m a n e s ˈe ɾ,V;SBJV;PRS;3;PL,330,440,75.0
p e ɾ m a n e s ˈe ɾ,V;SBJV;PRS;3;SG,329,440,74.77
p u n ç ˈi ɾ,V;IND;PRS;1;PL,220,220,100.0
p u n ç ˈi ɾ,V;IND;PRS;1;SG,220,220,100.0
p u n ç ˈi ɾ,V;IND;PRS;2;PL,220,220,100.0
p u n ç ˈi ɾ,V;IND;PRS;2;SG,220,220,100.0
p u n ç ˈi ɾ,V;IND;PRS;3;PL,220,220,100.0
p u n ç ˈi ɾ,V;IND;PRS;3;SG,220,220,100.0
p u n ç ˈi ɾ,V;SBJV;PRS;1;PL,220,220,100.0
p u n ç ˈi ɾ,V;SBJV;PRS;1;SG,220,220,100.0
p u n ç ˈi ɾ,V;SBJV;PRS;2;PL,220,220,100.0
p u n ç ˈi ɾ,V;SBJV;PRS;2;SG,220,220,100.0
p u n ç ˈi ɾ,V;SBJV;PRS;3;PL,220,220,100.0
p u n ç ˈi ɾ,V;SBJV;PRS;3;SG,220,220,100.0
p ɾ e b a l e s ˈe ɾ,V;IND;PRS;1;PL,114,220,51.82
p ɾ e b a l e s ˈe ɾ,V;IND;PRS;1;SG,214,220,97.27
p ɾ e b a l e s ˈe ɾ,V;IND;PRS;2;PL,147,220,66.82
p ɾ e b a l e s ˈe ɾ,V;IND;PRS;2;SG,132,220,60.0
p ɾ e b a l e s ˈe ɾ,V;IND;PRS;3;PL,143,220,65.0
p ɾ e b a l e s ˈe ɾ,V;IND;PRS;3;SG,134,220,60.91
p ɾ e b a l e s ˈe ɾ,V;SBJV;PRS;1;PL,220,220,100.0
p ɾ e b a l e s ˈe ɾ,V;SBJV;PRS;1;SG,220,220,100.0
p ɾ e b a l e s ˈe ɾ,V;SBJV;PRS;2;PL,220,220,100.0
p ɾ e b a l e s ˈe ɾ,V;SBJV;PRS;2;SG,217,220,98.64
p ɾ e b a l e s ˈe ɾ,V;SBJV;PRS;3;PL,220,220,100.0
p ɾ e b a l e s ˈe ɾ,V;SBJV;PRS;3;SG,214,220,97.27
p ɾ e b e n ˈi ɾ,V;IND;PRS;1;PL,220,220,100.0
p ɾ e b e n ˈi ɾ,V;IND;PRS;1;SG,220,220,100.0
p ɾ e b e n ˈi ɾ,V;IND;PRS;2;PL,220,220,100.0
p ɾ e b e n ˈi ɾ,V;IND;PRS;2;SG,220,220,100.0
p ɾ e b e n ˈi ɾ,V;IND;PRS;3;PL,220,220,100.0
p ɾ e b e n ˈi ɾ,V;IND;PRS;3;SG,220,220,100.0
p ɾ e b e n ˈi ɾ,V;SBJV;PRS;1;PL,220,220,100.0
p ɾ e b e n ˈi ɾ,V;SBJV;PRS;1;SG,220,220,100.0
p ɾ e b e n ˈi ɾ,V;SBJV;PRS;2;PL,220,220,100.0
p ɾ e b e n ˈi ɾ,V;SBJV;PRS;2;SG,220,220,100.0
p ɾ e b e n ˈi ɾ,V;SBJV;PRS;3;PL,220,220,100.0
p ɾ e b e n ˈi ɾ,V;SBJV;PRS;3;SG,220,220,100.0
p ɾ e d e s ˈi ɾ,V;IND;PRS;1;PL,220,220,100.0
p ɾ e d e s ˈi ɾ,V;IND;PRS;1;SG,220,220,100.0
p ɾ e d e s ˈi ɾ,V;IND;PRS;2;PL,220,220,100.0
p ɾ e d e s ˈi ɾ,V;IND;PRS;2;SG,220,220,100.0
p ɾ e d e s ˈi ɾ,V;IND;PRS;3;PL,220,220,100.0
p ɾ e d e s ˈi ɾ,V;IND;PRS;3;SG,220,220,100.0
p ɾ e d e s ˈi ɾ,V;SBJV;PRS;1;PL,220,220,100.0
p ɾ e d e s ˈi ɾ,V;SBJV;PRS;1;SG,220,220,100.0
p ɾ e d e s ˈi ɾ,V;SBJV;PRS;2;PL,220,220,100.0
p ɾ e d e s ˈi ɾ,V;SBJV;PRS;2;SG,220,220,100.0
p ɾ e d e s ˈi ɾ,V;SBJV;PRS;3;PL,220,220,100.0
p ɾ e d e s ˈi ɾ,V;SBJV;PRS;3;SG,220,220,100.0
p ɾ e e s t a b l e s ˈe ɾ,V;IND;PRS;1;PL,0,220,0.0
p ɾ e e s t a b l e s ˈe ɾ,V;IND;PRS;1;SG,0,220,0.0
p ɾ e e s t a b l e s ˈe ɾ,V;IND;PRS;2;PL,0,220,0.0
p ɾ e e s t a b l e s ˈe ɾ,V;IND;PRS;2;SG,0,220,0.0
p ɾ e e s t a b l e s ˈe ɾ,V;IND;PRS;3;PL,0,220,0.0
p ɾ e e s t a b l e s ˈe ɾ,V;IND;PRS;3;SG,0,220,0.0
p ɾ e e s t a b l e s ˈe ɾ,V;SBJV;PRS;1;PL,0,220,0.0
p ɾ e e s t a b l e s ˈe ɾ,V;SBJV;PRS;1;SG,0,220,0.0
p ɾ e e s t a b l e s ˈe ɾ,V;SBJV;PRS;2;PL,0,220,0.0
p ɾ e e s t a b l e s ˈe ɾ,V;SBJV;PRS;2;SG,0,220,0.0
p ɾ e e s t a b l e s ˈe ɾ,V;SBJV;PRS;3;PL,0,220,0.0
p ɾ e e s t a b l e s ˈe ɾ,V;SBJV;PRS;3;SG,0,220,0.0
p ɾ e s u p o n ˈe ɾ,V;IND;PRS;1;PL,146,220,66.36
p ɾ e s u p o n ˈe ɾ,V;IND;PRS;1;SG,171,220,77.73
p ɾ e s u p o n ˈe ɾ,V;IND;PRS;2;PL,168,220,76.36
p ɾ e s u p o n ˈe ɾ,V;IND;PRS;2;SG,175,220,79.55
p ɾ e s u p o n ˈe ɾ,V;IND;PRS;3;PL,166,220,75.45
p ɾ e s u p o n ˈe ɾ,V;IND;PRS;3;SG,171,220,77.73
p ɾ e s u p o n ˈe ɾ,V;SBJV;PRS;1;PL,208,220,94.55
p ɾ e s u p o n ˈe ɾ,V;SBJV;PRS;1;SG,211,220,95.91
p ɾ e s u p o n ˈe ɾ,V;SBJV;PRS;2;PL,206,220,93.64
p ɾ e s u p o n ˈe ɾ,V;SBJV;PRS;2;SG,212,220,96.36
p ɾ e s u p o n ˈe ɾ,V;SBJV;PRS;3;PL,198,220,90.0
p ɾ e s u p o n ˈe ɾ,V;SBJV;PRS;3;SG,215,220,97.73
p ɾ o b e n ˈi ɾ,V;IND;PRS;1;PL,220,220,100.0
p ɾ o b e n ˈi ɾ,V;IND;PRS;1;SG,220,220,100.0
p ɾ o b e n ˈi ɾ,V;IND;PRS;2;PL,220,220,100.0
p ɾ o b e n ˈi ɾ,V;IND;PRS;2;SG,220,220,100.0
p ɾ o b e n ˈi ɾ,V;IND;PRS;3;PL,220,220,100.0
p ɾ o b e n ˈi ɾ,V;IND;PRS;3;SG,220,220,100.0
p ɾ o b e n ˈi ɾ,V;SBJV;PRS;1;PL,220,220,100.0
p ɾ o b e n ˈi ɾ,V;SBJV;PRS;1;SG,220,220,100.0
p ɾ o b e n ˈi ɾ,V;SBJV;PRS;2;PL,220,220,100.0
p ɾ o b e n ˈi ɾ,V;SBJV;PRS;2;SG,220,220,100.0
p ɾ o b e n ˈi ɾ,V;SBJV;PRS;3;PL,220,220,100.0
p ɾ o b e n ˈi ɾ,V;SBJV;PRS;3;SG,220,220,100.0
p ɾ o d u s ˈi ɾ,V;IND;PRS;1;PL,178,220,80.91
p ɾ o d u s ˈi ɾ,V;IND;PRS;1;SG,208,220,94.55
p ɾ o d u s ˈi ɾ,V;IND;PRS;2;PL,178,220,80.91
p ɾ o d u s ˈi ɾ,V;IND;PRS;2;SG,194,220,88.18
p ɾ o d u s ˈi ɾ,V;IND;PRS;3;PL,198,220,90.0
p ɾ o d u s ˈi ɾ,V;IND;PRS;3;SG,183,220,83.18
p ɾ o d u s ˈi ɾ,V;SBJV;PRS;1;PL,208,220,94.55
p ɾ o d u s ˈi ɾ,V;SBJV;PRS;1;SG,220,220,100.0
p ɾ o d u s ˈi ɾ,V;SBJV;PRS;2;PL,190,220,86.36
p ɾ o d u s ˈi ɾ,V;SBJV;PRS;2;SG,220,220,100.0
p ɾ o d u s ˈi ɾ,V;SBJV;PRS;3;PL,216,220,98.18
p ɾ o d u s ˈi ɾ,V;SBJV;PRS;3;SG,220,220,100.0
p ɾ o p o n ˈe ɾ,V;IND;PRS;1;PL,220,220,100.0
p ɾ o p o n ˈe ɾ,V;IND;PRS;1;SG,220,220,100.0
p ɾ o p o n ˈe ɾ,V;IND;PRS;2;PL,220,220,100.0
p ɾ o p o n ˈe ɾ,V;IND;PRS;2;SG,220,220,100.0
p ɾ o p o n ˈe ɾ,V;IND;PRS;3;PL,220,220,100.0
p ɾ o p o n ˈe ɾ,V;IND;PRS;3;SG,220,220,100.0
p ɾ o p o n ˈe ɾ,V;SBJV;PRS;1;PL,220,220,100.0
p ɾ o p o n ˈe ɾ,V;SBJV;PRS;1;SG,220,220,100.0
p ɾ o p o n ˈe ɾ,V;SBJV;PRS;2;PL,220,220,100.0
p ɾ o p o n ˈe ɾ,V;SBJV;PRS;2;SG,220,220,100.0
p ɾ o p o n ˈe ɾ,V;SBJV;PRS;3;PL,220,220,100.0
p ɾ o p o n ˈe ɾ,V;SBJV;PRS;3;SG,220,220,100.0
s a l ˈi ɾ,V;IND;PRS;1;PL,217,220,98.64
s a l ˈi ɾ,V;IND;PRS;1;SG,220,220,100.0
s a l ˈi ɾ,V;IND;PRS;2;PL,214,220,97.27
s a l ˈi ɾ,V;IND;PRS;2;SG,217,220,98.64
s a l ˈi ɾ,V;IND;PRS;3;PL,218,220,99.09
s a l ˈi ɾ,V;IND;PRS;3;SG,218,220,99.09
s a l ˈi ɾ,V;SBJV;PRS;1;PL,219,220,99.55
s a l ˈi ɾ,V;SBJV;PRS;1;SG,220,220,100.0
s a l ˈi ɾ,V;SBJV;PRS;2;PL,219,220,99.55
s a l ˈi ɾ,V;SBJV;PRS;2;SG,220,220,100.0
s a l ˈi ɾ,V;SBJV;PRS;3;PL,220,220,100.0
s a l ˈi ɾ,V;SBJV;PRS;3;SG,220,220,100.0
s i ɾ k u n b e n ˈi ɾ,V;IND;PRS;1;PL,344,440,78.18
s i ɾ k u n b e n ˈi ɾ,V;IND;PRS;1;SG,371,440,84.32
s i ɾ k u n b e n ˈi ɾ,V;IND;PRS;2;PL,338,440,76.82
s i ɾ k u n b e n ˈi ɾ,V;IND;PRS;2;SG,380,440,86.36
s i ɾ k u n b e n ˈi ɾ,V;IND;PRS;3;PL,361,440,82.05
s i ɾ k u n b e n ˈi ɾ,V;IND;PRS;3;SG,375,440,85.23
s i ɾ k u n b e n ˈi ɾ,V;SBJV;PRS;1;PL,351,440,79.77
s i ɾ k u n b e n ˈi ɾ,V;SBJV;PRS;1;SG,388,440,88.18
s i ɾ k u n b e n ˈi ɾ,V;SBJV;PRS;2;PL,352,440,80.0
s i ɾ k u n b e n ˈi ɾ,V;SBJV;PRS;2;SG,388,440,88.18
s i ɾ k u n b e n ˈi ɾ,V;SBJV;PRS;3;PL,373,440,84.77
s i ɾ k u n b e n ˈi ɾ,V;SBJV;PRS;3;SG,390,440,88.64
s o b ɾ e k o ç ˈe ɾ,V;IND;PRS;1;PL,398,440,90.45
s o b ɾ e k o ç ˈe ɾ,V;IND;PRS;1;SG,362,440,82.27
s o b ɾ e k o ç ˈe ɾ,V;IND;PRS;2;PL,390,440,88.64
s o b ɾ e k o ç ˈe ɾ,V;IND;PRS;2;SG,378,440,85.91
s o b ɾ e k o ç ˈe ɾ,V;IND;PRS;3;PL,362,440,82.27
s o b ɾ e k o ç ˈe ɾ,V;IND;PRS;3;SG,348,440,79.09
s o b ɾ e k o ç ˈe ɾ,V;SBJV;PRS;1;PL,397,440,90.23
s o b ɾ e k o ç ˈe ɾ,V;SBJV;PRS;1;SG,396,440,90.0
s o b ɾ e k o ç ˈe ɾ,V;SBJV;PRS;2;PL,390,440,88.64
s o b ɾ e k o ç ˈe ɾ,V;SBJV;PRS;2;SG,386,440,87.73
s o b ɾ e k o ç ˈe ɾ,V;SBJV;PRS;3;PL,380,440,86.36
s o b ɾ e k o ç ˈe ɾ,V;SBJV;PRS;3;SG,370,440,84.09
s o b ɾ e s a l ˈi ɾ,V;IND;PRS;1;PL,0,220,0.0
s o b ɾ e s a l ˈi ɾ,V;IND;PRS;1;SG,0,220,0.0
s o b ɾ e s a l ˈi ɾ,V;IND;PRS;2;PL,0,220,0.0
s o b ɾ e s a l ˈi ɾ,V;IND;PRS;2;SG,0,220,0.0
s o b ɾ e s a l ˈi ɾ,V;IND;PRS;3;PL,0,220,0.0
s o b ɾ e s a l ˈi ɾ,V;IND;PRS;3;SG,3,220,1.36
s o b ɾ e s a l ˈi ɾ,V;SBJV;PRS;1;PL,0,220,0.0
s o b ɾ e s a l ˈi ɾ,V;SBJV;PRS;1;SG,3,220,1.36
s o b ɾ e s a l ˈi ɾ,V;SBJV;PRS;2;PL,3,220,1.36
s o b ɾ e s a l ˈi ɾ,V;SBJV;PRS;2;SG,6,220,2.73
s o b ɾ e s a l ˈi ɾ,V;SBJV;PRS;3;PL,6,220,2.73
s o b ɾ e s a l ˈi ɾ,V;SBJV;PRS;3;SG,3,220,1.36
s o s t e n ˈe ɾ,V;IND;PRS;1;PL,220,220,100.0
s o s t e n ˈe ɾ,V;IND;PRS;1;SG,220,220,100.0
s o s t e n ˈe ɾ,V;IND;PRS;2;PL,220,220,100.0
s o s t e n ˈe ɾ,V;IND;PRS;2;SG,177,220,80.45
s o s t e n ˈe ɾ,V;IND;PRS;3;PL,184,220,83.64
s o s t e n ˈe ɾ,V;IND;PRS;3;SG,208,220,94.55
s o s t e n ˈe ɾ,V;SBJV;PRS;1;PL,220,220,100.0
s o s t e n ˈe ɾ,V;SBJV;PRS;1;SG,220,220,100.0
s o s t e n ˈe ɾ,V;SBJV;PRS;2;PL,220,220,100.0
s o s t e n ˈe ɾ,V;SBJV;PRS;2;SG,220,220,100.0
s o s t e n ˈe ɾ,V;SBJV;PRS;3;PL,220,220,100.0
s o s t e n ˈe ɾ,V;SBJV;PRS;3;SG,220,220,100.0
s u b s t ɾ a ˈe ɾ,V;IND;PRS;1;PL,424,440,96.36
s u b s t ɾ a ˈe ɾ,V;IND;PRS;1;SG,428,440,97.27
s u b s t ɾ a ˈe ɾ,V;IND;PRS;2;PL,425,440,96.59
s u b s t ɾ a ˈe ɾ,V;IND;PRS;2;SG,433,440,98.41
s u b s t ɾ a ˈe ɾ,V;IND;PRS;3;PL,432,440,98.18
s u b s t ɾ a ˈe ɾ,V;IND;PRS;3;SG,433,440,98.41
s u b s t ɾ a ˈe ɾ,V;SBJV;PRS;1;PL,416,440,94.55
s u b s t ɾ a ˈe ɾ,V;SBJV;PRS;1;SG,426,440,96.82
s u b s t ɾ a ˈe ɾ,V;SBJV;PRS;2;PL,422,440,95.91
s u b s t ɾ a ˈe ɾ,V;SBJV;PRS;2;SG,430,440,97.73
s u b s t ɾ a ˈe ɾ,V;SBJV;PRS;3;PL,429,440,97.5
s u b s t ɾ a ˈe ɾ,V;SBJV;PRS;3;SG,429,440,97.5
s u b ʃ a s ˈe ɾ,V;IND;PRS;1;PL,129,220,58.64
s u b ʃ a s ˈe ɾ,V;IND;PRS;1;SG,131,220,59.55
s u b ʃ a s ˈe ɾ,V;IND;PRS;2;PL,129,220,58.64
s u b ʃ a s ˈe ɾ,V;IND;PRS;2;SG,111,220,50.45
s u b ʃ a s ˈe ɾ,V;IND;PRS;3;PL,126,220,57.27
s u b ʃ a s ˈe ɾ,V;IND;PRS;3;SG,131,220,59.55
s u b ʃ a s ˈe ɾ,V;SBJV;PRS;1;PL,107,220,48.64
s u b ʃ a s ˈe ɾ,V;SBJV;PRS;1;SG,122,220,55.45
s u b ʃ a s ˈe ɾ,V;SBJV;PRS;2;PL,109,220,49.55
s u b ʃ a s ˈe ɾ,V;SBJV;PRS;2;SG,120,220,54.55
s u b ʃ a s ˈe ɾ,V;SBJV;PRS;3;PL,117,220,53.18
s u b ʃ a s ˈe ɾ,V;SBJV;PRS;3;SG,126,220,57.27
s u p e ɾ b e n ˈi ɾ,V;IND;PRS;1;PL,85,220,38.64
s u p e ɾ b e n ˈi ɾ,V;IND;PRS;1;SG,149,220,67.73
s u p e ɾ b e n ˈi ɾ,V;IND;PRS;2;PL,81,220,36.82
s u p e ɾ b e n ˈi ɾ,V;IND;PRS;2;SG,4,220,1.82
s u p e ɾ b e n ˈi ɾ,V;IND;PRS;3;PL,4,220,1.82
s u p e ɾ b e n ˈi ɾ,V;IND;PRS;3;SG,4,220,1.82
s u p e ɾ b e n ˈi ɾ,V;SBJV;PRS;1;PL,88,220,40.0
s u p e ɾ b e n ˈi ɾ,V;SBJV;PRS;1;SG,154,220,70.0
s u p e ɾ b e n ˈi ɾ,V;SBJV;PRS;2;PL,89,220,40.45
s u p e ɾ b e n ˈi ɾ,V;SBJV;PRS;2;SG,150,220,68.18
s u p e ɾ b e n ˈi ɾ,V;SBJV;PRS;3;PL,146,220,66.36
s u p e ɾ b e n ˈi ɾ,V;SBJV;PRS;3;SG,169,220,76.82
s u p o n ˈe ɾ,V;IND;PRS;1;PL,217,220,98.64
s u p o n ˈe ɾ,V;IND;PRS;1;SG,220,220,100.0
s u p o n ˈe ɾ,V;IND;PRS;2;PL,217,220,98.64
s u p o n ˈe ɾ,V;IND;PRS;2;SG,220,220,100.0
s u p o n ˈe ɾ,V;IND;PRS;3;PL,220,220,100.0
s u p o n ˈe ɾ,V;IND;PRS;3;SG,220,220,100.0
s u p o n ˈe ɾ,V;SBJV;PRS;1;PL,219,220,99.55
s u p o n ˈe ɾ,V;SBJV;PRS;1;SG,219,220,99.55
s u p o n ˈe ɾ,V;SBJV;PRS;2;PL,219,220,99.55
s u p o n ˈe ɾ,V;SBJV;PRS;2;SG,220,220,100.0
s u p o n ˈe ɾ,V;SBJV;PRS;3;PL,220,220,100.0
s u p o n ˈe ɾ,V;SBJV;PRS;3;SG,220,220,100.0
s u ɾ s ˈi ɾ,V;IND;PRS;1;PL,440,440,100.0
s u ɾ s ˈi ɾ,V;IND;PRS;1;SG,411,440,93.41
s u ɾ s ˈi ɾ,V;IND;PRS;2;PL,438,440,99.55
s u ɾ s ˈi ɾ,V;IND;PRS;2;SG,440,440,100.0
s u ɾ s ˈi ɾ,V;IND;PRS;3;PL,424,440,96.36
s u ɾ s ˈi ɾ,V;IND;PRS;3;SG,428,440,97.27
s u ɾ s ˈi ɾ,V;SBJV;PRS;1;PL,354,440,80.45
s u ɾ s ˈi ɾ,V;SBJV;PRS;1;SG,408,440,92.73
s u ɾ s ˈi ɾ,V;SBJV;PRS;2;PL,341,440,77.5
s u ɾ s ˈi ɾ,V;SBJV;PRS;2;SG,436,440,99.09
s u ɾ s ˈi ɾ,V;SBJV;PRS;3;PL,419,440,95.23
s u ɾ s ˈi ɾ,V;SBJV;PRS;3;SG,424,440,96.36
t ɾ a n s i ç ˈi ɾ,V;IND;PRS;1;PL,58,220,26.36
t ɾ a n s i ç ˈi ɾ,V;IND;PRS;1;SG,151,220,68.64
t ɾ a n s i ç ˈi ɾ,V;IND;PRS;2;PL,52,220,23.64
t ɾ a n s i ç ˈi ɾ,V;IND;PRS;2;SG,185,220,84.09
t ɾ a n s i ç ˈi ɾ,V;IND;PRS;3;PL,211,220,95.91
t ɾ a n s i ç ˈi ɾ,V;IND;PRS;3;SG,209,220,95.0
t ɾ a n s i ç ˈi ɾ,V;SBJV;PRS;1;PL,79,220,35.91
t ɾ a n s i ç ˈi ɾ,V;SBJV;PRS;1;SG,156,220,70.91
t ɾ a n s i ç ˈi ɾ,V;SBJV;PRS;2;PL,84,220,38.18
t ɾ a n s i ç ˈi ɾ,V;SBJV;PRS;2;SG,153,220,69.55
t ɾ a n s i ç ˈi ɾ,V;SBJV;PRS;3;PL,156,220,70.91
t ɾ a n s i ç ˈi ɾ,V;SBJV;PRS;3;SG,155,220,70.45
t ɾ a s p o n ˈe ɾ,V;IND;PRS;1;PL,429,440,97.5
t ɾ a s p o n ˈe ɾ,V;IND;PRS;1;SG,430,440,97.73
t ɾ a s p o n ˈe ɾ,V;IND;PRS;2;PL,430,440,97.73
t ɾ a s p o n ˈe ɾ,V;IND;PRS;2;SG,430,440,97.73
t ɾ a s p o n ˈe ɾ,V;IND;PRS;3;PL,431,440,97.95
t ɾ a s p o n ˈe ɾ,V;IND;PRS;3;SG,439,440,99.77
t ɾ a s p o n ˈe ɾ,V;SBJV;PRS;1;PL,431,440,97.95
t ɾ a s p o n ˈe ɾ,V;SBJV;PRS;1;SG,429,440,97.5
t ɾ a s p o n ˈe ɾ,V;SBJV;PRS;2;PL,431,440,97.95
t ɾ a s p o n ˈe ɾ,V;SBJV;PRS;2;SG,427,440,97.05
t ɾ a s p o n ˈe ɾ,V;SBJV;PRS;3;PL,430,440,97.73
t ɾ a s p o n ˈe ɾ,V;SBJV;PRS;3;SG,430,440,97.73
t ɾ a ˈe ɾ,V;IND;PRS;1;PL,306,440,69.55
t ɾ a ˈe ɾ,V;IND;PRS;1;SG,327,440,74.32
t ɾ a ˈe ɾ,V;IND;PRS;2;PL,304,440,69.09
t ɾ a ˈe ɾ,V;IND;PRS;2;SG,299,440,67.95
t ɾ a ˈe ɾ,V;IND;PRS;3;PL,324,440,73.64
t ɾ a ˈe ɾ,V;IND;PRS;3;SG,338,440,76.82
t ɾ a ˈe ɾ,V;SBJV;PRS;1;PL,352,440,80.0
t ɾ a ˈe ɾ,V;SBJV;PRS;1;SG,338,440,76.82
t ɾ a ˈe ɾ,V;SBJV;PRS;2;PL,343,440,77.95
t ɾ a ˈe ɾ,V;SBJV;PRS;2;SG,352,440,80.0
t ɾ a ˈe ɾ,V;SBJV;PRS;3;PL,362,440,82.27
t ɾ a ˈe ɾ,V;SBJV;PRS;3;SG,322,440,73.18
u n s ˈi ɾ,V;IND;PRS;1;PL,394,440,89.55
u n s ˈi ɾ,V;IND;PRS;1;SG,337,440,76.59
u n s ˈi ɾ,V;IND;PRS;2;PL,396,440,90.0
u n s ˈi ɾ,V;IND;PRS;2;SG,412,440,93.64
u n s ˈi ɾ,V;IND;PRS;3;PL,384,440,87.27
u n s ˈi ɾ,V;IND;PRS;3;SG,391,440,88.86
u n s ˈi ɾ,V;SBJV;PRS;1;PL,350,440,79.55
u n s ˈi ɾ,V;SBJV;PRS;1;SG,326,440,74.09
u n s ˈi ɾ,V;SBJV;PRS;2;PL,350,440,79.55
u n s ˈi ɾ,V;SBJV;PRS;2;SG,356,440,80.91
u n s ˈi ɾ,V;SBJV;PRS;3;PL,336,440,76.36
u n s ˈi ɾ,V;SBJV;PRS;3;SG,338,440,76.82
u n ç ˈi ɾ,V;IND;PRS;1;PL,192,220,87.27
u n ç ˈi ɾ,V;IND;PRS;1;SG,193,220,87.73
u n ç ˈi ɾ,V;IND;PRS;2;PL,192,220,87.27
u n ç ˈi ɾ,V;IND;PRS;2;SG,200,220,90.91
u n ç ˈi ɾ,V;IND;PRS;3;PL,201,220,91.36
u n ç ˈi ɾ,V;IND;PRS;3;SG,210,220,95.45
u n ç ˈi ɾ,V;SBJV;PRS;1;PL,190,220,86.36
u n ç ˈi ɾ,V;SBJV;PRS;1;SG,186,220,84.55
u n ç ˈi ɾ,V;SBJV;PRS;2;PL,184,220,83.64
u n ç ˈi ɾ,V;SBJV;PRS;2;SG,186,220,84.55
u n ç ˈi ɾ,V;SBJV;PRS;3;PL,188,220,85.45
u n ç ˈi ɾ,V;SBJV;PRS;3;SG,190,220,86.36
u ɾ ç ˈi ɾ,V;IND;PRS;1;PL,398,440,90.45
u ɾ ç ˈi ɾ,V;IND;PRS;1;SG,377,440,85.68
u ɾ ç ˈi ɾ,V;IND;PRS;2;PL,400,440,90.91
u ɾ ç ˈi ɾ,V;IND;PRS;2;SG,367,440,83.41
u ɾ ç ˈi ɾ,V;IND;PRS;3;PL,373,440,84.77
u ɾ ç ˈi ɾ,V;IND;PRS;3;SG,376,440,85.45
u ɾ ç ˈi ɾ,V;SBJV;PRS;1;PL,394,440,89.55
u ɾ ç ˈi ɾ,V;SBJV;PRS;1;SG,377,440,85.68
u ɾ ç ˈi ɾ,V;SBJV;PRS;2;PL,398,440,90.45
u ɾ ç ˈi ɾ,V;SBJV;PRS;2;SG,374,440,85.0
u ɾ ç ˈi ɾ,V;SBJV;PRS;3;PL,393,440,89.32
u ɾ ç ˈi ɾ,V;SBJV;PRS;3;SG,386,440,87.73
x a k ˈi ɾ,V;IND;PRS;1;PL,33,220,15.0
x a k ˈi ɾ,V;IND;PRS;1;SG,112,220,50.91
x a k ˈi ɾ,V;IND;PRS;2;PL,27,220,12.27
x a k ˈi ɾ,V;IND;PRS;2;SG,34,220,15.45
x a k ˈi ɾ,V;IND;PRS;3;PL,31,220,14.09
x a k ˈi ɾ,V;IND;PRS;3;SG,45,220,20.45
x a k ˈi ɾ,V;SBJV;PRS;1;PL,117,220,53.18
x a k ˈi ɾ,V;SBJV;PRS;1;SG,114,220,51.82
x a k ˈi ɾ,V;SBJV;PRS;2;PL,113,220,51.36
x a k ˈi ɾ,V;SBJV;PRS;2;SG,111,220,50.45
x a k ˈi ɾ,V;SBJV;PRS;3;PL,120,220,54.55
x a k ˈi ɾ,V;SBJV;PRS;3;SG,118,220,53.64
ɡ w a ɾ e s ˈe ɾ,V;IND;PRS;1;PL,424,660,64.24
ɡ w a ɾ e s ˈe ɾ,V;IND;PRS;1;SG,422,660,63.94
ɡ w a ɾ e s ˈe ɾ,V;IND;PRS;2;PL,418,660,63.33
ɡ w a ɾ e s ˈe ɾ,V;IND;PRS;2;SG,423,660,64.09
ɡ w a ɾ e s ˈe ɾ,V;IND;PRS;3;PL,438,660,66.36
ɡ w a ɾ e s ˈe ɾ,V;IND;PRS;3;SG,431,660,65.3
ɡ w a ɾ e s ˈe ɾ,V;SBJV;PRS;1;PL,395,660,59.85
ɡ w a ɾ e s ˈe ɾ,V;SBJV;PRS;1;SG,426,660,64.55
ɡ w a ɾ e s ˈe ɾ,V;SBJV;PRS;2;PL,390,660,59.09
ɡ w a ɾ e s ˈe ɾ,V;SBJV;PRS;2;SG,430,660,65.15
ɡ w a ɾ e s ˈe ɾ,V;SBJV;PRS;3;PL,430,660,65.15
ɡ w a ɾ e s ˈe ɾ,V;SBJV;PRS;3;SG,425,660,64.39
ɡ w a ɾ n e s ˈe ɾ,V;IND;PRS;1;PL,0,220,0.0
ɡ w a ɾ n e s ˈe ɾ,V;IND;PRS;1;SG,0,220,0.0
ɡ w a ɾ n e s ˈe ɾ,V;IND;PRS;2;PL,0,220,0.0
ɡ w a ɾ n e s ˈe ɾ,V;IND;PRS;2;SG,0,220,0.0
ɡ w a ɾ n e s ˈe ɾ,V;IND;PRS;3;PL,0,220,0.0
ɡ w a ɾ n e s ˈe ɾ,V;IND;PRS;3;SG,0,220,0.0
ɡ w a ɾ n e s ˈe ɾ,V;SBJV;PRS;1;PL,0,220,0.0
ɡ w a ɾ n e s ˈe ɾ,V;SBJV;PRS;1;SG,0,220,0.0
ɡ w a ɾ n e s ˈe ɾ,V;SBJV;PRS;2;PL,0,220,0.0
ɡ w a ɾ n e s ˈe ɾ,V;SBJV;PRS;2;SG,0,220,0.0
ɡ w a ɾ n e s ˈe ɾ,V;SBJV;PRS;3;PL,0,220,0.0
ɡ w a ɾ n e s ˈe ɾ,V;SBJV;PRS;3;SG,0,220,0.0
ɾ e a b a s t e s ˈe ɾ,V;IND;PRS;1;PL,49,220,22.27
ɾ e a b a s t e s ˈe ɾ,V;IND;PRS;1;SG,44,220,20.0
ɾ e a b a s t e s ˈe ɾ,V;IND;PRS;2;PL,62,220,28.18
ɾ e a b a s t e s ˈe ɾ,V;IND;PRS;2;SG,109,220,49.55
ɾ e a b a s t e s ˈe ɾ,V;IND;PRS;3;PL,88,220,40.0
ɾ e a b a s t e s ˈe ɾ,V;IND;PRS;3;SG,127,220,57.73
ɾ e a b a s t e s ˈe ɾ,V;SBJV;PRS;1;PL,2,220,0.91
ɾ e a b a s t e s ˈe ɾ,V;SBJV;PRS;1;SG,8,220,3.64
ɾ e a b a s t e s ˈe ɾ,V;SBJV;PRS;2;PL,1,220,0.45
ɾ e a b a s t e s ˈe ɾ,V;SBJV;PRS;2;SG,10,220,4.55
ɾ e a b a s t e s ˈe ɾ,V;SBJV;PRS;3;PL,2,220,0.91
ɾ e a b a s t e s ˈe ɾ,V;SBJV;PRS;3;SG,3,220,1.36
ɾ e a p a ɾ e s ˈe ɾ,V;IND;PRS;1;PL,282,440,64.09
ɾ e a p a ɾ e s ˈe ɾ,V;IND;PRS;1;SG,365,440,82.95
ɾ e a p a ɾ e s ˈe ɾ,V;IND;PRS;2;PL,311,440,70.68
ɾ e a p a ɾ e s ˈe ɾ,V;IND;PRS;2;SG,302,440,68.64
ɾ e a p a ɾ e s ˈe ɾ,V;IND;PRS;3;PL,322,440,73.18
ɾ e a p a ɾ e s ˈe ɾ,V;IND;PRS;3;SG,307,440,69.77
ɾ e a p a ɾ e s ˈe ɾ,V;SBJV;PRS;1;PL,377,440,85.68
ɾ e a p a ɾ e s ˈe ɾ,V;SBJV;PRS;1;SG,369,440,83.86
ɾ e a p a ɾ e s ˈe ɾ,V;SBJV;PRS;2;PL,378,440,85.91
ɾ e a p a ɾ e s ˈe ɾ,V;SBJV;PRS;2;SG,382,440,86.82
ɾ e a p a ɾ e s ˈe ɾ,V;SBJV;PRS;3;PL,379,440,86.14
ɾ e a p a ɾ e s ˈe ɾ,V;SBJV;PRS;3;SG,364,440,82.73
ɾ e a s ˈe ɾ,V;IND;PRS;1;PL,124,220,56.36
ɾ e a s ˈe ɾ,V;IND;PRS;1;SG,185,220,84.09
ɾ e a s ˈe ɾ,V;IND;PRS;2;PL,137,220,62.27
ɾ e a s ˈe ɾ,V;IND;PRS;2;SG,182,220,82.73
ɾ e a s ˈe ɾ,V;IND;PRS;3;PL,190,220,86.36
ɾ e a s ˈe ɾ,V;IND;PRS;3;SG,169,220,76.82
ɾ e a s ˈe ɾ,V;SBJV;PRS;1;PL,133,220,60.45
ɾ e a s ˈe ɾ,V;SBJV;PRS;1;SG,193,220,87.73
ɾ e a s ˈe ɾ,V;SBJV;PRS;2;PL,130,220,59.09
ɾ e a s ˈe ɾ,V;SBJV;PRS;2;SG,180,220,81.82
ɾ e a s ˈe ɾ,V;SBJV;PRS;3;PL,184,220,83.64
ɾ e a s ˈe ɾ,V;SBJV;PRS;3;SG,184,220,83.64
ɾ e b e n ˈi ɾ,V;IND;PRS;1;PL,293,440,66.59
ɾ e b e n ˈi ɾ,V;IND;PRS;1;SG,415,440,94.32
ɾ e b e n ˈi ɾ,V;IND;PRS;2;PL,364,440,82.73
ɾ e b e n ˈi ɾ,V;IND;PRS;2;SG,277,440,62.95
ɾ e b e n ˈi ɾ,V;IND;PRS;3;PL,277,440,62.95
ɾ e b e n ˈi ɾ,V;IND;PRS;3;SG,277,440,62.95
ɾ e b e n ˈi ɾ,V;SBJV;PRS;1;PL,413,440,93.86
ɾ e b e n ˈi ɾ,V;SBJV;PRS;1;SG,434,440,98.64
ɾ e b e n ˈi ɾ,V;SBJV;PRS;2;PL,410,440,93.18
ɾ e b e n ˈi ɾ,V;SBJV;PRS;2;SG,434,440,98.64
ɾ e b e n ˈi ɾ,V;SBJV;PRS;3;PL,428,440,97.27
ɾ e b e n ˈi ɾ,V;SBJV;PRS;3;SG,435,440,98.86
ɾ e b e ɾ d e s ˈe ɾ,V;IND;PRS;1;PL,220,220,100.0
ɾ e b e ɾ d e s ˈe ɾ,V;IND;PRS;1;SG,220,220,100.0
ɾ e b e ɾ d e s ˈe ɾ,V;IND;PRS;2;PL,220,220,100.0
ɾ e b e ɾ d e s ˈe ɾ,V;IND;PRS;2;SG,220,220,100.0
ɾ e b e ɾ d e s ˈe ɾ,V;IND;PRS;3;PL,220,220,100.0
ɾ e b e ɾ d e s ˈe ɾ,V;IND;PRS;3;SG,220,220,100.0
ɾ e b e ɾ d e s ˈe ɾ,V;SBJV;PRS;1;PL,220,220,100.0
ɾ e b e ɾ d e s ˈe ɾ,V;SBJV;PRS;1;SG,220,220,100.0
ɾ e b e ɾ d e s ˈe ɾ,V;SBJV;PRS;2;PL,220,220,100.0
ɾ e b e ɾ d e s ˈe ɾ,V;SBJV;PRS;2;SG,220,220,100.0
ɾ e b e ɾ d e s ˈe ɾ,V;SBJV;PRS;3;PL,220,220,100.0
ɾ e b e ɾ d e s ˈe ɾ,V;SBJV;PRS;3;SG,220,220,100.0
ɾ e b l a n d e s ˈe ɾ,V;IND;PRS;1;PL,55,220,25.0
ɾ e b l a n d e s ˈe ɾ,V;IND;PRS;1;SG,109,220,49.55
ɾ e b l a n d e s ˈe ɾ,V;IND;PRS;2;PL,60,220,27.27
ɾ e b l a n d e s ˈe ɾ,V;IND;PRS;2;SG,58,220,26.36
ɾ e b l a n d e s ˈe ɾ,V;IND;PRS;3;PL,60,220,27.27
ɾ e b l a n d e s ˈe ɾ,V;IND;PRS;3;SG,57,220,25.91
ɾ e b l a n d e s ˈe ɾ,V;SBJV;PRS;1;PL,91,220,41.36
ɾ e b l a n d e s ˈe ɾ,V;SBJV;PRS;1;SG,109,220,49.55
ɾ e b l a n d e s ˈe ɾ,V;SBJV;PRS;2;PL,97,220,44.09
ɾ e b l a n d e s ˈe ɾ,V;SBJV;PRS;2;SG,108,220,49.09
ɾ e b l a n d e s ˈe ɾ,V;SBJV;PRS;3;PL,102,220,46.36
ɾ e b l a n d e s ˈe ɾ,V;SBJV;PRS;3;SG,104,220,47.27
ɾ e d e s ˈi ɾ,V;IND;PRS;1;PL,605,880,68.75
ɾ e d e s ˈi ɾ,V;IND;PRS;1;SG,713,880,81.02
ɾ e d e s ˈi ɾ,V;IND;PRS;2;PL,600,880,68.18
ɾ e d e s ˈi ɾ,V;IND;PRS;2;SG,796,880,90.45
ɾ e d e s ˈi ɾ,V;IND;PRS;3;PL,795,880,90.34
ɾ e d e s ˈi ɾ,V;IND;PRS;3;SG,796,880,90.45
ɾ e d e s ˈi ɾ,V;SBJV;PRS;1;PL,741,880,84.2
ɾ e d e s ˈi ɾ,V;SBJV;PRS;1;SG,762,880,86.59
ɾ e d e s ˈi ɾ,V;SBJV;PRS;2;PL,753,880,85.57
ɾ e d e s ˈi ɾ,V;SBJV;PRS;2;SG,769,880,87.39
ɾ e d e s ˈi ɾ,V;SBJV;PRS;3;PL,755,880,85.8
ɾ e d e s ˈi ɾ,V;SBJV;PRS;3;SG,758,880,86.14
ɾ e d i ɾ i ç ˈi ɾ,V;IND;PRS;1;PL,220,220,100.0
ɾ e d i ɾ i ç ˈi ɾ,V;IND;PRS;1;SG,219,220,99.55
ɾ e d i ɾ i ç ˈi ɾ,V;IND;PRS;2;PL,220,220,100.0
ɾ e d i ɾ i ç ˈi ɾ,V;IND;PRS;2;SG,220,220,100.0
ɾ e d i ɾ i ç ˈi ɾ,V;IND;PRS;3;PL,220,220,100.0
ɾ e d i ɾ i ç ˈi ɾ,V;IND;PRS;3;SG,220,220,100.0
ɾ e d i ɾ i ç ˈi ɾ,V;SBJV;PRS;1;PL,220,220,100.0
ɾ e d i ɾ i ç ˈi ɾ,V;SBJV;PRS;1;SG,219,220,99.55
ɾ e d i ɾ i ç ˈi ɾ,V;SBJV;PRS;2;PL,220,220,100.0
ɾ e d i ɾ i ç ˈi ɾ,V;SBJV;PRS;2;SG,219,220,99.55
ɾ e d i ɾ i ç ˈi ɾ,V;SBJV;PRS;3;PL,220,220,100.0
ɾ e d i ɾ i ç ˈi ɾ,V;SBJV;PRS;3;SG,219,220,99.55
ɾ e e s t a b l e s ˈe ɾ,V;IND;PRS;1;PL,0,220,0.0
ɾ e e s t a b l e s ˈe ɾ,V;IND;PRS;1;SG,0,220,0.0
ɾ e e s t a b l e s ˈe ɾ,V;IND;PRS;2;PL,0,220,0.0
ɾ e e s t a b l e s ˈe ɾ,V;IND;PRS;2;SG,0,220,0.0
ɾ e e s t a b l e s ˈe ɾ,V;IND;PRS;3;PL,0,220,0.0
ɾ e e s t a b l e s ˈe ɾ,V;IND;PRS;3;SG,0,220,0.0
ɾ e e s t a b l e s ˈe ɾ,V;SBJV;PRS;1;PL,0,220,0.0
ɾ e e s t a b l e s ˈe ɾ,V;SBJV;PRS;1;SG,0,220,0.0
ɾ e e s t a b l e s ˈe ɾ,V;SBJV;PRS;2;PL,0,220,0.0
ɾ e e s t a b l e s ˈe ɾ,V;SBJV;PRS;2;SG,0,220,0.0
ɾ e e s t a b l e s ˈe ɾ,V;SBJV;PRS;3;PL,0,220,0.0
ɾ e e s t a b l e s ˈe ɾ,V;SBJV;PRS;3;SG,0,220,0.0
ɾ e f u l ç ˈi ɾ,V;IND;PRS;1;PL,220,220,100.0
ɾ e f u l ç ˈi ɾ,V;IND;PRS;1;SG,220,220,100.0
ɾ e f u l ç ˈi ɾ,V;IND;PRS;2;PL,220,220,100.0
ɾ e f u l ç ˈi ɾ,V;IND;PRS;2;SG,220,220,100.0
ɾ e f u l ç ˈi ɾ,V;IND;PRS;3;PL,220,220,100.0
ɾ e f u l ç ˈi ɾ,V;IND;PRS;3;SG,220,220,100.0
ɾ e f u l ç ˈi ɾ,V;SBJV;PRS;1;PL,220,220,100.0
ɾ e f u l ç ˈi ɾ,V;SBJV;PRS;1;SG,220,220,100.0
ɾ e f u l ç ˈi ɾ,V;SBJV;PRS;2;PL,220,220,100.0
ɾ e f u l ç ˈi ɾ,V;SBJV;PRS;2;SG,220,220,100.0
ɾ e f u l ç ˈi ɾ,V;SBJV;PRS;3;PL,220,220,100.0
ɾ e f u l ç ˈi ɾ,V;SBJV;PRS;3;SG,220,220,100.0
ɾ e j n t ɾ o d u s ˈi ɾ,V;IND;PRS;1;PL,156,220,70.91
ɾ e j n t ɾ o d u s ˈi ɾ,V;IND;PRS;1;SG,161,220,73.18
ɾ e j n t ɾ o d u s ˈi ɾ,V;IND;PRS;2;PL,155,220,70.45
ɾ e j n t ɾ o d u s ˈi ɾ,V;IND;PRS;2;SG,165,220,75.0
ɾ e j n t ɾ o d u s ˈi ɾ,V;IND;PRS;3;PL,165,220,75.0
ɾ e j n t ɾ o d u s ˈi ɾ,V;IND;PRS;3;SG,165,220,75.0
ɾ e j n t ɾ o d u s ˈi ɾ,V;SBJV;PRS;1;PL,162,220,73.64
ɾ e j n t ɾ o d u s ˈi ɾ,V;SBJV;PRS;1;SG,164,220,74.55
ɾ e j n t ɾ o d u s ˈi ɾ,V;SBJV;PRS;2;PL,159,220,72.27
ɾ e j n t ɾ o d u s ˈi ɾ,V;SBJV;PRS;2;SG,164,220,74.55
ɾ e j n t ɾ o d u s ˈi ɾ,V;SBJV;PRS;3;PL,165,220,75.0
ɾ e j n t ɾ o d u s ˈi ɾ,V;SBJV;PRS;3;SG,162,220,73.64
ɾ e k a ˈe ɾ,V;IND;PRS;1;PL,220,220,100.0
ɾ e k a ˈe ɾ,V;IND;PRS;1;SG,199,220,90.45
ɾ e k a ˈe ɾ,V;IND;PRS;2;PL,220,220,100.0
ɾ e k a ˈe ɾ,V;IND;PRS;2;SG,184,220,83.64
ɾ e k a ˈe ɾ,V;IND;PRS;3;PL,191,220,86.82
ɾ e k a ˈe ɾ,V;IND;PRS;3;SG,186,220,84.55
ɾ e k a ˈe ɾ,V;SBJV;PRS;1;PL,207,220,94.09
ɾ e k a ˈe ɾ,V;SBJV;PRS;1;SG,192,220,87.27
ɾ e k a ˈe ɾ,V;SBJV;PRS;2;PL,214,220,97.27
ɾ e k a ˈe ɾ,V;SBJV;PRS;2;SG,214,220,97.27
ɾ e k a ˈe ɾ,V;SBJV;PRS;3;PL,210,220,95.45
ɾ e k a ˈe ɾ,V;SBJV;PRS;3;SG,202,220,91.82
ɾ e k o m p o n ˈe ɾ,V;IND;PRS;1;PL,220,220,100.0
ɾ e k o m p o n ˈe ɾ,V;IND;PRS;1;SG,220,220,100.0
ɾ e k o m p o n ˈe ɾ,V;IND;PRS;2;PL,220,220,100.0
ɾ e k o m p o n ˈe ɾ,V;IND;PRS;2;SG,220,220,100.0
ɾ e k o m p o n ˈe ɾ,V;IND;PRS;3;PL,220,220,100.0
ɾ e k o m p o n ˈe ɾ,V;IND;PRS;3;SG,220,220,100.0
ɾ e k o m p o n ˈe ɾ,V;SBJV;PRS;1;PL,220,220,100.0
ɾ e k o m p o n ˈe ɾ,V;SBJV;PRS;1;SG,220,220,100.0
ɾ e k o m p o n ˈe ɾ,V;SBJV;PRS;2;PL,220,220,100.0
ɾ e k o m p o n ˈe ɾ,V;SBJV;PRS;2;SG,220,220,100.0
ɾ e k o m p o n ˈe ɾ,V;SBJV;PRS;3;PL,220,220,100.0
ɾ e k o m p o n ˈe ɾ,V;SBJV;PRS;3;SG,220,220,100.0
ɾ e k o n d u s ˈi ɾ,V;IND;PRS;1;PL,192,220,87.27
ɾ e k o n d u s ˈi ɾ,V;IND;PRS;1;SG,170,220,77.27
ɾ e k o n d u s ˈi ɾ,V;IND;PRS;2;PL,201,220,91.36
ɾ e k o n d u s ˈi ɾ,V;IND;PRS;2;SG,187,220,85.0
ɾ e k o n d u s ˈi ɾ,V;IND;PRS;3;PL,182,220,82.73
ɾ e k o n d u s ˈi ɾ,V;IND;PRS;3;SG,168,220,76.36
ɾ e k o n d u s ˈi ɾ,V;SBJV;PRS;1;PL,220,220,100.0
ɾ e k o n d u s ˈi ɾ,V;SBJV;PRS;1;SG,217,220,98.64
ɾ e k o n d u s ˈi ɾ,V;SBJV;PRS;2;PL,219,220,99.55
ɾ e k o n d u s ˈi ɾ,V;SBJV;PRS;2;SG,220,220,100.0
ɾ e k o n d u s ˈi ɾ,V;SBJV;PRS;3;PL,219,220,99.55
ɾ e k o n d u s ˈi ɾ,V;SBJV;PRS;3;SG,218,220,99.09
ɾ e k o s ˈe ɾ,V;IND;PRS;1;PL,220,220,100.0
ɾ e k o s ˈe ɾ,V;IND;PRS;1;SG,196,220,89.09
ɾ e k o s ˈe ɾ,V;IND;PRS;2;PL,220,220,100.0
ɾ e k o s ˈe ɾ,V;IND;PRS;2;SG,196,220,89.09
ɾ e k o s ˈe ɾ,V;IND;PRS;3;PL,196,220,89.09
ɾ e k o s ˈe ɾ,V;IND;PRS;3;SG,196,220,89.09
ɾ e k o s ˈe ɾ,V;SBJV;PRS;1;PL,220,220,100.0
ɾ e k o s ˈe ɾ,V;SBJV;PRS;1;SG,196,220,89.09
ɾ e k o s ˈe ɾ,V;SBJV;PRS;2;PL,220,220,100.0
ɾ e k o s ˈe ɾ,V;SBJV;PRS;2;SG,196,220,89.09
ɾ e k o s ˈe ɾ,V;SBJV;PRS;3;PL,196,220,89.09
ɾ e k o s ˈe ɾ,V;SBJV;PRS;3;SG,196,220,89.09
ɾ e k o ç ˈe ɾ,V;IND;PRS;1;PL,220,220,100.0
ɾ e k o ç ˈe ɾ,V;IND;PRS;1;SG,220,220,100.0
ɾ e k o ç ˈe ɾ,V;IND;PRS;2;PL,220,220,100.0
ɾ e k o ç ˈe ɾ,V;IND;PRS;2;SG,220,220,100.0
ɾ e k o ç ˈe ɾ,V;IND;PRS;3;PL,220,220,100.0
ɾ e k o ç ˈe ɾ,V;IND;PRS;3;SG,220,220,100.0
ɾ e k o ç ˈe ɾ,V;SBJV;PRS;1;PL,220,220,100.0
ɾ e k o ç ˈe ɾ,V;SBJV;PRS;1;SG,220,220,100.0
ɾ e k o ç ˈe ɾ,V;SBJV;PRS;2;PL,220,220,100.0
ɾ e k o ç ˈe ɾ,V;SBJV;PRS;2;SG,220,220,100.0
ɾ e k o ç ˈe ɾ,V;SBJV;PRS;3;PL,220,220,100.0
ɾ e k o ç ˈe ɾ,V;SBJV;PRS;3;SG,220,220,100.0
ɾ e k ɾ u d e s ˈe ɾ,V;IND;PRS;1;PL,220,220,100.0
ɾ e k ɾ u d e s ˈe ɾ,V;IND;PRS;1;SG,220,220,100.0
ɾ e k ɾ u d e s ˈe ɾ,V;IND;PRS;2;PL,220,220,100.0
ɾ e k ɾ u d e s ˈe ɾ,V;IND;PRS;2;SG,220,220,100.0
ɾ e k ɾ u d e s ˈe ɾ,V;IND;PRS;3;PL,220,220,100.0
ɾ e k ɾ u d e s ˈe ɾ,V;IND;PRS;3;SG,220,220,100.0
ɾ e k ɾ u d e s ˈe ɾ,V;SBJV;PRS;1;PL,220,220,100.0
ɾ e k ɾ u d e s ˈe ɾ,V;SBJV;PRS;1;SG,220,220,100.0
ɾ e k ɾ u d e s ˈe ɾ,V;SBJV;PRS;2;PL,220,220,100.0
ɾ e k ɾ u d e s ˈe ɾ,V;SBJV;PRS;2;SG,220,220,100.0
ɾ e k ɾ u d e s ˈe ɾ,V;SBJV;PRS;3;PL,220,220,100.0
ɾ e k ɾ u d e s ˈe ɾ,V;SBJV;PRS;3;SG,220,220,100.0
ɾ e l u s ˈi ɾ,V;IND;PRS;1;PL,123,220,55.91
ɾ e l u s ˈi ɾ,V;IND;PRS;1;SG,167,220,75.91
ɾ e l u s ˈi ɾ,V;IND;PRS;2;PL,123,220,55.91
ɾ e l u s ˈi ɾ,V;IND;PRS;2;SG,175,220,79.55
ɾ e l u s ˈi ɾ,V;IND;PRS;3;PL,155,220,70.45
ɾ e l u s ˈi ɾ,V;IND;PRS;3;SG,172,220,78.18
ɾ e l u s ˈi ɾ,V;SBJV;PRS;1;PL,171,220,77.73
ɾ e l u s ˈi ɾ,V;SBJV;PRS;1;SG,210,220,95.45
ɾ e l u s ˈi ɾ,V;SBJV;PRS;2;PL,161,220,73.18
ɾ e l u s ˈi ɾ,V;SBJV;PRS;2;SG,209,220,95.0
ɾ e l u s ˈi ɾ,V;SBJV;PRS;3;PL,188,220,85.45
ɾ e l u s ˈi ɾ,V;SBJV;PRS;3;SG,204,220,92.73
ɾ e p o n ˈe ɾ,V;IND;PRS;1;PL,220,220,100.0
ɾ e p o n ˈe ɾ,V;IND;PRS;1;SG,220,220,100.0
ɾ e p o n ˈe ɾ,V;IND;PRS;2;PL,220,220,100.0
ɾ e p o n ˈe ɾ,V;IND;PRS;2;SG,220,220,100.0
ɾ e p o n ˈe ɾ,V;IND;PRS;3;PL,220,220,100.0
ɾ e p o n ˈe ɾ,V;IND;PRS;3;SG,220,220,100.0
ɾ e p o n ˈe ɾ,V;SBJV;PRS;1;PL,220,220,100.0
ɾ e p o n ˈe ɾ,V;SBJV;PRS;1;SG,220,220,100.0
ɾ e p o n ˈe ɾ,V;SBJV;PRS;2;PL,220,220,100.0
ɾ e p o n ˈe ɾ,V;SBJV;PRS;2;SG,220,220,100.0
ɾ e p o n ˈe ɾ,V;SBJV;PRS;3;PL,220,220,100.0
ɾ e p o n ˈe ɾ,V;SBJV;PRS;3;SG,220,220,100.0
ɾ e s t a b l e s ˈe ɾ,V;IND;PRS;1;PL,410,440,93.18
ɾ e s t a b l e s ˈe ɾ,V;IND;PRS;1;SG,410,440,93.18
ɾ e s t a b l e s ˈe ɾ,V;IND;PRS;2;PL,405,440,92.05
ɾ e s t a b l e s ˈe ɾ,V;IND;PRS;2;SG,417,440,94.77
ɾ e s t a b l e s ˈe ɾ,V;IND;PRS;3;PL,419,440,95.23
ɾ e s t a b l e s ˈe ɾ,V;IND;PRS;3;SG,426,440,96.82
ɾ e s t a b l e s ˈe ɾ,V;SBJV;PRS;1;PL,440,440,100.0
ɾ e s t a b l e s ˈe ɾ,V;SBJV;PRS;1;SG,440,440,100.0
ɾ e s t a b l e s ˈe ɾ,V;SBJV;PRS;2;PL,440,440,100.0
ɾ e s t a b l e s ˈe ɾ,V;SBJV;PRS;2;SG,440,440,100.0
ɾ e s t a b l e s ˈe ɾ,V;SBJV;PRS;3;PL,440,440,100.0
ɾ e s t a b l e s ˈe ɾ,V;SBJV;PRS;3;SG,440,440,100.0
ɾ e s t ɾ i n ç ˈi ɾ,V;IND;PRS;1;PL,219,220,99.55
ɾ e s t ɾ i n ç ˈi ɾ,V;IND;PRS;1;SG,215,220,97.73
ɾ e s t ɾ i n ç ˈi ɾ,V;IND;PRS;2;PL,220,220,100.0
ɾ e s t ɾ i n ç ˈi ɾ,V;IND;PRS;2;SG,217,220,98.64
ɾ e s t ɾ i n ç ˈi ɾ,V;IND;PRS;3;PL,189,220,85.91
ɾ e s t ɾ i n ç ˈi ɾ,V;IND;PRS;3;SG,207,220,94.09
ɾ e s t ɾ i n ç ˈi ɾ,V;SBJV;PRS;1;PL,220,220,100.0
ɾ e s t ɾ i n ç ˈi ɾ,V;SBJV;PRS;1;SG,219,220,99.55
ɾ e s t ɾ i n ç ˈi ɾ,V;SBJV;PRS;2;PL,220,220,100.0
ɾ e s t ɾ i n ç ˈi ɾ,V;SBJV;PRS;2;SG,220,220,100.0
ɾ e s t ɾ i n ç ˈi ɾ,V;SBJV;PRS;3;PL,219,220,99.55
ɾ e s t ɾ i n ç ˈi ɾ,V;SBJV;PRS;3;SG,220,220,100.0
ɾ e s u ɾ ç ˈi ɾ,V;IND;PRS;1;PL,184,220,83.64
ɾ e s u ɾ ç ˈi ɾ,V;IND;PRS;1;SG,188,220,85.45
ɾ e s u ɾ ç ˈi ɾ,V;IND;PRS;2;PL,164,220,74.55
ɾ e s u ɾ ç ˈi ɾ,V;IND;PRS;2;SG,179,220,81.36
ɾ e s u ɾ ç ˈi ɾ,V;IND;PRS;3;PL,148,220,67.27
ɾ e s u ɾ ç ˈi ɾ,V;IND;PRS;3;SG,161,220,73.18
ɾ e s u ɾ ç ˈi ɾ,V;SBJV;PRS;1;PL,220,220,100.0
ɾ e s u ɾ ç ˈi ɾ,V;SBJV;PRS;1;SG,209,220,95.0
ɾ e s u ɾ ç ˈi ɾ,V;SBJV;PRS;2;PL,219,220,99.55
ɾ e s u ɾ ç ˈi ɾ,V;SBJV;PRS;2;SG,214,220,97.27
ɾ e s u ɾ ç ˈi ɾ,V;SBJV;PRS;3;PL,210,220,95.45
ɾ e s u ɾ ç ˈi ɾ,V;SBJV;PRS;3;SG,208,220,94.55
ɾ e t e n ˈe ɾ,V;IND;PRS;1;PL,440,440,100.0
ɾ e t e n ˈe ɾ,V;IND;PRS;1;SG,440,440,100.0
ɾ e t e n ˈe ɾ,V;IND;PRS;2;PL,440,440,100.0
ɾ e t e n ˈe ɾ,V;IND;PRS;2;SG,440,440,100.0
ɾ e t e n ˈe ɾ,V;IND;PRS;3;PL,440,440,100.0
ɾ e t e n ˈe ɾ,V;IND;PRS;3;SG,440,440,100.0
ɾ e t e n ˈe ɾ,V;SBJV;PRS;1;PL,439,440,99.77
ɾ e t e n ˈe ɾ,V;SBJV;PRS;1;SG,440,440,100.0
ɾ e t e n ˈe ɾ,V;SBJV;PRS;2;PL,440,440,100.0
ɾ e t e n ˈe ɾ,V;SBJV;PRS;2;SG,440,440,100.0
ɾ e t e n ˈe ɾ,V;SBJV;PRS;3;PL,440,440,100.0
ɾ e t e n ˈe ɾ,V;SBJV;PRS;3;SG,440,440,100.0
ɾ e t o ɾ s ˈe ɾ,V;IND;PRS;1;PL,136,220,61.82
ɾ e t o ɾ s ˈe ɾ,V;IND;PRS;1;SG,67,220,30.45
ɾ e t o ɾ s ˈe ɾ,V;IND;PRS;2;PL,136,220,61.82
ɾ e t o ɾ s ˈe ɾ,V;IND;PRS;2;SG,118,220,53.64
ɾ e t o ɾ s ˈe ɾ,V;IND;PRS;3;PL,136,220,61.82
ɾ e t o ɾ s ˈe ɾ,V;IND;PRS;3;SG,119,220,54.09
ɾ e t o ɾ s ˈe ɾ,V;SBJV;PRS;1;PL,117,220,53.18
ɾ e t o ɾ s ˈe ɾ,V;SBJV;PRS;1;SG,55,220,25.0
ɾ e t o ɾ s ˈe ɾ,V;SBJV;PRS;2;PL,117,220,53.18
ɾ e t o ɾ s ˈe ɾ,V;SBJV;PRS;2;SG,59,220,26.82
ɾ e t o ɾ s ˈe ɾ,V;SBJV;PRS;3;PL,71,220,32.27
ɾ e t o ɾ s ˈe ɾ,V;SBJV;PRS;3;SG,56,220,25.45
ɾ e t ɾ a d u s ˈi ɾ,V;IND;PRS;1;PL,220,220,100.0
ɾ e t ɾ a d u s ˈi ɾ,V;IND;PRS;1;SG,220,220,100.0
ɾ e t ɾ a d u s ˈi ɾ,V;IND;PRS;2;PL,220,220,100.0
ɾ e t ɾ a d u s ˈi ɾ,V;IND;PRS;2;SG,220,220,100.0
ɾ e t ɾ a d u s ˈi ɾ,V;IND;PRS;3;PL,220,220,100.0
ɾ e t ɾ a d u s ˈi ɾ,V;IND;PRS;3;SG,220,220,100.0
ɾ e t ɾ a d u s ˈi ɾ,V;SBJV;PRS;1;PL,220,220,100.0
ɾ e t ɾ a d u s ˈi ɾ,V;SBJV;PRS;1;SG,220,220,100.0
ɾ e t ɾ a d u s ˈi ɾ,V;SBJV;PRS;2;PL,220,220,100.0
ɾ e t ɾ a d u s ˈi ɾ,V;SBJV;PRS;2;SG,220,220,100.0
ɾ e t ɾ a d u s ˈi ɾ,V;SBJV;PRS;3;PL,220,220,100.0
ɾ e t ɾ a d u s ˈi ɾ,V;SBJV;PRS;3;SG,220,220,100.0
ɾ e t ɾ o t ɾ a ˈe ɾ,V;IND;PRS;1;PL,153,220,69.55
ɾ e t ɾ o t ɾ a ˈe ɾ,V;IND;PRS;1;SG,95,220,43.18
ɾ e t ɾ o t ɾ a ˈe ɾ,V;IND;PRS;2;PL,192,220,87.27
ɾ e t ɾ o t ɾ a ˈe ɾ,V;IND;PRS;2;SG,126,220,57.27
ɾ e t ɾ o t ɾ a ˈe ɾ,V;IND;PRS;3;PL,108,220,49.09
ɾ e t ɾ o t ɾ a ˈe ɾ,V;IND;PRS;3;SG,110,220,50.0
ɾ e t ɾ o t ɾ a ˈe ɾ,V;SBJV;PRS;1;PL,112,220,50.91
ɾ e t ɾ o t ɾ a ˈe ɾ,V;SBJV;PRS;1;SG,87,220,39.55
ɾ e t ɾ o t ɾ a ˈe ɾ,V;SBJV;PRS;2;PL,152,220,69.09
ɾ e t ɾ o t ɾ a ˈe ɾ,V;SBJV;PRS;2;SG,96,220,43.64
ɾ e t ɾ o t ɾ a ˈe ɾ,V;SBJV;PRS;3;PL,84,220,38.18
ɾ e t ɾ o t ɾ a ˈe ɾ,V;SBJV;PRS;3;SG,86,220,39.09
ɾ o b u s t e s ˈe ɾ,V;IND;PRS;1;PL,179,220,81.36
ɾ o b u s t e s ˈe ɾ,V;IND;PRS;1;SG,219,220,99.55
ɾ o b u s t e s ˈe ɾ,V;IND;PRS;2;PL,182,220,82.73
ɾ o b u s t e s ˈe ɾ,V;IND;PRS;2;SG,209,220,95.0
ɾ o b u s t e s ˈe ɾ,V;IND;PRS;3;PL,210,220,95.45
ɾ o b u s t e s ˈe ɾ,V;IND;PRS;3;SG,206,220,93.64
ɾ o b u s t e s ˈe ɾ,V;SBJV;PRS;1;PL,220,220,100.0
ɾ o b u s t e s ˈe ɾ,V;SBJV;PRS;1;SG,220,220,100.0
ɾ o b u s t e s ˈe ɾ,V;SBJV;PRS;2;PL,220,220,100.0
ɾ o b u s t e s ˈe ɾ,V;SBJV;PRS;2;SG,220,220,100.0
ɾ o b u s t e s ˈe ɾ,V;SBJV;PRS;3;PL,220,220,100.0
ɾ o b u s t e s ˈe ɾ,V;SBJV;PRS;3;SG,220,220,100.0
ʃ a s ˈe ɾ,V;IND;PRS;1;PL,219,220,99.55
ʃ a s ˈe ɾ,V;IND;PRS;1;SG,200,220,90.91
ʃ a s ˈe ɾ,V;IND;PRS;2;PL,219,220,99.55
ʃ a s ˈe ɾ,V;IND;PRS;2;SG,220,220,100.0
ʃ a s ˈe ɾ,V;IND;PRS;3;PL,220,220,100.0
ʃ a s ˈe ɾ,V;IND;PRS;3;SG,220,220,100.0
ʃ a s ˈe ɾ,V;SBJV;PRS;1;PL,214,220,97.27
ʃ a s ˈe ɾ,V;SBJV;PRS;1;SG,201,220,91.36
ʃ a s ˈe ɾ,V;SBJV;PRS;2;PL,212,220,96.36
ʃ a s ˈe ɾ,V;SBJV;PRS;2;SG,205,220,93.18
ʃ a s ˈe ɾ,V;SBJV;PRS;3;PL,208,220,94.55
ʃ a s ˈe ɾ,V;SBJV;PRS;3;SG,204,220,92.73
ʃ u k s t a p o n ˈe ɾ,V;IND;PRS;1;PL,0,220,0.0
ʃ u k s t a p o n ˈe ɾ,V;IND;PRS;1;SG,0,220,0.0
ʃ u k s t a p o n ˈe ɾ,V;IND;PRS;2;PL,0,220,0.0
ʃ u k s t a p o n ˈe ɾ,V;IND;PRS;2;SG,0,220,0.0
ʃ u k s t a p o n ˈe ɾ,V;IND;PRS;3;PL,0,220,0.0
ʃ u k s t a p o n ˈe ɾ,V;IND;PRS;3;SG,0,220,0.0
ʃ u k s t a p o n ˈe ɾ,V;SBJV;PRS;1;PL,0,220,0.0
ʃ u k s t a p o n ˈe ɾ,V;SBJV;PRS;1;SG,0,220,0.0
ʃ u k s t a p o n ˈe ɾ,V;SBJV;PRS;2;PL,0,220,0.0
ʃ u k s t a p o n ˈe ɾ,V;SBJV;PRS;2;SG,0,220,0.0
ʃ u k s t a p o n ˈe ɾ,V;SBJV;PRS;3;PL,0,220,0.0
ʃ u k s t a p o n ˈe ɾ,V;SBJV;PRS;3;SG,0,220,0.0
